timestamp,symbol,resolution,prediction,actual_trend,p_up,decision_boundary,margin,used,probability
2024-07-07 16:00:00,BTCUSDT,4h,2,down,0.49138004,0.46,0.031380028,0,0.46
2024-07-07 20:00:00,BTCUSDT,4h,1,down,0.5817221,0.46,0.12172207,1,0.5817221
2024-07-08 00:00:00,BTCUSDT,4h,1,up,0.5341069,0.46,0.0741069,1,0.5341069
2024-07-08 04:00:00,BTCUSDT,4h,2,up,0.425291,0.46,0.034709007,0,0.46
2024-07-08 08:00:00,BTCUSDT,4h,2,down,0.4943864,0.46,0.034386396,0,0.46
2024-07-08 12:00:00,BTCUSDT,4h,1,up,0.53650504,0.46,0.076505035,1,0.53650504
2024-07-08 16:00:00,BTCUSDT,4h,2,up,0.46735087,0.46,0.007350862,0,0.46
2024-07-08 20:00:00,BTCUSDT,4h,2,up,0.4905669,0.46,0.030566901,0,0.46
2024-07-09 00:00:00,BTCUSDT,4h,2,down,0.3998301,0.46,0.060169905,0,0.46
2024-07-09 04:00:00,BTCUSDT,4h,2,up,0.48984298,0.46,0.029842973,0,0.46
2024-07-09 08:00:00,BTCUSDT,4h,2,up,0.4396124,0.46,0.02038762,0,0.46
2024-07-09 12:00:00,BTCUSDT,4h,2,up,0.4607871,0.46,0.00078707933,0,0.46
2024-07-09 16:00:00,BTCUSDT,4h,2,up,0.45392576,0.46,0.0060742497,0,0.46
2024-07-09 20:00:00,BTCUSDT,4h,2,up,0.4010913,0.46,0.0589087,0,0.46
2024-07-10 00:00:00,BTCUSDT,4h,0,up,0.35692403,0.46,0.10307598,1,0.35692403
2024-07-10 04:00:00,BTCUSDT,4h,2,down,0.4289506,0.46,0.0310494,0,0.46
2024-07-10 08:00:00,BTCUSDT,4h,1,down,0.58464557,0.46,0.12464556,1,0.58464557
2024-07-10 12:00:00,BTCUSDT,4h,1,down,0.56707984,0.46,0.107079834,1,0.56707984
2024-07-10 16:00:00,BTCUSDT,4h,1,up,0.5958603,0.46,0.1358603,1,0.5958603
2024-07-10 20:00:00,BTCUSDT,4h,2,down,0.43405506,0.46,0.025944948,0,0.46
2024-07-11 00:00:00,BTCUSDT,4h,1,up,0.5759262,0.46,0.11592618,1,0.5759262
2024-07-11 04:00:00,BTCUSDT,4h,2,up,0.42253953,0.46,0.037460476,0,0.46
2024-07-11 08:00:00,BTCUSDT,4h,2,down,0.41943255,0.46,0.040567458,0,0.46
2024-07-11 12:00:00,BTCUSDT,4h,2,down,0.48406622,0.46,0.02406621,0,0.46
2024-07-11 16:00:00,BTCUSDT,4h,1,down,0.56917244,0.46,0.10917243,1,0.56917244
2024-07-11 20:00:00,BTCUSDT,4h,1,down,0.57635427,0.46,0.11635426,1,0.57635427
2024-07-12 00:00:00,BTCUSDT,4h,1,up,0.5924959,0.46,0.13249591,1,0.5924959
2024-07-12 04:00:00,BTCUSDT,4h,2,up,0.47768092,0.46,0.017680913,0,0.46
2024-07-12 08:00:00,BTCUSDT,4h,2,up,0.44776115,0.46,0.01223886,0,0.46
2024-07-12 12:00:00,BTCUSDT,4h,2,down,0.47562847,0.46,0.015628457,0,0.46
2024-07-12 16:00:00,BTCUSDT,4h,1,up,0.5883355,0.46,0.1283355,1,0.5883355
2024-07-12 20:00:00,BTCUSDT,4h,2,down,0.4302499,0.46,0.029750109,0,0.46
2024-07-13 00:00:00,BTCUSDT,4h,1,up,0.5962461,0.46,0.13624611,1,0.5962461
2024-07-13 04:00:00,BTCUSDT,4h,2,up,0.41155463,0.46,0.048445374,0,0.46
2024-07-13 08:00:00,BTCUSDT,4h,2,up,0.41231066,0.46,0.04768935,0,0.46
2024-07-13 12:00:00,BTCUSDT,4h,0,down,0.37138098,0.46,0.08861902,1,0.37138098
2024-07-13 16:00:00,BTCUSDT,4h,1,up,0.5913829,0.46,0.13138291,1,0.5913829
2024-07-13 20:00:00,BTCUSDT,4h,2,up,0.47287512,0.46,0.01287511,0,0.46
2024-07-14 00:00:00,BTCUSDT,4h,2,up,0.49415976,0.46,0.03415975,0,0.46
2024-07-14 04:00:00,BTCUSDT,4h,0,up,0.34589744,0.46,0.11410257,1,0.34589744
2024-07-14 08:00:00,BTCUSDT,4h,2,down,0.43047294,0.46,0.029527068,0,0.46
2024-07-14 12:00:00,BTCUSDT,4h,0,down,0.3150091,0.46,0.14499092,1,0.3150091
2024-07-14 16:00:00,BTCUSDT,4h,1,up,0.5954869,0.46,0.13548687,1,0.5954869
2024-07-14 20:00:00,BTCUSDT,4h,2,up,0.42963728,0.46,0.030362725,0,0.46
2024-07-15 00:00:00,BTCUSDT,4h,2,up,0.43003494,0.46,0.029965073,0,0.46
2024-07-15 04:00:00,BTCUSDT,4h,2,down,0.43375948,0.46,0.026240528,0,0.46
2024-07-15 08:00:00,BTCUSDT,4h,1,up,0.6144953,0.46,0.15449527,1,0.6144953
2024-07-15 12:00:00,BTCUSDT,4h,2,up,0.46254107,0.46,0.0025410652,0,0.46
2024-07-15 16:00:00,BTCUSDT,4h,2,up,0.45950335,0.46,0.0004966557,0,0.46
2024-07-15 20:00:00,BTCUSDT,4h,2,up,0.4059284,0.46,0.054071605,0,0.46
2024-07-16 00:00:00,BTCUSDT,4h,2,down,0.4015664,0.46,0.058433622,0,0.46
2024-07-16 04:00:00,BTCUSDT,4h,1,up,0.5478964,0.46,0.08789638,1,0.5478964
2024-07-16 08:00:00,BTCUSDT,4h,2,up,0.4757326,0.46,0.015732586,0,0.46
2024-07-16 12:00:00,BTCUSDT,4h,2,up,0.42106393,0.46,0.03893608,0,0.46
2024-07-16 16:00:00,BTCUSDT,4h,0,down,0.3555971,0.46,0.1044029,1,0.3555971
2024-07-16 20:00:00,BTCUSDT,4h,0,up,0.37607113,0.46,0.08392888,1,0.37607113
2024-07-17 00:00:00,BTCUSDT,4h,2,down,0.39782417,0.46,0.06217584,0,0.46
2024-07-17 04:00:00,BTCUSDT,4h,1,down,0.585202,0.46,0.12520197,1,0.585202
2024-07-17 08:00:00,BTCUSDT,4h,1,up,0.6595334,0.46,0.19953337,1,0.6595334
2024-07-17 12:00:00,BTCUSDT,4h,1,down,0.60130113,0.46,0.14130113,1,0.60130113
2024-07-17 16:00:00,BTCUSDT,4h,2,down,0.45088738,0.46,0.009112626,0,0.46
2024-07-17 20:00:00,BTCUSDT,4h,1,up,0.6925466,0.46,0.2325466,1,0.6925466
2024-07-18 00:00:00,BTCUSDT,4h,2,down,0.46918082,0.46,0.009180814,0,0.46
2024-07-18 04:00:00,BTCUSDT,4h,1,up,0.5619363,0.46,0.10193631,1,0.5619363
2024-07-18 08:00:00,BTCUSDT,4h,2,down,0.46193224,0.46,0.0019322336,0,0.46
2024-07-18 12:00:00,BTCUSDT,4h,1,up,0.5639682,0.46,0.10396817,1,0.5639682
2024-07-18 16:00:00,BTCUSDT,4h,1,up,0.56809115,0.46,0.108091146,1,0.56809115
2024-07-18 20:00:00,BTCUSDT,4h,1,up,0.549165,0.46,0.089165,1,0.549165
2024-07-19 00:00:00,BTCUSDT,4h,2,down,0.4350609,0.46,0.02493912,0,0.46
2024-07-19 04:00:00,BTCUSDT,4h,1,up,0.5843135,0.46,0.1243135,1,0.5843135
2024-07-19 08:00:00,BTCUSDT,4h,2,up,0.4000228,0.46,0.059977204,0,0.46
2024-07-19 12:00:00,BTCUSDT,4h,2,up,0.4784399,0.46,0.018439889,0,0.46
2024-07-19 16:00:00,BTCUSDT,4h,2,down,0.46968484,0.46,0.009684831,0,0.46
2024-07-19 20:00:00,BTCUSDT,4h,1,down,0.64498127,0.46,0.18498126,1,0.64498127
2024-07-20 00:00:00,BTCUSDT,4h,2,down,0.40989187,0.46,0.050108135,0,0.46
2024-07-20 04:00:00,BTCUSDT,4h,1,down,0.5795644,0.46,0.119564384,1,0.5795644
2024-07-20 08:00:00,BTCUSDT,4h,1,up,0.6011704,0.46,0.14117041,1,0.6011704
2024-07-20 12:00:00,BTCUSDT,4h,2,up,0.4299166,0.46,0.030083418,0,0.46
2024-07-20 16:00:00,BTCUSDT,4h,2,down,0.43012577,0.46,0.029874235,0,0.46
2024-07-20 20:00:00,BTCUSDT,4h,2,up,0.42267516,0.46,0.037324846,0,0.46
2024-07-21 00:00:00,BTCUSDT,4h,2,down,0.43495828,0.46,0.02504173,0,0.46
2024-07-21 04:00:00,BTCUSDT,4h,1,up,0.64221036,0.46,0.18221036,1,0.64221036
2024-07-21 08:00:00,BTCUSDT,4h,1,up,0.5498079,0.46,0.0898079,1,0.5498079
2024-07-21 12:00:00,BTCUSDT,4h,1,up,0.53234434,0.46,0.07234433,1,0.53234434
2024-07-21 16:00:00,BTCUSDT,4h,2,up,0.45352918,0.46,0.0064708292,0,0.46
2024-07-21 20:00:00,BTCUSDT,4h,2,down,0.424663,0.46,0.035337,0,0.46
2024-07-22 00:00:00,BTCUSDT,4h,1,down,0.5701618,0.46,0.11016181,1,0.5701618
2024-07-22 04:00:00,BTCUSDT,4h,1,up,0.634293,0.46,0.17429301,1,0.634293
2024-07-22 08:00:00,BTCUSDT,4h,2,down,0.5130081,0.46,0.05300811,0,0.46
2024-07-22 12:00:00,BTCUSDT,4h,1,up,0.6185992,0.46,0.15859917,1,0.6185992
2024-07-22 16:00:00,BTCUSDT,4h,2,down,0.46060196,0.46,0.0006019473,0,0.46
2024-07-22 20:00:00,BTCUSDT,4h,1,down,0.61929107,0.46,0.15929106,1,0.61929107
2024-07-23 00:00:00,BTCUSDT,4h,2,down,0.5173656,0.46,0.057365566,0,0.46
2024-07-23 04:00:00,BTCUSDT,4h,1,up,0.5351472,0.46,0.07514718,1,0.5351472
2024-07-23 08:00:00,BTCUSDT,4h,1,down,0.56265336,0.46,0.102653354,1,0.56265336
2024-07-23 12:00:00,BTCUSDT,4h,2,down,0.51167107,0.46,0.051671058,0,0.46
2024-07-23 16:00:00,BTCUSDT,4h,1,up,0.5955243,0.46,0.1355243,1,0.5955243
2024-07-23 20:00:00,BTCUSDT,4h,2,up,0.44131356,0.46,0.018686444,0,0.46
2024-07-24 00:00:00,BTCUSDT,4h,2,up,0.45102653,0.46,0.008973479,0,0.46
2024-07-24 04:00:00,BTCUSDT,4h,2,up,0.3955168,0.46,0.064483196,0,0.46
2024-07-24 08:00:00,BTCUSDT,4h,2,down,0.44816464,0.46,0.0118353665,0,0.46
2024-07-24 12:00:00,BTCUSDT,4h,1,down,0.5399653,0.46,0.07996526,1,0.5399653
2024-07-24 16:00:00,BTCUSDT,4h,1,down,0.5732265,0.46,0.1132265,1,0.5732265
2024-07-24 20:00:00,BTCUSDT,4h,1,down,0.59961724,0.46,0.13961723,1,0.59961724
2024-07-25 00:00:00,BTCUSDT,4h,2,up,0.45931694,0.46,0.00068306923,0,0.46
2024-07-25 04:00:00,BTCUSDT,4h,2,down,0.4857891,0.46,0.025789082,0,0.46
2024-07-25 08:00:00,BTCUSDT,4h,1,up,0.5837412,0.46,0.12374118,1,0.5837412
2024-07-25 12:00:00,BTCUSDT,4h,2,down,0.41532785,0.46,0.04467216,0,0.46
2024-07-25 16:00:00,BTCUSDT,4h,1,up,0.53123575,0.46,0.071235746,1,0.53123575
2024-07-25 20:00:00,BTCUSDT,4h,2,up,0.4021199,0.46,0.057880104,0,0.46
2024-07-26 00:00:00,BTCUSDT,4h,0,down,0.38584954,0.46,0.07415047,1,0.38584954
2024-07-26 04:00:00,BTCUSDT,4h,1,up,0.6154799,0.46,0.15547988,1,0.6154799
2024-07-26 08:00:00,BTCUSDT,4h,0,up,0.34381494,0.46,0.11618507,1,0.34381494
2024-07-26 12:00:00,BTCUSDT,4h,0,up,0.37271658,0.46,0.08728343,1,0.37271658
2024-07-26 16:00:00,BTCUSDT,4h,0,down,0.32308412,0.46,0.13691589,1,0.32308412
2024-07-26 20:00:00,BTCUSDT,4h,0,down,0.3291421,0.46,0.13085791,1,0.3291421
2024-07-27 00:00:00,BTCUSDT,4h,2,up,0.45895496,0.46,0.0010450482,0,0.46
2024-07-27 04:00:00,BTCUSDT,4h,0,up,0.3784567,0.46,0.0815433,1,0.3784567
2024-07-27 08:00:00,BTCUSDT,4h,0,up,0.38488683,0.46,0.07511318,1,0.38488683
2024-07-27 12:00:00,BTCUSDT,4h,2,down,0.42720094,0.46,0.032799065,0,0.46
2024-07-27 16:00:00,BTCUSDT,4h,2,down,0.40626562,0.46,0.053734392,0,0.46
2024-07-27 20:00:00,BTCUSDT,4h,2,up,0.49266565,0.46,0.03266564,0,0.46
2024-07-28 00:00:00,BTCUSDT,4h,2,down,0.45629343,0.46,0.0037065744,0,0.46
2024-07-28 04:00:00,BTCUSDT,4h,1,up,0.549195,0.46,0.08919498,1,0.549195
2024-07-28 08:00:00,BTCUSDT,4h,2,down,0.45433742,0.46,0.0056625903,0,0.46
2024-07-28 12:00:00,BTCUSDT,4h,1,up,0.6231868,0.46,0.16318682,1,0.6231868
2024-07-28 16:00:00,BTCUSDT,4h,2,up,0.43828118,0.46,0.02171883,0,0.46
2024-07-28 20:00:00,BTCUSDT,4h,2,up,0.4164705,0.46,0.04352951,0,0.46
2024-07-29 00:00:00,BTCUSDT,4h,2,up,0.4936579,0.46,0.03365788,0,0.46
2024-07-29 04:00:00,BTCUSDT,4h,2,up,0.43258506,0.46,0.027414948,0,0.46
2024-07-29 08:00:00,BTCUSDT,4h,0,down,0.38281548,0.46,0.07718453,1,0.38281548
2024-07-29 12:00:00,BTCUSDT,4h,2,down,0.50498873,0.46,0.04498872,0,0.46
2024-07-29 16:00:00,BTCUSDT,4h,2,down,0.50357336,0.46,0.04357335,0,0.46
2024-07-29 20:00:00,BTCUSDT,4h,1,down,0.64230525,0.46,0.18230525,1,0.64230525
2024-07-30 00:00:00,BTCUSDT,4h,2,up,0.48962438,0.46,0.029624373,0,0.46
2024-07-30 04:00:00,BTCUSDT,4h,2,down,0.44415435,0.46,0.015845656,0,0.46
2024-07-30 08:00:00,BTCUSDT,4h,1,down,0.6320554,0.46,0.1720554,1,0.6320554
2024-07-30 12:00:00,BTCUSDT,4h,2,down,0.51186156,0.46,0.051861554,0,0.46
2024-07-30 16:00:00,BTCUSDT,4h,1,up,0.6147818,0.46,0.15478179,1,0.6147818
2024-07-30 20:00:00,BTCUSDT,4h,2,down,0.41228783,0.46,0.047712177,0,0.46
2024-07-31 00:00:00,BTCUSDT,4h,1,up,0.5892886,0.46,0.12928858,1,0.5892886
2024-07-31 04:00:00,BTCUSDT,4h,2,down,0.44003025,0.46,0.019969761,0,0.46
2024-07-31 08:00:00,BTCUSDT,4h,1,up,0.6038692,0.46,0.14386919,1,0.6038692
2024-07-31 12:00:00,BTCUSDT,4h,2,down,0.4698078,0.46,0.009807795,0,0.46
2024-07-31 16:00:00,BTCUSDT,4h,1,down,0.58477217,0.46,0.12477216,1,0.58477217
2024-07-31 20:00:00,BTCUSDT,4h,1,down,0.61769515,0.46,0.15769514,1,0.61769515
2024-08-01 00:00:00,BTCUSDT,4h,1,up,0.6125421,0.46,0.15254208,1,0.6125421
2024-08-01 04:00:00,BTCUSDT,4h,2,up,0.43062878,0.46,0.029371232,0,0.46
2024-08-01 08:00:00,BTCUSDT,4h,2,down,0.44265985,0.46,0.017340153,0,0.46
2024-08-01 12:00:00,BTCUSDT,4h,2,up,0.51987916,0.46,0.059879154,0,0.46
2024-08-01 16:00:00,BTCUSDT,4h,2,up,0.43884218,0.46,0.021157831,0,0.46
2024-08-01 20:00:00,BTCUSDT,4h,2,down,0.47968185,0.46,0.019681841,0,0.46
2024-08-02 00:00:00,BTCUSDT,4h,2,down,0.47332358,0.46,0.013323575,0,0.46
2024-08-02 04:00:00,BTCUSDT,4h,2,up,0.49345857,0.46,0.03345856,0,0.46
2024-08-02 08:00:00,BTCUSDT,4h,2,down,0.44264856,0.46,0.017351449,0,0.46
2024-08-02 12:00:00,BTCUSDT,4h,1,down,0.55250835,0.46,0.092508346,1,0.55250835
2024-08-02 16:00:00,BTCUSDT,4h,1,down,0.62985516,0.46,0.16985515,1,0.62985516
2024-08-02 20:00:00,BTCUSDT,4h,1,up,0.57061976,0.46,0.11061975,1,0.57061976
2024-08-03 00:00:00,BTCUSDT,4h,2,down,0.44043288,0.46,0.019567132,0,0.46
2024-08-03 04:00:00,BTCUSDT,4h,1,up,0.5971759,0.46,0.13717589,1,0.5971759
2024-08-03 08:00:00,BTCUSDT,4h,2,down,0.4587771,0.46,0.0012229085,0,0.46
2024-08-03 12:00:00,BTCUSDT,4h,1,down,0.6310911,0.46,0.17109111,1,0.6310911
2024-08-03 16:00:00,BTCUSDT,4h,1,up,0.5466139,0.46,0.08661386,1,0.5466139
2024-08-03 20:00:00,BTCUSDT,4h,2,up,0.4721921,0.46,0.0121921,0,0.46
2024-08-04 00:00:00,BTCUSDT,4h,1,down,0.5331469,0.46,0.07314691,1,0.5331469
2024-08-04 04:00:00,BTCUSDT,4h,1,up,0.5766661,0.46,0.11666611,1,0.5766661
2024-08-04 08:00:00,BTCUSDT,4h,2,down,0.44290897,0.46,0.017091036,0,0.46
2024-08-04 12:00:00,BTCUSDT,4h,1,up,0.5745757,0.46,0.114575714,1,0.5745757
2024-08-04 16:00:00,BTCUSDT,4h,2,down,0.48848292,0.46,0.028482914,0,0.46
2024-08-04 20:00:00,BTCUSDT,4h,1,down,0.6066021,0.46,0.14660206,1,0.6066021
2024-08-05 00:00:00,BTCUSDT,4h,1,down,0.62825793,0.46,0.16825792,1,0.62825793
2024-08-05 04:00:00,BTCUSDT,4h,1,down,0.5744731,0.46,0.114473075,1,0.5744731
2024-08-05 08:00:00,BTCUSDT,4h,1,up,0.55574656,0.46,0.09574655,1,0.55574656
2024-08-05 12:00:00,BTCUSDT,4h,2,down,0.47382995,0.46,0.0138299465,0,0.46
2024-08-05 16:00:00,BTCUSDT,4h,1,up,0.5443441,0.46,0.08434412,1,0.5443441
2024-08-05 20:00:00,BTCUSDT,4h,2,up,0.4852498,0.46,0.02524978,0,0.46
2024-08-06 00:00:00,BTCUSDT,4h,2,up,0.46744713,0.46,0.0074471235,0,0.46
2024-08-06 04:00:00,BTCUSDT,4h,2,down,0.42886412,0.46,0.031135887,0,0.46
2024-08-06 08:00:00,BTCUSDT,4h,1,up,0.5468207,0.46,0.08682069,1,0.5468207
2024-08-06 12:00:00,BTCUSDT,4h,2,up,0.43892342,0.46,0.02107659,0,0.46
2024-08-06 16:00:00,BTCUSDT,4h,2,down,0.43550262,0.46,0.02449739,0,0.46
2024-08-06 20:00:00,BTCUSDT,4h,2,up,0.5232848,0.46,0.063284785,0,0.46
2024-08-07 00:00:00,BTCUSDT,4h,2,up,0.41506812,0.46,0.04493189,0,0.46
2024-08-07 04:00:00,BTCUSDT,4h,2,up,0.43345296,0.46,0.026547045,0,0.46
2024-08-07 08:00:00,BTCUSDT,4h,2,down,0.50406086,0.46,0.044060856,0,0.46
2024-08-07 12:00:00,BTCUSDT,4h,1,down,0.54432595,0.46,0.08432594,1,0.54432595
2024-08-07 16:00:00,BTCUSDT,4h,1,up,0.5554747,0.46,0.09547469,1,0.5554747
2024-08-07 20:00:00,BTCUSDT,4h,2,up,0.47892237,0.46,0.018922359,0,0.46
2024-08-08 00:00:00,BTCUSDT,4h,2,up,0.43097138,0.46,0.029028624,0,0.46
2024-08-08 04:00:00,BTCUSDT,4h,2,up,0.39402515,0.46,0.06597486,0,0.46
2024-08-08 08:00:00,BTCUSDT,4h,2,up,0.42027354,0.46,0.039726466,0,0.46
2024-08-08 12:00:00,BTCUSDT,4h,2,down,0.41973507,0.46,0.040264934,0,0.46
2024-08-08 16:00:00,BTCUSDT,4h,1,up,0.5403081,0.46,0.08030811,1,0.5403081
2024-08-08 20:00:00,BTCUSDT,4h,2,down,0.41002724,0.46,0.049972773,0,0.46
2024-08-09 00:00:00,BTCUSDT,4h,2,down,0.39281234,0.46,0.06718767,0,0.46
2024-08-09 04:00:00,BTCUSDT,4h,1,down,0.5568666,0.46,0.09686658,1,0.5568666
2024-08-09 08:00:00,BTCUSDT,4h,2,down,0.47545272,0.46,0.015452713,0,0.46
2024-08-09 12:00:00,BTCUSDT,4h,1,up,0.56212175,0.46,0.10212174,1,0.56212175
2024-08-09 16:00:00,BTCUSDT,4h,2,up,0.39421758,0.46,0.06578243,0,0.46
2024-08-09 20:00:00,BTCUSDT,4h,0,down,0.33702344,0.46,0.12297657,1,0.33702344
2024-08-10 00:00:00,BTCUSDT,4h,1,up,0.5857569,0.46,0.12575689,1,0.5857569
2024-08-10 04:00:00,BTCUSDT,4h,0,up,0.35631192,0.46,0.10368809,1,0.35631192
2024-08-10 08:00:00,BTCUSDT,4h,2,down,0.3966526,0.46,0.0633474,0,0.46
2024-08-10 12:00:00,BTCUSDT,4h,1,up,0.55462414,0.46,0.09462413,1,0.55462414
2024-08-10 16:00:00,BTCUSDT,4h,0,down,0.36813107,0.46,0.09186894,1,0.36813107
2024-08-10 20:00:00,BTCUSDT,4h,1,up,0.56408775,0.46,0.10408774,1,0.56408775
2024-08-11 00:00:00,BTCUSDT,4h,2,up,0.49135816,0.46,0.031358153,0,0.46
2024-08-11 04:00:00,BTCUSDT,4h,2,down,0.42742747,0.46,0.032572538,0,0.46
2024-08-11 08:00:00,BTCUSDT,4h,1,down,0.62985456,0.46,0.16985455,1,0.62985456
2024-08-11 12:00:00,BTCUSDT,4h,1,down,0.5747922,0.46,0.1147922,1,0.5747922
2024-08-11 16:00:00,BTCUSDT,4h,1,down,0.62847567,0.46,0.16847566,1,0.62847567
2024-08-11 20:00:00,BTCUSDT,4h,1,down,0.55469924,0.46,0.094699234,1,0.55469924
2024-08-12 00:00:00,BTCUSDT,4h,1,up,0.6187073,0.46,0.15870729,1,0.6187073
2024-08-12 04:00:00,BTCUSDT,4h,2,up,0.45789593,0.46,0.0021040738,0,0.46
2024-08-12 08:00:00,BTCUSDT,4h,2,up,0.44041318,0.46,0.019586831,0,0.46
2024-08-12 12:00:00,BTCUSDT,4h,2,down,0.4884866,0.46,0.02848658,0,0.46
2024-08-12 16:00:00,BTCUSDT,4h,1,up,0.5477566,0.46,0.087756604,1,0.5477566
2024-08-12 20:00:00,BTCUSDT,4h,2,down,0.473844,0.46,0.013843983,0,0.46
2024-08-13 00:00:00,BTCUSDT,4h,1,up,0.5703361,0.46,0.110336095,1,0.5703361
2024-08-13 04:00:00,BTCUSDT,4h,2,down,0.44157168,0.46,0.018428326,0,0.46
2024-08-13 08:00:00,BTCUSDT,4h,1,up,0.5692252,0.46,0.109225184,1,0.5692252
2024-08-13 12:00:00,BTCUSDT,4h,2,up,0.4769244,0.46,0.016924381,0,0.46
2024-08-13 16:00:00,BTCUSDT,4h,2,down,0.5117215,0.46,0.051721483,0,0.46
2024-08-13 20:00:00,BTCUSDT,4h,1,up,0.55388296,0.46,0.09388295,1,0.55388296
2024-08-14 00:00:00,BTCUSDT,4h,0,down,0.37553313,0.46,0.084466875,1,0.37553313
2024-08-14 04:00:00,BTCUSDT,4h,2,up,0.411289,0.46,0.048711002,0,0.46
2024-08-14 08:00:00,BTCUSDT,4h,0,down,0.38332465,0.46,0.076675355,1,0.38332465
2024-08-14 12:00:00,BTCUSDT,4h,2,down,0.5093086,0.46,0.04930857,0,0.46
2024-08-14 16:00:00,BTCUSDT,4h,1,down,0.6108728,0.46,0.1508728,1,0.6108728
2024-08-14 20:00:00,BTCUSDT,4h,1,down,0.6132339,0.46,0.15323392,1,0.6132339
2024-08-15 00:00:00,BTCUSDT,4h,1,down,0.56830424,0.46,0.10830423,1,0.56830424
2024-08-15 04:00:00,BTCUSDT,4h,1,up,0.6073587,0.46,0.14735869,1,0.6073587
2024-08-15 08:00:00,BTCUSDT,4h,2,up,0.4323662,0.46,0.027633816,0,0.46
2024-08-15 12:00:00,BTCUSDT,4h,2,down,0.47073844,0.46,0.010738432,0,0.46
2024-08-15 16:00:00,BTCUSDT,4h,1,up,0.6044327,0.46,0.1444327,1,0.6044327
2024-08-15 20:00:00,BTCUSDT,4h,2,up,0.4544847,0.46,0.005515307,0,0.46
2024-08-16 00:00:00,BTCUSDT,4h,2,up,0.5197677,0.46,0.059767693,0,0.46
2024-08-16 04:00:00,BTCUSDT,4h,2,down,0.41968107,0.46,0.040318936,0,0.46
2024-08-16 08:00:00,BTCUSDT,4h,2,down,0.4899073,0.46,0.029907286,0,0.46
2024-08-16 12:00:00,BTCUSDT,4h,1,up,0.5506295,0.46,0.09062949,1,0.5506295
2024-08-16 16:00:00,BTCUSDT,4h,2,down,0.4161124,0.46,0.043887615,0,0.46
2024-08-16 20:00:00,BTCUSDT,4h,1,up,0.6232611,0.46,0.16326109,1,0.6232611
2024-08-17 00:00:00,BTCUSDT,4h,2,up,0.44197938,0.46,0.01802063,0,0.46
2024-08-17 04:00:00,BTCUSDT,4h,2,down,0.424836,0.46,0.035164,0,0.46
2024-08-17 08:00:00,BTCUSDT,4h,1,up,0.56344527,0.46,0.10344526,1,0.56344527
2024-08-17 12:00:00,BTCUSDT,4h,2,up,0.49275205,0.46,0.032752037,0,0.46
2024-08-17 16:00:00,BTCUSDT,4h,2,up,0.46039516,0.46,0.000395149,0,0.46
2024-08-17 20:00:00,BTCUSDT,4h,2,down,0.4101382,0.46,0.04986182,0,0.46
2024-08-18 00:00:00,BTCUSDT,4h,1,up,0.53530407,0.46,0.07530406,1,0.53530407
2024-08-18 04:00:00,BTCUSDT,4h,2,up,0.42336702,0.46,0.036632985,0,0.46
2024-08-18 08:00:00,BTCUSDT,4h,2,down,0.44252834,0.46,0.017471671,0,0.46
2024-08-18 12:00:00,BTCUSDT,4h,2,down,0.5093862,0.46,0.049386173,0,0.46
2024-08-18 16:00:00,BTCUSDT,4h,2,down,0.4393161,0.46,0.020683914,0,0.46
2024-08-18 20:00:00,BTCUSDT,4h,1,up,0.5688708,0.46,0.108870775,1,0.5688708
2024-08-19 00:00:00,BTCUSDT,4h,2,down,0.48324627,0.46,0.023246258,0,0.46
2024-08-19 04:00:00,BTCUSDT,4h,1,down,0.6170545,0.46,0.15705451,1,0.6170545
2024-08-19 08:00:00,BTCUSDT,4h,2,up,0.45850393,0.46,0.0014960766,0,0.46
2024-08-19 12:00:00,BTCUSDT,4h,2,up,0.51325244,0.46,0.05325243,0,0.46
2024-08-19 16:00:00,BTCUSDT,4h,2,up,0.44937915,0.46,0.010620862,0,0.46
2024-08-19 20:00:00,BTCUSDT,4h,2,up,0.42683026,0.46,0.033169746,0,0.46
2024-08-20 00:00:00,BTCUSDT,4h,2,up,0.49374458,0.46,0.033744574,0,0.46
2024-08-20 04:00:00,BTCUSDT,4h,2,down,0.47864184,0.46,0.01864183,0,0.46
2024-08-20 08:00:00,BTCUSDT,4h,1,down,0.5840487,0.46,0.12404868,1,0.5840487
2024-08-20 12:00:00,BTCUSDT,4h,2,up,0.4925158,0.46,0.032515794,0,0.46
2024-08-20 16:00:00,BTCUSDT,4h,2,down,0.497501,0.46,0.037500978,0,0.46
2024-08-20 20:00:00,BTCUSDT,4h,1,up,0.6191807,0.46,0.15918067,1,0.6191807
2024-08-21 00:00:00,BTCUSDT,4h,2,up,0.4084249,0.46,0.051575094,0,0.46
2024-08-21 04:00:00,BTCUSDT,4h,2,down,0.40736845,0.46,0.052631557,0,0.46
2024-08-21 08:00:00,BTCUSDT,4h,1,up,0.5859221,0.46,0.12592211,1,0.5859221
2024-08-21 12:00:00,BTCUSDT,4h,2,up,0.48887134,0.46,0.028871328,0,0.46
2024-08-21 16:00:00,BTCUSDT,4h,2,down,0.46618363,0.46,0.0061836243,0,0.46
2024-08-21 20:00:00,BTCUSDT,4h,1,down,0.56002855,0.46,0.100028545,1,0.56002855
2024-08-22 00:00:00,BTCUSDT,4h,2,up,0.42014548,0.46,0.039854527,0,0.46
2024-08-22 04:00:00,BTCUSDT,4h,2,up,0.4178602,0.46,0.0421398,0,0.46
2024-08-22 08:00:00,BTCUSDT,4h,0,down,0.38263464,0.46,0.07736537,1,0.38263464
2024-08-22 12:00:00,BTCUSDT,4h,2,down,0.5290835,0.46,0.06908348,0,0.46
2024-08-22 16:00:00,BTCUSDT,4h,1,up,0.55596596,0.46,0.09596595,1,0.55596596
2024-08-22 20:00:00,BTCUSDT,4h,1,up,0.630465,0.46,0.17046496,1,0.630465
2024-08-23 00:00:00,BTCUSDT,4h,2,up,0.4992951,0.46,0.039295077,0,0.46
2024-08-23 04:00:00,BTCUSDT,4h,2,down,0.43072128,0.46,0.029278725,0,0.46
2024-08-23 08:00:00,BTCUSDT,4h,1,up,0.5803868,0.46,0.12038681,1,0.5803868
2024-08-23 12:00:00,BTCUSDT,4h,2,up,0.49043143,0.46,0.03043142,0,0.46
2024-08-23 16:00:00,BTCUSDT,4h,2,up,0.42149997,0.46,0.03850004,0,0.46
2024-08-23 20:00:00,BTCUSDT,4h,1,down,0.5748937,0.46,0.114893705,1,0.5748937
2024-08-24 00:00:00,BTCUSDT,4h,1,up,0.55267614,0.46,0.09267613,1,0.55267614
2024-08-24 04:00:00,BTCUSDT,4h,2,down,0.42059392,0.46,0.03940609,0,0.46
2024-08-24 08:00:00,BTCUSDT,4h,1,up,0.63739437,0.46,0.17739436,1,0.63739437
2024-08-24 12:00:00,BTCUSDT,4h,2,up,0.50058365,0.46,0.04058364,0,0.46
2024-08-24 16:00:00,BTCUSDT,4h,2,down,0.41149908,0.46,0.048500925,0,0.46
2024-08-24 20:00:00,BTCUSDT,4h,0,down,0.3157023,0.46,0.14429772,1,0.3157023
2024-08-25 00:00:00,BTCUSDT,4h,2,down,0.48923323,0.46,0.029233217,0,0.46
2024-08-25 04:00:00,BTCUSDT,4h,1,up,0.603539,0.46,0.14353898,1,0.603539
2024-08-25 08:00:00,BTCUSDT,4h,1,up,0.54804975,0.46,0.08804974,1,0.54804975
2024-08-25 12:00:00,BTCUSDT,4h,2,up,0.42428523,0.46,0.035714775,0,0.46
2024-08-25 16:00:00,BTCUSDT,4h,2,up,0.39171445,0.46,0.068285555,0,0.46
2024-08-25 20:00:00,BTCUSDT,4h,1,down,0.5367169,0.46,0.07671687,1,0.5367169
2024-08-26 00:00:00,BTCUSDT,4h,1,down,0.54608595,0.46,0.086085945,1,0.54608595
2024-08-26 04:00:00,BTCUSDT,4h,1,up,0.60009915,0.46,0.14009914,1,0.60009915
2024-08-26 08:00:00,BTCUSDT,4h,2,down,0.4539643,0.46,0.0060357153,0,0.46
2024-08-26 12:00:00,BTCUSDT,4h,1,down,0.55442774,0.46,0.094427735,1,0.55442774
2024-08-26 16:00:00,BTCUSDT,4h,1,down,0.62282807,0.46,0.16282806,1,0.62282807
2024-08-26 20:00:00,BTCUSDT,4h,1,up,0.62810236,0.46,0.16810235,1,0.62810236
2024-08-27 00:00:00,BTCUSDT,4h,2,down,0.48050752,0.46,0.020507514,0,0.46
2024-08-27 04:00:00,BTCUSDT,4h,1,down,0.53879493,0.46,0.07879493,1,0.53879493
2024-08-27 08:00:00,BTCUSDT,4h,1,down,0.55849075,0.46,0.098490745,1,0.55849075
2024-08-27 12:00:00,BTCUSDT,4h,2,up,0.5159124,0.46,0.055912405,0,0.46
2024-08-27 16:00:00,BTCUSDT,4h,2,down,0.4816037,0.46,0.021603703,0,0.46
2024-08-27 20:00:00,BTCUSDT,4h,2,up,0.4887369,0.46,0.02873689,0,0.46
2024-08-28 00:00:00,BTCUSDT,4h,2,down,0.42549196,0.46,0.03450805,0,0.46
2024-08-28 04:00:00,BTCUSDT,4h,1,up,0.60772914,0.46,0.14772913,1,0.60772914
2024-08-28 08:00:00,BTCUSDT,4h,2,down,0.4598951,0.46,0.000104904175,0,0.46
2024-08-28 12:00:00,BTCUSDT,4h,1,down,0.5534615,0.46,0.09346148,1,0.5534615
2024-08-28 16:00:00,BTCUSDT,4h,2,up,0.48800063,0.46,0.028000623,0,0.46
2024-08-28 20:00:00,BTCUSDT,4h,1,up,0.57863134,0.46,0.11863133,1,0.57863134
2024-08-29 00:00:00,BTCUSDT,4h,2,up,0.46480608,0.46,0.0048060715,0,0.46
2024-08-29 04:00:00,BTCUSDT,4h,2,up,0.39835715,0.46,0.061642855,0,0.46
2024-08-29 08:00:00,BTCUSDT,4h,2,up,0.44688523,0.46,0.01311478,0,0.46
2024-08-29 12:00:00,BTCUSDT,4h,2,down,0.48090804,0.46,0.020908028,0,0.46
2024-08-29 16:00:00,BTCUSDT,4h,1,up,0.56211555,0.46,0.10211554,1,0.56211555
2024-08-29 20:00:00,BTCUSDT,4h,2,down,0.4650785,0.46,0.0050784945,0,0.46
2024-08-30 00:00:00,BTCUSDT,4h,1,up,0.5733847,0.46,0.113384694,1,0.5733847
2024-08-30 04:00:00,BTCUSDT,4h,2,up,0.4752009,0.46,0.015200883,0,0.46
2024-08-30 08:00:00,BTCUSDT,4h,1,down,0.54738003,0.46,0.08738002,1,0.54738003
2024-08-30 12:00:00,BTCUSDT,4h,2,up,0.5215844,0.46,0.061584383,0,0.46
2024-08-30 16:00:00,BTCUSDT,4h,2,up,0.4994726,0.46,0.03947258,0,0.46
2024-08-30 20:00:00,BTCUSDT,4h,1,up,0.53907824,0.46,0.07907823,1,0.53907824
2024-08-31 00:00:00,BTCUSDT,4h,2,down,0.49981278,0.46,0.039812773,0,0.46
2024-08-31 04:00:00,BTCUSDT,4h,1,up,0.54500127,0.46,0.08500126,1,0.54500127
2024-08-31 08:00:00,BTCUSDT,4h,2,down,0.48828766,0.46,0.02828765,0,0.46
2024-08-31 12:00:00,BTCUSDT,4h,1,down,0.5951612,0.46,0.13516119,1,0.5951612
2024-08-31 16:00:00,BTCUSDT,4h,1,up,0.5740795,0.46,0.114079505,1,0.5740795
2024-08-31 20:00:00,BTCUSDT,4h,2,down,0.4921762,0.46,0.032176197,0,0.46
2024-09-01 00:00:00,BTCUSDT,4h,1,down,0.5307821,0.46,0.070782095,1,0.5307821
2024-09-01 04:00:00,BTCUSDT,4h,2,down,0.39281964,0.46,0.067180365,0,0.46
2024-09-01 08:00:00,BTCUSDT,4h,2,down,0.45999336,0.46,6.645918e-06,0,0.46
2024-09-01 12:00:00,BTCUSDT,4h,2,up,0.40252137,0.46,0.057478637,0,0.46
2024-09-01 16:00:00,BTCUSDT,4h,2,down,0.46684697,0.46,0.0068469644,0,0.46
2024-09-01 20:00:00,BTCUSDT,4h,1,up,0.57356876,0.46,0.11356875,1,0.57356876
2024-09-02 00:00:00,BTCUSDT,4h,2,down,0.43945587,0.46,0.020544142,0,0.46
2024-09-02 04:00:00,BTCUSDT,4h,1,up,0.5805133,0.46,0.12051329,1,0.5805133
2024-09-02 08:00:00,BTCUSDT,4h,2,up,0.47881198,0.46,0.018811971,0,0.46
2024-09-02 12:00:00,BTCUSDT,4h,2,down,0.41411105,0.46,0.04588896,0,0.46
2024-09-02 16:00:00,BTCUSDT,4h,2,up,0.5184268,0.46,0.058426768,0,0.46
2024-09-02 20:00:00,BTCUSDT,4h,2,down,0.40903014,0.46,0.05096987,0,0.46
2024-09-03 00:00:00,BTCUSDT,4h,2,up,0.47156158,0.46,0.011561573,0,0.46
2024-09-03 04:00:00,BTCUSDT,4h,2,down,0.40166476,0.46,0.058335245,0,0.46
2024-09-03 08:00:00,BTCUSDT,4h,2,down,0.40102097,0.46,0.058979034,0,0.46
2024-09-03 12:00:00,BTCUSDT,4h,2,up,0.45815575,0.46,0.0018442571,0,0.46
2024-09-03 16:00:00,BTCUSDT,4h,2,down,0.43643504,0.46,0.023564965,0,0.46
2024-09-03 20:00:00,BTCUSDT,4h,1,down,0.64802927,0.46,0.18802926,1,0.64802927
2024-09-04 00:00:00,BTCUSDT,4h,2,up,0.51452535,0.46,0.054525346,0,0.46
2024-09-04 04:00:00,BTCUSDT,4h,2,down,0.44245422,0.46,0.01754579,0,0.46
2024-09-04 08:00:00,BTCUSDT,4h,1,up,0.6378983,0.46,0.17789832,1,0.6378983
2024-09-04 12:00:00,BTCUSDT,4h,2,down,0.4622283,0.46,0.0022282898,0,0.46
2024-09-04 16:00:00,BTCUSDT,4h,2,down,0.42183575,0.46,0.038164258,0,0.46
2024-09-04 20:00:00,BTCUSDT,4h,1,down,0.54314387,0.46,0.08314386,1,0.54314387
2024-09-05 00:00:00,BTCUSDT,4h,1,up,0.60225445,0.46,0.14225444,1,0.60225445
2024-09-05 04:00:00,BTCUSDT,4h,2,down,0.44872025,0.46,0.011279762,0,0.46
2024-09-05 08:00:00,BTCUSDT,4h,1,down,0.62925047,0.46,0.16925046,1,0.62925047
2024-09-05 12:00:00,BTCUSDT,4h,2,up,0.49580535,0.46,0.035805345,0,0.46
2024-09-05 16:00:00,BTCUSDT,4h,1,up,0.57444453,0.46,0.114444524,1,0.57444453
2024-09-05 20:00:00,BTCUSDT,4h,2,up,0.47110078,0.46,0.011100769,0,0.46
2024-09-06 00:00:00,BTCUSDT,4h,2,down,0.45006603,0.46,0.009933978,0,0.46
2024-09-06 04:00:00,BTCUSDT,4h,1,up,0.5544951,0.46,0.09449509,1,0.5544951
2024-09-06 08:00:00,BTCUSDT,4h,2,down,0.51695806,0.46,0.05695805,0,0.46
2024-09-06 12:00:00,BTCUSDT,4h,1,down,0.5346553,0.46,0.074655265,1,0.5346553
2024-09-06 16:00:00,BTCUSDT,4h,1,up,0.6073673,0.46,0.14736727,1,0.6073673
2024-09-06 20:00:00,BTCUSDT,4h,2,down,0.44262385,0.46,0.017376155,0,0.46
2024-09-07 00:00:00,BTCUSDT,4h,1,up,0.6106944,0.46,0.1506944,1,0.6106944
2024-09-07 04:00:00,BTCUSDT,4h,2,up,0.45146966,0.46,0.008530349,0,0.46
2024-09-07 08:00:00,BTCUSDT,4h,2,up,0.5016901,0.46,0.04169008,0,0.46
2024-09-07 12:00:00,BTCUSDT,4h,2,down,0.41141537,0.46,0.04858464,0,0.46
2024-09-07 16:00:00,BTCUSDT,4h,1,down,0.5366099,0.46,0.07660988,1,0.5366099
2024-09-07 20:00:00,BTCUSDT,4h,2,up,0.518097,0.46,0.058096975,0,0.46
2024-09-08 00:00:00,BTCUSDT,4h,2,up,0.4488523,0.46,0.011147708,0,0.46
2024-09-08 04:00:00,BTCUSDT,4h,2,up,0.4255151,0.46,0.034484923,0,0.46
2024-09-08 08:00:00,BTCUSDT,4h,2,down,0.45512828,0.46,0.004871726,0,0.46
2024-09-08 12:00:00,BTCUSDT,4h,1,up,0.5978802,0.46,0.13788018,1,0.5978802
2024-09-08 16:00:00,BTCUSDT,4h,2,up,0.411965,0.46,0.048034996,0,0.46
2024-09-08 20:00:00,BTCUSDT,4h,2,up,0.4401633,0.46,0.019836694,0,0.46
2024-09-09 00:00:00,BTCUSDT,4h,2,down,0.43390718,0.46,0.026092827,0,0.46
2024-09-09 04:00:00,BTCUSDT,4h,2,up,0.3977603,0.46,0.062239707,0,0.46
2024-09-09 08:00:00,BTCUSDT,4h,2,up,0.43153337,0.46,0.028466642,0,0.46
2024-09-09 12:00:00,BTCUSDT,4h,0,up,0.38997003,0.46,0.070029974,1,0.38997003
2024-09-09 16:00:00,BTCUSDT,4h,2,down,0.49818203,0.46,0.03818202,0,0.46
2024-09-09 20:00:00,BTCUSDT,4h,1,down,0.5566994,0.46,0.09669939,1,0.5566994
2024-09-10 00:00:00,BTCUSDT,4h,1,up,0.6243545,0.46,0.16435447,1,0.6243545
2024-09-10 04:00:00,BTCUSDT,4h,0,up,0.34165373,0.46,0.118346274,1,0.34165373
2024-09-10 08:00:00,BTCUSDT,4h,0,down,0.333502,0.46,0.12649801,1,0.333502
2024-09-10 12:00:00,BTCUSDT,4h,1,up,0.56428903,0.46,0.104289025,1,0.56428903
2024-09-10 16:00:00,BTCUSDT,4h,0,down,0.3694176,0.46,0.0905824,1,0.3694176
2024-09-10 20:00:00,BTCUSDT,4h,1,down,0.5500436,0.46,0.090043575,1,0.5500436
2024-09-11 00:00:00,BTCUSDT,4h,1,down,0.59613323,0.46,0.13613322,1,0.59613323
2024-09-11 04:00:00,BTCUSDT,4h,2,up,0.50152814,0.46,0.041528136,0,0.46
2024-09-11 08:00:00,BTCUSDT,4h,2,down,0.5204002,0.46,0.060400218,0,0.46
2024-09-11 12:00:00,BTCUSDT,4h,2,up,0.46162373,0.46,0.0016237199,0,0.46
2024-09-11 16:00:00,BTCUSDT,4h,2,down,0.46528462,0.46,0.0052846074,0,0.46
2024-09-11 20:00:00,BTCUSDT,4h,1,up,0.5783017,0.46,0.11830172,1,0.5783017
2024-09-12 00:00:00,BTCUSDT,4h,2,down,0.40179583,0.46,0.058204174,0,0.46
2024-09-12 04:00:00,BTCUSDT,4h,2,down,0.46081808,0.46,0.00081807375,0,0.46
2024-09-12 08:00:00,BTCUSDT,4h,2,down,0.4727033,0.46,0.0127032995,0,0.46
2024-09-12 12:00:00,BTCUSDT,4h,1,up,0.53957194,0.46,0.07957193,1,0.53957194
2024-09-12 16:00:00,BTCUSDT,4h,2,down,0.42863947,0.46,0.031360537,0,0.46
2024-09-12 20:00:00,BTCUSDT,4h,2,down,0.45554778,0.46,0.0044522285,0,0.46
2024-09-13 00:00:00,BTCUSDT,4h,1,up,0.60181314,0.46,0.14181313,1,0.60181314
2024-09-13 04:00:00,BTCUSDT,4h,2,down,0.42655924,0.46,0.03344077,0,0.46
2024-09-13 08:00:00,BTCUSDT,4h,1,up,0.62942463,0.46,0.16942462,1,0.62942463
2024-09-13 12:00:00,BTCUSDT,4h,2,up,0.43433496,0.46,0.025665045,0,0.46
2024-09-13 16:00:00,BTCUSDT,4h,0,up,0.33630407,0.46,0.12369594,1,0.33630407
2024-09-13 20:00:00,BTCUSDT,4h,2,down,0.39592752,0.46,0.06407249,0,0.46
2024-09-14 00:00:00,BTCUSDT,4h,1,down,0.63254136,0.46,0.17254135,1,0.63254136
2024-09-14 04:00:00,BTCUSDT,4h,2,down,0.45717943,0.46,0.0028205812,0,0.46
2024-09-14 08:00:00,BTCUSDT,4h,1,up,0.6282243,0.46,0.1682243,1,0.6282243
2024-09-14 12:00:00,BTCUSDT,4h,2,down,0.46268865,0.46,0.0026886463,0,0.46
2024-09-14 16:00:00,BTCUSDT,4h,2,up,0.41840348,0.46,0.041596532,0,0.46
2024-09-14 20:00:00,BTCUSDT,4h,2,up,0.4141299,0.46,0.045870095,0,0.46
2024-09-15 00:00:00,BTCUSDT,4h,2,up,0.39812282,0.46,0.06187719,0,0.46
2024-09-15 04:00:00,BTCUSDT,4h,2,down,0.39089596,0.46,0.069104046,0,0.46
2024-09-15 08:00:00,BTCUSDT,4h,1,up,0.5668833,0.46,0.10688332,1,0.5668833
2024-09-15 12:00:00,BTCUSDT,4h,2,down,0.4570269,0.46,0.0029731095,0,0.46
2024-09-15 16:00:00,BTCUSDT,4h,1,down,0.5425998,0.46,0.08259979,1,0.5425998
2024-09-15 20:00:00,BTCUSDT,4h,1,down,0.5939976,0.46,0.13399759,1,0.5939976
2024-09-16 00:00:00,BTCUSDT,4h,1,up,0.59663355,0.46,0.13663355,1,0.59663355
2024-09-16 04:00:00,BTCUSDT,4h,2,down,0.50578576,0.46,0.045785755,0,0.46
2024-09-16 08:00:00,BTCUSDT,4h,1,down,0.5997944,0.46,0.13979438,1,0.5997944
2024-09-16 12:00:00,BTCUSDT,4h,2,up,0.5205291,0.46,0.060529083,0,0.46
2024-09-16 16:00:00,BTCUSDT,4h,2,up,0.5074129,0.46,0.047412902,0,0.46
2024-09-16 20:00:00,BTCUSDT,4h,2,down,0.47432315,0.46,0.014323145,0,0.46
2024-09-17 00:00:00,BTCUSDT,4h,2,up,0.4784298,0.46,0.018429786,0,0.46
2024-09-17 04:00:00,BTCUSDT,4h,2,up,0.4278417,0.46,0.032158315,0,0.46
2024-09-17 08:00:00,BTCUSDT,4h,2,up,0.40734,0.46,0.05266002,0,0.46
2024-09-17 12:00:00,BTCUSDT,4h,2,down,0.49262848,0.46,0.032628477,0,0.46
2024-09-17 16:00:00,BTCUSDT,4h,1,up,0.54221547,0.46,0.08221546,1,0.54221547
2024-09-17 20:00:00,BTCUSDT,4h,0,up,0.31327668,0.46,0.14672333,1,0.31327668
2024-09-18 00:00:00,BTCUSDT,4h,2,down,0.40188152,0.46,0.058118492,0,0.46
2024-09-18 04:00:00,BTCUSDT,4h,2,down,0.4119934,0.46,0.048006594,0,0.46
2024-09-18 08:00:00,BTCUSDT,4h,2,down,0.52959716,0.46,0.069597155,0,0.46
2024-09-18 12:00:00,BTCUSDT,4h,1,up,0.5634436,0.46,0.10344359,1,0.5634436
2024-09-18 16:00:00,BTCUSDT,4h,1,up,0.54241836,0.46,0.08241835,1,0.54241836
2024-09-18 20:00:00,BTCUSDT,4h,0,up,0.3564144,0.46,0.1035856,1,0.3564144
2024-09-19 00:00:00,BTCUSDT,4h,2,down,0.4286379,0.46,0.031362116,0,0.46
2024-09-19 04:00:00,BTCUSDT,4h,0,up,0.33536288,0.46,0.12463713,1,0.33536288
2024-09-19 08:00:00,BTCUSDT,4h,0,up,0.38725832,0.46,0.07274169,1,0.38725832
2024-09-19 12:00:00,BTCUSDT,4h,2,up,0.4683762,0.46,0.008376181,0,0.46
2024-09-19 16:00:00,BTCUSDT,4h,2,down,0.48270112,0.46,0.022701114,0,0.46
2024-09-19 20:00:00,BTCUSDT,4h,2,up,0.43405092,0.46,0.02594909,0,0.46
2024-09-20 00:00:00,BTCUSDT,4h,0,down,0.36940363,0.46,0.09059638,1,0.36940363
2024-09-20 04:00:00,BTCUSDT,4h,1,down,0.55205446,0.46,0.09205446,1,0.55205446
2024-09-20 08:00:00,BTCUSDT,4h,0,down,0.3348831,0.46,0.12511691,1,0.3348831
2024-09-20 12:00:00,BTCUSDT,4h,2,down,0.45661882,0.46,0.0033811927,0,0.46
2024-09-20 16:00:00,BTCUSDT,4h,1,up,0.5594857,0.46,0.099485666,1,0.5594857
2024-09-20 20:00:00,BTCUSDT,4h,2,down,0.43935436,0.46,0.020645648,0,0.46
2024-09-21 00:00:00,BTCUSDT,4h,1,up,0.67036927,0.46,0.21036926,1,0.67036927
2024-09-21 04:00:00,BTCUSDT,4h,2,down,0.39589244,0.46,0.06410757,0,0.46
2024-09-21 08:00:00,BTCUSDT,4h,2,up,0.47486523,0.46,0.01486522,0,0.46
2024-09-21 12:00:00,BTCUSDT,4h,2,up,0.46944782,0.46,0.009447813,0,0.46
2024-09-21 16:00:00,BTCUSDT,4h,2,up,0.48671877,0.46,0.026718765,0,0.46
2024-09-21 20:00:00,BTCUSDT,4h,2,down,0.43835488,0.46,0.021645129,0,0.46
2024-09-22 00:00:00,BTCUSDT,4h,1,down,0.5342739,0.46,0.074273914,1,0.5342739
2024-09-22 04:00:00,BTCUSDT,4h,1,down,0.58467287,0.46,0.12467286,1,0.58467287
2024-09-22 08:00:00,BTCUSDT,4h,1,down,0.56085473,0.46,0.100854725,1,0.56085473
2024-09-22 12:00:00,BTCUSDT,4h,1,up,0.5619518,0.46,0.10195181,1,0.5619518
2024-09-22 16:00:00,BTCUSDT,4h,2,up,0.47924533,0.46,0.019245327,0,0.46
2024-09-22 20:00:00,BTCUSDT,4h,2,up,0.47734147,0.46,0.017341465,0,0.46
2024-09-23 00:00:00,BTCUSDT,4h,2,down,0.47648033,0.46,0.016480327,0,0.46
2024-09-23 04:00:00,BTCUSDT,4h,1,down,0.59320086,0.46,0.13320085,1,0.59320086
2024-09-23 08:00:00,BTCUSDT,4h,1,up,0.58075815,0.46,0.120758146,1,0.58075815
2024-09-23 12:00:00,BTCUSDT,4h,2,down,0.48624125,0.46,0.026241243,0,0.46
2024-09-23 16:00:00,BTCUSDT,4h,1,up,0.61848193,0.46,0.15848193,1,0.61848193
2024-09-23 20:00:00,BTCUSDT,4h,2,down,0.47934037,0.46,0.019340366,0,0.46
2024-09-24 00:00:00,BTCUSDT,4h,2,up,0.50742316,0.46,0.047423154,0,0.46
2024-09-24 04:00:00,BTCUSDT,4h,2,down,0.42665464,0.46,0.03334537,0,0.46
2024-09-24 08:00:00,BTCUSDT,4h,1,down,0.5583269,0.46,0.09832689,1,0.5583269
2024-09-24 12:00:00,BTCUSDT,4h,2,up,0.52565426,0.46,0.06565425,0,0.46
2024-09-24 16:00:00,BTCUSDT,4h,2,down,0.43048543,0.46,0.029514581,0,0.46
2024-09-24 20:00:00,BTCUSDT,4h,2,up,0.47164127,0.46,0.011641264,0,0.46
2024-09-25 00:00:00,BTCUSDT,4h,2,down,0.40044734,0.46,0.05955267,0,0.46
2024-09-25 04:00:00,BTCUSDT,4h,1,down,0.56597245,0.46,0.10597244,1,0.56597245
2024-09-25 08:00:00,BTCUSDT,4h,2,down,0.4427968,0.46,0.017203212,0,0.46
2024-09-25 12:00:00,BTCUSDT,4h,1,down,0.5788081,0.46,0.11880812,1,0.5788081
2024-09-25 16:00:00,BTCUSDT,4h,1,down,0.59009826,0.46,0.13009825,1,0.59009826
2024-09-25 20:00:00,BTCUSDT,4h,1,up,0.5835257,0.46,0.12352571,1,0.5835257
2024-09-26 00:00:00,BTCUSDT,4h,2,up,0.45337525,0.46,0.0066247582,0,0.46
2024-09-26 04:00:00,BTCUSDT,4h,2,up,0.43017307,0.46,0.02982694,0,0.46
2024-09-26 08:00:00,BTCUSDT,4h,2,up,0.47683612,0.46,0.016836107,0,0.46
2024-09-26 12:00:00,BTCUSDT,4h,2,down,0.5175074,0.46,0.057507366,0,0.46
2024-09-26 16:00:00,BTCUSDT,4h,1,up,0.5836053,0.46,0.12360528,1,0.5836053
2024-09-26 20:00:00,BTCUSDT,4h,0,up,0.36770827,0.46,0.09229174,1,0.36770827
2024-09-27 00:00:00,BTCUSDT,4h,0,up,0.37575197,0.46,0.084248036,1,0.37575197
2024-09-27 04:00:00,BTCUSDT,4h,0,down,0.33753273,0.46,0.12246728,1,0.33753273
2024-09-27 08:00:00,BTCUSDT,4h,2,up,0.52723455,0.46,0.067234546,0,0.46
2024-09-27 12:00:00,BTCUSDT,4h,2,down,0.42887184,0.46,0.031128168,0,0.46
2024-09-27 16:00:00,BTCUSDT,4h,1,up,0.59568435,0.46,0.13568434,1,0.59568435
2024-09-27 20:00:00,BTCUSDT,4h,2,up,0.47507143,0.46,0.015071422,0,0.46
2024-09-28 00:00:00,BTCUSDT,4h,2,down,0.41750577,0.46,0.042494237,0,0.46
2024-09-28 04:00:00,BTCUSDT,4h,1,down,0.5631963,0.46,0.10319629,1,0.5631963
2024-09-28 08:00:00,BTCUSDT,4h,2,down,0.40848106,0.46,0.051518947,0,0.46
2024-09-28 12:00:00,BTCUSDT,4h,1,up,0.58021975,0.46,0.12021974,1,0.58021975
2024-09-28 16:00:00,BTCUSDT,4h,2,up,0.4745174,0.46,0.014517397,0,0.46
2024-09-28 20:00:00,BTCUSDT,4h,2,down,0.44455123,0.46,0.015448779,0,0.46
2024-09-29 00:00:00,BTCUSDT,4h,2,down,0.463586,0.46,0.0035859942,0,0.46
2024-09-29 04:00:00,BTCUSDT,4h,1,up,0.6144328,0.46,0.1544328,1,0.6144328
2024-09-29 08:00:00,BTCUSDT,4h,2,up,0.4615807,0.46,0.0015806854,0,0.46
2024-09-29 12:00:00,BTCUSDT,4h,2,up,0.47710136,0.46,0.017101347,0,0.46
2024-09-29 16:00:00,BTCUSDT,4h,2,down,0.43062648,0.46,0.029373527,0,0.46
2024-09-29 20:00:00,BTCUSDT,4h,1,down,0.5998668,0.46,0.1398668,1,0.5998668
2024-09-30 00:00:00,BTCUSDT,4h,2,up,0.46612933,0.46,0.0061293244,0,0.46
2024-09-30 04:00:00,BTCUSDT,4h,1,down,0.5328395,0.46,0.07283947,1,0.5328395
2024-09-30 08:00:00,BTCUSDT,4h,2,down,0.45975688,0.46,0.00024312735,0,0.46
2024-09-30 12:00:00,BTCUSDT,4h,1,down,0.6269574,0.46,0.16695741,1,0.6269574
2024-09-30 16:00:00,BTCUSDT,4h,2,down,0.4723302,0.46,0.012330204,0,0.46
2024-09-30 20:00:00,BTCUSDT,4h,1,up,0.5921783,0.46,0.13217828,1,0.5921783
2024-10-01 00:00:00,BTCUSDT,4h,2,up,0.45418411,0.46,0.0058158934,0,0.46
2024-10-01 04:00:00,BTCUSDT,4h,2,down,0.47486445,0.46,0.014864445,0,0.46
2024-10-01 08:00:00,BTCUSDT,4h,1,down,0.5859518,0.46,0.1259518,1,0.5859518
2024-10-01 12:00:00,BTCUSDT,4h,2,down,0.47157738,0.46,0.011577368,0,0.46
2024-10-01 16:00:00,BTCUSDT,4h,2,down,0.48894122,0.46,0.028941214,0,0.46
2024-10-01 20:00:00,BTCUSDT,4h,2,up,0.52584463,0.46,0.065844625,0,0.46
2024-10-02 00:00:00,BTCUSDT,4h,2,down,0.42132184,0.46,0.03867817,0,0.46
2024-10-02 04:00:00,BTCUSDT,4h,2,down,0.4614739,0.46,0.0014739037,0,0.46
2024-10-02 08:00:00,BTCUSDT,4h,1,up,0.62453824,0.46,0.16453823,1,0.62453824
2024-10-02 12:00:00,BTCUSDT,4h,2,down,0.43715754,0.46,0.022842467,0,0.46
2024-10-02 16:00:00,BTCUSDT,4h,1,up,0.5861032,0.46,0.1261032,1,0.5861032
2024-10-02 20:00:00,BTCUSDT,4h,2,up,0.5088539,0.46,0.048853904,0,0.46
2024-10-03 00:00:00,BTCUSDT,4h,0,down,0.36997023,0.46,0.090029776,1,0.36997023
2024-10-03 04:00:00,BTCUSDT,4h,1,down,0.5618575,0.46,0.10185751,1,0.5618575
2024-10-03 08:00:00,BTCUSDT,4h,2,down,0.42869484,0.46,0.031305164,0,0.46
2024-10-03 12:00:00,BTCUSDT,4h,2,up,0.4926844,0.46,0.032684386,0,0.46
2024-10-03 16:00:00,BTCUSDT,4h,2,down,0.3976765,0.46,0.06232351,0,0.46
2024-10-03 20:00:00,BTCUSDT,4h,1,up,0.60527146,0.46,0.14527145,1,0.60527146
2024-10-04 00:00:00,BTCUSDT,4h,2,up,0.44960088,0.46,0.010399133,0,0.46
2024-10-04 04:00:00,BTCUSDT,4h,2,up,0.4050036,0.46,0.0549964,0,0.46
2024-10-04 08:00:00,BTCUSDT,4h,2,up,0.4432384,0.46,0.016761601,0,0.46
2024-10-04 12:00:00,BTCUSDT,4h,2,up,0.45115498,0.46,0.008845031,0,0.46
2024-10-04 16:00:00,BTCUSDT,4h,2,down,0.4017666,0.46,0.05823341,0,0.46
2024-10-04 20:00:00,BTCUSDT,4h,1,down,0.56326324,0.46,0.10326323,1,0.56326324
2024-10-05 00:00:00,BTCUSDT,4h,1,up,0.5540863,0.46,0.09408632,1,0.5540863
2024-10-05 04:00:00,BTCUSDT,4h,2,up,0.49315244,0.46,0.03315243,0,0.46
2024-10-05 08:00:00,BTCUSDT,4h,2,down,0.50434035,0.46,0.044340342,0,0.46
2024-10-05 12:00:00,BTCUSDT,4h,2,down,0.5100373,0.46,0.050037295,0,0.46
2024-10-05 16:00:00,BTCUSDT,4h,1,up,0.57006323,0.46,0.110063225,1,0.57006323
2024-10-05 20:00:00,BTCUSDT,4h,2,down,0.45497635,0.46,0.0050236583,0,0.46
2024-10-06 00:00:00,BTCUSDT,4h,1,up,0.5800645,0.46,0.12006447,1,0.5800645
2024-10-06 04:00:00,BTCUSDT,4h,2,up,0.43221217,0.46,0.027787834,0,0.46
2024-10-06 08:00:00,BTCUSDT,4h,2,up,0.43482646,0.46,0.025173545,0,0.46
2024-10-06 12:00:00,BTCUSDT,4h,2,down,0.4700722,0.46,0.0100722015,0,0.46
2024-10-06 16:00:00,BTCUSDT,4h,1,up,0.5465159,0.46,0.08651587,1,0.5465159
2024-10-06 20:00:00,BTCUSDT,4h,2,up,0.4225719,0.46,0.03742811,0,0.46
2024-10-07 00:00:00,BTCUSDT,4h,1,up,0.53179395,0.46,0.07179394,1,0.53179395
2024-10-07 04:00:00,BTCUSDT,4h,2,down,0.428348,0.46,0.031652004,0,0.46
2024-10-07 08:00:00,BTCUSDT,4h,2,up,0.46738046,0.46,0.0073804557,0,0.46
2024-10-07 12:00:00,BTCUSDT,4h,2,down,0.5076618,0.46,0.04766181,0,0.46
2024-10-07 16:00:00,BTCUSDT,4h,2,down,0.503803,0.46,0.043803006,0,0.46
2024-10-07 20:00:00,BTCUSDT,4h,1,up,0.57392365,0.46,0.11392364,1,0.57392365
2024-10-08 00:00:00,BTCUSDT,4h,2,down,0.46182242,0.46,0.001822412,0,0.46
2024-10-08 04:00:00,BTCUSDT,4h,1,up,0.61297834,0.46,0.15297833,1,0.61297834
2024-10-08 08:00:00,BTCUSDT,4h,2,down,0.44775578,0.46,0.012244225,0,0.46
2024-10-08 12:00:00,BTCUSDT,4h,2,down,0.4944891,0.46,0.034489095,0,0.46
2024-10-08 16:00:00,BTCUSDT,4h,1,down,0.5529814,0.46,0.09298137,1,0.5529814
2024-10-08 20:00:00,BTCUSDT,4h,1,up,0.6272962,0.46,0.1672962,1,0.6272962
2024-10-09 00:00:00,BTCUSDT,4h,2,down,0.4613703,0.46,0.001370281,0,0.46
2024-10-09 04:00:00,BTCUSDT,4h,1,down,0.5497116,0.46,0.08971158,1,0.5497116
2024-10-09 08:00:00,BTCUSDT,4h,2,up,0.445942,0.46,0.014057994,0,0.46
2024-10-09 12:00:00,BTCUSDT,4h,2,down,0.48762992,0.46,0.027629912,0,0.46
2024-10-09 16:00:00,BTCUSDT,4h,1,down,0.5616374,0.46,0.10163739,1,0.5616374
2024-10-09 20:00:00,BTCUSDT,4h,1,up,0.6067752,0.46,0.14677522,1,0.6067752
2024-10-10 00:00:00,BTCUSDT,4h,2,up,0.46538296,0.46,0.005382955,0,0.46
2024-10-10 04:00:00,BTCUSDT,4h,1,up,0.5593272,0.46,0.09932718,1,0.5593272
2024-10-10 08:00:00,BTCUSDT,4h,2,down,0.4537959,0.46,0.0062040985,0,0.46
2024-10-10 12:00:00,BTCUSDT,4h,1,down,0.5675311,0.46,0.1075311,1,0.5675311
2024-10-10 16:00:00,BTCUSDT,4h,1,up,0.53637624,0.46,0.07637623,1,0.53637624
2024-10-10 20:00:00,BTCUSDT,4h,0,up,0.3878258,0.46,0.07217422,1,0.3878258
2024-10-11 00:00:00,BTCUSDT,4h,2,up,0.41579148,0.46,0.044208527,0,0.46
2024-10-11 04:00:00,BTCUSDT,4h,2,up,0.5262616,0.46,0.06626162,0,0.46
2024-10-11 08:00:00,BTCUSDT,4h,2,up,0.41037363,0.46,0.04962638,0,0.46
2024-10-11 12:00:00,BTCUSDT,4h,2,up,0.47156626,0.46,0.0115662515,0,0.46
2024-10-11 16:00:00,BTCUSDT,4h,2,down,0.47520185,0.46,0.015201837,0,0.46
2024-10-11 20:00:00,BTCUSDT,4h,1,up,0.6120314,0.46,0.15203139,1,0.6120314
2024-10-12 00:00:00,BTCUSDT,4h,2,up,0.5178109,0.46,0.057810873,0,0.46
2024-10-12 04:00:00,BTCUSDT,4h,2,up,0.40572062,0.46,0.054279387,0,0.46
2024-10-12 08:00:00,BTCUSDT,4h,2,up,0.46176907,0.46,0.0017690659,0,0.46
2024-10-12 12:00:00,BTCUSDT,4h,2,down,0.39951134,0.46,0.06048867,0,0.46
2024-10-12 16:00:00,BTCUSDT,4h,1,up,0.55999553,0.46,0.09999552,1,0.55999553
2024-10-12 20:00:00,BTCUSDT,4h,2,down,0.4613045,0.46,0.0013044775,0,0.46
2024-10-13 00:00:00,BTCUSDT,4h,1,up,0.5993012,0.46,0.13930121,1,0.5993012
2024-10-13 04:00:00,BTCUSDT,4h,1,down,0.54756814,0.46,0.087568134,1,0.54756814
2024-10-13 08:00:00,BTCUSDT,4h,1,down,0.5567127,0.46,0.09671268,1,0.5567127
2024-10-13 12:00:00,BTCUSDT,4h,1,up,0.56617934,0.46,0.10617933,1,0.56617934
2024-10-13 16:00:00,BTCUSDT,4h,2,up,0.45497426,0.46,0.0050257444,0,0.46
2024-10-13 20:00:00,BTCUSDT,4h,2,up,0.47033167,0.46,0.0103316605,0,0.46
2024-10-14 00:00:00,BTCUSDT,4h,2,up,0.48411438,0.46,0.02411437,0,0.46
2024-10-14 04:00:00,BTCUSDT,4h,2,up,0.4124948,0.46,0.0475052,0,0.46
2024-10-14 08:00:00,BTCUSDT,4h,2,up,0.41457123,0.46,0.045428783,0,0.46
2024-10-14 12:00:00,BTCUSDT,4h,2,up,0.43858474,0.46,0.021415263,0,0.46
2024-10-14 16:00:00,BTCUSDT,4h,2,up,0.43296972,0.46,0.02703029,0,0.46
2024-10-14 20:00:00,BTCUSDT,4h,0,down,0.38581553,0.46,0.07418448,1,0.38581553
2024-10-15 00:00:00,BTCUSDT,4h,1,up,0.6406506,0.46,0.18065056,1,0.6406506
2024-10-15 04:00:00,BTCUSDT,4h,2,down,0.41559166,0.46,0.04440835,0,0.46
2024-10-15 08:00:00,BTCUSDT,4h,1,up,0.62747216,0.46,0.16747215,1,0.62747216
2024-10-15 12:00:00,BTCUSDT,4h,2,up,0.46144637,0.46,0.0014463663,0,0.46
2024-10-15 16:00:00,BTCUSDT,4h,2,up,0.40656662,0.46,0.05343339,0,0.46
2024-10-15 20:00:00,BTCUSDT,4h,0,up,0.34496146,0.46,0.115038544,1,0.34496146
2024-10-16 00:00:00,BTCUSDT,4h,2,down,0.4329946,0.46,0.027005404,0,0.46
2024-10-16 04:00:00,BTCUSDT,4h,2,up,0.52194506,0.46,0.06194505,0,0.46
2024-10-16 08:00:00,BTCUSDT,4h,2,down,0.44229385,0.46,0.017706156,0,0.46
2024-10-16 12:00:00,BTCUSDT,4h,2,down,0.41324446,0.46,0.046755552,0,0.46
2024-10-16 16:00:00,BTCUSDT,4h,2,down,0.44237944,0.46,0.017620564,0,0.46
2024-10-16 20:00:00,BTCUSDT,4h,1,down,0.57732415,0.46,0.11732414,1,0.57732415
2024-10-17 00:00:00,BTCUSDT,4h,1,down,0.53742915,0.46,0.077429146,1,0.53742915
2024-10-17 04:00:00,BTCUSDT,4h,1,down,0.5990017,0.46,0.1390017,1,0.5990017
2024-10-17 08:00:00,BTCUSDT,4h,1,up,0.66197324,0.46,0.20197323,1,0.66197324
2024-10-17 12:00:00,BTCUSDT,4h,2,down,0.47358558,0.46,0.0135855675,0,0.46
2024-10-17 16:00:00,BTCUSDT,4h,1,up,0.6282555,0.46,0.16825548,1,0.6282555
2024-10-17 20:00:00,BTCUSDT,4h,2,up,0.42916402,0.46,0.030835986,0,0.46
2024-10-18 00:00:00,BTCUSDT,4h,1,up,0.5711785,0.46,0.11117849,1,0.5711785
2024-10-18 04:00:00,BTCUSDT,4h,2,down,0.4765184,0.46,0.016518384,0,0.46
2024-10-18 08:00:00,BTCUSDT,4h,1,up,0.5730984,0.46,0.11309841,1,0.5730984
2024-10-18 12:00:00,BTCUSDT,4h,2,down,0.451905,0.46,0.008094996,0,0.46
2024-10-18 16:00:00,BTCUSDT,4h,2,down,0.48639137,0.46,0.026391357,0,0.46
2024-10-18 20:00:00,BTCUSDT,4h,2,up,0.44848794,0.46,0.011512071,0,0.46
2024-10-19 00:00:00,BTCUSDT,4h,1,down,0.5860899,0.46,0.1260899,1,0.5860899
2024-10-19 04:00:00,BTCUSDT,4h,1,down,0.6335932,0.46,0.1735932,1,0.6335932
2024-10-19 08:00:00,BTCUSDT,4h,1,up,0.617398,0.46,0.15739802,1,0.617398
2024-10-19 12:00:00,BTCUSDT,4h,1,down,0.5868316,0.46,0.12683162,1,0.5868316
2024-10-19 16:00:00,BTCUSDT,4h,2,up,0.4550988,0.46,0.0049012005,0,0.46
2024-10-19 20:00:00,BTCUSDT,4h,2,down,0.43402478,0.46,0.025975227,0,0.46
2024-10-20 00:00:00,BTCUSDT,4h,1,up,0.5817965,0.46,0.12179652,1,0.5817965
2024-10-20 04:00:00,BTCUSDT,4h,2,up,0.4389145,0.46,0.0210855,0,0.46
2024-10-20 08:00:00,BTCUSDT,4h,2,up,0.4642093,0.46,0.00420928,0,0.46
2024-10-20 12:00:00,BTCUSDT,4h,2,down,0.49618566,0.46,0.036185652,0,0.46
2024-10-20 16:00:00,BTCUSDT,4h,2,up,0.5285223,0.46,0.068522304,0,0.46
2024-10-20 20:00:00,BTCUSDT,4h,2,down,0.5013357,0.46,0.041335672,0,0.46
2024-10-21 00:00:00,BTCUSDT,4h,2,down,0.47539428,0.46,0.01539427,0,0.46
2024-10-21 04:00:00,BTCUSDT,4h,1,down,0.5985356,0.46,0.13853559,1,0.5985356
2024-10-21 08:00:00,BTCUSDT,4h,1,down,0.61189675,0.46,0.15189674,1,0.61189675
2024-10-21 12:00:00,BTCUSDT,4h,2,up,0.46274483,0.46,0.0027448237,0,0.46
2024-10-21 16:00:00,BTCUSDT,4h,2,down,0.4718133,0.46,0.011813283,0,0.46
2024-10-21 20:00:00,BTCUSDT,4h,1,up,0.6515149,0.46,0.19151488,1,0.6515149
2024-10-22 00:00:00,BTCUSDT,4h,2,up,0.48205027,0.46,0.022050261,0,0.46
2024-10-22 04:00:00,BTCUSDT,4h,1,down,0.62738895,0.46,0.16738895,1,0.62738895
2024-10-22 08:00:00,BTCUSDT,4h,1,down,0.5692632,0.46,0.10926321,1,0.5692632
2024-10-22 12:00:00,BTCUSDT,4h,2,up,0.4789464,0.46,0.01894638,0,0.46
2024-10-22 16:00:00,BTCUSDT,4h,2,down,0.4599184,0.46,8.159876e-05,0,0.46
2024-10-22 20:00:00,BTCUSDT,4h,1,down,0.5756561,0.46,0.11565611,1,0.5756561
2024-10-23 00:00:00,BTCUSDT,4h,1,down,0.58303386,0.46,0.12303385,1,0.58303386
2024-10-23 04:00:00,BTCUSDT,4h,1,down,0.62231874,0.46,0.16231874,1,0.62231874
2024-10-23 08:00:00,BTCUSDT,4h,1,down,0.5788884,0.46,0.11888841,1,0.5788884
2024-10-23 12:00:00,BTCUSDT,4h,1,up,0.5944623,0.46,0.13446227,1,0.5944623
2024-10-23 16:00:00,BTCUSDT,4h,2,up,0.42575586,0.46,0.03424415,0,0.46
2024-10-23 20:00:00,BTCUSDT,4h,2,up,0.5009122,0.46,0.04091218,0,0.46
2024-10-24 00:00:00,BTCUSDT,4h,2,down,0.48469833,0.46,0.024698317,0,0.46
2024-10-24 04:00:00,BTCUSDT,4h,1,up,0.5527518,0.46,0.09275177,1,0.5527518
2024-10-24 08:00:00,BTCUSDT,4h,2,up,0.4330561,0.46,0.026943922,0,0.46
2024-10-24 12:00:00,BTCUSDT,4h,2,up,0.459721,0.46,0.00027900934,0,0.46
2024-10-24 16:00:00,BTCUSDT,4h,2,down,0.44554418,0.46,0.014455825,0,0.46
2024-10-24 20:00:00,BTCUSDT,4h,1,down,0.54559815,0.46,0.08559814,1,0.54559815
2024-10-25 00:00:00,BTCUSDT,4h,2,down,0.50480074,0.46,0.04480073,0,0.46
2024-10-25 04:00:00,BTCUSDT,4h,1,up,0.5576441,0.46,0.09764412,1,0.5576441
2024-10-25 08:00:00,BTCUSDT,4h,2,down,0.4227082,0.46,0.037291795,0,0.46
2024-10-25 12:00:00,BTCUSDT,4h,1,down,0.5565113,0.46,0.096511275,1,0.5565113
2024-10-25 16:00:00,BTCUSDT,4h,2,down,0.49474692,0.46,0.034746915,0,0.46
2024-10-25 20:00:00,BTCUSDT,4h,1,up,0.53501755,0.46,0.07501754,1,0.53501755
2024-10-26 00:00:00,BTCUSDT,4h,2,up,0.44523144,0.46,0.014768571,0,0.46
2024-10-26 04:00:00,BTCUSDT,4h,2,up,0.5064324,0.46,0.046432406,0,0.46
2024-10-26 08:00:00,BTCUSDT,4h,2,down,0.4699711,0.46,0.009971082,0,0.46
2024-10-26 12:00:00,BTCUSDT,4h,1,up,0.5968209,0.46,0.13682088,1,0.5968209
2024-10-26 16:00:00,BTCUSDT,4h,2,down,0.46260923,0.46,0.0026092231,0,0.46
2024-10-26 20:00:00,BTCUSDT,4h,1,up,0.6057384,0.46,0.1457384,1,0.6057384
2024-10-27 00:00:00,BTCUSDT,4h,2,down,0.44925192,0.46,0.010748088,0,0.46
2024-10-27 04:00:00,BTCUSDT,4h,2,down,0.50756514,0.46,0.047565132,0,0.46
2024-10-27 08:00:00,BTCUSDT,4h,2,up,0.48220912,0.46,0.022209108,0,0.46
2024-10-27 12:00:00,BTCUSDT,4h,2,up,0.45134228,0.46,0.008657724,0,0.46
2024-10-27 16:00:00,BTCUSDT,4h,2,up,0.40180027,0.46,0.058199733,0,0.46
2024-10-27 20:00:00,BTCUSDT,4h,2,down,0.44224074,0.46,0.017759264,0,0.46
2024-10-28 00:00:00,BTCUSDT,4h,1,up,0.5498445,0.46,0.089844495,1,0.5498445
2024-10-28 04:00:00,BTCUSDT,4h,2,up,0.48528367,0.46,0.025283664,0,0.46
2024-10-28 08:00:00,BTCUSDT,4h,2,down,0.41596466,0.46,0.044035345,0,0.46
2024-10-28 12:00:00,BTCUSDT,4h,2,up,0.5266727,0.46,0.06667271,0,0.46
2024-10-28 16:00:00,BTCUSDT,4h,2,up,0.49475285,0.46,0.034752846,0,0.46
2024-10-28 20:00:00,BTCUSDT,4h,2,up,0.47368944,0.46,0.013689429,0,0.46
2024-10-29 00:00:00,BTCUSDT,4h,2,up,0.48551917,0.46,0.025519162,0,0.46
2024-10-29 04:00:00,BTCUSDT,4h,2,up,0.5285484,0.46,0.06854841,0,0.46
2024-10-29 08:00:00,BTCUSDT,4h,0,up,0.37073234,0.46,0.08926767,1,0.37073234
2024-10-29 12:00:00,BTCUSDT,4h,2,up,0.43235692,0.46,0.027643085,0,0.46
2024-10-29 16:00:00,BTCUSDT,4h,2,up,0.52364814,0.46,0.063648134,0,0.46
2024-10-29 20:00:00,BTCUSDT,4h,0,down,0.34383103,0.46,0.116168976,1,0.34383103
2024-10-30 00:00:00,BTCUSDT,4h,1,down,0.59276915,0.46,0.13276914,1,0.59276915
2024-10-30 04:00:00,BTCUSDT,4h,1,down,0.60632604,0.46,0.14632604,1,0.60632604
2024-10-30 08:00:00,BTCUSDT,4h,1,up,0.6746942,0.46,0.21469417,1,0.6746942
2024-10-30 12:00:00,BTCUSDT,4h,2,down,0.4525662,0.46,0.007433802,0,0.46
2024-10-30 16:00:00,BTCUSDT,4h,1,up,0.6321398,0.46,0.1721398,1,0.6321398
2024-10-30 20:00:00,BTCUSDT,4h,2,up,0.4413898,0.46,0.01861021,0,0.46
2024-10-31 00:00:00,BTCUSDT,4h,0,up,0.38001075,0.46,0.079989254,1,0.38001075
2024-10-31 04:00:00,BTCUSDT,4h,0,down,0.38199168,0.46,0.078008324,1,0.38199168
2024-10-31 08:00:00,BTCUSDT,4h,1,down,0.654928,0.46,0.19492802,1,0.654928
2024-10-31 12:00:00,BTCUSDT,4h,2,down,0.48125175,0.46,0.021251738,0,0.46
2024-10-31 16:00:00,BTCUSDT,4h,1,up,0.6571096,0.46,0.19710961,1,0.6571096
2024-10-31 20:00:00,BTCUSDT,4h,2,down,0.4994351,0.46,0.03943509,0,0.46
2024-11-01 00:00:00,BTCUSDT,4h,1,down,0.62972283,0.46,0.16972283,1,0.62972283
2024-11-01 04:00:00,BTCUSDT,4h,1,up,0.60638463,0.46,0.14638463,1,0.60638463
2024-11-01 08:00:00,BTCUSDT,4h,2,down,0.45192143,0.46,0.008078575,0,0.46
2024-11-01 12:00:00,BTCUSDT,4h,2,down,0.5049939,0.46,0.044993907,0,0.46
2024-11-01 16:00:00,BTCUSDT,4h,1,up,0.59257704,0.46,0.13257703,1,0.59257704
2024-11-01 20:00:00,BTCUSDT,4h,1,up,0.55384475,0.46,0.09384474,1,0.55384475
2024-11-02 00:00:00,BTCUSDT,4h,1,up,0.55636406,0.46,0.09636405,1,0.55636406
2024-11-02 04:00:00,BTCUSDT,4h,2,down,0.41189277,0.46,0.048107237,0,0.46
2024-11-02 08:00:00,BTCUSDT,4h,2,down,0.5228526,0.46,0.06285259,0,0.46
2024-11-02 12:00:00,BTCUSDT,4h,2,up,0.5015484,0.46,0.0415484,0,0.46
2024-11-02 16:00:00,BTCUSDT,4h,2,down,0.4613805,0.46,0.0013805032,0,0.46
2024-11-02 20:00:00,BTCUSDT,4h,1,down,0.5353043,0.46,0.0753043,1,0.5353043
2024-11-03 00:00:00,BTCUSDT,4h,1,up,0.5604388,0.46,0.1004388,1,0.5604388
2024-11-03 04:00:00,BTCUSDT,4h,1,down,0.55678326,0.46,0.09678325,1,0.55678326
2024-11-03 08:00:00,BTCUSDT,4h,1,down,0.5898482,0.46,0.12984821,1,0.5898482
2024-11-03 12:00:00,BTCUSDT,4h,2,up,0.48052636,0.46,0.02052635,0,0.46
2024-11-03 16:00:00,BTCUSDT,4h,2,up,0.4350021,0.46,0.02499792,0,0.46
2024-11-03 20:00:00,BTCUSDT,4h,2,up,0.51822585,0.46,0.05822584,0,0.46
2024-11-04 00:00:00,BTCUSDT,4h,2,down,0.44990152,0.46,0.010098487,0,0.46
2024-11-04 04:00:00,BTCUSDT,4h,1,up,0.5909225,0.46,0.13092247,1,0.5909225
2024-11-04 08:00:00,BTCUSDT,4h,2,down,0.4895268,0.46,0.0295268,0,0.46
2024-11-04 12:00:00,BTCUSDT,4h,1,down,0.5530531,0.46,0.09305307,1,0.5530531
2024-11-04 16:00:00,BTCUSDT,4h,1,down,0.57234895,0.46,0.112348944,1,0.57234895
2024-11-04 20:00:00,BTCUSDT,4h,2,up,0.45331502,0.46,0.0066849887,0,0.46
2024-11-05 00:00:00,BTCUSDT,4h,2,up,0.4529036,0.46,0.00709641,0,0.46
2024-11-05 04:00:00,BTCUSDT,4h,2,down,0.42030093,0.46,0.039699078,0,0.46
2024-11-05 08:00:00,BTCUSDT,4h,2,up,0.44881004,0.46,0.011189967,0,0.46
2024-11-05 12:00:00,BTCUSDT,4h,1,down,0.5388347,0.46,0.07883468,1,0.5388347
2024-11-05 16:00:00,BTCUSDT,4h,1,up,0.5389606,0.46,0.07896057,1,0.5389606
2024-11-05 20:00:00,BTCUSDT,4h,2,up,0.46723697,0.46,0.0072369576,0,0.46
2024-11-06 00:00:00,BTCUSDT,4h,2,down,0.49567574,0.46,0.035675734,0,0.46
2024-11-06 04:00:00,BTCUSDT,4h,1,up,0.6150057,0.46,0.15500566,1,0.6150057
2024-11-06 08:00:00,BTCUSDT,4h,0,up,0.3747555,0.46,0.08524451,1,0.3747555
2024-11-06 12:00:00,BTCUSDT,4h,2,up,0.40701517,0.46,0.052984834,0,0.46
2024-11-06 16:00:00,BTCUSDT,4h,2,down,0.40476426,0.46,0.055235744,0,0.46
2024-11-06 20:00:00,BTCUSDT,4h,1,down,0.6020287,0.46,0.14202872,1,0.6020287
2024-11-07 00:00:00,BTCUSDT,4h,1,down,0.6199657,0.46,0.15996566,1,0.6199657
2024-11-07 04:00:00,BTCUSDT,4h,2,down,0.48970184,0.46,0.029701829,0,0.46
2024-11-07 08:00:00,BTCUSDT,4h,1,up,0.6487166,0.46,0.18871662,1,0.6487166
2024-11-07 12:00:00,BTCUSDT,4h,0,up,0.38318676,0.46,0.07681325,1,0.38318676
2024-11-07 16:00:00,BTCUSDT,4h,0,down,0.38814598,0.46,0.071854025,1,0.38814598
2024-11-07 20:00:00,BTCUSDT,4h,1,up,0.55742157,0.46,0.09742156,1,0.55742157
2024-11-08 00:00:00,BTCUSDT,4h,1,up,0.531937,0.46,0.071936995,1,0.531937
2024-11-08 04:00:00,BTCUSDT,4h,2,down,0.43243903,0.46,0.02756098,0,0.46
2024-11-08 08:00:00,BTCUSDT,4h,1,up,0.5521865,0.46,0.09218648,1,0.5521865
2024-11-08 12:00:00,BTCUSDT,4h,2,up,0.42330363,0.46,0.036696374,0,0.46
2024-11-08 16:00:00,BTCUSDT,4h,0,down,0.37233698,0.46,0.087663025,1,0.37233698
2024-11-08 20:00:00,BTCUSDT,4h,1,down,0.55831337,0.46,0.09831336,1,0.55831337
2024-11-09 00:00:00,BTCUSDT,4h,1,up,0.5587996,0.46,0.098799616,1,0.5587996
2024-11-09 04:00:00,BTCUSDT,4h,2,down,0.491568,0.46,0.03156799,0,0.46
2024-11-09 08:00:00,BTCUSDT,4h,2,down,0.4918973,0.46,0.031897306,0,0.46
2024-11-09 12:00:00,BTCUSDT,4h,1,down,0.60752666,0.46,0.14752665,1,0.60752666
2024-11-09 16:00:00,BTCUSDT,4h,2,up,0.5225572,0.46,0.06255719,0,0.46
2024-11-09 20:00:00,BTCUSDT,4h,2,up,0.43570355,0.46,0.024296463,0,0.46
2024-11-10 00:00:00,BTCUSDT,4h,2,up,0.45831463,0.46,0.0016853809,0,0.46
2024-11-10 04:00:00,BTCUSDT,4h,2,up,0.51351863,0.46,0.053518623,0,0.46
2024-11-10 08:00:00,BTCUSDT,4h,2,down,0.42795113,0.46,0.03204888,0,0.46
2024-11-10 12:00:00,BTCUSDT,4h,2,up,0.495956,0.46,0.035955995,0,0.46
2024-11-10 16:00:00,BTCUSDT,4h,2,up,0.5042067,0.46,0.04420671,0,0.46
2024-11-10 20:00:00,BTCUSDT,4h,2,up,0.42753118,0.46,0.032468826,0,0.46
2024-11-11 00:00:00,BTCUSDT,4h,0,down,0.3572483,0.46,0.1027517,1,0.3572483
2024-11-11 04:00:00,BTCUSDT,4h,2,up,0.42404658,0.46,0.035953432,0,0.46
2024-11-11 08:00:00,BTCUSDT,4h,2,up,0.41195127,0.46,0.048048735,0,0.46
2024-11-11 12:00:00,BTCUSDT,4h,2,up,0.45256048,0.46,0.007439524,0,0.46
2024-11-11 16:00:00,BTCUSDT,4h,2,up,0.45805168,0.46,0.0019483268,0,0.46
2024-11-11 20:00:00,BTCUSDT,4h,2,down,0.49588805,0.46,0.035888046,0,0.46
2024-11-12 00:00:00,BTCUSDT,4h,2,up,0.5166867,0.46,0.05668667,0,0.46
2024-11-12 04:00:00,BTCUSDT,4h,2,down,0.4444876,0.46,0.015512407,0,0.46
2024-11-12 08:00:00,BTCUSDT,4h,1,down,0.58337253,0.46,0.123372525,1,0.58337253
2024-11-12 12:00:00,BTCUSDT,4h,1,up,0.56362414,0.46,0.103624135,1,0.56362414
2024-11-12 16:00:00,BTCUSDT,4h,2,down,0.46403733,0.46,0.0040373206,0,0.46
2024-11-12 20:00:00,BTCUSDT,4h,1,down,0.59509176,0.46,0.13509175,1,0.59509176
2024-11-13 00:00:00,BTCUSDT,4h,1,up,0.62546057,0.46,0.16546056,1,0.62546057
2024-11-13 04:00:00,BTCUSDT,4h,2,up,0.4979483,0.46,0.03794828,0,0.46
2024-11-13 08:00:00,BTCUSDT,4h,2,up,0.5287553,0.46,0.0687553,0,0.46
2024-11-13 12:00:00,BTCUSDT,4h,2,down,0.47186324,0.46,0.011863232,0,0.46
2024-11-13 16:00:00,BTCUSDT,4h,1,up,0.5766153,0.46,0.116615266,1,0.5766153
2024-11-13 20:00:00,BTCUSDT,4h,2,down,0.4304114,0.46,0.02958861,0,0.46
2024-11-14 00:00:00,BTCUSDT,4h,1,up,0.5626206,0.46,0.10262057,1,0.5626206
2024-11-14 04:00:00,BTCUSDT,4h,0,up,0.37481076,0.46,0.08518925,1,0.37481076
2024-11-14 08:00:00,BTCUSDT,4h,0,down,0.38376012,0.46,0.076239884,1,0.38376012
2024-11-14 12:00:00,BTCUSDT,4h,1,up,0.65488285,0.46,0.19488284,1,0.65488285
2024-11-14 16:00:00,BTCUSDT,4h,2,down,0.47533283,0.46,0.015332818,0,0.46
2024-11-14 20:00:00,BTCUSDT,4h,1,up,0.6276794,0.46,0.1676794,1,0.6276794
2024-11-15 00:00:00,BTCUSDT,4h,2,down,0.46275142,0.46,0.00275141,0,0.46
2024-11-15 04:00:00,BTCUSDT,4h,1,up,0.6052083,0.46,0.14520827,1,0.6052083
2024-11-15 08:00:00,BTCUSDT,4h,2,down,0.48910257,0.46,0.029102564,0,0.46
2024-11-15 12:00:00,BTCUSDT,4h,1,up,0.5859706,0.46,0.12597057,1,0.5859706
2024-11-15 16:00:00,BTCUSDT,4h,2,up,0.4301715,0.46,0.029828519,0,0.46
2024-11-15 20:00:00,BTCUSDT,4h,2,up,0.4583687,0.46,0.0016313195,0,0.46
2024-11-16 00:00:00,BTCUSDT,4h,2,down,0.4465291,0.46,0.013470918,0,0.46
2024-11-16 04:00:00,BTCUSDT,4h,1,up,0.5725934,0.46,0.11259338,1,0.5725934
2024-11-16 08:00:00,BTCUSDT,4h,2,down,0.5029255,0.46,0.042925507,0,0.46
2024-11-16 12:00:00,BTCUSDT,4h,1,up,0.56054986,0.46,0.10054985,1,0.56054986
2024-11-16 16:00:00,BTCUSDT,4h,2,down,0.43509206,0.46,0.024907947,0,0.46
2024-11-16 20:00:00,BTCUSDT,4h,1,down,0.603261,0.46,0.14326099,1,0.603261
2024-11-17 00:00:00,BTCUSDT,4h,2,up,0.48122323,0.46,0.021223217,0,0.46
2024-11-17 04:00:00,BTCUSDT,4h,1,up,0.5648201,0.46,0.1048201,1,0.5648201
2024-11-17 08:00:00,BTCUSDT,4h,1,down,0.5343793,0.46,0.074379295,1,0.5343793
2024-11-17 12:00:00,BTCUSDT,4h,1,down,0.55731916,0.46,0.097319156,1,0.55731916
2024-11-17 16:00:00,BTCUSDT,4h,1,down,0.5634879,0.46,0.10348788,1,0.5634879
2024-11-17 20:00:00,BTCUSDT,4h,2,up,0.5183833,0.46,0.058383316,0,0.46
2024-11-18 00:00:00,BTCUSDT,4h,2,up,0.48835286,0.46,0.028352857,0,0.46
2024-11-18 04:00:00,BTCUSDT,4h,2,down,0.51977617,0.46,0.059776157,0,0.46
2024-11-18 08:00:00,BTCUSDT,4h,1,up,0.55505186,0.46,0.095051855,1,0.55505186
2024-11-18 12:00:00,BTCUSDT,4h,2,down,0.4271932,0.46,0.032806814,0,0.46
2024-11-18 16:00:00,BTCUSDT,4h,1,down,0.606004,0.46,0.14600399,1,0.606004
2024-11-18 20:00:00,BTCUSDT,4h,1,up,0.56134325,0.46,0.101343244,1,0.56134325
2024-11-19 00:00:00,BTCUSDT,4h,2,up,0.49314255,0.46,0.033142537,0,0.46
2024-11-19 04:00:00,BTCUSDT,4h,2,up,0.4799066,0.46,0.01990658,0,0.46
2024-11-19 08:00:00,BTCUSDT,4h,2,up,0.49245435,0.46,0.03245434,0,0.46
2024-11-19 12:00:00,BTCUSDT,4h,2,up,0.4241228,0.46,0.035877198,0,0.46
2024-11-19 16:00:00,BTCUSDT,4h,2,down,0.43084043,0.46,0.029159576,0,0.46
2024-11-19 20:00:00,BTCUSDT,4h,2,down,0.41721016,0.46,0.042789847,0,0.46
2024-11-20 00:00:00,BTCUSDT,4h,2,up,0.4550879,0.46,0.004912108,0,0.46
2024-11-20 04:00:00,BTCUSDT,4h,2,up,0.41176847,0.46,0.048231542,0,0.46
2024-11-20 08:00:00,BTCUSDT,4h,2,up,0.4112891,0.46,0.048710912,0,0.46
2024-11-20 12:00:00,BTCUSDT,4h,2,down,0.4930503,0.46,0.0330503,0,0.46
2024-11-20 16:00:00,BTCUSDT,4h,2,up,0.40878618,0.46,0.05121383,0,0.46
2024-11-20 20:00:00,BTCUSDT,4h,2,up,0.40618044,0.46,0.053819567,0,0.46
2024-11-21 00:00:00,BTCUSDT,4h,2,up,0.4252596,0.46,0.03474042,0,0.46
2024-11-21 04:00:00,BTCUSDT,4h,2,up,0.4844042,0.46,0.024404198,0,0.46
2024-11-21 08:00:00,BTCUSDT,4h,2,down,0.41208208,0.46,0.047917932,0,0.46
2024-11-21 12:00:00,BTCUSDT,4h,2,up,0.49541754,0.46,0.035417527,0,0.46
2024-11-21 16:00:00,BTCUSDT,4h,2,up,0.47226012,0.46,0.012260109,0,0.46
2024-11-21 20:00:00,BTCUSDT,4h,0,up,0.36153272,0.46,0.09846729,1,0.36153272
2024-11-22 00:00:00,BTCUSDT,4h,0,up,0.37087667,0.46,0.08912334,1,0.37087667
2024-11-22 04:00:00,BTCUSDT,4h,0,down,0.37185255,0.46,0.08814746,1,0.37185255
2024-11-22 08:00:00,BTCUSDT,4h,0,down,0.38854173,0.46,0.07145828,1,0.38854173
2024-11-22 12:00:00,BTCUSDT,4h,2,up,0.437376,0.46,0.022624016,0,0.46
2024-11-22 16:00:00,BTCUSDT,4h,2,down,0.42353228,0.46,0.03646773,0,0.46
2024-11-22 20:00:00,BTCUSDT,4h,2,down,0.51958156,0.46,0.059581548,0,0.46
2024-11-23 00:00:00,BTCUSDT,4h,2,down,0.44837028,0.46,0.01162973,0,0.46
2024-11-23 04:00:00,BTCUSDT,4h,2,down,0.51690936,0.46,0.056909353,0,0.46
2024-11-23 08:00:00,BTCUSDT,4h,1,down,0.5466563,0.46,0.0866563,1,0.5466563
2024-11-23 12:00:00,BTCUSDT,4h,1,down,0.6173487,0.46,0.15734866,1,0.6173487
2024-11-23 16:00:00,BTCUSDT,4h,1,up,0.6377005,0.46,0.17770049,1,0.6377005
2024-11-23 20:00:00,BTCUSDT,4h,1,up,0.58360624,0.46,0.123606235,1,0.58360624
2024-11-24 00:00:00,BTCUSDT,4h,2,up,0.5282668,0.46,0.06826678,0,0.46
2024-11-24 04:00:00,BTCUSDT,4h,2,down,0.4531087,0.46,0.00689131,0,0.46
2024-11-24 08:00:00,BTCUSDT,4h,1,down,0.6224184,0.46,0.1624184,1,0.6224184
2024-11-24 12:00:00,BTCUSDT,4h,1,up,0.5817344,0.46,0.12173441,1,0.5817344
2024-11-24 16:00:00,BTCUSDT,4h,1,up,0.5837162,0.46,0.123716205,1,0.5837162
2024-11-24 20:00:00,BTCUSDT,4h,2,down,0.4680261,0.46,0.008026093,0,0.46
2024-11-25 00:00:00,BTCUSDT,4h,0,up,0.38906115,0.46,0.070938855,1,0.38906115
2024-11-25 04:00:00,BTCUSDT,4h,2,up,0.4387221,0.46,0.021277905,0,0.46
2024-11-25 08:00:00,BTCUSDT,4h,2,down,0.51387763,0.46,0.053877622,0,0.46
2024-11-25 12:00:00,BTCUSDT,4h,2,down,0.5106303,0.46,0.0506303,0,0.46
2024-11-25 16:00:00,BTCUSDT,4h,1,down,0.5810447,0.46,0.121044666,1,0.5810447
2024-11-25 20:00:00,BTCUSDT,4h,1,up,0.58876145,0.46,0.12876144,1,0.58876145
2024-11-26 00:00:00,BTCUSDT,4h,2,down,0.4235102,0.46,0.036489815,0,0.46
2024-11-26 04:00:00,BTCUSDT,4h,1,down,0.6127159,0.46,0.15271589,1,0.6127159
2024-11-26 08:00:00,BTCUSDT,4h,2,up,0.4803573,0.46,0.020357281,0,0.46
2024-11-26 12:00:00,BTCUSDT,4h,2,down,0.479487,0.46,0.019486994,0,0.46
2024-11-26 16:00:00,BTCUSDT,4h,1,up,0.66557306,0.46,0.20557305,1,0.66557306
2024-11-26 20:00:00,BTCUSDT,4h,2,up,0.42264453,0.46,0.037355483,0,0.46
2024-11-27 00:00:00,BTCUSDT,4h,2,up,0.46267393,0.46,0.002673924,0,0.46
2024-11-27 04:00:00,BTCUSDT,4h,0,down,0.38326618,0.46,0.07673383,1,0.38326618
2024-11-27 08:00:00,BTCUSDT,4h,2,up,0.5235456,0.46,0.063545614,0,0.46
2024-11-27 12:00:00,BTCUSDT,4h,2,up,0.47109544,0.46,0.011095434,0,0.46
2024-11-27 16:00:00,BTCUSDT,4h,2,down,0.40972108,0.46,0.05027893,0,0.46
2024-11-27 20:00:00,BTCUSDT,4h,1,down,0.60524017,0.46,0.14524016,1,0.60524017
2024-11-28 00:00:00,BTCUSDT,4h,2,down,0.47417945,0.46,0.014179438,0,0.46
2024-11-28 04:00:00,BTCUSDT,4h,1,up,0.5404295,0.46,0.080429465,1,0.5404295
2024-11-28 08:00:00,BTCUSDT,4h,2,down,0.41560212,0.46,0.04439789,0,0.46
2024-11-28 12:00:00,BTCUSDT,4h,1,up,0.5785885,0.46,0.11858848,1,0.5785885
2024-11-28 16:00:00,BTCUSDT,4h,1,up,0.5381774,0.46,0.07817736,1,0.5381774
2024-11-28 20:00:00,BTCUSDT,4h,2,up,0.41847348,0.46,0.041526526,0,0.46
2024-11-29 00:00:00,BTCUSDT,4h,2,down,0.43136507,0.46,0.028634936,0,0.46
2024-11-29 04:00:00,BTCUSDT,4h,1,up,0.56968594,0.46,0.10968593,1,0.56968594
2024-11-29 08:00:00,BTCUSDT,4h,0,up,0.377946,0.46,0.08205402,1,0.377946
2024-11-29 12:00:00,BTCUSDT,4h,2,down,0.40176594,0.46,0.058234066,0,0.46
2024-11-29 16:00:00,BTCUSDT,4h,2,up,0.48253635,0.46,0.022536337,0,0.46
2024-11-29 20:00:00,BTCUSDT,4h,0,down,0.3375298,0.46,0.1224702,1,0.3375298
2024-11-30 00:00:00,BTCUSDT,4h,1,up,0.53311294,0.46,0.073112935,1,0.53311294
2024-11-30 04:00:00,BTCUSDT,4h,2,down,0.5219649,0.46,0.0619649,0,0.46
2024-11-30 08:00:00,BTCUSDT,4h,1,up,0.609205,0.46,0.149205,1,0.609205
2024-11-30 12:00:00,BTCUSDT,4h,2,up,0.43488577,0.46,0.025114238,0,0.46
2024-11-30 16:00:00,BTCUSDT,4h,2,down,0.41526,0.46,0.04474002,0,0.46
2024-11-30 20:00:00,BTCUSDT,4h,1,down,0.540284,0.46,0.08028397,1,0.540284
2024-12-01 00:00:00,BTCUSDT,4h,2,up,0.42617276,0.46,0.033827245,0,0.46
2024-12-01 04:00:00,BTCUSDT,4h,2,up,0.5113828,0.46,0.05138281,0,0.46
2024-12-01 08:00:00,BTCUSDT,4h,2,down,0.44532168,0.46,0.014678329,0,0.46
2024-12-01 12:00:00,BTCUSDT,4h,2,up,0.47333017,0.46,0.013330162,0,0.46
2024-12-01 16:00:00,BTCUSDT,4h,2,up,0.4936938,0.46,0.03369379,0,0.46
2024-12-01 20:00:00,BTCUSDT,4h,2,down,0.5085332,0.46,0.04853317,0,0.46
2024-12-02 00:00:00,BTCUSDT,4h,1,down,0.57128036,0.46,0.11128035,1,0.57128036
2024-12-02 04:00:00,BTCUSDT,4h,1,down,0.5724718,0.46,0.11247179,1,0.5724718
2024-12-02 08:00:00,BTCUSDT,4h,1,up,0.54178864,0.46,0.08178863,1,0.54178864
2024-12-02 12:00:00,BTCUSDT,4h,2,down,0.45400482,0.46,0.005995184,0,0.46
2024-12-02 16:00:00,BTCUSDT,4h,1,up,0.5470445,0.46,0.08704451,1,0.5470445
2024-12-02 20:00:00,BTCUSDT,4h,2,up,0.42133626,0.46,0.038663745,0,0.46
2024-12-03 00:00:00,BTCUSDT,4h,2,down,0.4735567,0.46,0.013556689,0,0.46
2024-12-03 04:00:00,BTCUSDT,4h,1,down,0.59279895,0.46,0.13279894,1,0.59279895
2024-12-03 08:00:00,BTCUSDT,4h,1,up,0.61267316,0.46,0.15267316,1,0.61267316
2024-12-03 12:00:00,BTCUSDT,4h,2,down,0.49194577,0.46,0.031945765,0,0.46
2024-12-03 16:00:00,BTCUSDT,4h,2,up,0.5225859,0.46,0.06258592,0,0.46
2024-12-03 20:00:00,BTCUSDT,4h,2,down,0.4387797,0.46,0.021220297,0,0.46
2024-12-04 00:00:00,BTCUSDT,4h,2,up,0.50729656,0.46,0.047296554,0,0.46
2024-12-04 04:00:00,BTCUSDT,4h,2,down,0.41020778,0.46,0.04979223,0,0.46
2024-12-04 08:00:00,BTCUSDT,4h,1,down,0.55283713,0.46,0.092837125,1,0.55283713
2024-12-04 12:00:00,BTCUSDT,4h,1,up,0.5626718,0.46,0.10267177,1,0.5626718
2024-12-04 16:00:00,BTCUSDT,4h,2,up,0.49762145,0.46,0.03762144,0,0.46
2024-12-04 20:00:00,BTCUSDT,4h,2,up,0.4947622,0.46,0.034762204,0,0.46
2024-12-05 00:00:00,BTCUSDT,4h,2,down,0.4592801,0.46,0.0007199049,0,0.46
2024-12-05 04:00:00,BTCUSDT,4h,1,up,0.5585623,0.46,0.09856227,1,0.5585623
2024-12-05 08:00:00,BTCUSDT,4h,1,down,0.60139275,0.46,0.14139274,1,0.60139275
2024-12-05 12:00:00,BTCUSDT,4h,1,down,0.6342484,0.46,0.17424837,1,0.6342484
2024-12-05 16:00:00,BTCUSDT,4h,1,down,0.65303063,0.46,0.19303063,1,0.65303063
2024-12-05 20:00:00,BTCUSDT,4h,2,up,0.46257842,0.46,0.0025784075,0,0.46
2024-12-06 00:00:00,BTCUSDT,4h,1,up,0.5334798,0.46,0.0734798,1,0.5334798
2024-12-06 04:00:00,BTCUSDT,4h,2,down,0.44178843,0.46,0.018211573,0,0.46
2024-12-06 08:00:00,BTCUSDT,4h,1,up,0.5682934,0.46,0.108293384,1,0.5682934
2024-12-06 12:00:00,BTCUSDT,4h,2,up,0.43478203,0.46,0.02521798,0,0.46
2024-12-06 16:00:00,BTCUSDT,4h,2,down,0.39017668,0.46,0.069823325,0,0.46
2024-12-06 20:00:00,BTCUSDT,4h,2,down,0.52850735,0.46,0.06850734,0,0.46
2024-12-07 00:00:00,BTCUSDT,4h,1,up,0.5715868,0.46,0.11158678,1,0.5715868
2024-12-07 04:00:00,BTCUSDT,4h,2,up,0.4602822,0.46,0.0002821982,0,0.46
2024-12-07 08:00:00,BTCUSDT,4h,2,up,0.4733469,0.46,0.013346881,0,0.46
2024-12-07 12:00:00,BTCUSDT,4h,0,up,0.38091987,0.46,0.079080135,1,0.38091987
2024-12-07 16:00:00,BTCUSDT,4h,2,down,0.41404304,0.46,0.04595697,0,0.46
2024-12-07 20:00:00,BTCUSDT,4h,2,up,0.51981384,0.46,0.059813827,0,0.46
2024-12-08 00:00:00,BTCUSDT,4h,2,down,0.4754136,0.46,0.015413582,0,0.46
2024-12-08 04:00:00,BTCUSDT,4h,2,up,0.49758756,0.46,0.037587553,0,0.46
2024-12-08 08:00:00,BTCUSDT,4h,2,up,0.40867737,0.46,0.05132264,0,0.46
2024-12-08 12:00:00,BTCUSDT,4h,2,up,0.4839803,0.46,0.02398029,0,0.46
2024-12-08 16:00:00,BTCUSDT,4h,2,up,0.40921947,0.46,0.050780535,0,0.46
2024-12-08 20:00:00,BTCUSDT,4h,2,down,0.43701947,0.46,0.022980541,0,0.46
2024-12-09 00:00:00,BTCUSDT,4h,1,up,0.55279154,0.46,0.09279153,1,0.55279154
2024-12-09 04:00:00,BTCUSDT,4h,2,down,0.41400218,0.46,0.04599783,0,0.46
2024-12-09 08:00:00,BTCUSDT,4h,1,down,0.6058674,0.46,0.14586738,1,0.6058674
2024-12-09 12:00:00,BTCUSDT,4h,1,down,0.58934945,0.46,0.12934944,1,0.58934945
2024-12-09 16:00:00,BTCUSDT,4h,1,up,0.58298147,0.46,0.12298146,1,0.58298147
2024-12-09 20:00:00,BTCUSDT,4h,2,down,0.50251544,0.46,0.042515427,0,0.46
2024-12-10 00:00:00,BTCUSDT,4h,1,up,0.542319,0.46,0.08231899,1,0.542319
2024-12-10 04:00:00,BTCUSDT,4h,2,up,0.4308886,0.46,0.029111415,0,0.46
2024-12-10 08:00:00,BTCUSDT,4h,2,down,0.4376284,0.46,0.02237162,0,0.46
2024-12-10 12:00:00,BTCUSDT,4h,1,up,0.54454494,0.46,0.08454493,1,0.54454494
2024-12-10 16:00:00,BTCUSDT,4h,2,up,0.49283955,0.46,0.032839537,0,0.46
2024-12-10 20:00:00,BTCUSDT,4h,1,up,0.54027283,0.46,0.08027282,1,0.54027283
2024-12-11 00:00:00,BTCUSDT,4h,0,down,0.38879657,0.46,0.07120344,1,0.38879657
2024-12-11 04:00:00,BTCUSDT,4h,1,up,0.531902,0.46,0.07190201,1,0.531902
2024-12-11 08:00:00,BTCUSDT,4h,0,up,0.38819265,0.46,0.071807355,1,0.38819265
2024-12-11 12:00:00,BTCUSDT,4h,2,up,0.48817074,0.46,0.028170735,0,0.46
2024-12-11 16:00:00,BTCUSDT,4h,0,up,0.31087524,0.46,0.14912477,1,0.31087524
2024-12-11 20:00:00,BTCUSDT,4h,2,down,0.4990627,0.46,0.03906268,0,0.46
2024-12-12 00:00:00,BTCUSDT,4h,0,down,0.34018013,0.46,0.11981988,1,0.34018013
2024-12-12 04:00:00,BTCUSDT,4h,1,down,0.59776986,0.46,0.13776985,1,0.59776986
2024-12-12 08:00:00,BTCUSDT,4h,1,up,0.5821273,0.46,0.122127265,1,0.5821273
2024-12-12 12:00:00,BTCUSDT,4h,0,down,0.3541978,0.46,0.10580221,1,0.3541978
2024-12-12 16:00:00,BTCUSDT,4h,1,up,0.61721253,0.46,0.15721253,1,0.61721253
2024-12-12 20:00:00,BTCUSDT,4h,1,down,0.578658,0.46,0.11865798,1,0.578658
2024-12-13 00:00:00,BTCUSDT,4h,1,up,0.57811767,0.46,0.11811766,1,0.57811767
2024-12-13 04:00:00,BTCUSDT,4h,2,up,0.4237498,0.46,0.036250204,0,0.46
2024-12-13 08:00:00,BTCUSDT,4h,2,down,0.48642582,0.46,0.026425809,0,0.46
2024-12-13 12:00:00,BTCUSDT,4h,1,up,0.5727899,0.46,0.1127899,1,0.5727899
2024-12-13 16:00:00,BTCUSDT,4h,2,down,0.40374964,0.46,0.056250364,0,0.46
2024-12-13 20:00:00,BTCUSDT,4h,2,up,0.47984555,0.46,0.019845545,0,0.46
2024-12-14 00:00:00,BTCUSDT,4h,0,down,0.3219232,0.46,0.13807681,1,0.3219232
2024-12-14 04:00:00,BTCUSDT,4h,2,down,0.43271497,0.46,0.02728504,0,0.46
2024-12-14 08:00:00,BTCUSDT,4h,2,up,0.43821278,0.46,0.021787226,0,0.46
2024-12-14 12:00:00,BTCUSDT,4h,0,down,0.3766349,0.46,0.08336511,1,0.3766349
2024-12-14 16:00:00,BTCUSDT,4h,2,up,0.5109849,0.46,0.05098489,0,0.46
2024-12-14 20:00:00,BTCUSDT,4h,2,up,0.39861202,0.46,0.061387986,0,0.46
2024-12-15 00:00:00,BTCUSDT,4h,2,down,0.48501286,0.46,0.02501285,0,0.46
2024-12-15 04:00:00,BTCUSDT,4h,2,up,0.5168918,0.46,0.05689177,0,0.46
2024-12-15 08:00:00,BTCUSDT,4h,2,up,0.41805205,0.46,0.04194796,0,0.46
2024-12-15 12:00:00,BTCUSDT,4h,2,up,0.48124376,0.46,0.021243751,0,0.46
2024-12-15 16:00:00,BTCUSDT,4h,0,up,0.33993718,0.46,0.12006283,1,0.33993718
2024-12-15 20:00:00,BTCUSDT,4h,2,up,0.44592732,0.46,0.014072686,0,0.46
2024-12-16 00:00:00,BTCUSDT,4h,2,up,0.48504463,0.46,0.02504462,0,0.46
2024-12-16 04:00:00,BTCUSDT,4h,0,down,0.38314337,0.46,0.07685664,1,0.38314337
2024-12-16 08:00:00,BTCUSDT,4h,1,up,0.64968157,0.46,0.18968156,1,0.64968157
2024-12-16 12:00:00,BTCUSDT,4h,2,up,0.43983966,0.46,0.020160347,0,0.46
2024-12-16 16:00:00,BTCUSDT,4h,2,down,0.4257791,0.46,0.034220904,0,0.46
2024-12-16 20:00:00,BTCUSDT,4h,2,up,0.39954734,0.46,0.06045267,0,0.46
2024-12-17 00:00:00,BTCUSDT,4h,0,down,0.361014,0.46,0.098986,1,0.361014
2024-12-17 04:00:00,BTCUSDT,4h,0,up,0.35707897,0.46,0.10292104,1,0.35707897
2024-12-17 08:00:00,BTCUSDT,4h,1,down,0.5736293,0.46,0.11362931,1,0.5736293
2024-12-17 12:00:00,BTCUSDT,4h,1,down,0.5448288,0.46,0.084828764,1,0.5448288
2024-12-17 16:00:00,BTCUSDT,4h,1,down,0.57071286,0.46,0.110712856,1,0.57071286
2024-12-17 20:00:00,BTCUSDT,4h,2,down,0.4768486,0.46,0.016848594,0,0.46
2024-12-18 00:00:00,BTCUSDT,4h,1,down,0.62207854,0.46,0.16207853,1,0.62207854
2024-12-18 04:00:00,BTCUSDT,4h,2,up,0.47904158,0.46,0.019041568,0,0.46
2024-12-18 08:00:00,BTCUSDT,4h,2,down,0.44674373,0.46,0.013256282,0,0.46
2024-12-18 12:00:00,BTCUSDT,4h,1,down,0.5361591,0.46,0.07615909,1,0.5361591
2024-12-18 16:00:00,BTCUSDT,4h,1,down,0.5781224,0.46,0.11812237,1,0.5781224
2024-12-18 20:00:00,BTCUSDT,4h,1,up,0.5372623,0.46,0.07726231,1,0.5372623
2024-12-19 00:00:00,BTCUSDT,4h,2,up,0.450568,0.46,0.009432018,0,0.46
2024-12-19 04:00:00,BTCUSDT,4h,2,up,0.4877762,0.46,0.027776182,0,0.46
2024-12-19 08:00:00,BTCUSDT,4h,2,down,0.40578437,0.46,0.05421564,0,0.46
2024-12-19 12:00:00,BTCUSDT,4h,1,down,0.5754864,0.46,0.11548641,1,0.5754864
2024-12-19 16:00:00,BTCUSDT,4h,1,up,0.56873524,0.46,0.10873523,1,0.56873524
2024-12-19 20:00:00,BTCUSDT,4h,2,down,0.52450144,0.46,0.064501435,0,0.46
2024-12-20 00:00:00,BTCUSDT,4h,2,up,0.52801836,0.46,0.06801835,0,0.46
2024-12-20 04:00:00,BTCUSDT,4h,2,down,0.41510138,0.46,0.04489863,0,0.46
2024-12-20 08:00:00,BTCUSDT,4h,1,up,0.60627514,0.46,0.14627513,1,0.60627514
2024-12-20 12:00:00,BTCUSDT,4h,2,up,0.47479355,0.46,0.014793545,0,0.46
2024-12-20 16:00:00,BTCUSDT,4h,2,up,0.5061899,0.46,0.046189874,0,0.46
2024-12-20 20:00:00,BTCUSDT,4h,0,down,0.3835442,0.46,0.0764558,1,0.3835442
2024-12-21 00:00:00,BTCUSDT,4h,2,up,0.4577695,0.46,0.0022304952,0,0.46
2024-12-21 04:00:00,BTCUSDT,4h,2,down,0.4487874,0.46,0.011212617,0,0.46
2024-12-21 08:00:00,BTCUSDT,4h,1,down,0.5618604,0.46,0.101860374,1,0.5618604
2024-12-21 12:00:00,BTCUSDT,4h,2,down,0.47364226,0.46,0.0136422515,0,0.46
2024-12-21 16:00:00,BTCUSDT,4h,1,up,0.53914416,0.46,0.07914415,1,0.53914416
2024-12-21 20:00:00,BTCUSDT,4h,2,down,0.5123949,0.46,0.052394897,0,0.46
2024-12-22 00:00:00,BTCUSDT,4h,1,down,0.5741566,0.46,0.114156574,1,0.5741566
2024-12-22 04:00:00,BTCUSDT,4h,1,up,0.58144695,0.46,0.12144694,1,0.58144695
2024-12-22 08:00:00,BTCUSDT,4h,2,down,0.49349874,0.46,0.033498734,0,0.46
2024-12-22 12:00:00,BTCUSDT,4h,1,down,0.5843761,0.46,0.12437609,1,0.5843761
2024-12-22 16:00:00,BTCUSDT,4h,1,up,0.6107484,0.46,0.1507484,1,0.6107484
2024-12-22 20:00:00,BTCUSDT,4h,2,up,0.48918894,0.46,0.029188931,0,0.46
2024-12-23 00:00:00,BTCUSDT,4h,2,down,0.4167155,0.46,0.043284506,0,0.46
2024-12-23 04:00:00,BTCUSDT,4h,2,up,0.52222246,0.46,0.06222245,0,0.46
2024-12-23 08:00:00,BTCUSDT,4h,2,down,0.4647561,0.46,0.004756093,0,0.46
2024-12-23 12:00:00,BTCUSDT,4h,1,down,0.5891461,0.46,0.12914607,1,0.5891461
2024-12-23 16:00:00,BTCUSDT,4h,1,up,0.62040573,0.46,0.16040573,1,0.62040573
2024-12-23 20:00:00,BTCUSDT,4h,2,down,0.50513303,0.46,0.045133024,0,0.46
2024-12-24 00:00:00,BTCUSDT,4h,2,down,0.4385936,0.46,0.021406412,0,0.46
2024-12-24 04:00:00,BTCUSDT,4h,2,up,0.454197,0.46,0.005803019,0,0.46
2024-12-24 08:00:00,BTCUSDT,4h,2,up,0.50844544,0.46,0.048445433,0,0.46
2024-12-24 12:00:00,BTCUSDT,4h,2,down,0.44536394,0.46,0.01463607,0,0.46
2024-12-24 16:00:00,BTCUSDT,4h,1,up,0.55702823,0.46,0.097028226,1,0.55702823
2024-12-24 20:00:00,BTCUSDT,4h,0,down,0.35318926,0.46,0.10681075,1,0.35318926
2024-12-25 00:00:00,BTCUSDT,4h,1,up,0.5812365,0.46,0.12123647,1,0.5812365
2024-12-25 04:00:00,BTCUSDT,4h,2,down,0.48982617,0.46,0.029826164,0,0.46
2024-12-25 08:00:00,BTCUSDT,4h,1,up,0.57701445,0.46,0.11701444,1,0.57701445
2024-12-25 12:00:00,BTCUSDT,4h,0,up,0.3256501,0.46,0.13434991,1,0.3256501
2024-12-25 16:00:00,BTCUSDT,4h,0,up,0.31581488,0.46,0.14418513,1,0.31581488
2024-12-25 20:00:00,BTCUSDT,4h,0,down,0.3099753,0.46,0.15002471,1,0.3099753
2024-12-26 00:00:00,BTCUSDT,4h,2,down,0.46630964,0.46,0.0063096285,0,0.46
2024-12-26 04:00:00,BTCUSDT,4h,1,down,0.601153,0.46,0.14115301,1,0.601153
2024-12-26 08:00:00,BTCUSDT,4h,2,up,0.49629468,0.46,0.03629467,0,0.46
2024-12-26 12:00:00,BTCUSDT,4h,2,up,0.45084336,0.46,0.009156644,0,0.46
2024-12-26 16:00:00,BTCUSDT,4h,2,down,0.4802404,0.46,0.020240396,0,0.46
2024-12-26 20:00:00,BTCUSDT,4h,2,up,0.48384872,0.46,0.023848712,0,0.46
2024-12-27 00:00:00,BTCUSDT,4h,2,down,0.43559313,0.46,0.02440688,0,0.46
2024-12-27 04:00:00,BTCUSDT,4h,1,up,0.6046282,0.46,0.1446282,1,0.6046282
2024-12-27 08:00:00,BTCUSDT,4h,2,down,0.4360519,0.46,0.023948103,0,0.46
2024-12-27 12:00:00,BTCUSDT,4h,1,up,0.57792395,0.46,0.117923945,1,0.57792395
2024-12-27 16:00:00,BTCUSDT,4h,2,down,0.44769967,0.46,0.012300342,0,0.46
2024-12-27 20:00:00,BTCUSDT,4h,1,up,0.59820414,0.46,0.13820413,1,0.59820414
2024-12-28 00:00:00,BTCUSDT,4h,2,down,0.49550945,0.46,0.035509437,0,0.46
2024-12-28 04:00:00,BTCUSDT,4h,1,up,0.6307763,0.46,0.17077628,1,0.6307763
2024-12-28 08:00:00,BTCUSDT,4h,2,down,0.4654217,0.46,0.005421698,0,0.46
2024-12-28 12:00:00,BTCUSDT,4h,1,up,0.6150071,0.46,0.1550071,1,0.6150071
2024-12-28 16:00:00,BTCUSDT,4h,2,up,0.45735052,0.46,0.002649486,0,0.46
2024-12-28 20:00:00,BTCUSDT,4h,2,down,0.47400722,0.46,0.014007211,0,0.46
2024-12-29 00:00:00,BTCUSDT,4h,2,up,0.4044808,0.46,0.055519223,0,0.46
2024-12-29 04:00:00,BTCUSDT,4h,2,down,0.4129032,0.46,0.04709682,0,0.46
2024-12-29 08:00:00,BTCUSDT,4h,1,down,0.5856541,0.46,0.12565407,1,0.5856541
2024-12-29 12:00:00,BTCUSDT,4h,1,down,0.5509562,0.46,0.09095618,1,0.5509562
2024-12-29 16:00:00,BTCUSDT,4h,1,up,0.5947886,0.46,0.1347886,1,0.5947886
2024-12-29 20:00:00,BTCUSDT,4h,2,down,0.45765084,0.46,0.002349168,0,0.46
2024-12-30 00:00:00,BTCUSDT,4h,1,up,0.58289194,0.46,0.12289193,1,0.58289194
2024-12-30 04:00:00,BTCUSDT,4h,2,up,0.4723135,0.46,0.012313485,0,0.46
2024-12-30 08:00:00,BTCUSDT,4h,2,down,0.45583722,0.46,0.0041627884,0,0.46
2024-12-30 12:00:00,BTCUSDT,4h,2,up,0.5102424,0.46,0.050242394,0,0.46
2024-12-30 16:00:00,BTCUSDT,4h,2,down,0.512512,0.46,0.05251202,0,0.46
2024-12-30 20:00:00,BTCUSDT,4h,1,down,0.6081505,0.46,0.14815047,1,0.6081505
2024-12-31 00:00:00,BTCUSDT,4h,2,up,0.46970195,0.46,0.009701937,0,0.46
2024-12-31 04:00:00,BTCUSDT,4h,2,up,0.4445758,0.46,0.015424222,0,0.46
2024-12-31 08:00:00,BTCUSDT,4h,2,up,0.47239804,0.46,0.012398034,0,0.46
2024-12-31 12:00:00,BTCUSDT,4h,2,down,0.50029635,0.46,0.040296346,0,0.46
2024-12-31 16:00:00,BTCUSDT,4h,2,down,0.520074,0.46,0.060074,0,0.46
2024-12-31 20:00:00,BTCUSDT,4h,1,up,0.59608895,0.46,0.13608894,1,0.59608895
2025-01-01 00:00:00,BTCUSDT,4h,1,down,0.5383663,0.46,0.07836631,1,0.5383663
2025-01-01 04:00:00,BTCUSDT,4h,1,down,0.58158743,0.46,0.121587425,1,0.58158743
2025-01-01 08:00:00,BTCUSDT,4h,2,up,0.49954492,0.46,0.03954491,0,0.46
2025-01-01 12:00:00,BTCUSDT,4h,2,up,0.4364803,0.46,0.023519695,0,0.46
2025-01-01 16:00:00,BTCUSDT,4h,0,down,0.3835847,0.46,0.0764153,1,0.3835847
2025-01-01 20:00:00,BTCUSDT,4h,2,up,0.5224906,0.46,0.062490612,0,0.46
2025-01-02 00:00:00,BTCUSDT,4h,2,up,0.47394872,0.46,0.013948709,0,0.46
2025-01-02 04:00:00,BTCUSDT,4h,2,up,0.43652707,0.46,0.023472935,0,0.46
2025-01-02 08:00:00,BTCUSDT,4h,0,down,0.38680866,0.46,0.073191345,1,0.38680866
2025-01-02 12:00:00,BTCUSDT,4h,2,up,0.4587224,0.46,0.0012775958,0,0.46
2025-01-02 16:00:00,BTCUSDT,4h,2,down,0.39343983,0.46,0.06656018,0,0.46
2025-01-02 20:00:00,BTCUSDT,4h,2,up,0.4848475,0.46,0.024847478,0,0.46
2025-01-03 00:00:00,BTCUSDT,4h,0,down,0.3503141,0.46,0.1096859,1,0.3503141
2025-01-03 04:00:00,BTCUSDT,4h,1,up,0.63576686,0.46,0.17576686,1,0.63576686
2025-01-03 08:00:00,BTCUSDT,4h,2,up,0.425318,0.46,0.034682006,0,0.46
2025-01-03 12:00:00,BTCUSDT,4h,2,up,0.428087,0.46,0.031913012,0,0.46
2025-01-03 16:00:00,BTCUSDT,4h,2,down,0.41338563,0.46,0.04661438,0,0.46
2025-01-03 20:00:00,BTCUSDT,4h,1,up,0.54660946,0.46,0.08660945,1,0.54660946
2025-01-04 00:00:00,BTCUSDT,4h,0,up,0.36646065,0.46,0.09353936,1,0.36646065
2025-01-04 04:00:00,BTCUSDT,4h,2,down,0.40797198,0.46,0.05202803,0,0.46
2025-01-04 08:00:00,BTCUSDT,4h,2,down,0.46643725,0.46,0.006437242,0,0.46
2025-01-04 12:00:00,BTCUSDT,4h,1,up,0.5853819,0.46,0.12538192,1,0.5853819
2025-01-04 16:00:00,BTCUSDT,4h,2,up,0.43155423,0.46,0.02844578,0,0.46
2025-01-04 20:00:00,BTCUSDT,4h,1,down,0.5376068,0.46,0.07760677,1,0.5376068
2025-01-05 00:00:00,BTCUSDT,4h,2,up,0.4881574,0.46,0.028157383,0,0.46
2025-01-05 04:00:00,BTCUSDT,4h,1,down,0.54510033,0.46,0.08510032,1,0.54510033
2025-01-05 08:00:00,BTCUSDT,4h,1,up,0.6194804,0.46,0.15948036,1,0.6194804
2025-01-05 12:00:00,BTCUSDT,4h,2,up,0.49421304,0.46,0.034213036,0,0.46
2025-01-05 16:00:00,BTCUSDT,4h,2,up,0.45485187,0.46,0.0051481426,0,0.46
2025-01-05 20:00:00,BTCUSDT,4h,2,up,0.484754,0.46,0.024753988,0,0.46
2025-01-06 00:00:00,BTCUSDT,4h,1,up,0.53895646,0.46,0.078956455,1,0.53895646
2025-01-06 04:00:00,BTCUSDT,4h,2,down,0.4317614,0.46,0.028238595,0,0.46
2025-01-06 08:00:00,BTCUSDT,4h,0,up,0.36900416,0.46,0.09099585,1,0.36900416
2025-01-06 12:00:00,BTCUSDT,4h,2,down,0.48593274,0.46,0.02593273,0,0.46
2025-01-06 16:00:00,BTCUSDT,4h,2,up,0.46182913,0.46,0.0018291175,0,0.46
2025-01-06 20:00:00,BTCUSDT,4h,0,down,0.34225732,0.46,0.11774269,1,0.34225732
2025-01-07 00:00:00,BTCUSDT,4h,1,down,0.6277224,0.46,0.16772237,1,0.6277224
2025-01-07 04:00:00,BTCUSDT,4h,1,down,0.61049944,0.46,0.15049943,1,0.61049944
2025-01-07 08:00:00,BTCUSDT,4h,1,down,0.6387198,0.46,0.17871979,1,0.6387198
2025-01-07 12:00:00,BTCUSDT,4h,2,down,0.49670616,0.46,0.03670615,0,0.46
2025-01-07 16:00:00,BTCUSDT,4h,1,up,0.54203,0.46,0.08202997,1,0.54203
2025-01-07 20:00:00,BTCUSDT,4h,2,down,0.42692208,0.46,0.033077925,0,0.46
2025-01-08 00:00:00,BTCUSDT,4h,1,down,0.65224385,0.46,0.19224384,1,0.65224385
2025-01-08 04:00:00,BTCUSDT,4h,1,down,0.60443985,0.46,0.14443985,1,0.60443985
2025-01-08 08:00:00,BTCUSDT,4h,1,up,0.6300038,0.46,0.1700038,1,0.6300038
2025-01-08 12:00:00,BTCUSDT,4h,2,down,0.50278306,0.46,0.04278305,0,0.46
2025-01-08 16:00:00,BTCUSDT,4h,2,up,0.5046144,0.46,0.044614404,0,0.46
2025-01-08 20:00:00,BTCUSDT,4h,2,down,0.48989528,0.46,0.029895276,0,0.46
2025-01-09 00:00:00,BTCUSDT,4h,1,down,0.59401923,0.46,0.13401923,1,0.59401923
2025-01-09 04:00:00,BTCUSDT,4h,1,up,0.63485813,0.46,0.17485812,1,0.63485813
2025-01-09 08:00:00,BTCUSDT,4h,2,up,0.5145567,0.46,0.054556698,0,0.46
2025-01-09 12:00:00,BTCUSDT,4h,2,down,0.5051904,0.46,0.045190364,0,0.46
2025-01-09 16:00:00,BTCUSDT,4h,1,up,0.62869024,0.46,0.16869023,1,0.62869024
2025-01-09 20:00:00,BTCUSDT,4h,2,up,0.4519821,0.46,0.008017898,0,0.46
2025-01-10 00:00:00,BTCUSDT,4h,2,up,0.4361391,0.46,0.023860902,0,0.46
2025-01-10 04:00:00,BTCUSDT,4h,2,up,0.42763227,0.46,0.032367736,0,0.46
2025-01-10 08:00:00,BTCUSDT,4h,2,down,0.39683554,0.46,0.06316447,0,0.46
2025-01-10 12:00:00,BTCUSDT,4h,2,up,0.5181068,0.46,0.05810681,0,0.46
2025-01-10 16:00:00,BTCUSDT,4h,2,down,0.5007657,0.46,0.040765673,0,0.46
2025-01-10 20:00:00,BTCUSDT,4h,1,down,0.59878194,0.46,0.13878193,1,0.59878194
2025-01-11 00:00:00,BTCUSDT,4h,1,up,0.594064,0.46,0.13406399,1,0.594064
2025-01-11 04:00:00,BTCUSDT,4h,2,up,0.4974805,0.46,0.037480503,0,0.46
2025-01-11 08:00:00,BTCUSDT,4h,2,down,0.5022043,0.46,0.04220429,0,0.46
2025-01-11 12:00:00,BTCUSDT,4h,1,down,0.55720615,0.46,0.097206146,1,0.55720615
2025-01-11 16:00:00,BTCUSDT,4h,1,up,0.58288777,0.46,0.12288776,1,0.58288777
2025-01-11 20:00:00,BTCUSDT,4h,1,up,0.53717774,0.46,0.07717773,1,0.53717774
2025-01-12 00:00:00,BTCUSDT,4h,2,down,0.43612352,0.46,0.023876488,0,0.46
2025-01-12 04:00:00,BTCUSDT,4h,1,down,0.58511764,0.46,0.12511763,1,0.58511764
2025-01-12 08:00:00,BTCUSDT,4h,2,up,0.46504015,0.46,0.005040139,0,0.46
2025-01-12 12:00:00,BTCUSDT,4h,2,down,0.4639059,0.46,0.0039058924,0,0.46
2025-01-12 16:00:00,BTCUSDT,4h,1,down,0.5700755,0.46,0.1100755,1,0.5700755
2025-01-12 20:00:00,BTCUSDT,4h,0,down,0.38184893,0.46,0.07815108,1,0.38184893
2025-01-13 00:00:00,BTCUSDT,4h,1,down,0.5670683,0.46,0.10706827,1,0.5670683
2025-01-13 04:00:00,BTCUSDT,4h,1,down,0.62075055,0.46,0.16075054,1,0.62075055
2025-01-13 08:00:00,BTCUSDT,4h,2,up,0.5155181,0.46,0.05551812,0,0.46
2025-01-13 12:00:00,BTCUSDT,4h,2,up,0.5146622,0.46,0.054662198,0,0.46
2025-01-13 16:00:00,BTCUSDT,4h,2,up,0.48481116,0.46,0.024811149,0,0.46
2025-01-13 20:00:00,BTCUSDT,4h,2,up,0.4616903,0.46,0.0016902983,0,0.46
2025-01-14 00:00:00,BTCUSDT,4h,2,up,0.44813937,0.46,0.011860639,0,0.46
2025-01-14 04:00:00,BTCUSDT,4h,1,up,0.5603724,0.46,0.100372404,1,0.5603724
2025-01-14 08:00:00,BTCUSDT,4h,2,down,0.4255883,0.46,0.0344117,0,0.46
2025-01-14 12:00:00,BTCUSDT,4h,0,up,0.37638304,0.46,0.08361697,1,0.37638304
2025-01-14 16:00:00,BTCUSDT,4h,0,up,0.29218477,0.46,0.16781524,1,0.29218477
2025-01-14 20:00:00,BTCUSDT,4h,0,up,0.3665952,0.46,0.0934048,1,0.3665952
2025-01-15 00:00:00,BTCUSDT,4h,0,down,0.34850323,0.46,0.11149678,1,0.34850323
2025-01-15 04:00:00,BTCUSDT,4h,0,down,0.3069261,0.46,0.1530739,1,0.3069261
2025-01-15 08:00:00,BTCUSDT,4h,2,up,0.51308507,0.46,0.05308506,0,0.46
2025-01-15 12:00:00,BTCUSDT,4h,2,up,0.44307566,0.46,0.016924351,0,0.46
2025-01-15 16:00:00,BTCUSDT,4h,0,up,0.3661053,0.46,0.09389472,1,0.3661053
2025-01-15 20:00:00,BTCUSDT,4h,0,down,0.35448432,0.46,0.10551569,1,0.35448432
2025-01-16 00:00:00,BTCUSDT,4h,1,up,0.55241925,0.46,0.09241924,1,0.55241925
2025-01-16 04:00:00,BTCUSDT,4h,0,down,0.3831255,0.46,0.076874495,1,0.3831255
2025-01-16 08:00:00,BTCUSDT,4h,1,up,0.5681159,0.46,0.10811588,1,0.5681159
2025-01-16 12:00:00,BTCUSDT,4h,0,up,0.370783,0.46,0.08921701,1,0.370783
2025-01-16 16:00:00,BTCUSDT,4h,0,down,0.3619784,0.46,0.0980216,1,0.3619784
2025-01-16 20:00:00,BTCUSDT,4h,2,up,0.39482075,0.46,0.06517926,0,0.46
2025-01-17 00:00:00,BTCUSDT,4h,2,up,0.472587,0.46,0.012586981,0,0.46
2025-01-17 04:00:00,BTCUSDT,4h,2,up,0.39394188,0.46,0.06605813,0,0.46
2025-01-17 08:00:00,BTCUSDT,4h,0,up,0.34843096,0.46,0.11156905,1,0.34843096
2025-01-17 12:00:00,BTCUSDT,4h,2,up,0.45079744,0.46,0.00920257,0,0.46
2025-01-17 16:00:00,BTCUSDT,4h,2,down,0.44575813,0.46,0.014241874,0,0.46
2025-01-17 20:00:00,BTCUSDT,4h,1,down,0.5985147,0.46,0.13851467,1,0.5985147
2025-01-18 00:00:00,BTCUSDT,4h,1,down,0.5917357,0.46,0.13173571,1,0.5917357
2025-01-18 04:00:00,BTCUSDT,4h,1,up,0.68009627,0.46,0.22009626,1,0.68009627
2025-01-18 08:00:00,BTCUSDT,4h,0,up,0.38824895,0.46,0.07175106,1,0.38824895
2025-01-18 12:00:00,BTCUSDT,4h,0,down,0.38227955,0.46,0.07772046,1,0.38227955
2025-01-18 16:00:00,BTCUSDT,4h,0,up,0.35258383,0.46,0.10741618,1,0.35258383
2025-01-18 20:00:00,BTCUSDT,4h,0,up,0.33472347,0.46,0.12527654,1,0.33472347
2025-01-19 00:00:00,BTCUSDT,4h,0,up,0.36604515,0.46,0.09395486,1,0.36604515
2025-01-19 04:00:00,BTCUSDT,4h,0,down,0.35797033,0.46,0.10202968,1,0.35797033
2025-01-19 08:00:00,BTCUSDT,4h,2,up,0.4356684,0.46,0.0243316,0,0.46
2025-01-19 12:00:00,BTCUSDT,4h,2,up,0.44646764,0.46,0.01353237,0,0.46
2025-01-19 16:00:00,BTCUSDT,4h,0,down,0.3889553,0.46,0.07104471,1,0.3889553
2025-01-19 20:00:00,BTCUSDT,4h,2,up,0.52190095,0.46,0.061900944,0,0.46
2025-01-20 00:00:00,BTCUSDT,4h,2,up,0.49557915,0.46,0.035579145,0,0.46
2025-01-20 04:00:00,BTCUSDT,4h,2,up,0.48501804,0.46,0.025018036,0,0.46
2025-01-20 08:00:00,BTCUSDT,4h,2,down,0.46540052,0.46,0.0054005086,0,0.46
2025-01-20 12:00:00,BTCUSDT,4h,1,down,0.5853709,0.46,0.12537089,1,0.5853709
2025-01-20 16:00:00,BTCUSDT,4h,1,down,0.5672375,0.46,0.10723749,1,0.5672375
2025-01-20 20:00:00,BTCUSDT,4h,1,up,0.715424,0.46,0.255424,1,0.715424
2025-01-21 00:00:00,BTCUSDT,4h,2,down,0.5099511,0.46,0.049951106,0,0.46
2025-01-21 04:00:00,BTCUSDT,4h,1,up,0.565906,0.46,0.10590598,1,0.565906
2025-01-21 08:00:00,BTCUSDT,4h,2,up,0.42243177,0.46,0.03756824,0,0.46
2025-01-21 12:00:00,BTCUSDT,4h,2,up,0.49189904,0.46,0.031899035,0,0.46
2025-01-21 16:00:00,BTCUSDT,4h,0,down,0.35456976,0.46,0.105430245,1,0.35456976
2025-01-21 20:00:00,BTCUSDT,4h,2,down,0.4880333,0.46,0.028033286,0,0.46
2025-01-22 00:00:00,BTCUSDT,4h,1,down,0.6116644,0.46,0.1516644,1,0.6116644
2025-01-22 04:00:00,BTCUSDT,4h,1,up,0.5999094,0.46,0.13990942,1,0.5999094
2025-01-22 08:00:00,BTCUSDT,4h,2,down,0.48167592,0.46,0.021675915,0,0.46
2025-01-22 12:00:00,BTCUSDT,4h,1,up,0.5819466,0.46,0.1219466,1,0.5819466
2025-01-22 16:00:00,BTCUSDT,4h,2,down,0.39424545,0.46,0.06575456,0,0.46
2025-01-22 20:00:00,BTCUSDT,4h,1,down,0.6009611,0.46,0.14096108,1,0.6009611
2025-01-23 00:00:00,BTCUSDT,4h,1,up,0.61189586,0.46,0.15189585,1,0.61189586
2025-01-23 04:00:00,BTCUSDT,4h,2,down,0.4430809,0.46,0.016919106,0,0.46
2025-01-23 08:00:00,BTCUSDT,4h,1,up,0.5353456,0.46,0.075345606,1,0.5353456
2025-01-23 12:00:00,BTCUSDT,4h,2,down,0.47149208,0.46,0.011492074,0,0.46
2025-01-23 16:00:00,BTCUSDT,4h,1,up,0.6084393,0.46,0.14843932,1,0.6084393
2025-01-23 20:00:00,BTCUSDT,4h,2,down,0.4967761,0.46,0.036776096,0,0.46
2025-01-24 00:00:00,BTCUSDT,4h,2,up,0.4494418,0.46,0.010558218,0,0.46
2025-01-24 04:00:00,BTCUSDT,4h,2,up,0.42643347,0.46,0.033566535,0,0.46
2025-01-24 08:00:00,BTCUSDT,4h,2,up,0.39984062,0.46,0.060159385,0,0.46
2025-01-24 12:00:00,BTCUSDT,4h,0,down,0.27688715,0.46,0.18311286,1,0.27688715
2025-01-24 16:00:00,BTCUSDT,4h,1,down,0.5335525,0.46,0.07355252,1,0.5335525
2025-01-24 20:00:00,BTCUSDT,4h,1,up,0.5683525,0.46,0.10835251,1,0.5683525
2025-01-25 00:00:00,BTCUSDT,4h,2,down,0.43372288,0.46,0.026277125,0,0.46
2025-01-25 04:00:00,BTCUSDT,4h,1,up,0.600043,0.46,0.14004299,1,0.600043
2025-01-25 08:00:00,BTCUSDT,4h,2,up,0.43296623,0.46,0.027033776,0,0.46
2025-01-25 12:00:00,BTCUSDT,4h,2,up,0.44149244,0.46,0.01850757,0,0.46
2025-01-25 16:00:00,BTCUSDT,4h,2,down,0.41573864,0.46,0.044261366,0,0.46
2025-01-25 20:00:00,BTCUSDT,4h,1,up,0.5582713,0.46,0.09827128,1,0.5582713
2025-01-26 00:00:00,BTCUSDT,4h,2,down,0.42721042,0.46,0.032789588,0,0.46
2025-01-26 04:00:00,BTCUSDT,4h,1,down,0.54647005,0.46,0.08647004,1,0.54647005
2025-01-26 08:00:00,BTCUSDT,4h,2,up,0.48539388,0.46,0.025393873,0,0.46
2025-01-26 12:00:00,BTCUSDT,4h,2,up,0.4561339,0.46,0.0038661063,0,0.46
2025-01-26 16:00:00,BTCUSDT,4h,2,down,0.44577968,0.46,0.014220327,0,0.46
2025-01-26 20:00:00,BTCUSDT,4h,1,down,0.55890536,0.46,0.098905355,1,0.55890536
2025-01-27 00:00:00,BTCUSDT,4h,2,down,0.51749104,0.46,0.057491034,0,0.46
2025-01-27 04:00:00,BTCUSDT,4h,2,down,0.49993545,0.46,0.03993544,0,0.46
2025-01-27 08:00:00,BTCUSDT,4h,1,up,0.5614211,0.46,0.10142109,1,0.5614211
2025-01-27 12:00:00,BTCUSDT,4h,2,down,0.5092469,0.46,0.049246877,0,0.46
2025-01-27 16:00:00,BTCUSDT,4h,1,up,0.56958413,0.46,0.10958412,1,0.56958413
2025-01-27 20:00:00,BTCUSDT,4h,2,up,0.4781806,0.46,0.018180579,0,0.46
2025-01-28 00:00:00,BTCUSDT,4h,2,up,0.41153115,0.46,0.048468858,0,0.46
2025-01-28 04:00:00,BTCUSDT,4h,2,down,0.5079498,0.46,0.04794982,0,0.46
2025-01-28 08:00:00,BTCUSDT,4h,2,up,0.43631655,0.46,0.023683459,0,0.46
2025-01-28 12:00:00,BTCUSDT,4h,2,down,0.42874095,0.46,0.03125906,0,0.46
2025-01-28 16:00:00,BTCUSDT,4h,2,down,0.48080337,0.46,0.020803362,0,0.46
2025-01-28 20:00:00,BTCUSDT,4h,2,up,0.52813715,0.46,0.06813714,0,0.46
2025-01-29 00:00:00,BTCUSDT,4h,2,up,0.47382778,0.46,0.013827771,0,0.46
2025-01-29 04:00:00,BTCUSDT,4h,2,down,0.4030974,0.46,0.056902617,0,0.46
2025-01-29 08:00:00,BTCUSDT,4h,2,down,0.41959873,0.46,0.04040128,0,0.46
2025-01-29 12:00:00,BTCUSDT,4h,1,up,0.5718354,0.46,0.11183539,1,0.5718354
2025-01-29 16:00:00,BTCUSDT,4h,2,up,0.4472414,0.46,0.012758613,0,0.46
2025-01-29 20:00:00,BTCUSDT,4h,2,up,0.42232186,0.46,0.037678152,0,0.46
2025-01-30 00:00:00,BTCUSDT,4h,0,down,0.32653272,0.46,0.13346729,1,0.32653272
2025-01-30 04:00:00,BTCUSDT,4h,2,up,0.41130733,0.46,0.048692673,0,0.46
2025-01-30 08:00:00,BTCUSDT,4h,0,up,0.35133946,0.46,0.10866055,1,0.35133946
2025-01-30 12:00:00,BTCUSDT,4h,0,up,0.34552285,0.46,0.11447716,1,0.34552285
2025-01-30 16:00:00,BTCUSDT,4h,0,down,0.2695687,0.46,0.1904313,1,0.2695687
2025-01-30 20:00:00,BTCUSDT,4h,1,down,0.59758884,0.46,0.13758883,1,0.59758884
2025-01-31 00:00:00,BTCUSDT,4h,1,down,0.54681855,0.46,0.086818546,1,0.54681855
2025-01-31 04:00:00,BTCUSDT,4h,1,up,0.58916694,0.46,0.12916693,1,0.58916694
2025-01-31 08:00:00,BTCUSDT,4h,2,up,0.40927976,0.46,0.050720245,0,0.46
2025-01-31 12:00:00,BTCUSDT,4h,2,down,0.45487025,0.46,0.0051297545,0,0.46
2025-01-31 16:00:00,BTCUSDT,4h,2,up,0.5222411,0.46,0.062241107,0,0.46
2025-01-31 20:00:00,BTCUSDT,4h,2,down,0.43630403,0.46,0.023695976,0,0.46
2025-02-01 00:00:00,BTCUSDT,4h,1,down,0.6073133,0.46,0.14731327,1,0.6073133
2025-02-01 04:00:00,BTCUSDT,4h,1,down,0.6456671,0.46,0.18566707,1,0.6456671
2025-02-01 08:00:00,BTCUSDT,4h,2,up,0.4515838,0.46,0.008416206,0,0.46
2025-02-01 12:00:00,BTCUSDT,4h,1,down,0.555309,0.46,0.09530899,1,0.555309
2025-02-01 16:00:00,BTCUSDT,4h,1,down,0.63753456,0.46,0.17753455,1,0.63753456
2025-02-01 20:00:00,BTCUSDT,4h,1,down,0.5496382,0.46,0.0896382,1,0.5496382
2025-02-02 00:00:00,BTCUSDT,4h,1,up,0.61089504,0.46,0.15089503,1,0.61089504
2025-02-02 04:00:00,BTCUSDT,4h,1,down,0.58687836,0.46,0.12687835,1,0.58687836
2025-02-02 08:00:00,BTCUSDT,4h,1,up,0.60665745,0.46,0.14665744,1,0.60665745
2025-02-02 12:00:00,BTCUSDT,4h,2,down,0.4241554,0.46,0.035844594,0,0.46
2025-02-02 16:00:00,BTCUSDT,4h,2,down,0.4534072,0.46,0.00659281,0,0.46
2025-02-02 20:00:00,BTCUSDT,4h,2,down,0.49042508,0.46,0.030425072,0,0.46
2025-02-03 00:00:00,BTCUSDT,4h,2,up,0.50236404,0.46,0.04236403,0,0.46
2025-02-03 04:00:00,BTCUSDT,4h,2,down,0.52683216,0.46,0.066832155,0,0.46
2025-02-03 08:00:00,BTCUSDT,4h,1,up,0.58975434,0.46,0.12975433,1,0.58975434
2025-02-03 12:00:00,BTCUSDT,4h,2,up,0.48886475,0.46,0.028864741,0,0.46
2025-02-03 16:00:00,BTCUSDT,4h,2,down,0.4135215,0.46,0.04647851,0,0.46
2025-02-03 20:00:00,BTCUSDT,4h,1,down,0.67626953,0.46,0.21626952,1,0.67626953
2025-02-04 00:00:00,BTCUSDT,4h,1,down,0.6733287,0.46,0.21332869,1,0.6733287
2025-02-04 04:00:00,BTCUSDT,4h,1,up,0.5422412,0.46,0.08224121,1,0.5422412
2025-02-04 08:00:00,BTCUSDT,4h,2,up,0.42052528,0.46,0.039474726,0,0.46
2025-02-04 12:00:00,BTCUSDT,4h,2,down,0.49088803,0.46,0.030888021,0,0.46
2025-02-04 16:00:00,BTCUSDT,4h,1,down,0.6154574,0.46,0.1554574,1,0.6154574
2025-02-04 20:00:00,BTCUSDT,4h,1,up,0.58828545,0.46,0.12828544,1,0.58828545
2025-02-05 00:00:00,BTCUSDT,4h,1,down,0.5707163,0.46,0.11071631,1,0.5707163
2025-02-05 04:00:00,BTCUSDT,4h,1,up,0.5505072,0.46,0.09050718,1,0.5505072
2025-02-05 08:00:00,BTCUSDT,4h,2,down,0.4081697,0.46,0.05183032,0,0.46
2025-02-05 12:00:00,BTCUSDT,4h,1,down,0.572484,0.46,0.11248401,1,0.572484
2025-02-05 16:00:00,BTCUSDT,4h,1,down,0.5395372,0.46,0.07953718,1,0.5395372
2025-02-05 20:00:00,BTCUSDT,4h,1,up,0.5942164,0.46,0.1342164,1,0.5942164
2025-02-06 00:00:00,BTCUSDT,4h,2,up,0.4672079,0.46,0.0072079003,0,0.46
2025-02-06 04:00:00,BTCUSDT,4h,2,up,0.46307832,0.46,0.0030783117,0,0.46
2025-02-06 08:00:00,BTCUSDT,4h,2,down,0.4031576,0.46,0.056842417,0,0.46
2025-02-06 12:00:00,BTCUSDT,4h,1,down,0.57169425,0.46,0.11169425,1,0.57169425
2025-02-06 16:00:00,BTCUSDT,4h,1,up,0.611679,0.46,0.15167901,1,0.611679
2025-02-06 20:00:00,BTCUSDT,4h,2,up,0.49794444,0.46,0.037944436,0,0.46
2025-02-07 00:00:00,BTCUSDT,4h,2,down,0.46955493,0.46,0.009554923,0,0.46
2025-02-07 04:00:00,BTCUSDT,4h,1,up,0.5636805,0.46,0.10368052,1,0.5636805
2025-02-07 08:00:00,BTCUSDT,4h,0,up,0.38807848,0.46,0.07192153,1,0.38807848
2025-02-07 12:00:00,BTCUSDT,4h,2,down,0.4818521,0.46,0.021852106,0,0.46
2025-02-07 16:00:00,BTCUSDT,4h,1,down,0.5978254,0.46,0.1378254,1,0.5978254
2025-02-07 20:00:00,BTCUSDT,4h,2,up,0.45655704,0.46,0.003442973,0,0.46
2025-02-08 00:00:00,BTCUSDT,4h,2,down,0.45295095,0.46,0.007049054,0,0.46
2025-02-08 04:00:00,BTCUSDT,4h,2,down,0.526019,0.46,0.06601897,0,0.46
2025-02-08 08:00:00,BTCUSDT,4h,2,down,0.5173103,0.46,0.057310313,0,0.46
2025-02-08 12:00:00,BTCUSDT,4h,1,up,0.5879557,0.46,0.1279557,1,0.5879557
2025-02-08 16:00:00,BTCUSDT,4h,2,down,0.4626133,0.46,0.002613306,0,0.46
2025-02-08 20:00:00,BTCUSDT,4h,1,up,0.5430936,0.46,0.08309361,1,0.5430936
2025-02-09 00:00:00,BTCUSDT,4h,2,down,0.41079605,0.46,0.049203962,0,0.46
2025-02-09 04:00:00,BTCUSDT,4h,2,down,0.49341154,0.46,0.033411533,0,0.46
2025-02-09 08:00:00,BTCUSDT,4h,1,down,0.58434314,0.46,0.12434313,1,0.58434314
2025-02-09 12:00:00,BTCUSDT,4h,2,down,0.4398224,0.46,0.020177603,0,0.46
2025-02-09 16:00:00,BTCUSDT,4h,1,up,0.57452387,0.46,0.11452386,1,0.57452387
2025-02-09 20:00:00,BTCUSDT,4h,2,up,0.46507594,0.46,0.0050759315,0,0.46
2025-02-10 00:00:00,BTCUSDT,4h,2,up,0.4259197,0.46,0.034080297,0,0.46
2025-02-10 04:00:00,BTCUSDT,4h,2,up,0.43056473,0.46,0.029435277,0,0.46
2025-02-10 08:00:00,BTCUSDT,4h,2,down,0.43267235,0.46,0.027327657,0,0.46
2025-02-10 12:00:00,BTCUSDT,4h,1,up,0.54617476,0.46,0.08617476,1,0.54617476
2025-02-10 16:00:00,BTCUSDT,4h,2,up,0.46512896,0.46,0.00512895,0,0.46
2025-02-10 20:00:00,BTCUSDT,4h,2,up,0.44975397,0.46,0.010246038,0,0.46
2025-02-11 00:00:00,BTCUSDT,4h,2,up,0.51958704,0.46,0.05958703,0,0.46
2025-02-11 04:00:00,BTCUSDT,4h,2,down,0.4423327,0.46,0.017667294,0,0.46
2025-02-11 08:00:00,BTCUSDT,4h,2,down,0.4089932,0.46,0.051006794,0,0.46
2025-02-11 12:00:00,BTCUSDT,4h,1,down,0.5377211,0.46,0.07772109,1,0.5377211
2025-02-11 16:00:00,BTCUSDT,4h,2,up,0.47153988,0.46,0.011539876,0,0.46
2025-02-11 20:00:00,BTCUSDT,4h,1,down,0.5640593,0.46,0.10405931,1,0.5640593
2025-02-12 00:00:00,BTCUSDT,4h,1,up,0.62481385,0.46,0.16481385,1,0.62481385
2025-02-12 04:00:00,BTCUSDT,4h,2,up,0.42285216,0.46,0.03714785,0,0.46
2025-02-12 08:00:00,BTCUSDT,4h,1,down,0.5338069,0.46,0.07380691,1,0.5338069
2025-02-12 12:00:00,BTCUSDT,4h,2,up,0.45427528,0.46,0.005724728,0,0.46
2025-02-12 16:00:00,BTCUSDT,4h,2,up,0.43309802,0.46,0.02690199,0,0.46
2025-02-12 20:00:00,BTCUSDT,4h,2,down,0.41617128,0.46,0.043828726,0,0.46
2025-02-13 00:00:00,BTCUSDT,4h,1,down,0.55881727,0.46,0.09881726,1,0.55881727
2025-02-13 04:00:00,BTCUSDT,4h,1,down,0.58231133,0.46,0.122311324,1,0.58231133
2025-02-13 08:00:00,BTCUSDT,4h,1,up,0.5605069,0.46,0.10050687,1,0.5605069
2025-02-13 12:00:00,BTCUSDT,4h,2,down,0.4783621,0.46,0.018362105,0,0.46
2025-02-13 16:00:00,BTCUSDT,4h,1,up,0.59367174,0.46,0.13367173,1,0.59367174
2025-02-13 20:00:00,BTCUSDT,4h,2,up,0.4137879,0.46,0.046212107,0,0.46
2025-02-14 00:00:00,BTCUSDT,4h,2,down,0.4155843,0.46,0.044415712,0,0.46
2025-02-14 04:00:00,BTCUSDT,4h,2,down,0.45544952,0.46,0.004550487,0,0.46
2025-02-14 08:00:00,BTCUSDT,4h,1,up,0.53659594,0.46,0.07659593,1,0.53659594
2025-02-14 12:00:00,BTCUSDT,4h,2,up,0.47279996,0.46,0.012799948,0,0.46
2025-02-14 16:00:00,BTCUSDT,4h,1,down,0.5354,0.46,0.075399965,1,0.5354
2025-02-14 20:00:00,BTCUSDT,4h,2,up,0.48204583,0.46,0.022045821,0,0.46
2025-02-15 00:00:00,BTCUSDT,4h,2,down,0.4314619,0.46,0.028538108,0,0.46
2025-02-15 04:00:00,BTCUSDT,4h,1,up,0.5870163,0.46,0.12701628,1,0.5870163
2025-02-15 08:00:00,BTCUSDT,4h,2,up,0.4537324,0.46,0.006267607,0,0.46
2025-02-15 12:00:00,BTCUSDT,4h,1,down,0.5393567,0.46,0.0793567,1,0.5393567
2025-02-15 16:00:00,BTCUSDT,4h,2,up,0.43684742,0.46,0.02315259,0,0.46
2025-02-15 20:00:00,BTCUSDT,4h,2,down,0.50201076,0.46,0.042010754,0,0.46
2025-02-16 00:00:00,BTCUSDT,4h,2,down,0.48898533,0.46,0.028985322,0,0.46
2025-02-16 04:00:00,BTCUSDT,4h,1,up,0.583574,0.46,0.12357399,1,0.583574
2025-02-16 08:00:00,BTCUSDT,4h,2,down,0.46072945,0.46,0.00072944164,0,0.46
2025-02-16 12:00:00,BTCUSDT,4h,1,up,0.54620004,0.46,0.08620003,1,0.54620004
2025-02-16 16:00:00,BTCUSDT,4h,2,down,0.47174737,0.46,0.01174736,0,0.46
2025-02-16 20:00:00,BTCUSDT,4h,1,up,0.6016375,0.46,0.14163747,1,0.6016375
2025-02-17 00:00:00,BTCUSDT,4h,1,down,0.5493468,0.46,0.089346796,1,0.5493468
2025-02-17 04:00:00,BTCUSDT,4h,1,down,0.5973547,0.46,0.1373547,1,0.5973547
2025-02-17 08:00:00,BTCUSDT,4h,1,down,0.55799025,0.46,0.097990245,1,0.55799025
2025-02-17 12:00:00,BTCUSDT,4h,1,down,0.53394926,0.46,0.07394925,1,0.53394926
2025-02-17 16:00:00,BTCUSDT,4h,1,up,0.5528538,0.46,0.092853814,1,0.5528538
2025-02-17 20:00:00,BTCUSDT,4h,1,up,0.5699373,0.46,0.10993728,1,0.5699373
2025-02-18 00:00:00,BTCUSDT,4h,2,down,0.47715077,0.46,0.01715076,0,0.46
2025-02-18 04:00:00,BTCUSDT,4h,1,up,0.5494897,0.46,0.08948967,1,0.5494897
2025-02-18 08:00:00,BTCUSDT,4h,2,down,0.48665577,0.46,0.026655763,0,0.46
2025-02-18 12:00:00,BTCUSDT,4h,2,down,0.51881415,0.46,0.05881414,0,0.46
2025-02-18 16:00:00,BTCUSDT,4h,2,up,0.5190286,0.46,0.059028596,0,0.46
2025-02-18 20:00:00,BTCUSDT,4h,2,up,0.48265573,0.46,0.022655725,0,0.46
2025-02-19 00:00:00,BTCUSDT,4h,0,down,0.36361876,0.46,0.09638125,1,0.36361876
2025-02-19 04:00:00,BTCUSDT,4h,0,up,0.36747426,0.46,0.09252575,1,0.36747426
2025-02-19 08:00:00,BTCUSDT,4h,2,down,0.3987162,0.46,0.061283797,0,0.46
2025-02-19 12:00:00,BTCUSDT,4h,1,up,0.5392526,0.46,0.07925257,1,0.5392526
2025-02-19 16:00:00,BTCUSDT,4h,0,up,0.38341036,0.46,0.076589644,1,0.38341036
2025-02-19 20:00:00,BTCUSDT,4h,0,up,0.38798958,0.46,0.07201043,1,0.38798958
2025-02-20 00:00:00,BTCUSDT,4h,2,down,0.42254502,0.46,0.037454993,0,0.46
2025-02-20 04:00:00,BTCUSDT,4h,2,up,0.52075493,0.46,0.060754925,0,0.46
2025-02-20 08:00:00,BTCUSDT,4h,2,down,0.39372313,0.46,0.06627688,0,0.46
2025-02-20 12:00:00,BTCUSDT,4h,1,up,0.55807436,0.46,0.09807435,1,0.55807436
2025-02-20 16:00:00,BTCUSDT,4h,2,down,0.45616937,0.46,0.0038306415,0,0.46
2025-02-20 20:00:00,BTCUSDT,4h,2,down,0.39776954,0.46,0.062230468,0,0.46
2025-02-21 00:00:00,BTCUSDT,4h,2,up,0.49565652,0.46,0.03565651,0,0.46
2025-02-21 04:00:00,BTCUSDT,4h,1,up,0.57736194,0.46,0.11736193,1,0.57736194
2025-02-21 08:00:00,BTCUSDT,4h,0,down,0.3825981,0.46,0.077401906,1,0.3825981
2025-02-21 12:00:00,BTCUSDT,4h,2,down,0.47319543,0.46,0.013195425,0,0.46
2025-02-21 16:00:00,BTCUSDT,4h,2,up,0.49981248,0.46,0.039812475,0,0.46
2025-02-21 20:00:00,BTCUSDT,4h,2,up,0.47173995,0.46,0.011739939,0,0.46
2025-02-22 00:00:00,BTCUSDT,4h,2,down,0.43100053,0.46,0.028999478,0,0.46
2025-02-22 04:00:00,BTCUSDT,4h,1,up,0.60231906,0.46,0.14231905,1,0.60231906
2025-02-22 08:00:00,BTCUSDT,4h,2,up,0.4530161,0.46,0.006983906,0,0.46
2025-02-22 12:00:00,BTCUSDT,4h,1,up,0.5482529,0.46,0.08825287,1,0.5482529
2025-02-22 16:00:00,BTCUSDT,4h,2,down,0.43181783,0.46,0.028182179,0,0.46
2025-02-22 20:00:00,BTCUSDT,4h,1,down,0.5490139,0.46,0.089013904,1,0.5490139
2025-02-23 00:00:00,BTCUSDT,4h,1,up,0.56711286,0.46,0.107112855,1,0.56711286
2025-02-23 04:00:00,BTCUSDT,4h,2,down,0.451499,0.46,0.008501023,0,0.46
2025-02-23 08:00:00,BTCUSDT,4h,1,down,0.5739872,0.46,0.11398718,1,0.5739872
2025-02-23 12:00:00,BTCUSDT,4h,1,up,0.5307824,0.46,0.07078239,1,0.5307824
2025-02-23 16:00:00,BTCUSDT,4h,2,up,0.475728,0.46,0.015727997,0,0.46
2025-02-23 20:00:00,BTCUSDT,4h,2,down,0.43587393,0.46,0.024126083,0,0.46
2025-02-24 00:00:00,BTCUSDT,4h,1,up,0.5690942,0.46,0.10909417,1,0.5690942
2025-02-24 04:00:00,BTCUSDT,4h,2,down,0.46105266,0.46,0.0010526478,0,0.46
2025-02-24 08:00:00,BTCUSDT,4h,2,down,0.49941394,0.46,0.03941393,0,0.46
2025-02-24 12:00:00,BTCUSDT,4h,2,down,0.5032033,0.46,0.043203264,0,0.46
2025-02-24 16:00:00,BTCUSDT,4h,1,down,0.62439394,0.46,0.16439393,1,0.62439394
2025-02-24 20:00:00,BTCUSDT,4h,1,up,0.5448974,0.46,0.08489737,1,0.5448974
2025-02-25 00:00:00,BTCUSDT,4h,2,down,0.47374144,0.46,0.013741434,0,0.46
2025-02-25 04:00:00,BTCUSDT,4h,1,down,0.5349973,0.46,0.074997276,1,0.5349973
2025-02-25 08:00:00,BTCUSDT,4h,2,down,0.49368206,0.46,0.03368205,0,0.46
2025-02-25 12:00:00,BTCUSDT,4h,1,up,0.5312922,0.46,0.07129219,1,0.5312922
2025-02-25 16:00:00,BTCUSDT,4h,2,up,0.45186204,0.46,0.008137971,0,0.46
2025-02-25 20:00:00,BTCUSDT,4h,1,up,0.53212684,0.46,0.072126836,1,0.53212684
2025-02-26 00:00:00,BTCUSDT,4h,2,down,0.4764786,0.46,0.016478598,0,0.46
2025-02-26 04:00:00,BTCUSDT,4h,1,down,0.5510894,0.46,0.0910894,1,0.5510894
2025-02-26 08:00:00,BTCUSDT,4h,1,down,0.5653987,0.46,0.105398685,1,0.5653987
2025-02-26 12:00:00,BTCUSDT,4h,1,down,0.546399,0.46,0.08639899,1,0.546399
2025-02-26 16:00:00,BTCUSDT,4h,1,up,0.6081911,0.46,0.14819106,1,0.6081911
2025-02-26 20:00:00,BTCUSDT,4h,1,up,0.5718163,0.46,0.11181632,1,0.5718163
2025-02-27 00:00:00,BTCUSDT,4h,2,up,0.48061818,0.46,0.02061817,0,0.46
2025-02-27 04:00:00,BTCUSDT,4h,2,up,0.42217138,0.46,0.037828624,0,0.46
2025-02-27 08:00:00,BTCUSDT,4h,2,down,0.42992628,0.46,0.030073732,0,0.46
2025-02-27 12:00:00,BTCUSDT,4h,1,down,0.5547095,0.46,0.094709486,1,0.5547095
2025-02-27 16:00:00,BTCUSDT,4h,1,up,0.6319519,0.46,0.17195192,1,0.6319519
2025-02-27 20:00:00,BTCUSDT,4h,2,down,0.459386,0.46,0.00061401725,0,0.46
2025-02-28 00:00:00,BTCUSDT,4h,1,down,0.57843375,0.46,0.11843374,1,0.57843375
2025-02-28 04:00:00,BTCUSDT,4h,1,up,0.57335573,0.46,0.113355726,1,0.57335573
2025-02-28 08:00:00,BTCUSDT,4h,2,up,0.48581868,0.46,0.025818676,0,0.46
2025-02-28 12:00:00,BTCUSDT,4h,2,up,0.49827978,0.46,0.03827977,0,0.46
2025-02-28 16:00:00,BTCUSDT,4h,2,down,0.4367982,0.46,0.023201823,0,0.46
2025-02-28 20:00:00,BTCUSDT,4h,2,up,0.48351735,0.46,0.02351734,0,0.46
2025-03-01 00:00:00,BTCUSDT,4h,2,down,0.43934458,0.46,0.020655423,0,0.46
2025-03-01 04:00:00,BTCUSDT,4h,1,down,0.61203265,0.46,0.15203264,1,0.61203265
2025-03-01 08:00:00,BTCUSDT,4h,2,up,0.5164833,0.46,0.0564833,0,0.46
2025-03-01 12:00:00,BTCUSDT,4h,2,up,0.42998096,0.46,0.030019045,0,0.46
2025-03-01 16:00:00,BTCUSDT,4h,0,up,0.38867024,0.46,0.07132977,1,0.38867024
2025-03-01 20:00:00,BTCUSDT,4h,0,down,0.38958097,0.46,0.07041904,1,0.38958097
2025-03-02 00:00:00,BTCUSDT,4h,1,up,0.5333356,0.46,0.07333562,1,0.5333356
2025-03-02 04:00:00,BTCUSDT,4h,2,down,0.44702238,0.46,0.01297763,0,0.46
2025-03-02 08:00:00,BTCUSDT,4h,2,up,0.45286086,0.46,0.0071391463,0,0.46
2025-03-02 12:00:00,BTCUSDT,4h,2,up,0.43758765,0.46,0.02241236,0,0.46
2025-03-02 16:00:00,BTCUSDT,4h,2,up,0.46900046,0.46,0.00900045,0,0.46
2025-03-02 20:00:00,BTCUSDT,4h,2,down,0.46705076,0.46,0.0070507526,0,0.46
2025-03-03 00:00:00,BTCUSDT,4h,1,down,0.6176444,0.46,0.15764442,1,0.6176444
2025-03-03 04:00:00,BTCUSDT,4h,2,up,0.47536767,0.46,0.015367657,0,0.46
2025-03-03 08:00:00,BTCUSDT,4h,2,down,0.40652052,0.46,0.053479493,0,0.46
2025-03-03 12:00:00,BTCUSDT,4h,1,down,0.58229095,0.46,0.12229094,1,0.58229095
2025-03-03 16:00:00,BTCUSDT,4h,1,up,0.62073547,0.46,0.16073546,1,0.62073547
2025-03-03 20:00:00,BTCUSDT,4h,2,down,0.48445076,0.46,0.02445075,0,0.46
2025-03-04 00:00:00,BTCUSDT,4h,1,down,0.6444586,0.46,0.18445858,1,0.6444586
2025-03-04 04:00:00,BTCUSDT,4h,1,up,0.5684358,0.46,0.10843578,1,0.5684358
2025-03-04 08:00:00,BTCUSDT,4h,2,down,0.512222,0.46,0.052221984,0,0.46
2025-03-04 12:00:00,BTCUSDT,4h,1,up,0.605816,0.46,0.145816,1,0.605816
2025-03-04 16:00:00,BTCUSDT,4h,2,down,0.48078665,0.46,0.020786643,0,0.46
2025-03-04 20:00:00,BTCUSDT,4h,1,down,0.56502616,0.46,0.105026156,1,0.56502616
2025-03-05 00:00:00,BTCUSDT,4h,1,up,0.5371026,0.46,0.07710257,1,0.5371026
2025-03-05 04:00:00,BTCUSDT,4h,2,up,0.44965398,0.46,0.010346025,0,0.46
2025-03-05 08:00:00,BTCUSDT,4h,2,down,0.46033868,0.46,0.0003386736,0,0.46
2025-03-05 12:00:00,BTCUSDT,4h,1,up,0.54109967,0.46,0.08109966,1,0.54109967
2025-03-05 16:00:00,BTCUSDT,4h,0,up,0.35651928,0.46,0.10348073,1,0.35651928
2025-03-05 20:00:00,BTCUSDT,4h,0,up,0.3764482,0.46,0.083551794,1,0.3764482
2025-03-06 00:00:00,BTCUSDT,4h,0,down,0.3353782,0.46,0.12462181,1,0.3353782
2025-03-06 04:00:00,BTCUSDT,4h,2,up,0.4929344,0.46,0.032934397,0,0.46
2025-03-06 08:00:00,BTCUSDT,4h,0,down,0.3360825,0.46,0.12391752,1,0.3360825
2025-03-06 12:00:00,BTCUSDT,4h,2,down,0.39632857,0.46,0.06367144,0,0.46
2025-03-06 16:00:00,BTCUSDT,4h,1,up,0.57676077,0.46,0.11676076,1,0.57676077
2025-03-06 20:00:00,BTCUSDT,4h,2,down,0.48513186,0.46,0.025131851,0,0.46
2025-03-07 00:00:00,BTCUSDT,4h,2,up,0.5083543,0.46,0.048354298,0,0.46
2025-03-07 04:00:00,BTCUSDT,4h,1,up,0.53483367,0.46,0.07483366,1,0.53483367
2025-03-07 08:00:00,BTCUSDT,4h,2,down,0.50657886,0.46,0.046578854,0,0.46
2025-03-07 12:00:00,BTCUSDT,4h,1,down,0.5635684,0.46,0.103568405,1,0.5635684
2025-03-07 16:00:00,BTCUSDT,4h,1,down,0.54008174,0.46,0.08008173,1,0.54008174
2025-03-07 20:00:00,BTCUSDT,4h,1,down,0.6576012,0.46,0.19760117,1,0.6576012
2025-03-08 00:00:00,BTCUSDT,4h,1,up,0.6047971,0.46,0.14479712,1,0.6047971
2025-03-08 04:00:00,BTCUSDT,4h,1,down,0.56967646,0.46,0.10967645,1,0.56967646
2025-03-08 08:00:00,BTCUSDT,4h,1,up,0.61238813,0.46,0.15238813,1,0.61238813
2025-03-08 12:00:00,BTCUSDT,4h,2,down,0.47023,0.46,0.010230005,0,0.46
2025-03-08 16:00:00,BTCUSDT,4h,2,down,0.47156,0.46,0.011559993,0,0.46
2025-03-08 20:00:00,BTCUSDT,4h,2,down,0.4916031,0.46,0.031603098,0,0.46
2025-03-09 00:00:00,BTCUSDT,4h,1,down,0.54833615,0.46,0.08833614,1,0.54833615
2025-03-09 04:00:00,BTCUSDT,4h,2,down,0.46001777,0.46,1.7762184e-05,0,0.46
2025-03-09 08:00:00,BTCUSDT,4h,1,down,0.5680525,0.46,0.10805246,1,0.5680525
2025-03-09 12:00:00,BTCUSDT,4h,1,down,0.54258037,0.46,0.08258036,1,0.54258037
2025-03-09 16:00:00,BTCUSDT,4h,1,down,0.61966276,0.46,0.15966275,1,0.61966276
2025-03-09 20:00:00,BTCUSDT,4h,1,up,0.63950837,0.46,0.17950836,1,0.63950837
2025-03-10 00:00:00,BTCUSDT,4h,2,up,0.5013248,0.46,0.041324764,0,0.46
2025-03-10 04:00:00,BTCUSDT,4h,1,up,0.567788,0.46,0.107788,1,0.567788
2025-03-10 08:00:00,BTCUSDT,4h,2,down,0.49160293,0.46,0.03160292,0,0.46
2025-03-10 12:00:00,BTCUSDT,4h,1,down,0.57678145,0.46,0.11678144,1,0.57678145
2025-03-10 16:00:00,BTCUSDT,4h,1,down,0.5691191,0.46,0.10911909,1,0.5691191
2025-03-10 20:00:00,BTCUSDT,4h,1,up,0.6353349,0.46,0.1753349,1,0.6353349
2025-03-11 00:00:00,BTCUSDT,4h,2,up,0.5193247,0.46,0.05932471,0,0.46
2025-03-11 04:00:00,BTCUSDT,4h,2,up,0.4392116,0.46,0.020788401,0,0.46
2025-03-11 08:00:00,BTCUSDT,4h,2,down,0.47128206,0.46,0.011282057,0,0.46
2025-03-11 12:00:00,BTCUSDT,4h,2,up,0.4858152,0.46,0.025815189,0,0.46
2025-03-11 16:00:00,BTCUSDT,4h,2,down,0.4157884,0.46,0.044211596,0,0.46
2025-03-11 20:00:00,BTCUSDT,4h,2,down,0.49506563,0.46,0.03506562,0,0.46
2025-03-12 00:00:00,BTCUSDT,4h,1,up,0.54855376,0.46,0.08855376,1,0.54855376
2025-03-12 04:00:00,BTCUSDT,4h,2,up,0.39417297,0.46,0.06582704,0,0.46
2025-03-12 08:00:00,BTCUSDT,4h,0,down,0.38496673,0.46,0.07503328,1,0.38496673
2025-03-12 12:00:00,BTCUSDT,4h,1,up,0.54124373,0.46,0.08124372,1,0.54124373
2025-03-12 16:00:00,BTCUSDT,4h,2,up,0.5088153,0.46,0.04881528,0,0.46
2025-03-12 20:00:00,BTCUSDT,4h,0,down,0.38218564,0.46,0.07781437,1,0.38218564
2025-03-13 00:00:00,BTCUSDT,4h,2,down,0.5093723,0.46,0.049372286,0,0.46
2025-03-13 04:00:00,BTCUSDT,4h,1,down,0.5464297,0.46,0.086429685,1,0.5464297
2025-03-13 08:00:00,BTCUSDT,4h,1,down,0.5327301,0.46,0.072730094,1,0.5327301
2025-03-13 12:00:00,BTCUSDT,4h,1,down,0.5794138,0.46,0.11941376,1,0.5794138
2025-03-13 16:00:00,BTCUSDT,4h,1,up,0.616421,0.46,0.15642098,1,0.616421
2025-03-13 20:00:00,BTCUSDT,4h,1,up,0.5407037,0.46,0.080703706,1,0.5407037
2025-03-14 00:00:00,BTCUSDT,4h,2,up,0.46213132,0.46,0.002131313,0,0.46
2025-03-14 04:00:00,BTCUSDT,4h,2,up,0.455289,0.46,0.004711002,0,0.46
2025-03-14 08:00:00,BTCUSDT,4h,0,up,0.37659815,0.46,0.08340186,1,0.37659815
2025-03-14 12:00:00,BTCUSDT,4h,2,down,0.47861528,0.46,0.018615276,0,0.46
2025-03-14 16:00:00,BTCUSDT,4h,0,down,0.37571293,0.46,0.08428708,1,0.37571293
2025-03-14 20:00:00,BTCUSDT,4h,2,up,0.47713196,0.46,0.017131954,0,0.46
2025-03-15 00:00:00,BTCUSDT,4h,0,down,0.36661747,0.46,0.09338254,1,0.36661747
2025-03-15 04:00:00,BTCUSDT,4h,1,up,0.58262986,0.46,0.12262985,1,0.58262986
2025-03-15 08:00:00,BTCUSDT,4h,2,up,0.44763651,0.46,0.012363493,0,0.46
2025-03-15 12:00:00,BTCUSDT,4h,2,down,0.44520193,0.46,0.014798075,0,0.46
2025-03-15 16:00:00,BTCUSDT,4h,2,up,0.44756654,0.46,0.012433469,0,0.46
2025-03-15 20:00:00,BTCUSDT,4h,2,down,0.47076386,0.46,0.010763854,0,0.46
2025-03-16 00:00:00,BTCUSDT,4h,2,down,0.39504573,0.46,0.06495428,0,0.46
2025-03-16 04:00:00,BTCUSDT,4h,2,down,0.42259586,0.46,0.03740415,0,0.46
2025-03-16 08:00:00,BTCUSDT,4h,1,up,0.5335924,0.46,0.073592395,1,0.5335924
2025-03-16 12:00:00,BTCUSDT,4h,2,down,0.45286608,0.46,0.007133931,0,0.46
2025-03-16 16:00:00,BTCUSDT,4h,1,down,0.5610304,0.46,0.10103038,1,0.5610304
2025-03-16 20:00:00,BTCUSDT,4h,1,up,0.5558136,0.46,0.0958136,1,0.5558136
2025-03-17 00:00:00,BTCUSDT,4h,0,down,0.3895023,0.46,0.07049772,1,0.3895023
2025-03-17 04:00:00,BTCUSDT,4h,2,down,0.4133859,0.46,0.04661411,0,0.46
2025-03-17 08:00:00,BTCUSDT,4h,2,up,0.45688286,0.46,0.003117144,0,0.46
2025-03-17 12:00:00,BTCUSDT,4h,2,up,0.48714966,0.46,0.027149647,0,0.46
2025-03-17 16:00:00,BTCUSDT,4h,2,down,0.43567234,0.46,0.024327666,0,0.46
2025-03-17 20:00:00,BTCUSDT,4h,1,down,0.56054056,0.46,0.10054055,1,0.56054056
2025-03-18 00:00:00,BTCUSDT,4h,1,up,0.5731647,0.46,0.11316469,1,0.5731647
2025-03-18 04:00:00,BTCUSDT,4h,2,down,0.4422051,0.46,0.017794907,0,0.46
2025-03-18 08:00:00,BTCUSDT,4h,1,down,0.64568055,0.46,0.18568054,1,0.64568055
2025-03-18 12:00:00,BTCUSDT,4h,2,up,0.5224073,0.46,0.062407285,0,0.46
2025-03-18 16:00:00,BTCUSDT,4h,2,up,0.4424615,0.46,0.017538518,0,0.46
2025-03-18 20:00:00,BTCUSDT,4h,2,up,0.43151978,0.46,0.028480232,0,0.46
2025-03-19 00:00:00,BTCUSDT,4h,2,up,0.44823885,0.46,0.011761159,0,0.46
2025-03-19 04:00:00,BTCUSDT,4h,2,up,0.4381295,0.46,0.021870494,0,0.46
2025-03-19 08:00:00,BTCUSDT,4h,2,up,0.45245695,0.46,0.007543057,0,0.46
2025-03-19 12:00:00,BTCUSDT,4h,2,up,0.4713836,0.46,0.011383593,0,0.46
2025-03-19 16:00:00,BTCUSDT,4h,0,up,0.38735688,0.46,0.07264313,1,0.38735688
2025-03-19 20:00:00,BTCUSDT,4h,0,down,0.32876933,0.46,0.13123068,1,0.32876933
2025-03-20 00:00:00,BTCUSDT,4h,1,down,0.545119,0.46,0.08511898,1,0.545119
2025-03-20 04:00:00,BTCUSDT,4h,0,down,0.3192288,0.46,0.14077121,1,0.3192288
2025-03-20 08:00:00,BTCUSDT,4h,2,down,0.46970677,0.46,0.009706765,0,0.46
2025-03-20 12:00:00,BTCUSDT,4h,1,down,0.6050663,0.46,0.14506629,1,0.6050663
2025-03-20 16:00:00,BTCUSDT,4h,1,up,0.588537,0.46,0.12853697,1,0.588537
2025-03-20 20:00:00,BTCUSDT,4h,1,up,0.59327143,0.46,0.13327143,1,0.59327143
2025-03-21 00:00:00,BTCUSDT,4h,1,down,0.6149435,0.46,0.1549435,1,0.6149435
2025-03-21 04:00:00,BTCUSDT,4h,1,up,0.593393,0.46,0.13339302,1,0.593393
2025-03-21 08:00:00,BTCUSDT,4h,1,down,0.5753573,0.46,0.11535731,1,0.5753573
2025-03-21 12:00:00,BTCUSDT,4h,1,up,0.5730147,0.46,0.11301467,1,0.5730147
2025-03-21 16:00:00,BTCUSDT,4h,2,up,0.5085879,0.46,0.04858789,0,0.46
2025-03-21 20:00:00,BTCUSDT,4h,2,up,0.5244516,0.46,0.064451605,0,0.46
2025-03-22 00:00:00,BTCUSDT,4h,2,up,0.42517245,0.46,0.03482756,0,0.46
2025-03-22 04:00:00,BTCUSDT,4h,2,down,0.46091446,0.46,0.00091445446,0,0.46
2025-03-22 08:00:00,BTCUSDT,4h,2,down,0.526584,0.46,0.06658402,0,0.46
2025-03-22 12:00:00,BTCUSDT,4h,1,up,0.57472825,0.46,0.11472824,1,0.57472825
2025-03-22 16:00:00,BTCUSDT,4h,1,down,0.53669757,0.46,0.07669756,1,0.53669757
2025-03-22 20:00:00,BTCUSDT,4h,1,up,0.55018675,0.46,0.090186745,1,0.55018675
2025-03-23 00:00:00,BTCUSDT,4h,2,up,0.4407012,0.46,0.019298822,0,0.46
2025-03-23 04:00:00,BTCUSDT,4h,2,up,0.42382342,0.46,0.036176592,0,0.46
2025-03-23 08:00:00,BTCUSDT,4h,2,up,0.47354773,0.46,0.0135477185,0,0.46
2025-03-23 12:00:00,BTCUSDT,4h,2,down,0.4675414,0.46,0.0075413883,0,0.46
2025-03-23 16:00:00,BTCUSDT,4h,1,up,0.53188133,0.46,0.071881324,1,0.53188133
2025-03-23 20:00:00,BTCUSDT,4h,2,up,0.4468723,0.46,0.013127714,0,0.46
2025-03-24 00:00:00,BTCUSDT,4h,2,up,0.441596,0.46,0.018404007,0,0.46
2025-03-24 04:00:00,BTCUSDT,4h,2,up,0.4443493,0.46,0.01565072,0,0.46
2025-03-24 08:00:00,BTCUSDT,4h,2,up,0.4411473,0.46,0.01885271,0,0.46
2025-03-24 12:00:00,BTCUSDT,4h,2,down,0.45897064,0.46,0.0010293722,0,0.46
2025-03-24 16:00:00,BTCUSDT,4h,2,down,0.4146977,0.46,0.0453023,0,0.46
2025-03-24 20:00:00,BTCUSDT,4h,1,down,0.55070496,0.46,0.09070495,1,0.55070496
2025-03-25 00:00:00,BTCUSDT,4h,1,down,0.67337394,0.46,0.21337393,1,0.67337394
2025-03-25 04:00:00,BTCUSDT,4h,1,up,0.5959271,0.46,0.13592711,1,0.5959271
2025-03-25 08:00:00,BTCUSDT,4h,2,up,0.4740349,0.46,0.014034897,0,0.46
2025-03-25 12:00:00,BTCUSDT,4h,2,up,0.4767895,0.46,0.016789496,0,0.46
2025-03-25 16:00:00,BTCUSDT,4h,0,down,0.36689076,0.46,0.09310925,1,0.36689076
2025-03-25 20:00:00,BTCUSDT,4h,1,down,0.6178251,0.46,0.15782508,1,0.6178251
2025-03-26 00:00:00,BTCUSDT,4h,1,up,0.66972196,0.46,0.20972195,1,0.66972196
2025-03-26 04:00:00,BTCUSDT,4h,2,down,0.43779987,0.46,0.022200137,0,0.46
2025-03-26 08:00:00,BTCUSDT,4h,1,down,0.54776543,0.46,0.087765425,1,0.54776543
2025-03-26 12:00:00,BTCUSDT,4h,2,down,0.52815187,0.46,0.06815186,0,0.46
2025-03-26 16:00:00,BTCUSDT,4h,2,up,0.52990603,0.46,0.069906026,0,0.46
2025-03-26 20:00:00,BTCUSDT,4h,1,up,0.5853062,0.46,0.12530622,1,0.5853062
2025-03-27 00:00:00,BTCUSDT,4h,2,down,0.43547025,0.46,0.024529755,0,0.46
2025-03-27 04:00:00,BTCUSDT,4h,2,down,0.50587726,0.46,0.045877248,0,0.46
2025-03-27 08:00:00,BTCUSDT,4h,1,up,0.58688605,0.46,0.12688604,1,0.58688605
2025-03-27 12:00:00,BTCUSDT,4h,2,up,0.48875684,0.46,0.028756827,0,0.46
2025-03-27 16:00:00,BTCUSDT,4h,1,up,0.559811,0.46,0.09981099,1,0.559811
2025-03-27 20:00:00,BTCUSDT,4h,2,down,0.50599116,0.46,0.045991153,0,0.46
2025-03-28 00:00:00,BTCUSDT,4h,1,down,0.5735283,0.46,0.11352828,1,0.5735283
2025-03-28 04:00:00,BTCUSDT,4h,2,up,0.47842607,0.46,0.01842606,0,0.46
2025-03-28 08:00:00,BTCUSDT,4h,2,down,0.47962508,0.46,0.019625068,0,0.46
2025-03-28 12:00:00,BTCUSDT,4h,2,down,0.5197039,0.46,0.059703916,0,0.46
2025-03-28 16:00:00,BTCUSDT,4h,1,up,0.60385406,0.46,0.14385405,1,0.60385406
2025-03-28 20:00:00,BTCUSDT,4h,2,down,0.45866376,0.46,0.0013362467,0,0.46
2025-03-29 00:00:00,BTCUSDT,4h,1,down,0.548646,0.46,0.088645965,1,0.548646
2025-03-29 04:00:00,BTCUSDT,4h,1,down,0.65263045,0.46,0.19263044,1,0.65263045
2025-03-29 08:00:00,BTCUSDT,4h,1,up,0.60521966,0.46,0.14521965,1,0.60521966
2025-03-29 12:00:00,BTCUSDT,4h,1,up,0.6127649,0.46,0.15276489,1,0.6127649
2025-03-29 16:00:00,BTCUSDT,4h,2,down,0.4290864,0.46,0.030913621,0,0.46
2025-03-29 20:00:00,BTCUSDT,4h,2,up,0.44249892,0.46,0.017501086,0,0.46
2025-03-30 00:00:00,BTCUSDT,4h,2,down,0.46726975,0.46,0.00726974,0,0.46
2025-03-30 04:00:00,BTCUSDT,4h,2,up,0.52003497,0.46,0.06003496,0,0.46
2025-03-30 08:00:00,BTCUSDT,4h,1,down,0.55090785,0.46,0.09090784,1,0.55090785
2025-03-30 12:00:00,BTCUSDT,4h,1,down,0.5814886,0.46,0.1214886,1,0.5814886
2025-03-30 16:00:00,BTCUSDT,4h,2,down,0.51655346,0.46,0.056553453,0,0.46
2025-03-30 20:00:00,BTCUSDT,4h,2,down,0.45214036,0.46,0.007859647,0,0.46
2025-03-31 00:00:00,BTCUSDT,4h,1,up,0.58375543,0.46,0.123755425,1,0.58375543
2025-03-31 04:00:00,BTCUSDT,4h,2,up,0.4918696,0.46,0.03186959,0,0.46
2025-03-31 08:00:00,BTCUSDT,4h,2,up,0.44362924,0.46,0.016370773,0,0.46
2025-03-31 12:00:00,BTCUSDT,4h,2,down,0.5295597,0.46,0.06955966,0,0.46
2025-03-31 16:00:00,BTCUSDT,4h,1,up,0.6131338,0.46,0.15313378,1,0.6131338
2025-03-31 20:00:00,BTCUSDT,4h,2,up,0.42390049,0.46,0.036099523,0,0.46
2025-04-01 00:00:00,BTCUSDT,4h,2,up,0.4692006,0.46,0.009200603,0,0.46
2025-04-01 04:00:00,BTCUSDT,4h,2,up,0.40134814,0.46,0.058651865,0,0.46
2025-04-01 08:00:00,BTCUSDT,4h,2,up,0.48957458,0.46,0.029574573,0,0.46
2025-04-01 12:00:00,BTCUSDT,4h,2,down,0.4660141,0.46,0.006014079,0,0.46
2025-04-01 16:00:00,BTCUSDT,4h,2,up,0.48404583,0.46,0.024045825,0,0.46
2025-04-01 20:00:00,BTCUSDT,4h,0,down,0.3738118,0.46,0.0861882,1,0.3738118
2025-04-02 00:00:00,BTCUSDT,4h,1,down,0.5964824,0.46,0.13648239,1,0.5964824
2025-04-02 04:00:00,BTCUSDT,4h,2,up,0.46052396,0.46,0.00052395463,0,0.46
2025-04-02 08:00:00,BTCUSDT,4h,1,up,0.56790376,0.46,0.10790375,1,0.56790376
2025-04-02 12:00:00,BTCUSDT,4h,2,up,0.4694413,0.46,0.009441286,0,0.46
2025-04-02 16:00:00,BTCUSDT,4h,0,down,0.36518934,0.46,0.094810665,1,0.36518934
2025-04-02 20:00:00,BTCUSDT,4h,1,up,0.5363981,0.46,0.076398104,1,0.5363981
2025-04-03 00:00:00,BTCUSDT,4h,2,down,0.49024743,0.46,0.03024742,0,0.46
2025-04-03 04:00:00,BTCUSDT,4h,2,down,0.5134759,0.46,0.053475887,0,0.46
2025-04-03 08:00:00,BTCUSDT,4h,1,down,0.6459914,0.46,0.18599138,1,0.6459914
2025-04-03 12:00:00,BTCUSDT,4h,2,down,0.5126353,0.46,0.052635282,0,0.46
2025-04-03 16:00:00,BTCUSDT,4h,1,up,0.5898439,0.46,0.12984392,1,0.5898439
2025-04-03 20:00:00,BTCUSDT,4h,2,down,0.40938756,0.46,0.05061245,0,0.46
2025-04-04 00:00:00,BTCUSDT,4h,1,up,0.55797195,0.46,0.097971946,1,0.55797195
2025-04-04 04:00:00,BTCUSDT,4h,2,down,0.43260878,0.46,0.027391225,0,0.46
2025-04-04 08:00:00,BTCUSDT,4h,1,up,0.5573402,0.46,0.0973402,1,0.5573402
2025-04-04 12:00:00,BTCUSDT,4h,2,up,0.46964136,0.46,0.009641349,0,0.46
2025-04-04 16:00:00,BTCUSDT,4h,2,down,0.41857967,0.46,0.04142034,0,0.46
2025-04-04 20:00:00,BTCUSDT,4h,2,down,0.52959806,0.46,0.06959805,0,0.46
2025-04-05 00:00:00,BTCUSDT,4h,2,down,0.52577114,0.46,0.06577113,0,0.46
2025-04-05 04:00:00,BTCUSDT,4h,1,down,0.5714451,0.46,0.1114451,1,0.5714451
2025-04-05 08:00:00,BTCUSDT,4h,1,down,0.6137672,0.46,0.1537672,1,0.6137672
2025-04-05 12:00:00,BTCUSDT,4h,1,up,0.57607025,0.46,0.11607024,1,0.57607025
2025-04-05 16:00:00,BTCUSDT,4h,1,up,0.5396654,0.46,0.07966539,1,0.5396654
2025-04-05 20:00:00,BTCUSDT,4h,2,down,0.42535418,0.46,0.034645826,0,0.46
2025-04-06 00:00:00,BTCUSDT,4h,1,down,0.5429868,0.46,0.0829868,1,0.5429868
2025-04-06 04:00:00,BTCUSDT,4h,1,down,0.5524397,0.46,0.09243968,1,0.5524397
2025-04-06 08:00:00,BTCUSDT,4h,1,down,0.59903985,0.46,0.13903984,1,0.59903985
2025-04-06 12:00:00,BTCUSDT,4h,1,down,0.54598296,0.46,0.08598295,1,0.54598296
2025-04-06 16:00:00,BTCUSDT,4h,2,down,0.5171492,0.46,0.0571492,0,0.46
2025-04-06 20:00:00,BTCUSDT,4h,1,down,0.5411337,0.46,0.08113369,1,0.5411337
2025-04-07 00:00:00,BTCUSDT,4h,1,down,0.59158385,0.46,0.13158384,1,0.59158385
2025-04-07 04:00:00,BTCUSDT,4h,1,up,0.58457476,0.46,0.12457475,1,0.58457476
2025-04-07 08:00:00,BTCUSDT,4h,2,up,0.49354607,0.46,0.03354606,0,0.46
2025-04-07 12:00:00,BTCUSDT,4h,2,down,0.47607008,0.46,0.016070068,0,0.46
2025-04-07 16:00:00,BTCUSDT,4h,1,up,0.5437189,0.46,0.083718866,1,0.5437189
2025-04-07 20:00:00,BTCUSDT,4h,2,up,0.4616531,0.46,0.001653105,0,0.46
2025-04-08 00:00:00,BTCUSDT,4h,2,down,0.45202452,0.46,0.007975489,0,0.46
2025-04-08 04:00:00,BTCUSDT,4h,1,up,0.5812591,0.46,0.12125906,1,0.5812591
2025-04-08 08:00:00,BTCUSDT,4h,0,down,0.36261195,0.46,0.09738806,1,0.36261195
2025-04-08 12:00:00,BTCUSDT,4h,1,down,0.59654766,0.46,0.13654765,1,0.59654766
2025-04-08 16:00:00,BTCUSDT,4h,1,down,0.558515,0.46,0.098515004,1,0.558515
2025-04-08 20:00:00,BTCUSDT,4h,1,down,0.6406493,0.46,0.18064931,1,0.6406493
2025-04-09 00:00:00,BTCUSDT,4h,1,up,0.6039093,0.46,0.1439093,1,0.6039093
2025-04-09 04:00:00,BTCUSDT,4h,2,down,0.45694932,0.46,0.003050685,0,0.46
2025-04-09 08:00:00,BTCUSDT,4h,1,up,0.5864039,0.46,0.1264039,1,0.5864039
2025-04-09 12:00:00,BTCUSDT,4h,2,up,0.5047452,0.46,0.044745177,0,0.46
2025-04-09 16:00:00,BTCUSDT,4h,2,up,0.4850047,0.46,0.025004685,0,0.46
2025-04-09 20:00:00,BTCUSDT,4h,2,down,0.5287332,0.46,0.068733186,0,0.46
2025-04-10 00:00:00,BTCUSDT,4h,1,down,0.6167436,0.46,0.15674362,1,0.6167436
2025-04-10 04:00:00,BTCUSDT,4h,1,up,0.62092954,0.46,0.16092953,1,0.62092954
2025-04-10 08:00:00,BTCUSDT,4h,2,down,0.43162307,0.46,0.028376937,0,0.46
2025-04-10 12:00:00,BTCUSDT,4h,1,up,0.601678,0.46,0.141678,1,0.601678
2025-04-10 16:00:00,BTCUSDT,4h,2,down,0.46405578,0.46,0.0040557683,0,0.46
2025-04-10 20:00:00,BTCUSDT,4h,1,up,0.58835787,0.46,0.12835786,1,0.58835787
2025-04-11 00:00:00,BTCUSDT,4h,2,up,0.4311321,0.46,0.0288679,0,0.46
2025-04-11 04:00:00,BTCUSDT,4h,2,up,0.44111496,0.46,0.018885046,0,0.46
2025-04-11 08:00:00,BTCUSDT,4h,0,up,0.359211,0.46,0.10078901,1,0.359211
2025-04-11 12:00:00,BTCUSDT,4h,0,up,0.33229876,0.46,0.12770125,1,0.33229876
2025-04-11 16:00:00,BTCUSDT,4h,0,down,0.3663312,0.46,0.09366882,1,0.3663312
2025-04-11 20:00:00,BTCUSDT,4h,2,down,0.5196889,0.46,0.059688896,0,0.46
2025-04-12 00:00:00,BTCUSDT,4h,2,up,0.51520574,0.46,0.055205733,0,0.46
2025-04-12 04:00:00,BTCUSDT,4h,2,down,0.39773017,0.46,0.062269837,0,0.46
2025-04-12 08:00:00,BTCUSDT,4h,2,up,0.48675832,0.46,0.026758313,0,0.46
2025-04-12 12:00:00,BTCUSDT,4h,0,down,0.36097753,0.46,0.09902248,1,0.36097753
2025-04-12 16:00:00,BTCUSDT,4h,0,up,0.36862463,0.46,0.09137538,1,0.36862463
2025-04-12 20:00:00,BTCUSDT,4h,2,up,0.42919537,0.46,0.030804634,0,0.46
2025-04-13 00:00:00,BTCUSDT,4h,0,down,0.38873222,0.46,0.07126778,1,0.38873222
2025-04-13 04:00:00,BTCUSDT,4h,1,up,0.6111877,0.46,0.15118769,1,0.6111877
2025-04-13 08:00:00,BTCUSDT,4h,1,down,0.5430752,0.46,0.083075196,1,0.5430752
2025-04-13 12:00:00,BTCUSDT,4h,1,up,0.5779092,0.46,0.11790916,1,0.5779092
2025-04-13 16:00:00,BTCUSDT,4h,2,down,0.49958318,0.46,0.039583176,0,0.46
2025-04-13 20:00:00,BTCUSDT,4h,1,up,0.553516,0.46,0.09351596,1,0.553516
2025-04-14 00:00:00,BTCUSDT,4h,2,up,0.5099126,0.46,0.0499126,0,0.46
2025-04-14 04:00:00,BTCUSDT,4h,2,up,0.50244576,0.46,0.04244575,0,0.46
2025-04-14 08:00:00,BTCUSDT,4h,2,down,0.4026562,0.46,0.05734381,0,0.46
2025-04-14 12:00:00,BTCUSDT,4h,1,up,0.60878855,0.46,0.14878854,1,0.60878855
2025-04-14 16:00:00,BTCUSDT,4h,2,down,0.43268636,0.46,0.02731365,0,0.46
2025-04-14 20:00:00,BTCUSDT,4h,1,up,0.5643426,0.46,0.10434261,1,0.5643426
2025-04-15 00:00:00,BTCUSDT,4h,2,up,0.43181774,0.46,0.028182268,0,0.46
2025-04-15 04:00:00,BTCUSDT,4h,2,down,0.40264183,0.46,0.057358176,0,0.46
2025-04-15 08:00:00,BTCUSDT,4h,2,down,0.46131837,0.46,0.0013183653,0,0.46
2025-04-15 12:00:00,BTCUSDT,4h,1,down,0.5860863,0.46,0.12608626,1,0.5860863
2025-04-15 16:00:00,BTCUSDT,4h,1,down,0.6026143,0.46,0.14261428,1,0.6026143
2025-04-15 20:00:00,BTCUSDT,4h,1,up,0.5986393,0.46,0.1386393,1,0.5986393
2025-04-16 00:00:00,BTCUSDT,4h,2,down,0.4468488,0.46,0.013151199,0,0.46
2025-04-16 04:00:00,BTCUSDT,4h,1,up,0.59814763,0.46,0.13814762,1,0.59814763
2025-04-16 08:00:00,BTCUSDT,4h,2,up,0.41175723,0.46,0.048242778,0,0.46
2025-04-16 12:00:00,BTCUSDT,4h,2,down,0.44575727,0.46,0.0142427385,0,0.46
2025-04-16 16:00:00,BTCUSDT,4h,2,down,0.47584346,0.46,0.015843451,0,0.46
2025-04-16 20:00:00,BTCUSDT,4h,1,down,0.58267254,0.46,0.12267253,1,0.58267254
2025-04-17 00:00:00,BTCUSDT,4h,1,up,0.57418054,0.46,0.114180535,1,0.57418054
2025-04-17 04:00:00,BTCUSDT,4h,2,down,0.4350732,0.46,0.024926811,0,0.46
2025-04-17 08:00:00,BTCUSDT,4h,2,down,0.42361978,0.46,0.03638023,0,0.46
2025-04-17 12:00:00,BTCUSDT,4h,2,up,0.39863288,0.46,0.061367124,0,0.46
2025-04-17 16:00:00,BTCUSDT,4h,2,up,0.47776145,0.46,0.01776144,0,0.46
2025-04-17 20:00:00,BTCUSDT,4h,2,down,0.44939348,0.46,0.010606527,0,0.46
2025-04-18 00:00:00,BTCUSDT,4h,1,down,0.5454197,0.46,0.085419685,1,0.5454197
2025-04-18 04:00:00,BTCUSDT,4h,2,up,0.48473755,0.46,0.024737537,0,0.46
2025-04-18 08:00:00,BTCUSDT,4h,2,down,0.45711645,0.46,0.0028835535,0,0.46
2025-04-18 12:00:00,BTCUSDT,4h,1,up,0.5966086,0.46,0.13660857,1,0.5966086
2025-04-18 16:00:00,BTCUSDT,4h,2,down,0.4559444,0.46,0.0040556192,0,0.46
2025-04-18 20:00:00,BTCUSDT,4h,1,up,0.5526622,0.46,0.092662185,1,0.5526622
2025-04-19 00:00:00,BTCUSDT,4h,2,up,0.4684852,0.46,0.008485198,0,0.46
2025-04-19 04:00:00,BTCUSDT,4h,2,up,0.4669595,0.46,0.006959498,0,0.46
2025-04-19 08:00:00,BTCUSDT,4h,2,down,0.4949322,0.46,0.034932196,0,0.46
2025-04-19 12:00:00,BTCUSDT,4h,2,down,0.4825344,0.46,0.0225344,0,0.46
2025-04-19 16:00:00,BTCUSDT,4h,2,down,0.4710496,0.46,0.011049598,0,0.46
2025-04-19 20:00:00,BTCUSDT,4h,1,up,0.5740801,0.46,0.1140801,1,0.5740801
2025-04-20 00:00:00,BTCUSDT,4h,2,down,0.48022836,0.46,0.020228356,0,0.46
2025-04-20 04:00:00,BTCUSDT,4h,1,down,0.5743472,0.46,0.11434719,1,0.5743472
2025-04-20 08:00:00,BTCUSDT,4h,1,up,0.589491,0.46,0.129491,1,0.589491
2025-04-20 12:00:00,BTCUSDT,4h,1,up,0.57404435,0.46,0.11404434,1,0.57404435
2025-04-20 16:00:00,BTCUSDT,4h,2,up,0.45889732,0.46,0.0011026859,0,0.46
2025-04-20 20:00:00,BTCUSDT,4h,2,up,0.4904901,0.46,0.0304901,0,0.46
2025-04-21 00:00:00,BTCUSDT,4h,1,up,0.5376767,0.46,0.07767668,1,0.5376767
2025-04-21 04:00:00,BTCUSDT,4h,2,down,0.3920541,0.46,0.0679459,0,0.46
2025-04-21 08:00:00,BTCUSDT,4h,2,up,0.47838384,0.46,0.01838383,0,0.46
2025-04-21 12:00:00,BTCUSDT,4h,2,down,0.46720928,0.46,0.007209271,0,0.46
2025-04-21 16:00:00,BTCUSDT,4h,2,up,0.4210695,0.46,0.038930506,0,0.46
2025-04-21 20:00:00,BTCUSDT,4h,0,up,0.3634243,0.46,0.09657571,1,0.3634243
2025-04-22 00:00:00,BTCUSDT,4h,2,up,0.42073834,0.46,0.03926167,0,0.46
2025-04-22 04:00:00,BTCUSDT,4h,0,up,0.3681704,0.46,0.0918296,1,0.3681704
2025-04-22 08:00:00,BTCUSDT,4h,0,up,0.37959242,0.46,0.08040759,1,0.37959242
2025-04-22 12:00:00,BTCUSDT,4h,1,up,0.5318846,0.46,0.0718846,1,0.5318846
2025-04-22 16:00:00,BTCUSDT,4h,2,up,0.4575914,0.46,0.002408594,0,0.46
2025-04-22 20:00:00,BTCUSDT,4h,2,down,0.5056044,0.46,0.045604378,0,0.46
2025-04-23 00:00:00,BTCUSDT,4h,2,up,0.47824627,0.46,0.018246263,0,0.46
2025-04-23 04:00:00,BTCUSDT,4h,0,down,0.38739383,0.46,0.072606176,1,0.38739383
2025-04-23 08:00:00,BTCUSDT,4h,1,down,0.64399105,0.46,0.18399104,1,0.64399105
2025-04-23 12:00:00,BTCUSDT,4h,2,up,0.50912803,0.46,0.049128026,0,0.46
2025-04-23 16:00:00,BTCUSDT,4h,2,up,0.52027327,0.46,0.06027326,0,0.46
2025-04-23 20:00:00,BTCUSDT,4h,0,down,0.37997308,0.46,0.080026925,1,0.37997308
2025-04-24 00:00:00,BTCUSDT,4h,1,down,0.65540475,0.46,0.19540474,1,0.65540475
2025-04-24 04:00:00,BTCUSDT,4h,1,up,0.6597212,0.46,0.19972119,1,0.6597212
2025-04-24 08:00:00,BTCUSDT,4h,2,up,0.45273304,0.46,0.0072669685,0,0.46
2025-04-24 12:00:00,BTCUSDT,4h,2,up,0.42538646,0.46,0.03461355,0,0.46
2025-04-24 16:00:00,BTCUSDT,4h,2,up,0.3942705,0.46,0.0657295,0,0.46
2025-04-24 20:00:00,BTCUSDT,4h,2,down,0.4123343,0.46,0.047665715,0,0.46
2025-04-25 00:00:00,BTCUSDT,4h,1,up,0.5514264,0.46,0.0914264,1,0.5514264
2025-04-25 04:00:00,BTCUSDT,4h,0,up,0.37971956,0.46,0.08028045,1,0.37971956
2025-04-25 08:00:00,BTCUSDT,4h,2,up,0.42123345,0.46,0.038766563,0,0.46
2025-04-25 12:00:00,BTCUSDT,4h,2,up,0.4020199,0.46,0.05798012,0,0.46
2025-04-25 16:00:00,BTCUSDT,4h,2,down,0.4193042,0.46,0.040695816,0,0.46
2025-04-25 20:00:00,BTCUSDT,4h,1,up,0.5842877,0.46,0.124287695,1,0.5842877
2025-04-26 00:00:00,BTCUSDT,4h,1,down,0.5618323,0.46,0.1018323,1,0.5618323
2025-04-26 04:00:00,BTCUSDT,4h,1,down,0.5973841,0.46,0.13738409,1,0.5973841
2025-04-26 08:00:00,BTCUSDT,4h,1,up,0.65327966,0.46,0.19327965,1,0.65327966
2025-04-26 12:00:00,BTCUSDT,4h,2,down,0.47966677,0.46,0.019666761,0,0.46
2025-04-26 16:00:00,BTCUSDT,4h,2,up,0.51518273,0.46,0.055182725,0,0.46
2025-04-26 20:00:00,BTCUSDT,4h,2,down,0.47457582,0.46,0.014575809,0,0.46
2025-04-27 00:00:00,BTCUSDT,4h,1,down,0.58923936,0.46,0.12923935,1,0.58923936
2025-04-27 04:00:00,BTCUSDT,4h,2,down,0.504529,0.46,0.04452899,0,0.46
2025-04-27 08:00:00,BTCUSDT,4h,1,down,0.6194189,0.46,0.15941891,1,0.6194189
2025-04-27 12:00:00,BTCUSDT,4h,1,up,0.55902255,0.46,0.09902254,1,0.55902255
2025-04-27 16:00:00,BTCUSDT,4h,2,down,0.4285786,0.46,0.031421423,0,0.46
2025-04-27 20:00:00,BTCUSDT,4h,1,up,0.6425632,0.46,0.18256322,1,0.6425632
2025-04-28 00:00:00,BTCUSDT,4h,2,up,0.4723008,0.46,0.012300789,0,0.46
2025-04-28 04:00:00,BTCUSDT,4h,2,up,0.48852026,0.46,0.028520256,0,0.46
2025-04-28 08:00:00,BTCUSDT,4h,2,down,0.51816195,0.46,0.058161944,0,0.46
2025-04-28 12:00:00,BTCUSDT,4h,1,up,0.53533185,0.46,0.07533184,1,0.53533185
2025-04-28 16:00:00,BTCUSDT,4h,2,up,0.4804013,0.46,0.020401299,0,0.46
2025-04-28 20:00:00,BTCUSDT,4h,2,down,0.4131475,0.46,0.0468525,0,0.46
2025-04-29 00:00:00,BTCUSDT,4h,1,up,0.5383244,0.46,0.07832441,1,0.5383244
2025-04-29 04:00:00,BTCUSDT,4h,2,up,0.42143762,0.46,0.038562387,0,0.46
2025-04-29 08:00:00,BTCUSDT,4h,2,down,0.40589175,0.46,0.054108262,0,0.46
2025-04-29 12:00:00,BTCUSDT,4h,2,up,0.51029676,0.46,0.050296754,0,0.46
2025-04-29 16:00:00,BTCUSDT,4h,2,down,0.43392348,0.46,0.026076525,0,0.46
2025-04-29 20:00:00,BTCUSDT,4h,1,up,0.5880009,0.46,0.12800089,1,0.5880009
2025-04-30 00:00:00,BTCUSDT,4h,2,down,0.4032208,0.46,0.056779206,0,0.46
2025-04-30 04:00:00,BTCUSDT,4h,1,up,0.56922257,0.46,0.10922256,1,0.56922257
2025-04-30 08:00:00,BTCUSDT,4h,2,down,0.4311688,0.46,0.028831214,0,0.46
2025-04-30 12:00:00,BTCUSDT,4h,2,up,0.48038748,0.46,0.02038747,0,0.46
2025-04-30 16:00:00,BTCUSDT,4h,2,up,0.4945222,0.46,0.034522206,0,0.46
2025-04-30 20:00:00,BTCUSDT,4h,1,up,0.53872967,0.46,0.07872966,1,0.53872967
2025-05-01 00:00:00,BTCUSDT,4h,2,up,0.47858045,0.46,0.018580437,0,0.46
2025-05-01 04:00:00,BTCUSDT,4h,2,up,0.41835397,0.46,0.041646034,0,0.46
2025-05-01 08:00:00,BTCUSDT,4h,2,up,0.44199112,0.46,0.018008888,0,0.46
2025-05-01 12:00:00,BTCUSDT,4h,2,down,0.41661507,0.46,0.04338494,0,0.46
2025-05-01 16:00:00,BTCUSDT,4h,1,down,0.56110084,0.46,0.10110083,1,0.56110084
2025-05-01 20:00:00,BTCUSDT,4h,0,up,0.36968,0.46,0.09032002,1,0.36968
2025-05-02 00:00:00,BTCUSDT,4h,0,down,0.3317172,0.46,0.12828282,1,0.3317172
2025-05-02 04:00:00,BTCUSDT,4h,1,up,0.5865367,0.46,0.1265367,1,0.5865367
2025-05-02 08:00:00,BTCUSDT,4h,0,up,0.38034302,0.46,0.07965699,1,0.38034302
2025-05-02 12:00:00,BTCUSDT,4h,2,down,0.43003568,0.46,0.029964328,0,0.46
2025-05-02 16:00:00,BTCUSDT,4h,1,down,0.556923,0.46,0.096922964,1,0.556923
2025-05-02 20:00:00,BTCUSDT,4h,2,down,0.45076236,0.46,0.009237647,0,0.46
2025-05-03 00:00:00,BTCUSDT,4h,1,down,0.59940886,0.46,0.13940886,1,0.59940886
2025-05-03 04:00:00,BTCUSDT,4h,1,down,0.57551813,0.46,0.11551812,1,0.57551813
2025-05-03 08:00:00,BTCUSDT,4h,1,up,0.6421835,0.46,0.18218347,1,0.6421835
2025-05-03 12:00:00,BTCUSDT,4h,2,down,0.45469013,0.46,0.00530988,0,0.46
2025-05-03 16:00:00,BTCUSDT,4h,2,down,0.42999008,0.46,0.030009925,0,0.46
2025-05-03 20:00:00,BTCUSDT,4h,1,down,0.5980213,0.46,0.13802132,1,0.5980213
2025-05-04 00:00:00,BTCUSDT,4h,1,up,0.59541726,0.46,0.13541725,1,0.59541726
2025-05-04 04:00:00,BTCUSDT,4h,1,down,0.5818019,0.46,0.12180188,1,0.5818019
2025-05-04 08:00:00,BTCUSDT,4h,1,up,0.59039295,0.46,0.13039294,1,0.59039295
2025-05-04 12:00:00,BTCUSDT,4h,2,up,0.5282901,0.46,0.068290085,0,0.46
2025-05-04 16:00:00,BTCUSDT,4h,2,down,0.46207777,0.46,0.0020777583,0,0.46
2025-05-04 20:00:00,BTCUSDT,4h,1,down,0.56423736,0.46,0.10423735,1,0.56423736
2025-05-05 00:00:00,BTCUSDT,4h,1,up,0.5330372,0.46,0.07303718,1,0.5330372
2025-05-05 04:00:00,BTCUSDT,4h,2,down,0.44025466,0.46,0.01974535,0,0.46
2025-05-05 08:00:00,BTCUSDT,4h,1,down,0.61672217,0.46,0.15672216,1,0.61672217
2025-05-05 12:00:00,BTCUSDT,4h,1,up,0.5411554,0.46,0.08115539,1,0.5411554
2025-05-05 16:00:00,BTCUSDT,4h,1,up,0.5308917,0.46,0.07089171,1,0.5308917
2025-05-05 20:00:00,BTCUSDT,4h,2,down,0.46568814,0.46,0.005688131,0,0.46
2025-05-06 00:00:00,BTCUSDT,4h,2,down,0.48419517,0.46,0.024195164,0,0.46
2025-05-06 04:00:00,BTCUSDT,4h,2,down,0.5099376,0.46,0.049937576,0,0.46
2025-05-06 08:00:00,BTCUSDT,4h,1,up,0.5826405,0.46,0.12264052,1,0.5826405
2025-05-06 12:00:00,BTCUSDT,4h,2,up,0.46485537,0.46,0.0048553646,0,0.46
2025-05-06 16:00:00,BTCUSDT,4h,2,up,0.4324813,0.46,0.02751872,0,0.46
2025-05-06 20:00:00,BTCUSDT,4h,2,down,0.51678455,0.46,0.05678454,0,0.46
2025-05-07 00:00:00,BTCUSDT,4h,2,up,0.5149709,0.46,0.05497089,0,0.46
2025-05-07 04:00:00,BTCUSDT,4h,0,up,0.32937604,0.46,0.13062397,1,0.32937604
2025-05-07 08:00:00,BTCUSDT,4h,0,down,0.3084206,0.46,0.15157941,1,0.3084206
2025-05-07 12:00:00,BTCUSDT,4h,2,down,0.44955802,0.46,0.010441989,0,0.46
2025-05-07 16:00:00,BTCUSDT,4h,1,up,0.5664605,0.46,0.10646048,1,0.5664605
2025-05-07 20:00:00,BTCUSDT,4h,2,up,0.42706686,0.46,0.032933146,0,0.46
2025-05-08 00:00:00,BTCUSDT,4h,2,up,0.45590067,0.46,0.0040993392,0,0.46
2025-05-08 04:00:00,BTCUSDT,4h,0,up,0.38631937,0.46,0.07368064,1,0.38631937
2025-05-08 08:00:00,BTCUSDT,4h,2,up,0.4315253,0.46,0.028474718,0,0.46
2025-05-08 12:00:00,BTCUSDT,4h,2,up,0.42744708,0.46,0.032552928,0,0.46
2025-05-08 16:00:00,BTCUSDT,4h,2,up,0.5025606,0.46,0.042560607,0,0.46
2025-05-08 20:00:00,BTCUSDT,4h,2,down,0.48469093,0.46,0.024690926,0,0.46
2025-05-09 00:00:00,BTCUSDT,4h,1,up,0.6416421,0.46,0.18164209,1,0.6416421
2025-05-09 04:00:00,BTCUSDT,4h,2,down,0.45963177,0.46,0.0003682375,0,0.46
2025-05-09 08:00:00,BTCUSDT,4h,1,down,0.53797305,0.46,0.07797304,1,0.53797305
2025-05-09 12:00:00,BTCUSDT,4h,2,up,0.50964355,0.46,0.049643546,0,0.46
2025-05-09 16:00:00,BTCUSDT,4h,2,down,0.4064501,0.46,0.053549916,0,0.46
2025-05-09 20:00:00,BTCUSDT,4h,1,up,0.56156194,0.46,0.101561934,1,0.56156194
2025-05-10 00:00:00,BTCUSDT,4h,0,up,0.36834157,0.46,0.09165844,1,0.36834157
2025-05-10 04:00:00,BTCUSDT,4h,2,down,0.41256928,0.46,0.047430724,0,0.46
2025-05-10 08:00:00,BTCUSDT,4h,1,down,0.55991894,0.46,0.09991893,1,0.55991894
2025-05-10 12:00:00,BTCUSDT,4h,1,up,0.5959252,0.46,0.1359252,1,0.5959252
2025-05-10 16:00:00,BTCUSDT,4h,1,up,0.59083754,0.46,0.13083753,1,0.59083754
2025-05-10 20:00:00,BTCUSDT,4h,2,down,0.4800072,0.46,0.020007193,0,0.46
2025-05-11 00:00:00,BTCUSDT,4h,2,down,0.49759093,0.46,0.03759092,0,0.46
2025-05-11 04:00:00,BTCUSDT,4h,1,up,0.61419356,0.46,0.15419355,1,0.61419356
2025-05-11 08:00:00,BTCUSDT,4h,2,down,0.46436527,0.46,0.0043652654,0,0.46
2025-05-11 12:00:00,BTCUSDT,4h,1,up,0.55463755,0.46,0.09463754,1,0.55463755
2025-05-11 16:00:00,BTCUSDT,4h,0,down,0.38496137,0.46,0.07503864,1,0.38496137
2025-05-11 20:00:00,BTCUSDT,4h,2,down,0.50098646,0.46,0.04098645,0,0.46
2025-05-12 00:00:00,BTCUSDT,4h,2,up,0.50913495,0.46,0.04913494,0,0.46
2025-05-12 04:00:00,BTCUSDT,4h,2,down,0.48318008,0.46,0.023180068,0,0.46
2025-05-12 08:00:00,BTCUSDT,4h,1,down,0.6524901,0.46,0.19249007,1,0.6524901
2025-05-12 12:00:00,BTCUSDT,4h,1,down,0.5402596,0.46,0.08025959,1,0.5402596
2025-05-12 16:00:00,BTCUSDT,4h,2,up,0.5043954,0.46,0.044395417,0,0.46
2025-05-12 20:00:00,BTCUSDT,4h,2,down,0.52939624,0.46,0.06939623,0,0.46
2025-05-13 00:00:00,BTCUSDT,4h,1,up,0.63079846,0.46,0.17079845,1,0.63079846
2025-05-13 04:00:00,BTCUSDT,4h,2,up,0.4752697,0.46,0.015269697,0,0.46
2025-05-13 08:00:00,BTCUSDT,4h,2,down,0.40785626,0.46,0.052143753,0,0.46
2025-05-13 12:00:00,BTCUSDT,4h,0,up,0.38762835,0.46,0.07237166,1,0.38762835
2025-05-13 16:00:00,BTCUSDT,4h,2,down,0.440135,0.46,0.019865006,0,0.46
2025-05-13 20:00:00,BTCUSDT,4h,1,down,0.5648901,0.46,0.10489008,1,0.5648901
2025-05-14 00:00:00,BTCUSDT,4h,1,up,0.56731874,0.46,0.10731873,1,0.56731874
2025-05-14 04:00:00,BTCUSDT,4h,2,up,0.49150938,0.46,0.03150937,0,0.46
2025-05-14 08:00:00,BTCUSDT,4h,2,down,0.40386662,0.46,0.05613339,0,0.46
2025-05-14 12:00:00,BTCUSDT,4h,2,down,0.48914495,0.46,0.029144943,0,0.46
2025-05-14 16:00:00,BTCUSDT,4h,2,up,0.447055,0.46,0.012944996,0,0.46
2025-05-14 20:00:00,BTCUSDT,4h,2,down,0.5199408,0.46,0.059940785,0,0.46
2025-05-15 00:00:00,BTCUSDT,4h,1,down,0.553679,0.46,0.09367898,1,0.553679
2025-05-15 04:00:00,BTCUSDT,4h,1,up,0.6168236,0.46,0.1568236,1,0.6168236
2025-05-15 08:00:00,BTCUSDT,4h,2,up,0.46410805,0.46,0.0041080415,0,0.46
2025-05-15 12:00:00,BTCUSDT,4h,2,down,0.44149318,0.46,0.018506825,0,0.46
2025-05-15 16:00:00,BTCUSDT,4h,2,up,0.44801286,0.46,0.01198715,0,0.46
2025-05-15 20:00:00,BTCUSDT,4h,2,up,0.42187974,0.46,0.03812027,0,0.46
2025-05-16 00:00:00,BTCUSDT,4h,2,down,0.43206412,0.46,0.027935892,0,0.46
2025-05-16 04:00:00,BTCUSDT,4h,1,down,0.55016744,0.46,0.09016743,1,0.55016744
2025-05-16 08:00:00,BTCUSDT,4h,2,up,0.46162364,0.46,0.0016236305,0,0.46
2025-05-16 12:00:00,BTCUSDT,4h,2,down,0.4079847,0.46,0.052015305,0,0.46
2025-05-16 16:00:00,BTCUSDT,4h,2,down,0.49737883,0.46,0.037378818,0,0.46
2025-05-16 20:00:00,BTCUSDT,4h,1,up,0.60194683,0.46,0.14194682,1,0.60194683
2025-05-17 00:00:00,BTCUSDT,4h,2,down,0.44078326,0.46,0.019216746,0,0.46
2025-05-17 04:00:00,BTCUSDT,4h,1,down,0.5963265,0.46,0.13632646,1,0.5963265
2025-05-17 08:00:00,BTCUSDT,4h,1,down,0.57134616,0.46,0.111346155,1,0.57134616
2025-05-17 12:00:00,BTCUSDT,4h,1,up,0.5397464,0.46,0.079746395,1,0.5397464
2025-05-17 16:00:00,BTCUSDT,4h,2,down,0.45686895,0.46,0.0031310618,0,0.46
2025-05-17 20:00:00,BTCUSDT,4h,2,up,0.52213824,0.46,0.06213823,0,0.46
2025-05-18 00:00:00,BTCUSDT,4h,2,up,0.42042613,0.46,0.039573878,0,0.46
2025-05-18 04:00:00,BTCUSDT,4h,2,down,0.43507594,0.46,0.02492407,0,0.46
2025-05-18 08:00:00,BTCUSDT,4h,2,up,0.49710482,0.46,0.037104815,0,0.46
2025-05-18 12:00:00,BTCUSDT,4h,1,down,0.5486741,0.46,0.0886741,1,0.5486741
2025-05-18 16:00:00,BTCUSDT,4h,1,up,0.5301427,0.46,0.070142716,1,0.5301427
2025-05-18 20:00:00,BTCUSDT,4h,2,down,0.4419686,0.46,0.018031418,0,0.46
2025-05-19 00:00:00,BTCUSDT,4h,1,down,0.5762,0.46,0.1162,1,0.5762
2025-05-19 04:00:00,BTCUSDT,4h,2,down,0.431261,0.46,0.028739005,0,0.46
2025-05-19 08:00:00,BTCUSDT,4h,1,up,0.62800443,0.46,0.16800442,1,0.62800443
2025-05-19 12:00:00,BTCUSDT,4h,2,up,0.4476521,0.46,0.012347907,0,0.46
2025-05-19 16:00:00,BTCUSDT,4h,2,up,0.3939635,0.46,0.06603652,0,0.46
2025-05-19 20:00:00,BTCUSDT,4h,0,up,0.3606311,0.46,0.0993689,1,0.3606311
2025-05-20 00:00:00,BTCUSDT,4h,1,down,0.5506124,0.46,0.09061238,1,0.5506124
2025-05-20 04:00:00,BTCUSDT,4h,1,up,0.58875823,0.46,0.12875822,1,0.58875823
2025-05-20 08:00:00,BTCUSDT,4h,2,up,0.44019696,0.46,0.019803047,0,0.46
2025-05-20 12:00:00,BTCUSDT,4h,2,up,0.41900182,0.46,0.04099819,0,0.46
2025-05-20 16:00:00,BTCUSDT,4h,0,down,0.36711094,0.46,0.09288907,1,0.36711094
2025-05-20 20:00:00,BTCUSDT,4h,0,down,0.30942088,0.46,0.15057912,1,0.30942088
2025-05-21 00:00:00,BTCUSDT,4h,0,down,0.33396497,0.46,0.12603503,1,0.33396497
2025-05-21 04:00:00,BTCUSDT,4h,1,up,0.5702491,0.46,0.11024907,1,0.5702491
2025-05-21 08:00:00,BTCUSDT,4h,2,up,0.40324917,0.46,0.056750834,0,0.46
2025-05-21 12:00:00,BTCUSDT,4h,2,down,0.44723082,0.46,0.012769192,0,0.46
2025-05-21 16:00:00,BTCUSDT,4h,0,up,0.36221355,0.46,0.09778646,1,0.36221355
2025-05-21 20:00:00,BTCUSDT,4h,2,up,0.40237695,0.46,0.05762306,0,0.46
2025-05-22 00:00:00,BTCUSDT,4h,2,down,0.45342964,0.46,0.006570369,0,0.46
2025-05-22 04:00:00,BTCUSDT,4h,2,down,0.47369447,0.46,0.013694465,0,0.46
2025-05-22 08:00:00,BTCUSDT,4h,0,up,0.31029147,0.46,0.14970854,1,0.31029147
2025-05-22 12:00:00,BTCUSDT,4h,2,down,0.39602512,0.46,0.06397489,0,0.46
2025-05-22 16:00:00,BTCUSDT,4h,2,up,0.51696336,0.46,0.056963354,0,0.46
2025-05-22 20:00:00,BTCUSDT,4h,0,down,0.34980026,0.46,0.11019975,1,0.34980026
2025-05-23 00:00:00,BTCUSDT,4h,1,down,0.62973666,0.46,0.16973665,1,0.62973666
2025-05-23 04:00:00,BTCUSDT,4h,1,down,0.5694469,0.46,0.10944691,1,0.5694469
2025-05-23 08:00:00,BTCUSDT,4h,1,down,0.6544584,0.46,0.1944584,1,0.6544584
2025-05-23 12:00:00,BTCUSDT,4h,2,down,0.51522946,0.46,0.055229455,0,0.46
2025-05-23 16:00:00,BTCUSDT,4h,1,down,0.61259025,0.46,0.15259025,1,0.61259025
2025-05-23 20:00:00,BTCUSDT,4h,1,up,0.63391274,0.46,0.17391273,1,0.63391274
2025-05-24 00:00:00,BTCUSDT,4h,2,down,0.4468201,0.46,0.013179898,0,0.46
2025-05-24 04:00:00,BTCUSDT,4h,1,up,0.64140886,0.46,0.18140885,1,0.64140886
2025-05-24 08:00:00,BTCUSDT,4h,2,down,0.4551856,0.46,0.004814416,0,0.46
2025-05-24 12:00:00,BTCUSDT,4h,2,up,0.47775638,0.46,0.017756373,0,0.46
2025-05-24 16:00:00,BTCUSDT,4h,2,down,0.49989733,0.46,0.039897323,0,0.46
2025-05-24 20:00:00,BTCUSDT,4h,1,up,0.58723575,0.46,0.12723574,1,0.58723575
2025-05-25 00:00:00,BTCUSDT,4h,2,down,0.4198669,0.46,0.04013312,0,0.46
2025-05-25 04:00:00,BTCUSDT,4h,1,down,0.60744095,0.46,0.14744094,1,0.60744095
2025-05-25 08:00:00,BTCUSDT,4h,2,down,0.47173777,0.46,0.011737764,0,0.46
2025-05-25 12:00:00,BTCUSDT,4h,1,up,0.5975405,0.46,0.13754049,1,0.5975405
2025-05-25 16:00:00,BTCUSDT,4h,2,up,0.42228758,0.46,0.037712425,0,0.46
2025-05-25 20:00:00,BTCUSDT,4h,2,up,0.4172974,0.46,0.042702615,0,0.46
2025-05-26 00:00:00,BTCUSDT,4h,2,up,0.42588866,0.46,0.03411135,0,0.46
2025-05-26 04:00:00,BTCUSDT,4h,0,down,0.3563251,0.46,0.10367492,1,0.3563251
2025-05-26 08:00:00,BTCUSDT,4h,2,up,0.48441687,0.46,0.024416864,0,0.46
2025-05-26 12:00:00,BTCUSDT,4h,0,down,0.34492308,0.46,0.11507693,1,0.34492308
2025-05-26 16:00:00,BTCUSDT,4h,1,up,0.56297654,0.46,0.10297653,1,0.56297654
2025-05-26 20:00:00,BTCUSDT,4h,1,down,0.56144917,0.46,0.10144916,1,0.56144917
2025-05-27 00:00:00,BTCUSDT,4h,2,up,0.47890034,0.46,0.018900335,0,0.46
2025-05-27 04:00:00,BTCUSDT,4h,2,up,0.44461697,0.46,0.015383035,0,0.46
2025-05-27 08:00:00,BTCUSDT,4h,2,up,0.50963897,0.46,0.049638957,0,0.46
2025-05-27 12:00:00,BTCUSDT,4h,2,down,0.43444017,0.46,0.025559843,0,0.46
2025-05-27 16:00:00,BTCUSDT,4h,1,down,0.5394846,0.46,0.07948461,1,0.5394846
2025-05-27 20:00:00,BTCUSDT,4h,1,down,0.62970513,0.46,0.16970512,1,0.62970513
2025-05-28 00:00:00,BTCUSDT,4h,1,down,0.5541131,0.46,0.09411308,1,0.5541131
2025-05-28 04:00:00,BTCUSDT,4h,1,up,0.5593075,0.46,0.09930751,1,0.5593075
2025-05-28 08:00:00,BTCUSDT,4h,2,down,0.4753076,0.46,0.015307605,0,0.46
2025-05-28 12:00:00,BTCUSDT,4h,2,down,0.46391276,0.46,0.003912747,0,0.46
2025-05-28 16:00:00,BTCUSDT,4h,1,up,0.61644524,0.46,0.15644524,1,0.61644524
2025-05-28 20:00:00,BTCUSDT,4h,2,up,0.42808202,0.46,0.03191799,0,0.46
2025-05-29 00:00:00,BTCUSDT,4h,2,down,0.47505432,0.46,0.015054315,0,0.46
2025-05-29 04:00:00,BTCUSDT,4h,2,up,0.4330972,0.46,0.026902795,0,0.46
2025-05-29 08:00:00,BTCUSDT,4h,2,down,0.4520968,0.46,0.007903218,0,0.46
2025-05-29 12:00:00,BTCUSDT,4h,1,down,0.53822035,0.46,0.07822034,1,0.53822035
2025-05-29 16:00:00,BTCUSDT,4h,1,down,0.6133955,0.46,0.1533955,1,0.6133955
2025-05-29 20:00:00,BTCUSDT,4h,1,up,0.5979237,0.46,0.13792369,1,0.5979237
2025-05-30 00:00:00,BTCUSDT,4h,2,down,0.4724521,0.46,0.012452096,0,0.46
2025-05-30 04:00:00,BTCUSDT,4h,1,up,0.62106586,0.46,0.16106585,1,0.62106586
2025-05-30 08:00:00,BTCUSDT,4h,2,down,0.4657596,0.46,0.005759597,0,0.46
2025-05-30 12:00:00,BTCUSDT,4h,1,down,0.53663075,0.46,0.07663074,1,0.53663075
2025-05-30 16:00:00,BTCUSDT,4h,2,down,0.50287265,0.46,0.042872638,0,0.46
2025-05-30 20:00:00,BTCUSDT,4h,1,down,0.6392318,0.46,0.1792318,1,0.6392318
2025-05-31 00:00:00,BTCUSDT,4h,1,up,0.55878496,0.46,0.09878495,1,0.55878496
2025-05-31 04:00:00,BTCUSDT,4h,1,down,0.53791875,0.46,0.07791874,1,0.53791875
2025-05-31 08:00:00,BTCUSDT,4h,1,up,0.6231119,0.46,0.1631119,1,0.6231119
2025-05-31 12:00:00,BTCUSDT,4h,2,up,0.47120827,0.46,0.011208266,0,0.46
2025-05-31 16:00:00,BTCUSDT,4h,2,down,0.4065392,0.46,0.053460807,0,0.46
2025-05-31 20:00:00,BTCUSDT,4h,2,down,0.5171658,0.46,0.05716577,0,0.46
2025-06-01 00:00:00,BTCUSDT,4h,2,down,0.46935052,0.46,0.009350508,0,0.46
2025-06-01 04:00:00,BTCUSDT,4h,1,down,0.5957271,0.46,0.13572708,1,0.5957271
2025-06-01 08:00:00,BTCUSDT,4h,1,up,0.53826267,0.46,0.07826266,1,0.53826267
2025-06-01 12:00:00,BTCUSDT,4h,2,up,0.43867058,0.46,0.021329433,0,0.46
2025-06-01 16:00:00,BTCUSDT,4h,2,up,0.43805426,0.46,0.021945745,0,0.46
2025-06-01 20:00:00,BTCUSDT,4h,2,down,0.4224193,0.46,0.0375807,0,0.46
2025-06-02 00:00:00,BTCUSDT,4h,2,up,0.50168455,0.46,0.041684538,0,0.46
2025-06-02 04:00:00,BTCUSDT,4h,2,down,0.4070607,0.46,0.052939296,0,0.46
2025-06-02 08:00:00,BTCUSDT,4h,1,up,0.5789588,0.46,0.1189588,1,0.5789588
2025-06-02 12:00:00,BTCUSDT,4h,2,down,0.48324057,0.46,0.023240566,0,0.46
2025-06-02 16:00:00,BTCUSDT,4h,2,up,0.49298933,0.46,0.032989323,0,0.46
2025-06-02 20:00:00,BTCUSDT,4h,2,down,0.44379294,0.46,0.01620707,0,0.46
2025-06-03 00:00:00,BTCUSDT,4h,1,down,0.53838754,0.46,0.07838753,1,0.53838754
2025-06-03 04:00:00,BTCUSDT,4h,1,up,0.5607381,0.46,0.10073808,1,0.5607381
2025-06-03 08:00:00,BTCUSDT,4h,2,up,0.46870646,0.46,0.00870645,0,0.46
2025-06-03 12:00:00,BTCUSDT,4h,2,down,0.484094,0.46,0.024093986,0,0.46
2025-06-03 16:00:00,BTCUSDT,4h,2,down,0.42627007,0.46,0.03372994,0,0.46
2025-06-03 20:00:00,BTCUSDT,4h,1,up,0.5731265,0.46,0.11312649,1,0.5731265
2025-06-04 00:00:00,BTCUSDT,4h,2,down,0.5157592,0.46,0.05575922,0,0.46
2025-06-04 04:00:00,BTCUSDT,4h,1,down,0.5715902,0.46,0.11159018,1,0.5715902
2025-06-04 08:00:00,BTCUSDT,4h,1,up,0.54529667,0.46,0.08529666,1,0.54529667
2025-06-04 12:00:00,BTCUSDT,4h,2,down,0.467594,0.46,0.0075939894,0,0.46
2025-06-04 16:00:00,BTCUSDT,4h,1,down,0.58825225,0.46,0.12825224,1,0.58825225
2025-06-04 20:00:00,BTCUSDT,4h,1,up,0.5932316,0.46,0.13323161,1,0.5932316
2025-06-05 00:00:00,BTCUSDT,4h,2,down,0.45729572,0.46,0.0027042925,0,0.46
2025-06-05 04:00:00,BTCUSDT,4h,1,up,0.5914456,0.46,0.13144562,1,0.5914456
2025-06-05 08:00:00,BTCUSDT,4h,2,down,0.44008866,0.46,0.019911349,0,0.46
2025-06-05 12:00:00,BTCUSDT,4h,2,down,0.5119104,0.46,0.05191037,0,0.46
2025-06-05 16:00:00,BTCUSDT,4h,2,down,0.5208799,0.46,0.060879916,0,0.46
2025-06-05 20:00:00,BTCUSDT,4h,2,up,0.48469323,0.46,0.02469322,0,0.46
2025-06-06 00:00:00,BTCUSDT,4h,2,up,0.4527937,0.46,0.0072063208,0,0.46
2025-06-06 04:00:00,BTCUSDT,4h,2,up,0.44912818,0.46,0.010871828,0,0.46
2025-06-06 08:00:00,BTCUSDT,4h,2,up,0.39423078,0.46,0.065769225,0,0.46
2025-06-06 12:00:00,BTCUSDT,4h,2,down,0.492889,0.46,0.03288898,0,0.46
2025-06-06 16:00:00,BTCUSDT,4h,1,up,0.6174592,0.46,0.15745917,1,0.6174592
2025-06-06 20:00:00,BTCUSDT,4h,2,up,0.49347982,0.46,0.03347981,0,0.46
2025-06-07 00:00:00,BTCUSDT,4h,2,down,0.39407068,0.46,0.06592932,0,0.46
2025-06-07 04:00:00,BTCUSDT,4h,2,up,0.4634564,0.46,0.003456384,0,0.46
2025-06-07 08:00:00,BTCUSDT,4h,2,up,0.4054819,0.46,0.054518104,0,0.46
2025-06-07 12:00:00,BTCUSDT,4h,2,up,0.42967615,0.46,0.030323863,0,0.46
2025-06-07 16:00:00,BTCUSDT,4h,2,down,0.39733085,0.46,0.06266916,0,0.46
2025-06-07 20:00:00,BTCUSDT,4h,1,down,0.5616528,0.46,0.10165277,1,0.5616528
2025-06-08 00:00:00,BTCUSDT,4h,1,down,0.54591644,0.46,0.08591643,1,0.54591644
2025-06-08 04:00:00,BTCUSDT,4h,1,up,0.60416174,0.46,0.14416173,1,0.60416174
2025-06-08 08:00:00,BTCUSDT,4h,2,up,0.44384193,0.46,0.016158074,0,0.46
2025-06-08 12:00:00,BTCUSDT,4h,2,up,0.4213609,0.46,0.0386391,0,0.46
2025-06-08 16:00:00,BTCUSDT,4h,2,down,0.41943341,0.46,0.040566593,0,0.46
2025-06-08 20:00:00,BTCUSDT,4h,2,down,0.5291594,0.46,0.06915942,0,0.46
2025-06-09 00:00:00,BTCUSDT,4h,2,down,0.5075097,0.46,0.0475097,0,0.46
2025-06-09 04:00:00,BTCUSDT,4h,2,up,0.43658546,0.46,0.023414552,0,0.46
2025-06-09 08:00:00,BTCUSDT,4h,2,down,0.5143606,0.46,0.0543606,0,0.46
2025-06-09 12:00:00,BTCUSDT,4h,2,up,0.39343137,0.46,0.06656864,0,0.46
2025-06-09 16:00:00,BTCUSDT,4h,2,up,0.41400665,0.46,0.045993358,0,0.46
2025-06-09 20:00:00,BTCUSDT,4h,2,down,0.45087287,0.46,0.00912714,0,0.46
2025-06-10 00:00:00,BTCUSDT,4h,1,down,0.64288443,0.46,0.18288442,1,0.64288443
2025-06-10 04:00:00,BTCUSDT,4h,1,up,0.56066865,0.46,0.10066864,1,0.56066865
2025-06-10 08:00:00,BTCUSDT,4h,2,down,0.45306602,0.46,0.006933987,0,0.46
2025-06-10 12:00:00,BTCUSDT,4h,2,up,0.46762833,0.46,0.0076283216,0,0.46
2025-06-10 16:00:00,BTCUSDT,4h,2,up,0.43136188,0.46,0.028638124,0,0.46
2025-06-10 20:00:00,BTCUSDT,4h,0,down,0.36812943,0.46,0.091870576,1,0.36812943
2025-06-11 00:00:00,BTCUSDT,4h,1,down,0.5771702,0.46,0.117170185,1,0.5771702
2025-06-11 04:00:00,BTCUSDT,4h,1,down,0.62151885,0.46,0.16151884,1,0.62151885
2025-06-11 08:00:00,BTCUSDT,4h,1,up,0.68000424,0.46,0.22000423,1,0.68000424
2025-06-11 12:00:00,BTCUSDT,4h,2,down,0.48606563,0.46,0.026065618,0,0.46
2025-06-11 16:00:00,BTCUSDT,4h,1,down,0.6380372,0.46,0.1780372,1,0.6380372
2025-06-11 20:00:00,BTCUSDT,4h,1,down,0.53616637,0.46,0.07616636,1,0.53616637
2025-06-12 00:00:00,BTCUSDT,4h,1,down,0.58630526,0.46,0.12630525,1,0.58630526
2025-06-12 04:00:00,BTCUSDT,4h,1,down,0.6140127,0.46,0.15401271,1,0.6140127
2025-06-12 08:00:00,BTCUSDT,4h,1,up,0.6469748,0.46,0.1869748,1,0.6469748
2025-06-12 12:00:00,BTCUSDT,4h,1,down,0.55918145,0.46,0.09918144,1,0.55918145
2025-06-12 16:00:00,BTCUSDT,4h,1,down,0.6158913,0.46,0.15589127,1,0.6158913
2025-06-12 20:00:00,BTCUSDT,4h,1,down,0.6031361,0.46,0.14313611,1,0.6031361
2025-06-13 00:00:00,BTCUSDT,4h,2,up,0.4872923,0.46,0.027292281,0,0.46
2025-06-13 04:00:00,BTCUSDT,4h,2,up,0.51895773,0.46,0.058957726,0,0.46
2025-06-13 08:00:00,BTCUSDT,4h,2,up,0.500775,0.46,0.04077497,0,0.46
2025-06-13 12:00:00,BTCUSDT,4h,2,down,0.43659353,0.46,0.023406476,0,0.46
2025-06-13 16:00:00,BTCUSDT,4h,1,up,0.5573312,0.46,0.097331196,1,0.5573312
2025-06-13 20:00:00,BTCUSDT,4h,2,down,0.43194008,0.46,0.02805993,0,0.46
2025-06-14 00:00:00,BTCUSDT,4h,1,down,0.5857571,0.46,0.12575707,1,0.5857571
2025-06-14 04:00:00,BTCUSDT,4h,1,up,0.55437785,0.46,0.094377846,1,0.55437785
2025-06-14 08:00:00,BTCUSDT,4h,2,down,0.46449012,0.46,0.0044901073,0,0.46
2025-06-14 12:00:00,BTCUSDT,4h,1,down,0.5497963,0.46,0.089796275,1,0.5497963
2025-06-14 16:00:00,BTCUSDT,4h,1,up,0.5528807,0.46,0.092880696,1,0.5528807
2025-06-14 20:00:00,BTCUSDT,4h,2,up,0.4221046,0.46,0.03789541,0,0.46
2025-06-15 00:00:00,BTCUSDT,4h,2,down,0.45847484,0.46,0.0015251637,0,0.46
2025-06-15 04:00:00,BTCUSDT,4h,2,down,0.49935883,0.46,0.039358824,0,0.46
2025-06-15 08:00:00,BTCUSDT,4h,1,up,0.58883995,0.46,0.12883994,1,0.58883995
2025-06-15 12:00:00,BTCUSDT,4h,2,down,0.4340925,0.46,0.025907516,0,0.46
2025-06-15 16:00:00,BTCUSDT,4h,1,up,0.5659964,0.46,0.1059964,1,0.5659964
2025-06-15 20:00:00,BTCUSDT,4h,2,up,0.39777052,0.46,0.062229484,0,0.46
2025-06-16 00:00:00,BTCUSDT,4h,0,up,0.38153693,0.46,0.07846308,1,0.38153693
2025-06-16 04:00:00,BTCUSDT,4h,2,down,0.47647774,0.46,0.016477734,0,0.46
2025-06-16 08:00:00,BTCUSDT,4h,2,up,0.46486852,0.46,0.0048685074,0,0.46
2025-06-16 12:00:00,BTCUSDT,4h,2,up,0.4833768,0.46,0.023376793,0,0.46
2025-06-16 16:00:00,BTCUSDT,4h,2,down,0.4410195,0.46,0.018980503,0,0.46
2025-06-16 20:00:00,BTCUSDT,4h,1,up,0.5432254,0.46,0.0832254,1,0.5432254
2025-06-17 00:00:00,BTCUSDT,4h,0,down,0.35162252,0.46,0.10837749,1,0.35162252
2025-06-17 04:00:00,BTCUSDT,4h,1,down,0.5848909,0.46,0.12489089,1,0.5848909
2025-06-17 08:00:00,BTCUSDT,4h,1,down,0.59070843,0.46,0.13070843,1,0.59070843
2025-06-17 12:00:00,BTCUSDT,4h,2,up,0.51194334,0.46,0.051943332,0,0.46
2025-06-17 16:00:00,BTCUSDT,4h,2,down,0.4649789,0.46,0.004978895,0,0.46
2025-06-17 20:00:00,BTCUSDT,4h,1,up,0.55802715,0.46,0.09802714,1,0.55802715
2025-06-18 00:00:00,BTCUSDT,4h,2,down,0.43594447,0.46,0.02405554,0,0.46
2025-06-18 04:00:00,BTCUSDT,4h,1,down,0.56165916,0.46,0.10165915,1,0.56165916
2025-06-18 08:00:00,BTCUSDT,4h,2,down,0.42480597,0.46,0.03519404,0,0.46
2025-06-18 12:00:00,BTCUSDT,4h,2,down,0.47230163,0.46,0.012301624,0,0.46
2025-06-18 16:00:00,BTCUSDT,4h,1,up,0.59640825,0.46,0.13640824,1,0.59640825
2025-06-18 20:00:00,BTCUSDT,4h,2,up,0.438697,0.46,0.021302998,0,0.46
2025-06-19 00:00:00,BTCUSDT,4h,2,down,0.4268594,0.46,0.0331406,0,0.46
2025-06-19 04:00:00,BTCUSDT,4h,1,up,0.5870583,0.46,0.1270583,1,0.5870583
2025-06-19 08:00:00,BTCUSDT,4h,1,down,0.5822064,0.46,0.12220642,1,0.5822064
2025-06-19 12:00:00,BTCUSDT,4h,1,up,0.62449956,0.46,0.16449955,1,0.62449956
2025-06-19 16:00:00,BTCUSDT,4h,1,up,0.53345966,0.46,0.073459655,1,0.53345966
2025-06-19 20:00:00,BTCUSDT,4h,2,down,0.47715944,0.46,0.017159432,0,0.46
2025-06-20 00:00:00,BTCUSDT,4h,2,up,0.46022543,0.46,0.00022542477,0,0.46
2025-06-20 04:00:00,BTCUSDT,4h,2,up,0.46766907,0.46,0.0076690614,0,0.46
2025-06-20 08:00:00,BTCUSDT,4h,2,down,0.49408194,0.46,0.034081936,0,0.46
2025-06-20 12:00:00,BTCUSDT,4h,1,down,0.5475684,0.46,0.08756837,1,0.5475684
2025-06-20 16:00:00,BTCUSDT,4h,2,down,0.47343022,0.46,0.013430208,0,0.46
2025-06-20 20:00:00,BTCUSDT,4h,1,up,0.57978255,0.46,0.11978254,1,0.57978255
2025-06-21 00:00:00,BTCUSDT,4h,2,down,0.5071533,0.46,0.047153264,0,0.46
2025-06-21 04:00:00,BTCUSDT,4h,2,up,0.4995003,0.46,0.039500296,0,0.46
2025-06-21 08:00:00,BTCUSDT,4h,2,down,0.44601294,0.46,0.013987064,0,0.46
2025-06-21 12:00:00,BTCUSDT,4h,1,down,0.55847406,0.46,0.098474056,1,0.55847406
2025-06-21 16:00:00,BTCUSDT,4h,1,down,0.6195342,0.46,0.15953419,1,0.6195342
2025-06-21 20:00:00,BTCUSDT,4h,2,up,0.48118004,0.46,0.021180034,0,0.46
2025-06-22 00:00:00,BTCUSDT,4h,1,up,0.54989725,0.46,0.089897245,1,0.54989725
2025-06-22 04:00:00,BTCUSDT,4h,2,up,0.49829647,0.46,0.03829646,0,0.46
2025-06-22 08:00:00,BTCUSDT,4h,2,down,0.4415662,0.46,0.01843381,0,0.46
2025-06-22 12:00:00,BTCUSDT,4h,2,down,0.51465744,0.46,0.05465743,0,0.46
2025-06-22 16:00:00,BTCUSDT,4h,1,up,0.5988328,0.46,0.13883278,1,0.5988328
2025-06-22 20:00:00,BTCUSDT,4h,2,up,0.47458264,0.46,0.014582634,0,0.46
2025-06-23 00:00:00,BTCUSDT,4h,2,up,0.42715594,0.46,0.032844067,0,0.46
2025-06-23 04:00:00,BTCUSDT,4h,2,down,0.3906787,0.46,0.069321305,0,0.46
2025-06-23 08:00:00,BTCUSDT,4h,1,up,0.59979653,0.46,0.13979653,1,0.59979653
2025-06-23 12:00:00,BTCUSDT,4h,2,up,0.48843107,0.46,0.028431058,0,0.46
2025-06-23 16:00:00,BTCUSDT,4h,2,up,0.47476235,0.46,0.014762342,0,0.46
2025-06-23 20:00:00,BTCUSDT,4h,2,down,0.48622632,0.46,0.026226312,0,0.46
2025-06-24 00:00:00,BTCUSDT,4h,2,up,0.5192634,0.46,0.05926338,0,0.46
2025-06-24 04:00:00,BTCUSDT,4h,2,up,0.47196916,0.46,0.011969149,0,0.46
2025-06-24 08:00:00,BTCUSDT,4h,0,up,0.36702746,0.46,0.09297255,1,0.36702746
2025-06-24 12:00:00,BTCUSDT,4h,0,up,0.35031918,0.46,0.10968083,1,0.35031918
2025-06-24 16:00:00,BTCUSDT,4h,2,up,0.40911204,0.46,0.050887972,0,0.46
2025-06-24 20:00:00,BTCUSDT,4h,0,up,0.30277112,0.46,0.15722889,1,0.30277112
2025-06-25 00:00:00,BTCUSDT,4h,0,up,0.38596237,0.46,0.07403764,1,0.38596237
2025-06-25 04:00:00,BTCUSDT,4h,0,up,0.3083704,0.46,0.1516296,1,0.3083704
2025-06-25 08:00:00,BTCUSDT,4h,0,down,0.343,0.46,0.11700001,1,0.343
2025-06-25 12:00:00,BTCUSDT,4h,2,up,0.48366463,0.46,0.023664623,0,0.46
2025-06-25 16:00:00,BTCUSDT,4h,2,down,0.40660825,0.46,0.053391755,0,0.46
2025-06-25 20:00:00,BTCUSDT,4h,2,up,0.4714852,0.46,0.011485189,0,0.46
2025-06-26 00:00:00,BTCUSDT,4h,0,down,0.3659209,0.46,0.09407911,1,0.3659209
2025-06-26 04:00:00,BTCUSDT,4h,2,down,0.42498443,0.46,0.035015583,0,0.46
2025-06-26 08:00:00,BTCUSDT,4h,1,down,0.5679209,0.46,0.107920915,1,0.5679209
2025-06-26 12:00:00,BTCUSDT,4h,2,up,0.3925845,0.46,0.067415506,0,0.46
2025-06-26 16:00:00,BTCUSDT,4h,2,down,0.39868993,0.46,0.061310083,0,0.46
2025-06-26 20:00:00,BTCUSDT,4h,1,up,0.63257754,0.46,0.17257753,1,0.63257754
2025-06-27 00:00:00,BTCUSDT,4h,2,down,0.4204373,0.46,0.039562702,0,0.46
2025-06-27 04:00:00,BTCUSDT,4h,1,up,0.6284981,0.46,0.16849807,1,0.6284981
2025-06-27 08:00:00,BTCUSDT,4h,2,up,0.4830256,0.46,0.023025602,0,0.46
2025-06-27 12:00:00,BTCUSDT,4h,2,down,0.47645643,0.46,0.016456425,0,0.46
2025-06-27 16:00:00,BTCUSDT,4h,1,up,0.6412531,0.46,0.1812531,1,0.6412531
2025-06-27 20:00:00,BTCUSDT,4h,2,up,0.52908754,0.46,0.069087535,0,0.46
2025-06-28 00:00:00,BTCUSDT,4h,2,up,0.42110577,0.46,0.038894236,0,0.46
2025-06-28 04:00:00,BTCUSDT,4h,2,down,0.43312055,0.46,0.02687946,0,0.46
2025-06-28 08:00:00,BTCUSDT,4h,2,up,0.47849408,0.46,0.01849407,0,0.46
2025-06-28 12:00:00,BTCUSDT,4h,2,down,0.4557695,0.46,0.0042304993,0,0.46
2025-06-28 16:00:00,BTCUSDT,4h,1,up,0.5747249,0.46,0.114724904,1,0.5747249
2025-06-28 20:00:00,BTCUSDT,4h,2,down,0.41081575,0.46,0.049184263,0,0.46
2025-06-29 00:00:00,BTCUSDT,4h,1,up,0.5478577,0.46,0.08785769,1,0.5478577
2025-06-29 04:00:00,BTCUSDT,4h,0,up,0.37479952,0.46,0.08520049,1,0.37479952
2025-06-29 08:00:00,BTCUSDT,4h,1,down,0.5524542,0.46,0.092454165,1,0.5524542
2025-06-29 12:00:00,BTCUSDT,4h,1,down,0.61134714,0.46,0.15134713,1,0.61134714
2025-06-29 16:00:00,BTCUSDT,4h,1,up,0.5879781,0.46,0.12797812,1,0.5879781
2025-06-29 20:00:00,BTCUSDT,4h,2,up,0.4983757,0.46,0.038375705,0,0.46
2025-06-30 00:00:00,BTCUSDT,4h,2,down,0.49354345,0.46,0.033543438,0,0.46
2025-06-30 04:00:00,BTCUSDT,4h,1,up,0.5984441,0.46,0.1384441,1,0.5984441
2025-06-30 08:00:00,BTCUSDT,4h,1,down,0.5628899,0.46,0.102889866,1,0.5628899
2025-06-30 12:00:00,BTCUSDT,4h,2,up,0.4961474,0.46,0.036147386,0,0.46
2025-06-30 16:00:00,BTCUSDT,4h,2,down,0.41682217,0.46,0.043177843,0,0.46
2025-06-30 20:00:00,BTCUSDT,4h,1,up,0.59570444,0.46,0.13570443,1,0.59570444
2025-07-01 00:00:00,BTCUSDT,4h,1,down,0.59160906,0.46,0.13160905,1,0.59160906
2025-07-01 04:00:00,BTCUSDT,4h,2,down,0.47765306,0.46,0.017653048,0,0.46
2025-07-01 08:00:00,BTCUSDT,4h,1,down,0.62020653,0.46,0.16020653,1,0.62020653
2025-07-01 12:00:00,BTCUSDT,4h,2,down,0.49913347,0.46,0.03913346,0,0.46
2025-07-01 16:00:00,BTCUSDT,4h,1,up,0.6177342,0.46,0.15773419,1,0.6177342
2025-07-01 20:00:00,BTCUSDT,4h,1,up,0.58273053,0.46,0.12273052,1,0.58273053
2025-07-02 00:00:00,BTCUSDT,4h,2,up,0.42557278,0.46,0.034427226,0,0.46
2025-07-02 04:00:00,BTCUSDT,4h,2,up,0.46368793,0.46,0.0036879182,0,0.46
2025-07-02 08:00:00,BTCUSDT,4h,2,up,0.48634896,0.46,0.026348948,0,0.46
2025-07-02 12:00:00,BTCUSDT,4h,2,up,0.5073624,0.46,0.047362417,0,0.46
2025-07-02 16:00:00,BTCUSDT,4h,2,down,0.4650018,0.46,0.0050017834,0,0.46
2025-07-02 20:00:00,BTCUSDT,4h,1,down,0.5716442,0.46,0.11164418,1,0.5716442
2025-07-03 00:00:00,BTCUSDT,4h,1,up,0.5515286,0.46,0.091528565,1,0.5515286
2025-07-03 04:00:00,BTCUSDT,4h,0,up,0.379265,0.46,0.080735,1,0.379265
2025-07-03 08:00:00,BTCUSDT,4h,2,down,0.47115093,0.46,0.011150926,0,0.46
2025-07-03 12:00:00,BTCUSDT,4h,2,up,0.50114274,0.46,0.041142732,0,0.46
2025-07-03 16:00:00,BTCUSDT,4h,0,down,0.3873921,0.46,0.072607905,1,0.3873921
2025-07-03 20:00:00,BTCUSDT,4h,1,down,0.60426354,0.46,0.14426354,1,0.60426354
2025-07-04 00:00:00,BTCUSDT,4h,2,down,0.5268448,0.46,0.06684479,0,0.46
2025-07-04 04:00:00,BTCUSDT,4h,1,up,0.64791405,0.46,0.18791404,1,0.64791405
2025-07-04 08:00:00,BTCUSDT,4h,1,down,0.5392526,0.46,0.07925257,1,0.5392526
2025-07-04 12:00:00,BTCUSDT,4h,1,down,0.5516168,0.46,0.09161678,1,0.5516168
2025-07-04 16:00:00,BTCUSDT,4h,1,up,0.55087185,0.46,0.09087184,1,0.55087185
2025-07-04 20:00:00,BTCUSDT,4h,1,up,0.5351905,0.46,0.075190514,1,0.5351905
2025-07-05 00:00:00,BTCUSDT,4h,2,down,0.45203868,0.46,0.007961333,0,0.46
2025-07-05 04:00:00,BTCUSDT,4h,1,up,0.5487319,0.46,0.088731915,1,0.5487319
2025-07-05 08:00:00,BTCUSDT,4h,2,down,0.4507197,0.46,0.009280294,0,0.46
2025-07-05 12:00:00,BTCUSDT,4h,1,up,0.55908495,0.46,0.09908494,1,0.55908495
2025-07-05 16:00:00,BTCUSDT,4h,2,up,0.42814183,0.46,0.031858176,0,0.46
2025-07-05 20:00:00,BTCUSDT,4h,2,down,0.42000252,0.46,0.03999749,0,0.46
2025-07-06 00:00:00,BTCUSDT,4h,1,down,0.57743204,0.46,0.11743203,1,0.57743204
2025-07-06 04:00:00,BTCUSDT,4h,1,up,0.53049344,0.46,0.07049343,1,0.53049344
2025-07-06 08:00:00,BTCUSDT,4h,2,up,0.49388796,0.46,0.033887953,0,0.46
2025-07-06 12:00:00,BTCUSDT,4h,2,down,0.51611537,0.46,0.05611536,0,0.46
2025-07-06 16:00:00,BTCUSDT,4h,2,up,0.5095695,0.46,0.049569517,0,0.46
2025-07-06 20:00:00,BTCUSDT,4h,2,up,0.47095802,0.46,0.010958016,0,0.46
2025-07-07 00:00:00,BTCUSDT,4h,2,down,0.4498254,0.46,0.010174602,0,0.46
2025-07-07 04:00:00,BTCUSDT,4h,2,down,0.4663456,0.46,0.0063456,0,0.46
2025-07-07 08:00:00,BTCUSDT,4h,1,down,0.55535746,0.46,0.09535745,1,0.55535746
2025-07-07 12:00:00,BTCUSDT,4h,1,down,0.53689414,0.46,0.076894134,1,0.53689414
2025-07-07 16:00:00,BTCUSDT,4h,1,up,0.53391474,0.46,0.07391474,1,0.53391474
2025-07-07 20:00:00,BTCUSDT,4h,2,down,0.48525807,0.46,0.025258064,0,0.46
2025-07-08 00:00:00,BTCUSDT,4h,2,up,0.5114954,0.46,0.051495403,0,0.46
2025-07-08 04:00:00,BTCUSDT,4h,2,up,0.44184187,0.46,0.018158138,0,0.46
2025-07-08 08:00:00,BTCUSDT,4h,2,down,0.4636989,0.46,0.0036988854,0,0.46
2025-07-08 12:00:00,BTCUSDT,4h,1,up,0.55801326,0.46,0.09801325,1,0.55801326
2025-07-08 16:00:00,BTCUSDT,4h,2,up,0.51796883,0.46,0.057968825,0,0.46
2025-07-08 20:00:00,BTCUSDT,4h,2,down,0.44979054,0.46,0.010209471,0,0.46
2025-07-09 00:00:00,BTCUSDT,4h,1,up,0.5444694,0.46,0.08446941,1,0.5444694
2025-07-09 04:00:00,BTCUSDT,4h,2,up,0.45391992,0.46,0.006080091,0,0.46
2025-07-09 08:00:00,BTCUSDT,4h,2,up,0.434516,0.46,0.025483996,0,0.46
2025-07-09 12:00:00,BTCUSDT,4h,2,up,0.5094181,0.46,0.049418062,0,0.46
2025-07-09 16:00:00,BTCUSDT,4h,2,down,0.50535154,0.46,0.045351535,0,0.46
2025-07-09 20:00:00,BTCUSDT,4h,2,down,0.41372415,0.46,0.046275854,0,0.46
2025-07-10 00:00:00,BTCUSDT,4h,2,up,0.4912579,0.46,0.031257898,0,0.46
2025-07-10 04:00:00,BTCUSDT,4h,2,down,0.41303432,0.46,0.04696569,0,0.46
2025-07-10 08:00:00,BTCUSDT,4h,1,up,0.5398934,0.46,0.07989338,1,0.5398934
2025-07-10 12:00:00,BTCUSDT,4h,0,up,0.34174818,0.46,0.11825183,1,0.34174818
2025-07-10 16:00:00,BTCUSDT,4h,2,up,0.44628346,0.46,0.013716549,0,0.46
2025-07-10 20:00:00,BTCUSDT,4h,1,up,0.5303576,0.46,0.07035759,1,0.5303576
2025-07-11 00:00:00,BTCUSDT,4h,2,up,0.44587165,0.46,0.014128357,0,0.46
2025-07-11 04:00:00,BTCUSDT,4h,1,up,0.531327,0.46,0.071327,1,0.531327
2025-07-11 08:00:00,BTCUSDT,4h,1,down,0.6705748,0.46,0.21057478,1,0.6705748
2025-07-11 12:00:00,BTCUSDT,4h,1,up,0.6199086,0.46,0.15990856,1,0.6199086
2025-07-11 16:00:00,BTCUSDT,4h,0,down,0.38150984,0.46,0.07849017,1,0.38150984
2025-07-11 20:00:00,BTCUSDT,4h,1,up,0.57956344,0.46,0.11956343,1,0.57956344
2025-07-12 00:00:00,BTCUSDT,4h,2,down,0.39094213,0.46,0.06905788,0,0.46
2025-07-12 04:00:00,BTCUSDT,4h,1,up,0.57611805,0.46,0.11611804,1,0.57611805
2025-07-12 08:00:00,BTCUSDT,4h,2,down,0.5016692,0.46,0.04166922,0,0.46
2025-07-12 12:00:00,BTCUSDT,4h,1,up,0.6044909,0.46,0.14449087,1,0.6044909
2025-07-12 16:00:00,BTCUSDT,4h,2,down,0.48155516,0.46,0.021555156,0,0.46
2025-07-12 20:00:00,BTCUSDT,4h,2,up,0.41430065,0.46,0.045699358,0,0.46
2025-07-13 00:00:00,BTCUSDT,4h,0,up,0.36883086,0.46,0.09116915,1,0.36883086
2025-07-13 04:00:00,BTCUSDT,4h,0,up,0.36789587,0.46,0.09210414,1,0.36789587
2025-07-13 08:00:00,BTCUSDT,4h,0,up,0.36588308,0.46,0.094116926,1,0.36588308
2025-07-13 12:00:00,BTCUSDT,4h,2,up,0.43226638,0.46,0.027733624,0,0.46
2025-07-13 16:00:00,BTCUSDT,4h,2,up,0.39154303,0.46,0.06845698,0,0.46
2025-07-13 20:00:00,BTCUSDT,4h,0,up,0.36587468,0.46,0.09412533,1,0.36587468
2025-07-14 00:00:00,BTCUSDT,4h,2,up,0.48862174,0.46,0.028621733,0,0.46
2025-07-14 04:00:00,BTCUSDT,4h,2,down,0.5052155,0.46,0.045215517,0,0.46
2025-07-14 08:00:00,BTCUSDT,4h,1,down,0.6277019,0.46,0.16770187,1,0.6277019
2025-07-14 12:00:00,BTCUSDT,4h,1,up,0.6012248,0.46,0.14122477,1,0.6012248
2025-07-14 16:00:00,BTCUSDT,4h,1,down,0.5324312,0.46,0.07243118,1,0.5324312
2025-07-14 20:00:00,BTCUSDT,4h,1,down,0.6482477,0.46,0.18824771,1,0.6482477
2025-07-15 00:00:00,BTCUSDT,4h,2,down,0.5004984,0.46,0.040498406,0,0.46
2025-07-15 04:00:00,BTCUSDT,4h,1,up,0.5733072,0.46,0.11330721,1,0.5733072
2025-07-15 08:00:00,BTCUSDT,4h,2,down,0.4419473,0.46,0.018052697,0,0.46
2025-07-15 12:00:00,BTCUSDT,4h,2,up,0.5072475,0.46,0.0472475,0,0.46
2025-07-15 16:00:00,BTCUSDT,4h,1,up,0.57686573,0.46,0.116865724,1,0.57686573
2025-07-15 20:00:00,BTCUSDT,4h,2,down,0.40293497,0.46,0.05706504,0,0.46
2025-07-16 00:00:00,BTCUSDT,4h,1,up,0.5386819,0.46,0.078681916,1,0.5386819
2025-07-16 04:00:00,BTCUSDT,4h,2,up,0.42369652,0.46,0.03630349,0,0.46
2025-07-16 08:00:00,BTCUSDT,4h,2,up,0.41978714,0.46,0.04021287,0,0.46
2025-07-16 12:00:00,BTCUSDT,4h,0,up,0.3798819,0.46,0.08011812,1,0.3798819
2025-07-16 16:00:00,BTCUSDT,4h,2,down,0.40422863,0.46,0.05577138,0,0.46
2025-07-16 20:00:00,BTCUSDT,4h,1,down,0.57320184,0.46,0.11320183,1,0.57320184
2025-07-17 00:00:00,BTCUSDT,4h,1,up,0.5675932,0.46,0.10759321,1,0.5675932
2025-07-17 04:00:00,BTCUSDT,4h,2,down,0.51191485,0.46,0.05191484,0,0.46
2025-07-17 08:00:00,BTCUSDT,4h,1,up,0.6023967,0.46,0.14239672,1,0.6023967
2025-07-17 12:00:00,BTCUSDT,4h,2,up,0.4475579,0.46,0.012442112,0,0.46
2025-07-17 16:00:00,BTCUSDT,4h,2,up,0.514281,0.46,0.054280967,0,0.46
2025-07-17 20:00:00,BTCUSDT,4h,2,up,0.5072359,0.46,0.047235876,0,0.46
2025-07-18 00:00:00,BTCUSDT,4h,2,down,0.40822598,0.46,0.051774025,0,0.46
2025-07-18 04:00:00,BTCUSDT,4h,1,down,0.55038434,0.46,0.090384334,1,0.55038434
2025-07-18 08:00:00,BTCUSDT,4h,2,down,0.42158678,0.46,0.038413227,0,0.46
2025-07-18 12:00:00,BTCUSDT,4h,1,down,0.5594227,0.46,0.09942266,1,0.5594227
2025-07-18 16:00:00,BTCUSDT,4h,1,up,0.6023166,0.46,0.14231661,1,0.6023166
2025-07-18 20:00:00,BTCUSDT,4h,2,up,0.43769887,0.46,0.022301137,0,0.46
2025-07-19 00:00:00,BTCUSDT,4h,2,down,0.3946305,0.46,0.06536952,0,0.46
2025-07-19 04:00:00,BTCUSDT,4h,2,up,0.5189876,0.46,0.058987588,0,0.46
2025-07-19 08:00:00,BTCUSDT,4h,2,down,0.4496722,0.46,0.010327816,0,0.46
2025-07-19 12:00:00,BTCUSDT,4h,2,down,0.47682595,0.46,0.016825944,0,0.46
2025-07-19 16:00:00,BTCUSDT,4h,2,down,0.4647326,0.46,0.004732579,0,0.46
2025-07-19 20:00:00,BTCUSDT,4h,2,up,0.49925897,0.46,0.039258957,0,0.46
2025-07-20 00:00:00,BTCUSDT,4h,2,up,0.46495065,0.46,0.0049506426,0,0.46
2025-07-20 04:00:00,BTCUSDT,4h,2,down,0.45815384,0.46,0.0018461645,0,0.46
2025-07-20 08:00:00,BTCUSDT,4h,2,up,0.5293308,0.46,0.06933078,0,0.46
2025-07-20 12:00:00,BTCUSDT,4h,2,down,0.521988,0.46,0.061987966,0,0.46
2025-07-20 16:00:00,BTCUSDT,4h,1,down,0.55279255,0.46,0.09279254,1,0.55279255
2025-07-20 20:00:00,BTCUSDT,4h,1,up,0.5338654,0.46,0.073865384,1,0.5338654
2025-07-21 00:00:00,BTCUSDT,4h,2,up,0.4343757,0.46,0.025624305,0,0.46
2025-07-21 04:00:00,BTCUSDT,4h,2,down,0.47378072,0.46,0.013780713,0,0.46
2025-07-21 08:00:00,BTCUSDT,4h,1,up,0.58209044,0.46,0.12209043,1,0.58209044
2025-07-21 12:00:00,BTCUSDT,4h,1,down,0.5387892,0.46,0.078789204,1,0.5387892
2025-07-21 16:00:00,BTCUSDT,4h,1,up,0.6028306,0.46,0.14283058,1,0.6028306
2025-07-21 20:00:00,BTCUSDT,4h,2,down,0.46849504,0.46,0.008495033,0,0.46
2025-07-22 00:00:00,BTCUSDT,4h,2,up,0.50330144,0.46,0.043301433,0,0.46
2025-07-22 04:00:00,BTCUSDT,4h,2,up,0.43029603,0.46,0.029703975,0,0.46
2025-07-22 08:00:00,BTCUSDT,4h,2,down,0.4308253,0.46,0.029174715,0,0.46
2025-07-22 12:00:00,BTCUSDT,4h,2,up,0.43621537,0.46,0.023784637,0,0.46
2025-07-22 16:00:00,BTCUSDT,4h,2,up,0.4631548,0.46,0.0031547844,0,0.46
2025-07-22 20:00:00,BTCUSDT,4h,0,down,0.34777987,0.46,0.11222014,1,0.34777987
2025-07-23 00:00:00,BTCUSDT,4h,1,down,0.6116192,0.46,0.15161917,1,0.6116192
2025-07-23 04:00:00,BTCUSDT,4h,1,up,0.6139226,0.46,0.15392259,1,0.6139226
2025-07-23 08:00:00,BTCUSDT,4h,2,up,0.45103604,0.46,0.008963972,0,0.46
2025-07-23 12:00:00,BTCUSDT,4h,2,down,0.44905528,0.46,0.010944724,0,0.46
2025-07-23 16:00:00,BTCUSDT,4h,2,up,0.4249516,0.46,0.035048395,0,0.46
2025-07-23 20:00:00,BTCUSDT,4h,0,down,0.37663266,0.46,0.08336735,1,0.37663266
2025-07-24 00:00:00,BTCUSDT,4h,1,down,0.585116,0.46,0.12511602,1,0.585116
2025-07-24 04:00:00,BTCUSDT,4h,2,up,0.4697289,0.46,0.009728879,0,0.46
2025-07-24 08:00:00,BTCUSDT,4h,2,up,0.4365704,0.46,0.023429602,0,0.46
2025-07-24 12:00:00,BTCUSDT,4h,2,down,0.4666701,0.46,0.0066700876,0,0.46
2025-07-24 16:00:00,BTCUSDT,4h,2,down,0.39677578,0.46,0.063224226,0,0.46
2025-07-24 20:00:00,BTCUSDT,4h,1,down,0.5962179,0.46,0.13621786,1,0.5962179
2025-07-25 00:00:00,BTCUSDT,4h,2,down,0.50009394,0.46,0.04009393,0,0.46
2025-07-25 04:00:00,BTCUSDT,4h,1,up,0.534525,0.46,0.07452497,1,0.534525
2025-07-25 08:00:00,BTCUSDT,4h,2,down,0.4824376,0.46,0.022437602,0,0.46
2025-07-25 12:00:00,BTCUSDT,4h,2,up,0.5066964,0.46,0.046696395,0,0.46
2025-07-25 16:00:00,BTCUSDT,4h,2,up,0.43551528,0.46,0.024484724,0,0.46
2025-07-25 20:00:00,BTCUSDT,4h,2,down,0.4068696,0.46,0.053130418,0,0.46
2025-07-26 00:00:00,BTCUSDT,4h,2,down,0.47631806,0.46,0.016318053,0,0.46
2025-07-26 04:00:00,BTCUSDT,4h,1,up,0.57245165,0.46,0.11245164,1,0.57245165
2025-07-26 08:00:00,BTCUSDT,4h,2,up,0.45250446,0.46,0.0074955523,0,0.46
2025-07-26 12:00:00,BTCUSDT,4h,0,up,0.36811408,0.46,0.091885924,1,0.36811408
2025-07-26 16:00:00,BTCUSDT,4h,0,down,0.38798076,0.46,0.07201925,1,0.38798076
2025-07-26 20:00:00,BTCUSDT,4h,1,up,0.5341999,0.46,0.074199885,1,0.5341999
2025-07-27 00:00:00,BTCUSDT,4h,2,down,0.44287935,0.46,0.01712066,0,0.46
2025-07-27 04:00:00,BTCUSDT,4h,1,down,0.60322237,0.46,0.14322236,1,0.60322237
2025-07-27 08:00:00,BTCUSDT,4h,2,up,0.44790852,0.46,0.012091488,0,0.46
2025-07-27 12:00:00,BTCUSDT,4h,2,up,0.41631544,0.46,0.043684572,0,0.46
2025-07-27 16:00:00,BTCUSDT,4h,2,up,0.47445053,0.46,0.01445052,0,0.46
2025-07-27 20:00:00,BTCUSDT,4h,2,down,0.41350356,0.46,0.04649645,0,0.46
2025-07-28 00:00:00,BTCUSDT,4h,2,down,0.42124987,0.46,0.03875014,0,0.46
2025-07-28 04:00:00,BTCUSDT,4h,1,down,0.53786504,0.46,0.077865034,1,0.53786504
2025-07-28 08:00:00,BTCUSDT,4h,2,down,0.46040452,0.46,0.00040450692,0,0.46
2025-07-28 12:00:00,BTCUSDT,4h,1,down,0.5790669,0.46,0.119066864,1,0.5790669
2025-07-28 16:00:00,BTCUSDT,4h,2,down,0.4422231,0.46,0.017776906,0,0.46
2025-07-28 20:00:00,BTCUSDT,4h,2,up,0.4880421,0.46,0.028042078,0,0.46
2025-07-29 00:00:00,BTCUSDT,4h,2,up,0.458781,0.46,0.0012190044,0,0.46
2025-07-29 04:00:00,BTCUSDT,4h,2,down,0.4891037,0.46,0.029103696,0,0.46
2025-07-29 08:00:00,BTCUSDT,4h,2,down,0.48118407,0.46,0.021184057,0,0.46
2025-07-29 12:00:00,BTCUSDT,4h,2,up,0.5151901,0.46,0.055190116,0,0.46
2025-07-29 16:00:00,BTCUSDT,4h,1,up,0.5517898,0.46,0.09178981,1,0.5517898
2025-07-29 20:00:00,BTCUSDT,4h,2,up,0.46146294,0.46,0.0014629364,0,0.46
2025-07-30 00:00:00,BTCUSDT,4h,2,down,0.42474532,0.46,0.035254687,0,0.46
2025-07-30 04:00:00,BTCUSDT,4h,2,down,0.43862206,0.46,0.02137795,0,0.46
2025-07-30 08:00:00,BTCUSDT,4h,1,up,0.5932094,0.46,0.13320938,1,0.5932094
2025-07-30 12:00:00,BTCUSDT,4h,1,down,0.5597544,0.46,0.09975436,1,0.5597544
2025-07-30 16:00:00,BTCUSDT,4h,2,up,0.5146345,0.46,0.05463448,0,0.46
2025-07-30 20:00:00,BTCUSDT,4h,2,up,0.45258915,0.46,0.007410854,0,0.46
2025-07-31 00:00:00,BTCUSDT,4h,2,up,0.45880798,0.46,0.0011920333,0,0.46
2025-07-31 04:00:00,BTCUSDT,4h,2,down,0.41180298,0.46,0.04819703,0,0.46
2025-07-31 08:00:00,BTCUSDT,4h,1,down,0.5596691,0.46,0.09966907,1,0.5596691
2025-07-31 12:00:00,BTCUSDT,4h,2,down,0.4902802,0.46,0.030280203,0,0.46
2025-07-31 16:00:00,BTCUSDT,4h,1,down,0.5909224,0.46,0.1309224,1,0.5909224
2025-07-31 20:00:00,BTCUSDT,4h,1,down,0.61821985,0.46,0.15821984,1,0.61821985
2025-08-01 00:00:00,BTCUSDT,4h,2,down,0.4984874,0.46,0.038487405,0,0.46
2025-08-01 04:00:00,BTCUSDT,4h,1,up,0.60977846,0.46,0.14977846,1,0.60977846
2025-08-01 08:00:00,BTCUSDT,4h,2,up,0.45731595,0.46,0.0026840568,0,0.46
2025-08-01 12:00:00,BTCUSDT,4h,2,down,0.4726027,0.46,0.012602687,0,0.46
2025-08-01 16:00:00,BTCUSDT,4h,1,down,0.62211394,0.46,0.16211393,1,0.62211394
2025-08-01 20:00:00,BTCUSDT,4h,1,up,0.58304685,0.46,0.123046845,1,0.58304685
2025-08-02 00:00:00,BTCUSDT,4h,2,up,0.48645714,0.46,0.02645713,0,0.46
2025-08-02 04:00:00,BTCUSDT,4h,2,down,0.4370818,0.46,0.022918195,0,0.46
2025-08-02 08:00:00,BTCUSDT,4h,2,down,0.49200267,0.46,0.032002658,0,0.46
2025-08-02 12:00:00,BTCUSDT,4h,1,down,0.6190416,0.46,0.15904161,1,0.6190416
2025-08-02 16:00:00,BTCUSDT,4h,1,up,0.60365117,0.46,0.14365116,1,0.60365117
2025-08-02 20:00:00,BTCUSDT,4h,1,up,0.55904,0.46,0.09904,1,0.55904
2025-08-03 00:00:00,BTCUSDT,4h,0,up,0.38730085,0.46,0.07269916,1,0.38730085
2025-08-03 04:00:00,BTCUSDT,4h,2,up,0.39651552,0.46,0.06348449,0,0.46
2025-08-03 08:00:00,BTCUSDT,4h,2,up,0.43986124,0.46,0.02013877,0,0.46
2025-08-03 12:00:00,BTCUSDT,4h,2,up,0.4063378,0.46,0.05366221,0,0.46
2025-08-03 16:00:00,BTCUSDT,4h,2,down,0.4309987,0.46,0.029001296,0,0.46
2025-08-03 20:00:00,BTCUSDT,4h,2,up,0.50462353,0.46,0.044623524,0,0.46
2025-08-04 00:00:00,BTCUSDT,4h,2,up,0.43579087,0.46,0.024209142,0,0.46
2025-08-04 04:00:00,BTCUSDT,4h,2,down,0.40126124,0.46,0.058738768,0,0.46
2025-08-04 08:00:00,BTCUSDT,4h,2,up,0.46946022,0.46,0.009460211,0,0.46
2025-08-04 12:00:00,BTCUSDT,4h,2,down,0.4687915,0.46,0.008791506,0,0.46
2025-08-04 16:00:00,BTCUSDT,4h,1,up,0.5384011,0.46,0.07840112,1,0.5384011
2025-08-04 20:00:00,BTCUSDT,4h,0,down,0.3683479,0.46,0.091652095,1,0.3683479
2025-08-05 00:00:00,BTCUSDT,4h,1,down,0.56007266,0.46,0.10007265,1,0.56007266
2025-08-05 04:00:00,BTCUSDT,4h,1,up,0.5724639,0.46,0.11246392,1,0.5724639
2025-08-05 08:00:00,BTCUSDT,4h,2,down,0.45392802,0.46,0.006071985,0,0.46
2025-08-05 12:00:00,BTCUSDT,4h,2,up,0.48306945,0.46,0.023069441,0,0.46
2025-08-05 16:00:00,BTCUSDT,4h,2,up,0.5287798,0.46,0.0687798,0,0.46
2025-08-05 20:00:00,BTCUSDT,4h,2,down,0.47087026,0.46,0.010870248,0,0.46
2025-08-06 00:00:00,BTCUSDT,4h,1,up,0.5910842,0.46,0.13108417,1,0.5910842
2025-08-06 04:00:00,BTCUSDT,4h,2,down,0.46787408,0.46,0.007874072,0,0.46
2025-08-06 08:00:00,BTCUSDT,4h,2,up,0.47059098,0.46,0.0105909705,0,0.46
2025-08-06 12:00:00,BTCUSDT,4h,2,down,0.47344366,0.46,0.013443649,0,0.46
2025-08-06 16:00:00,BTCUSDT,4h,2,down,0.4942785,0.46,0.034278482,0,0.46
2025-08-06 20:00:00,BTCUSDT,4h,2,down,0.50648475,0.46,0.04648474,0,0.46
2025-08-07 00:00:00,BTCUSDT,4h,1,up,0.57134056,0.46,0.11134055,1,0.57134056
2025-08-07 04:00:00,BTCUSDT,4h,2,up,0.4583231,0.46,0.0016769171,0,0.46
2025-08-07 08:00:00,BTCUSDT,4h,2,up,0.51033235,0.46,0.050332338,0,0.46
2025-08-07 12:00:00,BTCUSDT,4h,2,up,0.392664,0.46,0.06733602,0,0.46
2025-08-07 16:00:00,BTCUSDT,4h,2,up,0.39080504,0.46,0.06919497,0,0.46
2025-08-07 20:00:00,BTCUSDT,4h,0,down,0.35073388,0.46,0.10926613,1,0.35073388
2025-08-08 00:00:00,BTCUSDT,4h,1,up,0.5714793,0.46,0.11147931,1,0.5714793
2025-08-08 04:00:00,BTCUSDT,4h,2,up,0.4247255,0.46,0.035274506,0,0.46
2025-08-08 08:00:00,BTCUSDT,4h,2,down,0.43654114,0.46,0.023458868,0,0.46
2025-08-08 12:00:00,BTCUSDT,4h,1,up,0.5539242,0.46,0.093924195,1,0.5539242
2025-08-08 16:00:00,BTCUSDT,4h,1,up,0.578378,0.46,0.11837801,1,0.578378
2025-08-08 20:00:00,BTCUSDT,4h,1,down,0.5816853,0.46,0.1216853,1,0.5816853
2025-08-09 00:00:00,BTCUSDT,4h,1,up,0.585915,0.46,0.12591502,1,0.585915
2025-08-09 04:00:00,BTCUSDT,4h,2,up,0.49779427,0.46,0.037794262,0,0.46
2025-08-09 08:00:00,BTCUSDT,4h,2,down,0.512201,0.46,0.052201003,0,0.46
2025-08-09 12:00:00,BTCUSDT,4h,1,down,0.5322549,0.46,0.07225487,1,0.5322549
2025-08-09 16:00:00,BTCUSDT,4h,1,down,0.56151855,0.46,0.10151854,1,0.56151855
2025-08-09 20:00:00,BTCUSDT,4h,1,up,0.56685144,0.46,0.10685143,1,0.56685144
2025-08-10 00:00:00,BTCUSDT,4h,2,down,0.45584938,0.46,0.004150629,0,0.46
2025-08-10 04:00:00,BTCUSDT,4h,1,up,0.56377095,0.46,0.10377094,1,0.56377095
2025-08-10 08:00:00,BTCUSDT,4h,0,up,0.3800456,0.46,0.079954416,1,0.3800456
2025-08-10 12:00:00,BTCUSDT,4h,2,down,0.44936976,0.46,0.01063025,0,0.46
2025-08-10 16:00:00,BTCUSDT,4h,2,up,0.4218293,0.46,0.038170695,0,0.46
2025-08-10 20:00:00,BTCUSDT,4h,0,up,0.36068976,0.46,0.09931025,1,0.36068976
2025-08-11 00:00:00,BTCUSDT,4h,2,down,0.47652906,0.46,0.016529053,0,0.46
2025-08-11 04:00:00,BTCUSDT,4h,1,down,0.5940489,0.46,0.13404891,1,0.5940489
2025-08-11 08:00:00,BTCUSDT,4h,1,down,0.56049424,0.46,0.100494236,1,0.56049424
2025-08-11 12:00:00,BTCUSDT,4h,2,down,0.46422064,0.46,0.0042206347,0,0.46
2025-08-11 16:00:00,BTCUSDT,4h,1,down,0.64371103,0.46,0.18371102,1,0.64371103
2025-08-11 20:00:00,BTCUSDT,4h,1,up,0.54253626,0.46,0.08253625,1,0.54253626
2025-08-12 00:00:00,BTCUSDT,4h,1,up,0.603203,0.46,0.14320299,1,0.603203
2025-08-12 04:00:00,BTCUSDT,4h,2,down,0.49585447,0.46,0.03585446,0,0.46
2025-08-12 08:00:00,BTCUSDT,4h,1,up,0.6470787,0.46,0.18707868,1,0.6470787
2025-08-12 12:00:00,BTCUSDT,4h,2,down,0.48012403,0.46,0.020124018,0,0.46
2025-08-12 16:00:00,BTCUSDT,4h,2,up,0.49261177,0.46,0.032611758,0,0.46
2025-08-12 20:00:00,BTCUSDT,4h,2,down,0.4071042,0.46,0.052895814,0,0.46
2025-08-13 00:00:00,BTCUSDT,4h,1,up,0.5448208,0.46,0.08482078,1,0.5448208
2025-08-13 04:00:00,BTCUSDT,4h,2,up,0.4395782,0.46,0.020421803,0,0.46
2025-08-13 08:00:00,BTCUSDT,4h,2,up,0.44351017,0.46,0.016489834,0,0.46
2025-08-13 12:00:00,BTCUSDT,4h,2,up,0.4963415,0.46,0.03634149,0,0.46
2025-08-13 16:00:00,BTCUSDT,4h,2,up,0.39010787,0.46,0.06989214,0,0.46
2025-08-13 20:00:00,BTCUSDT,4h,0,up,0.3667757,0.46,0.09322432,1,0.3667757
2025-08-14 00:00:00,BTCUSDT,4h,2,down,0.51055455,0.46,0.050554544,0,0.46
2025-08-14 04:00:00,BTCUSDT,4h,1,down,0.60608906,0.46,0.14608905,1,0.60608906
2025-08-14 08:00:00,BTCUSDT,4h,1,down,0.66985273,0.46,0.20985273,1,0.66985273
2025-08-14 12:00:00,BTCUSDT,4h,2,down,0.4755926,0.46,0.015592605,0,0.46
2025-08-14 16:00:00,BTCUSDT,4h,1,up,0.56302685,0.46,0.10302684,1,0.56302685
2025-08-14 20:00:00,BTCUSDT,4h,2,up,0.44311976,0.46,0.016880244,0,0.46
2025-08-15 00:00:00,BTCUSDT,4h,2,down,0.42615858,0.46,0.03384143,0,0.46
2025-08-15 04:00:00,BTCUSDT,4h,2,up,0.46837398,0.46,0.008373976,0,0.46
2025-08-15 08:00:00,BTCUSDT,4h,2,down,0.4882789,0.46,0.028278887,0,0.46
2025-08-15 12:00:00,BTCUSDT,4h,1,down,0.5865046,0.46,0.12650457,1,0.5865046
2025-08-15 16:00:00,BTCUSDT,4h,1,up,0.6202387,0.46,0.16023871,1,0.6202387
2025-08-15 20:00:00,BTCUSDT,4h,1,up,0.55301166,0.46,0.09301165,1,0.55301166
2025-08-16 00:00:00,BTCUSDT,4h,2,up,0.514325,0.46,0.054325014,0,0.46
2025-08-16 04:00:00,BTCUSDT,4h,2,down,0.46659556,0.46,0.006595552,0,0.46
2025-08-16 08:00:00,BTCUSDT,4h,1,up,0.581376,0.46,0.12137601,1,0.581376
2025-08-16 12:00:00,BTCUSDT,4h,2,down,0.44648898,0.46,0.013511032,0,0.46
2025-08-16 16:00:00,BTCUSDT,4h,2,down,0.51369834,0.46,0.05369833,0,0.46
2025-08-16 20:00:00,BTCUSDT,4h,1,up,0.5759893,0.46,0.1159893,1,0.5759893
2025-08-17 00:00:00,BTCUSDT,4h,2,up,0.44201148,0.46,0.017988533,0,0.46
2025-08-17 04:00:00,BTCUSDT,4h,2,up,0.4002744,0.46,0.059725612,0,0.46
2025-08-17 08:00:00,BTCUSDT,4h,2,down,0.40142336,0.46,0.058576643,0,0.46
2025-08-17 12:00:00,BTCUSDT,4h,2,down,0.47309348,0.46,0.0130934715,0,0.46
2025-08-17 16:00:00,BTCUSDT,4h,1,down,0.55796593,0.46,0.097965926,1,0.55796593
2025-08-17 20:00:00,BTCUSDT,4h,1,down,0.5890474,0.46,0.12904736,1,0.5890474
2025-08-18 00:00:00,BTCUSDT,4h,2,down,0.44651303,0.46,0.013486981,0,0.46
2025-08-18 04:00:00,BTCUSDT,4h,1,down,0.55388486,0.46,0.093884856,1,0.55388486
2025-08-18 08:00:00,BTCUSDT,4h,1,up,0.572844,0.46,0.11284402,1,0.572844
2025-08-18 12:00:00,BTCUSDT,4h,2,up,0.47512084,0.46,0.015120834,0,0.46
2025-08-18 16:00:00,BTCUSDT,4h,2,down,0.49097463,0.46,0.030974627,0,0.46
2025-08-18 20:00:00,BTCUSDT,4h,1,down,0.5592,0.46,0.09919998,1,0.5592
2025-08-19 00:00:00,BTCUSDT,4h,1,up,0.61591434,0.46,0.15591434,1,0.61591434
2025-08-19 04:00:00,BTCUSDT,4h,1,up,0.5303506,0.46,0.07035062,1,0.5303506
2025-08-19 08:00:00,BTCUSDT,4h,2,down,0.47978148,0.46,0.01978147,0,0.46
2025-08-19 12:00:00,BTCUSDT,4h,2,down,0.521749,0.46,0.06174901,0,0.46
2025-08-19 16:00:00,BTCUSDT,4h,1,down,0.57562876,0.46,0.11562875,1,0.57562876
2025-08-19 20:00:00,BTCUSDT,4h,1,up,0.6097854,0.46,0.14978537,1,0.6097854
2025-08-20 00:00:00,BTCUSDT,4h,2,down,0.46366242,0.46,0.0036624074,0,0.46
2025-08-20 04:00:00,BTCUSDT,4h,1,up,0.5433286,0.46,0.083328575,1,0.5433286
2025-08-20 08:00:00,BTCUSDT,4h,2,down,0.5081786,0.46,0.048178583,0,0.46
2025-08-20 12:00:00,BTCUSDT,4h,2,up,0.5229487,0.46,0.062948674,0,0.46
2025-08-20 16:00:00,BTCUSDT,4h,2,down,0.4584108,0.46,0.0015892088,0,0.46
2025-08-20 20:00:00,BTCUSDT,4h,2,down,0.44251356,0.46,0.017486453,0,0.46
2025-08-21 00:00:00,BTCUSDT,4h,1,down,0.56541485,0.46,0.10541484,1,0.56541485
2025-08-21 04:00:00,BTCUSDT,4h,2,down,0.4554435,0.46,0.004556507,0,0.46
2025-08-21 08:00:00,BTCUSDT,4h,1,down,0.60697323,0.46,0.14697322,1,0.60697323
2025-08-21 12:00:00,BTCUSDT,4h,1,down,0.5982204,0.46,0.1382204,1,0.5982204
2025-08-21 16:00:00,BTCUSDT,4h,1,up,0.6010882,0.46,0.14108822,1,0.6010882
2025-08-21 20:00:00,BTCUSDT,4h,1,up,0.5588712,0.46,0.0988712,1,0.5588712
2025-08-22 00:00:00,BTCUSDT,4h,2,up,0.49329004,0.46,0.03329003,0,0.46
2025-08-22 04:00:00,BTCUSDT,4h,2,down,0.43745932,0.46,0.022540689,0,0.46
2025-08-22 08:00:00,BTCUSDT,4h,1,up,0.58959055,0.46,0.12959054,1,0.58959055
2025-08-22 12:00:00,BTCUSDT,4h,2,up,0.4897512,0.46,0.029751182,0,0.46
2025-08-22 16:00:00,BTCUSDT,4h,2,up,0.50050664,0.46,0.04050663,0,0.46
2025-08-22 20:00:00,BTCUSDT,4h,0,down,0.34921953,0.46,0.11078048,1,0.34921953
2025-08-23 00:00:00,BTCUSDT,4h,1,up,0.6010033,0.46,0.14100328,1,0.6010033
2025-08-23 04:00:00,BTCUSDT,4h,2,down,0.48893598,0.46,0.028935969,0,0.46
2025-08-23 08:00:00,BTCUSDT,4h,1,down,0.5994105,0.46,0.13941047,1,0.5994105
2025-08-23 12:00:00,BTCUSDT,4h,1,up,0.53690094,0.46,0.07690093,1,0.53690094
2025-08-23 16:00:00,BTCUSDT,4h,2,up,0.45636463,0.46,0.0036353767,0,0.46
2025-08-23 20:00:00,BTCUSDT,4h,2,down,0.4034898,0.46,0.05651021,0,0.46
2025-08-24 00:00:00,BTCUSDT,4h,1,down,0.53219223,0.46,0.07219222,1,0.53219223
2025-08-24 04:00:00,BTCUSDT,4h,1,down,0.5319313,0.46,0.07193127,1,0.5319313
2025-08-24 08:00:00,BTCUSDT,4h,1,down,0.58478856,0.46,0.12478855,1,0.58478856
2025-08-24 12:00:00,BTCUSDT,4h,1,down,0.5887365,0.46,0.12873647,1,0.5887365
2025-08-24 16:00:00,BTCUSDT,4h,1,up,0.5370567,0.46,0.077056676,1,0.5370567
2025-08-24 20:00:00,BTCUSDT,4h,2,down,0.46265802,0.46,0.0026580095,0,0.46
2025-08-25 00:00:00,BTCUSDT,4h,1,down,0.5495351,0.46,0.08953509,1,0.5495351
2025-08-25 04:00:00,BTCUSDT,4h,1,down,0.6193088,0.46,0.15930882,1,0.6193088
2025-08-25 08:00:00,BTCUSDT,4h,1,up,0.6046965,0.46,0.1446965,1,0.6046965
2025-08-25 12:00:00,BTCUSDT,4h,2,down,0.45554575,0.46,0.004454255,0,0.46
2025-08-25 16:00:00,BTCUSDT,4h,1,down,0.64054775,0.46,0.18054774,1,0.64054775
2025-08-25 20:00:00,BTCUSDT,4h,2,down,0.47780472,0.46,0.017804712,0,0.46
2025-08-26 00:00:00,BTCUSDT,4h,2,up,0.4843617,0.46,0.0243617,0,0.46
2025-08-26 04:00:00,BTCUSDT,4h,2,down,0.4841525,0.46,0.024152488,0,0.46
2025-08-26 08:00:00,BTCUSDT,4h,1,down,0.6135812,0.46,0.15358117,1,0.6135812
2025-08-26 12:00:00,BTCUSDT,4h,1,up,0.5431969,0.46,0.08319691,1,0.5431969
2025-08-26 16:00:00,BTCUSDT,4h,2,up,0.45212424,0.46,0.00787577,0,0.46
2025-08-26 20:00:00,BTCUSDT,4h,2,down,0.42136985,0.46,0.038630158,0,0.46
2025-08-27 00:00:00,BTCUSDT,4h,2,down,0.4308938,0.46,0.0291062,0,0.46
2025-08-27 04:00:00,BTCUSDT,4h,1,up,0.57680106,0.46,0.11680105,1,0.57680106
2025-08-27 08:00:00,BTCUSDT,4h,2,up,0.4195144,0.46,0.04048562,0,0.46
2025-08-27 12:00:00,BTCUSDT,4h,2,up,0.4606824,0.46,0.0006823838,0,0.46
2025-08-27 16:00:00,BTCUSDT,4h,2,down,0.43397197,0.46,0.026028037,0,0.46
2025-08-27 20:00:00,BTCUSDT,4h,1,up,0.56273806,0.46,0.10273805,1,0.56273806
2025-08-28 00:00:00,BTCUSDT,4h,2,up,0.44595575,0.46,0.014044255,0,0.46
2025-08-28 04:00:00,BTCUSDT,4h,2,down,0.45954576,0.46,0.000454247,0,0.46
2025-08-28 08:00:00,BTCUSDT,4h,1,down,0.56572884,0.46,0.105728835,1,0.56572884
2025-08-28 12:00:00,BTCUSDT,4h,1,down,0.5488669,0.46,0.08886692,1,0.5488669
2025-08-28 16:00:00,BTCUSDT,4h,1,up,0.599822,0.46,0.13982198,1,0.599822
2025-08-28 20:00:00,BTCUSDT,4h,2,down,0.4591333,0.46,0.00086671114,0,0.46
2025-08-29 00:00:00,BTCUSDT,4h,1,down,0.5754657,0.46,0.11546567,1,0.5754657
2025-08-29 04:00:00,BTCUSDT,4h,2,up,0.49863243,0.46,0.038632423,0,0.46
2025-08-29 08:00:00,BTCUSDT,4h,2,down,0.46389985,0.46,0.0038998425,0,0.46
2025-08-29 12:00:00,BTCUSDT,4h,1,down,0.53515756,0.46,0.07515755,1,0.53515756
2025-08-29 16:00:00,BTCUSDT,4h,1,up,0.6086229,0.46,0.1486229,1,0.6086229
2025-08-29 20:00:00,BTCUSDT,4h,2,up,0.45569834,0.46,0.004301667,0,0.46
2025-08-30 00:00:00,BTCUSDT,4h,2,up,0.42211667,0.46,0.03788334,0,0.46
2025-08-30 04:00:00,BTCUSDT,4h,2,up,0.4672073,0.46,0.0072073042,0,0.46
2025-08-30 08:00:00,BTCUSDT,4h,2,up,0.46591833,0.46,0.005918324,0,0.46
2025-08-30 12:00:00,BTCUSDT,4h,2,down,0.45762888,0.46,0.0023711324,0,0.46
2025-08-30 16:00:00,BTCUSDT,4h,2,down,0.44475955,0.46,0.015240461,0,0.46
2025-08-30 20:00:00,BTCUSDT,4h,2,up,0.44630653,0.46,0.013693482,0,0.46
2025-08-31 00:00:00,BTCUSDT,4h,2,down,0.4212469,0.46,0.038753122,0,0.46
2025-08-31 04:00:00,BTCUSDT,4h,1,down,0.5614038,0.46,0.1014038,1,0.5614038
2025-08-31 08:00:00,BTCUSDT,4h,1,up,0.59915185,0.46,0.13915184,1,0.59915185
2025-08-31 12:00:00,BTCUSDT,4h,2,up,0.43925706,0.46,0.020742953,0,0.46
2025-08-31 16:00:00,BTCUSDT,4h,2,down,0.46099287,0.46,0.0009928644,0,0.46
2025-08-31 20:00:00,BTCUSDT,4h,1,down,0.58770317,0.46,0.12770316,1,0.58770317
2025-09-01 00:00:00,BTCUSDT,4h,1,up,0.5504275,0.46,0.09042749,1,0.5504275
2025-09-01 04:00:00,BTCUSDT,4h,2,down,0.44440174,0.46,0.015598267,0,0.46
2025-09-01 08:00:00,BTCUSDT,4h,2,up,0.51059526,0.46,0.050595254,0,0.46
2025-09-01 12:00:00,BTCUSDT,4h,1,up,0.54045194,0.46,0.080451936,1,0.54045194
2025-09-01 16:00:00,BTCUSDT,4h,2,up,0.42519253,0.46,0.034807473,0,0.46
2025-09-01 20:00:00,BTCUSDT,4h,2,up,0.42997232,0.46,0.030027688,0,0.46
2025-09-02 00:00:00,BTCUSDT,4h,2,down,0.4968377,0.46,0.036837697,0,0.46
2025-09-02 04:00:00,BTCUSDT,4h,2,down,0.49804005,0.46,0.038040042,0,0.46
2025-09-02 08:00:00,BTCUSDT,4h,1,up,0.56249213,0.46,0.102492124,1,0.56249213
2025-09-02 12:00:00,BTCUSDT,4h,2,down,0.511127,0.46,0.051126987,0,0.46
2025-09-02 16:00:00,BTCUSDT,4h,2,up,0.3977479,0.46,0.062252104,0,0.46
2025-09-02 20:00:00,BTCUSDT,4h,0,down,0.3289033,0.46,0.13109672,1,0.3289033
2025-09-03 00:00:00,BTCUSDT,4h,2,up,0.52629805,0.46,0.06629804,0,0.46
2025-09-03 04:00:00,BTCUSDT,4h,0,up,0.3430654,0.46,0.1169346,1,0.3430654
2025-09-03 08:00:00,BTCUSDT,4h,2,up,0.423525,0.46,0.036475003,0,0.46
2025-09-03 12:00:00,BTCUSDT,4h,2,down,0.42090982,0.46,0.039090186,0,0.46
2025-09-03 16:00:00,BTCUSDT,4h,0,down,0.370772,0.46,0.089228004,1,0.370772
2025-09-03 20:00:00,BTCUSDT,4h,1,down,0.6013612,0.46,0.1413612,1,0.6013612
2025-09-04 00:00:00,BTCUSDT,4h,1,down,0.64377034,0.46,0.18377033,1,0.64377034
2025-09-04 04:00:00,BTCUSDT,4h,1,up,0.6247333,0.46,0.16473332,1,0.6247333
2025-09-04 08:00:00,BTCUSDT,4h,1,down,0.6394845,0.46,0.17948452,1,0.6394845
2025-09-04 12:00:00,BTCUSDT,4h,1,up,0.57571757,0.46,0.11571756,1,0.57571757
2025-09-04 16:00:00,BTCUSDT,4h,1,up,0.55785704,0.46,0.09785703,1,0.55785704
2025-09-04 20:00:00,BTCUSDT,4h,2,up,0.5193757,0.46,0.059375674,0,0.46
2025-09-05 00:00:00,BTCUSDT,4h,2,up,0.45392606,0.46,0.0060739517,0,0.46
2025-09-05 04:00:00,BTCUSDT,4h,2,down,0.48007557,0.46,0.02007556,0,0.46
2025-09-05 08:00:00,BTCUSDT,4h,1,down,0.53359544,0.46,0.073595434,1,0.53359544
2025-09-05 12:00:00,BTCUSDT,4h,1,up,0.59072757,0.46,0.13072756,1,0.59072757
2025-09-05 16:00:00,BTCUSDT,4h,2,down,0.48141465,0.46,0.021414638,0,0.46
2025-09-05 20:00:00,BTCUSDT,4h,1,up,0.58190954,0.46,0.12190953,1,0.58190954
2025-09-06 00:00:00,BTCUSDT,4h,2,down,0.46342367,0.46,0.003423661,0,0.46
2025-09-06 04:00:00,BTCUSDT,4h,1,down,0.5855812,0.46,0.12558118,1,0.5855812
2025-09-06 08:00:00,BTCUSDT,4h,2,down,0.5233044,0.46,0.063304394,0,0.46
2025-09-06 12:00:00,BTCUSDT,4h,1,down,0.62372476,0.46,0.16372475,1,0.62372476
2025-09-06 16:00:00,BTCUSDT,4h,1,up,0.61171466,0.46,0.15171465,1,0.61171466
2025-09-06 20:00:00,BTCUSDT,4h,2,up,0.50755024,0.46,0.04755023,0,0.46
2025-09-07 00:00:00,BTCUSDT,4h,2,up,0.4501961,0.46,0.009803921,0,0.46
2025-09-07 04:00:00,BTCUSDT,4h,2,up,0.42412835,0.46,0.035871655,0,0.46
2025-09-07 08:00:00,BTCUSDT,4h,2,up,0.45100015,0.46,0.008999854,0,0.46
2025-09-07 12:00:00,BTCUSDT,4h,2,down,0.42817056,0.46,0.031829447,0,0.46
2025-09-07 16:00:00,BTCUSDT,4h,2,down,0.4400572,0.46,0.01994282,0,0.46
2025-09-07 20:00:00,BTCUSDT,4h,2,down,0.5240125,0.46,0.0640125,0,0.46
2025-09-08 00:00:00,BTCUSDT,4h,2,up,0.501781,0.46,0.04178098,0,0.46
2025-09-08 04:00:00,BTCUSDT,4h,2,up,0.48525494,0.46,0.025254935,0,0.46
2025-09-08 08:00:00,BTCUSDT,4h,2,up,0.47520104,0.46,0.015201032,0,0.46
2025-09-08 12:00:00,BTCUSDT,4h,2,down,0.5137731,0.46,0.053773075,0,0.46
2025-09-08 16:00:00,BTCUSDT,4h,1,down,0.5782892,0.46,0.1182892,1,0.5782892
2025-09-08 20:00:00,BTCUSDT,4h,2,down,0.50613517,0.46,0.046135157,0,0.46
2025-09-09 00:00:00,BTCUSDT,4h,2,up,0.46951887,0.46,0.009518862,0,0.46
2025-09-09 04:00:00,BTCUSDT,4h,2,down,0.49012095,0.46,0.030120939,0,0.46
2025-09-09 08:00:00,BTCUSDT,4h,1,down,0.56529045,0.46,0.10529044,1,0.56529045
2025-09-09 12:00:00,BTCUSDT,4h,2,up,0.4749518,0.46,0.014951795,0,0.46
2025-09-09 16:00:00,BTCUSDT,4h,2,up,0.48297054,0.46,0.022970527,0,0.46
2025-09-09 20:00:00,BTCUSDT,4h,2,down,0.4651224,0.46,0.0051223934,0,0.46
2025-09-10 00:00:00,BTCUSDT,4h,2,up,0.40805942,0.46,0.05194059,0,0.46
2025-09-10 04:00:00,BTCUSDT,4h,2,down,0.46227628,0.46,0.0022762716,0,0.46
2025-09-10 08:00:00,BTCUSDT,4h,1,up,0.54203737,0.46,0.08203736,1,0.54203737
2025-09-10 12:00:00,BTCUSDT,4h,2,down,0.50302434,0.46,0.04302433,0,0.46
2025-09-10 16:00:00,BTCUSDT,4h,2,up,0.4106623,0.46,0.049337715,0,0.46
2025-09-10 20:00:00,BTCUSDT,4h,0,up,0.31299472,0.46,0.14700529,1,0.31299472
2025-09-11 00:00:00,BTCUSDT,4h,0,down,0.28487036,0.46,0.17512965,1,0.28487036
2025-09-11 04:00:00,BTCUSDT,4h,2,down,0.51271737,0.46,0.052717358,0,0.46
2025-09-11 08:00:00,BTCUSDT,4h,2,up,0.4528763,0.46,0.0071237087,0,0.46
2025-09-11 12:00:00,BTCUSDT,4h,2,up,0.41130096,0.46,0.04869905,0,0.46
2025-09-11 16:00:00,BTCUSDT,4h,2,up,0.4028003,0.46,0.057199717,0,0.46
2025-09-11 20:00:00,BTCUSDT,4h,2,down,0.41306695,0.46,0.046933055,0,0.46
2025-09-12 00:00:00,BTCUSDT,4h,1,down,0.5567769,0.46,0.09677687,1,0.5567769
2025-09-12 04:00:00,BTCUSDT,4h,2,down,0.5055345,0.46,0.04553452,0,0.46
2025-09-12 08:00:00,BTCUSDT,4h,1,up,0.60903436,0.46,0.14903435,1,0.60903436
2025-09-12 12:00:00,BTCUSDT,4h,2,up,0.44249734,0.46,0.017502666,0,0.46
2025-09-12 16:00:00,BTCUSDT,4h,2,down,0.45265818,0.46,0.007341832,0,0.46
2025-09-12 20:00:00,BTCUSDT,4h,1,down,0.53982496,0.46,0.079824954,1,0.53982496
2025-09-13 00:00:00,BTCUSDT,4h,2,down,0.4042289,0.46,0.055771112,0,0.46
2025-09-13 04:00:00,BTCUSDT,4h,1,up,0.60053545,0.46,0.14053544,1,0.60053545
2025-09-13 08:00:00,BTCUSDT,4h,2,down,0.45841703,0.46,0.0015829802,0,0.46
2025-09-13 12:00:00,BTCUSDT,4h,1,up,0.6092106,0.46,0.1492106,1,0.6092106
2025-09-13 16:00:00,BTCUSDT,4h,0,up,0.38501322,0.46,0.074986786,1,0.38501322
2025-09-13 20:00:00,BTCUSDT,4h,2,down,0.48234957,0.46,0.022349566,0,0.46
2025-09-14 00:00:00,BTCUSDT,4h,1,up,0.59168524,0.46,0.13168523,1,0.59168524
2025-09-14 04:00:00,BTCUSDT,4h,2,down,0.44062248,0.46,0.01937753,0,0.46
2025-09-14 08:00:00,BTCUSDT,4h,1,down,0.56755936,0.46,0.10755935,1,0.56755936
2025-09-14 12:00:00,BTCUSDT,4h,1,up,0.5996689,0.46,0.13966891,1,0.5996689
2025-09-14 16:00:00,BTCUSDT,4h,2,down,0.4599666,0.46,3.3408403e-05,0,0.46
2025-09-14 20:00:00,BTCUSDT,4h,1,up,0.62152,0.46,0.16151997,1,0.62152
2025-09-15 00:00:00,BTCUSDT,4h,2,up,0.47939768,0.46,0.019397676,0,0.46
2025-09-15 04:00:00,BTCUSDT,4h,2,down,0.5186919,0.46,0.05869189,0,0.46
2025-09-15 08:00:00,BTCUSDT,4h,2,down,0.5128036,0.46,0.052803606,0,0.46
2025-09-15 12:00:00,BTCUSDT,4h,2,up,0.509289,0.46,0.049289018,0,0.46
2025-09-15 16:00:00,BTCUSDT,4h,2,up,0.5038151,0.46,0.043815106,0,0.46
2025-09-15 20:00:00,BTCUSDT,4h,2,down,0.4885876,0.46,0.02858758,0,0.46
2025-09-16 00:00:00,BTCUSDT,4h,2,up,0.4253287,0.46,0.034671307,0,0.46
2025-09-16 04:00:00,BTCUSDT,4h,2,down,0.4637512,0.46,0.0037511885,0,0.46
2025-09-16 08:00:00,BTCUSDT,4h,1,up,0.5828606,0.46,0.12286058,1,0.5828606
2025-09-16 12:00:00,BTCUSDT,4h,2,up,0.44443968,0.46,0.015560329,0,0.46
2025-09-16 16:00:00,BTCUSDT,4h,2,down,0.5165968,0.46,0.056596786,0,0.46
2025-09-16 20:00:00,BTCUSDT,4h,2,down,0.40577042,0.46,0.054229587,0,0.46
2025-09-17 00:00:00,BTCUSDT,4h,1,up,0.55154,0.46,0.09154001,1,0.55154
2025-09-17 04:00:00,BTCUSDT,4h,2,down,0.49075806,0.46,0.030758053,0,0.46
2025-09-17 08:00:00,BTCUSDT,4h,1,down,0.618614,0.46,0.15861401,1,0.618614
2025-09-17 12:00:00,BTCUSDT,4h,1,down,0.5476685,0.46,0.08766851,1,0.5476685
2025-09-17 16:00:00,BTCUSDT,4h,2,up,0.4997586,0.46,0.039758593,0,0.46
2025-09-17 20:00:00,BTCUSDT,4h,2,up,0.4418854,0.46,0.018114597,0,0.46
2025-09-18 00:00:00,BTCUSDT,4h,2,down,0.4756577,0.46,0.015657693,0,0.46
2025-09-18 04:00:00,BTCUSDT,4h,1,down,0.56502783,0.46,0.105027825,1,0.56502783
2025-09-18 08:00:00,BTCUSDT,4h,1,up,0.5516694,0.46,0.09166941,1,0.5516694
2025-09-18 12:00:00,BTCUSDT,4h,2,down,0.46871164,0.46,0.008711636,0,0.46
2025-09-18 16:00:00,BTCUSDT,4h,2,down,0.4745782,0.46,0.014578193,0,0.46
2025-09-18 20:00:00,BTCUSDT,4h,2,down,0.52063984,0.46,0.06063983,0,0.46
2025-09-19 00:00:00,BTCUSDT,4h,1,down,0.585285,0.46,0.125285,1,0.585285
2025-09-19 04:00:00,BTCUSDT,4h,2,down,0.47025952,0.46,0.010259509,0,0.46
2025-09-19 08:00:00,BTCUSDT,4h,1,down,0.6173886,0.46,0.1573886,1,0.6173886
2025-09-19 12:00:00,BTCUSDT,4h,1,down,0.5523132,0.46,0.0923132,1,0.5523132
2025-09-19 16:00:00,BTCUSDT,4h,1,up,0.61825466,0.46,0.15825465,1,0.61825466
2025-09-19 20:00:00,BTCUSDT,4h,2,down,0.50999635,0.46,0.049996346,0,0.46
2025-09-20 00:00:00,BTCUSDT,4h,1,up,0.65137094,0.46,0.19137093,1,0.65137094
2025-09-20 04:00:00,BTCUSDT,4h,2,down,0.4608175,0.46,0.0008174777,0,0.46
2025-09-20 08:00:00,BTCUSDT,4h,2,up,0.45352706,0.46,0.006472945,0,0.46
2025-09-20 12:00:00,BTCUSDT,4h,2,down,0.44185182,0.46,0.018148184,0,0.46
2025-09-20 16:00:00,BTCUSDT,4h,1,down,0.562793,0.46,0.10279301,1,0.562793
2025-09-20 20:00:00,BTCUSDT,4h,1,down,0.5302188,0.46,0.07021877,1,0.5302188
2025-09-21 00:00:00,BTCUSDT,4h,2,up,0.47583503,0.46,0.015835017,0,0.46
2025-09-21 04:00:00,BTCUSDT,4h,2,down,0.39868984,0.46,0.061310172,0,0.46
2025-09-21 08:00:00,BTCUSDT,4h,2,down,0.48764428,0.46,0.027644277,0,0.46
2025-09-21 12:00:00,BTCUSDT,4h,1,down,0.550234,0.46,0.09023401,1,0.550234
2025-09-21 16:00:00,BTCUSDT,4h,2,down,0.47329336,0.46,0.013293356,0,0.46
2025-09-21 20:00:00,BTCUSDT,4h,1,down,0.59789485,0.46,0.13789484,1,0.59789485
2025-09-22 00:00:00,BTCUSDT,4h,2,down,0.49548608,0.46,0.035486072,0,0.46
2025-09-22 04:00:00,BTCUSDT,4h,2,up,0.4685668,0.46,0.008566797,0,0.46
2025-09-22 08:00:00,BTCUSDT,4h,2,down,0.50357646,0.46,0.04357645,0,0.46
2025-09-22 12:00:00,BTCUSDT,4h,1,down,0.5555484,0.46,0.09554842,1,0.5555484
2025-09-22 16:00:00,BTCUSDT,4h,1,up,0.58681834,0.46,0.12681833,1,0.58681834
2025-09-22 20:00:00,BTCUSDT,4h,2,down,0.4834212,0.46,0.023421198,0,0.46
2025-09-23 00:00:00,BTCUSDT,4h,2,up,0.50051755,0.46,0.04051754,0,0.46
2025-09-23 04:00:00,BTCUSDT,4h,2,down,0.44977686,0.46,0.01022315,0,0.46
2025-09-23 08:00:00,BTCUSDT,4h,2,down,0.42792088,0.46,0.03207913,0,0.46
2025-09-23 12:00:00,BTCUSDT,4h,2,down,0.45576084,0.46,0.0042391717,0,0.46
2025-09-23 16:00:00,BTCUSDT,4h,1,up,0.6116793,0.46,0.1516793,1,0.6116793
2025-09-23 20:00:00,BTCUSDT,4h,2,down,0.4696501,0.46,0.009650081,0,0.46
2025-09-24 00:00:00,BTCUSDT,4h,1,up,0.55530536,0.46,0.09530535,1,0.55530536
2025-09-24 04:00:00,BTCUSDT,4h,2,up,0.43930188,0.46,0.02069813,0,0.46
2025-09-24 08:00:00,BTCUSDT,4h,2,up,0.40449134,0.46,0.055508673,0,0.46
2025-09-24 12:00:00,BTCUSDT,4h,2,up,0.45986152,0.46,0.00013849139,0,0.46
2025-09-24 16:00:00,BTCUSDT,4h,2,down,0.4768946,0.46,0.016894579,0,0.46
2025-09-24 20:00:00,BTCUSDT,4h,2,down,0.5131055,0.46,0.053105503,0,0.46
2025-09-25 00:00:00,BTCUSDT,4h,1,down,0.55343413,0.46,0.093434125,1,0.55343413
2025-09-25 04:00:00,BTCUSDT,4h,1,down,0.5894775,0.46,0.12947747,1,0.5894775
2025-09-25 08:00:00,BTCUSDT,4h,1,up,0.6223226,0.46,0.16232261,1,0.6223226
2025-09-25 12:00:00,BTCUSDT,4h,2,down,0.4579216,0.46,0.002078414,0,0.46
2025-09-25 16:00:00,BTCUSDT,4h,2,down,0.5190593,0.46,0.059059292,0,0.46
2025-09-25 20:00:00,BTCUSDT,4h,1,up,0.6094166,0.46,0.1494166,1,0.6094166
2025-09-26 00:00:00,BTCUSDT,4h,2,down,0.5074897,0.46,0.047489673,0,0.46
2025-09-26 04:00:00,BTCUSDT,4h,2,down,0.49300417,0.46,0.033004165,0,0.46
2025-09-26 08:00:00,BTCUSDT,4h,2,down,0.5252598,0.46,0.065259784,0,0.46
2025-09-26 12:00:00,BTCUSDT,4h,1,up,0.6040812,0.46,0.1440812,1,0.6040812
2025-09-26 16:00:00,BTCUSDT,4h,1,up,0.57771164,0.46,0.11771163,1,0.57771164
2025-09-26 20:00:00,BTCUSDT,4h,2,down,0.43198317,0.46,0.028016835,0,0.46
2025-09-27 00:00:00,BTCUSDT,4h,2,down,0.47141546,0.46,0.011415452,0,0.46
2025-09-27 04:00:00,BTCUSDT,4h,2,down,0.5274045,0.46,0.06740448,0,0.46
2025-09-27 08:00:00,BTCUSDT,4h,2,up,0.47990802,0.46,0.019908011,0,0.46
2025-09-27 12:00:00,BTCUSDT,4h,2,up,0.44962236,0.46,0.0103776455,0,0.46
2025-09-27 16:00:00,BTCUSDT,4h,2,up,0.4405761,0.46,0.019423902,0,0.46
2025-09-27 20:00:00,BTCUSDT,4h,2,down,0.42624953,0.46,0.033750474,0,0.46
2025-09-28 00:00:00,BTCUSDT,4h,1,up,0.5598024,0.46,0.099802405,1,0.5598024
2025-09-28 04:00:00,BTCUSDT,4h,2,down,0.4232423,0.46,0.036757708,0,0.46
2025-09-28 08:00:00,BTCUSDT,4h,1,up,0.5428982,0.46,0.08289817,1,0.5428982
2025-09-28 12:00:00,BTCUSDT,4h,2,up,0.39440665,0.46,0.06559336,0,0.46
2025-09-28 16:00:00,BTCUSDT,4h,2,up,0.40314922,0.46,0.05685079,0,0.46
2025-09-28 20:00:00,BTCUSDT,4h,2,down,0.5214472,0.46,0.061447173,0,0.46
2025-09-29 00:00:00,BTCUSDT,4h,2,up,0.4431382,0.46,0.016861796,0,0.46
2025-09-29 04:00:00,BTCUSDT,4h,0,up,0.3501831,0.46,0.10981691,1,0.3501831
2025-09-29 08:00:00,BTCUSDT,4h,2,up,0.46009544,0.46,9.5427036e-05,0,0.46
2025-09-29 12:00:00,BTCUSDT,4h,2,up,0.45781583,0.46,0.0021841824,0,0.46
2025-09-29 16:00:00,BTCUSDT,4h,2,up,0.3908574,0.46,0.06914261,0,0.46
2025-09-29 20:00:00,BTCUSDT,4h,0,up,0.32294235,0.46,0.13705766,1,0.32294235
2025-09-30 00:00:00,BTCUSDT,4h,2,down,0.43221328,0.46,0.027786732,0,0.46
2025-09-30 04:00:00,BTCUSDT,4h,1,down,0.61284715,0.46,0.15284714,1,0.61284715
2025-09-30 08:00:00,BTCUSDT,4h,1,up,0.6109949,0.46,0.15099487,1,0.6109949
2025-09-30 12:00:00,BTCUSDT,4h,1,up,0.55750537,0.46,0.09750536,1,0.55750537
2025-09-30 16:00:00,BTCUSDT,4h,0,down,0.37834856,0.46,0.08165145,1,0.37834856
2025-09-30 20:00:00,BTCUSDT,4h,1,up,0.5313738,0.46,0.07137379,1,0.5313738
2025-10-01 00:00:00,BTCUSDT,4h,2,up,0.46857187,0.46,0.008571863,0,0.46
2025-10-01 04:00:00,BTCUSDT,4h,2,up,0.39276743,0.46,0.06723258,0,0.46
2025-10-01 08:00:00,BTCUSDT,4h,2,up,0.46509898,0.46,0.0050989687,0,0.46
2025-10-01 12:00:00,BTCUSDT,4h,2,up,0.39705768,0.46,0.062942326,0,0.46
2025-10-01 16:00:00,BTCUSDT,4h,2,up,0.41081575,0.46,0.049184263,0,0.46
2025-10-01 20:00:00,BTCUSDT,4h,0,up,0.38130292,0.46,0.078697085,1,0.38130292
2025-10-02 00:00:00,BTCUSDT,4h,2,down,0.47881472,0.46,0.018814713,0,0.46
2025-10-02 04:00:00,BTCUSDT,4h,2,up,0.50091565,0.46,0.04091564,0,0.46
2025-10-02 08:00:00,BTCUSDT,4h,0,up,0.3788427,0.46,0.0811573,1,0.3788427
2025-10-02 12:00:00,BTCUSDT,4h,0,up,0.3589956,0.46,0.10100442,1,0.3589956
2025-10-02 16:00:00,BTCUSDT,4h,2,down,0.41803104,0.46,0.04196897,0,0.46
2025-10-02 20:00:00,BTCUSDT,4h,2,down,0.42583185,0.46,0.034168154,0,0.46
2025-10-03 00:00:00,BTCUSDT,4h,2,down,0.3905114,0.46,0.069488615,0,0.46
2025-10-03 04:00:00,BTCUSDT,4h,1,up,0.67791986,0.46,0.21791986,1,0.67791986
2025-10-03 08:00:00,BTCUSDT,4h,2,up,0.4615962,0.46,0.0015961826,0,0.46
2025-10-03 12:00:00,BTCUSDT,4h,2,up,0.44984183,0.46,0.010158181,0,0.46
2025-10-03 16:00:00,BTCUSDT,4h,2,down,0.44757402,0.46,0.012425989,0,0.46
2025-10-03 20:00:00,BTCUSDT,4h,2,up,0.51835746,0.46,0.058357447,0,0.46
2025-10-04 00:00:00,BTCUSDT,4h,0,up,0.38171303,0.46,0.078286976,1,0.38171303
2025-10-04 04:00:00,BTCUSDT,4h,1,down,0.6157097,0.46,0.15570971,1,0.6157097
2025-10-04 08:00:00,BTCUSDT,4h,1,down,0.6263008,0.46,0.1663008,1,0.6263008
2025-10-04 12:00:00,BTCUSDT,4h,1,up,0.6329033,0.46,0.17290327,1,0.6329033
2025-10-04 16:00:00,BTCUSDT,4h,2,up,0.4200107,0.46,0.039989322,0,0.46
2025-10-04 20:00:00,BTCUSDT,4h,0,up,0.34911287,0.46,0.11088714,1,0.34911287
2025-10-05 00:00:00,BTCUSDT,4h,2,up,0.47321433,0.46,0.01321432,0,0.46
2025-10-05 04:00:00,BTCUSDT,4h,2,down,0.47239828,0.46,0.012398273,0,0.46
2025-10-05 08:00:00,BTCUSDT,4h,2,down,0.5247841,0.46,0.06478408,0,0.46
2025-10-05 12:00:00,BTCUSDT,4h,1,down,0.68015754,0.46,0.22015753,1,0.68015754
2025-10-05 16:00:00,BTCUSDT,4h,1,up,0.65054435,0.46,0.19054434,1,0.65054435
2025-10-05 20:00:00,BTCUSDT,4h,2,up,0.3987258,0.46,0.0612742,0,0.46
2025-10-06 00:00:00,BTCUSDT,4h,2,down,0.41180944,0.46,0.048190564,0,0.46
2025-10-06 04:00:00,BTCUSDT,4h,1,up,0.60822695,0.46,0.14822695,1,0.60822695
2025-10-06 08:00:00,BTCUSDT,4h,2,up,0.40162915,0.46,0.05837086,0,0.46
2025-10-06 12:00:00,BTCUSDT,4h,2,up,0.43481538,0.46,0.025184631,0,0.46
2025-10-06 16:00:00,BTCUSDT,4h,2,down,0.4427865,0.46,0.017213494,0,0.46
2025-10-06 20:00:00,BTCUSDT,4h,1,down,0.59151703,0.46,0.13151702,1,0.59151703
2025-10-07 00:00:00,BTCUSDT,4h,1,down,0.6007778,0.46,0.1407778,1,0.6007778
2025-10-07 04:00:00,BTCUSDT,4h,1,up,0.6427778,0.46,0.18277779,1,0.6427778
2025-10-07 08:00:00,BTCUSDT,4h,2,down,0.46779937,0.46,0.007799357,0,0.46
2025-10-07 12:00:00,BTCUSDT,4h,2,down,0.48067614,0.46,0.020676136,0,0.46
2025-10-07 16:00:00,BTCUSDT,4h,2,down,0.4951799,0.46,0.035179883,0,0.46
2025-10-07 20:00:00,BTCUSDT,4h,1,up,0.64328974,0.46,0.18328974,1,0.64328974
2025-10-08 00:00:00,BTCUSDT,4h,1,up,0.5744725,0.46,0.11447248,1,0.5744725
2025-10-08 04:00:00,BTCUSDT,4h,2,up,0.47176027,0.46,0.011760265,0,0.46
2025-10-08 08:00:00,BTCUSDT,4h,2,down,0.43870425,0.46,0.021295756,0,0.46
2025-10-08 12:00:00,BTCUSDT,4h,1,up,0.5706164,0.46,0.110616416,1,0.5706164
2025-10-08 16:00:00,BTCUSDT,4h,2,down,0.45188186,0.46,0.008118153,0,0.46
2025-10-08 20:00:00,BTCUSDT,4h,2,down,0.4571445,0.46,0.0028555095,0,0.46
2025-10-09 00:00:00,BTCUSDT,4h,1,down,0.5609237,0.46,0.10092369,1,0.5609237
2025-10-09 04:00:00,BTCUSDT,4h,1,up,0.58088845,0.46,0.12088844,1,0.58088845
2025-10-09 08:00:00,BTCUSDT,4h,2,down,0.4121701,0.46,0.047829896,0,0.46
2025-10-09 12:00:00,BTCUSDT,4h,1,down,0.5442566,0.46,0.08425662,1,0.5442566
2025-10-09 16:00:00,BTCUSDT,4h,2,up,0.4669543,0.46,0.0069542825,0,0.46
2025-10-09 20:00:00,BTCUSDT,4h,2,down,0.4486931,0.46,0.011306912,0,0.46
2025-10-10 00:00:00,BTCUSDT,4h,1,down,0.5843139,0.46,0.12431392,1,0.5843139
2025-10-10 04:00:00,BTCUSDT,4h,1,up,0.5596501,0.46,0.099650115,1,0.5596501
2025-10-10 08:00:00,BTCUSDT,4h,2,down,0.46223474,0.46,0.0022347271,0,0.46
2025-10-10 12:00:00,BTCUSDT,4h,2,down,0.5132201,0.46,0.053220063,0,0.46
2025-10-10 16:00:00,BTCUSDT,4h,1,down,0.53998977,0.46,0.07998976,1,0.53998977
2025-10-10 20:00:00,BTCUSDT,4h,2,down,0.52022666,0.46,0.06022665,0,0.46
2025-10-11 00:00:00,BTCUSDT,4h,2,down,0.52586496,0.46,0.06586495,0,0.46
2025-10-11 04:00:00,BTCUSDT,4h,1,up,0.63276345,0.46,0.17276344,1,0.63276345
2025-10-11 08:00:00,BTCUSDT,4h,2,down,0.46218744,0.46,0.0021874309,0,0.46
2025-10-11 12:00:00,BTCUSDT,4h,1,down,0.61815554,0.46,0.15815553,1,0.61815554
2025-10-11 16:00:00,BTCUSDT,4h,1,down,0.6225637,0.46,0.16256371,1,0.6225637
2025-10-11 20:00:00,BTCUSDT,4h,2,up,0.5250737,0.46,0.0650737,0,0.46
2025-10-12 00:00:00,BTCUSDT,4h,1,up,0.5420025,0.46,0.08200249,1,0.5420025
2025-10-12 04:00:00,BTCUSDT,4h,2,up,0.47535926,0.46,0.015359253,0,0.46
2025-10-12 08:00:00,BTCUSDT,4h,2,up,0.40593687,0.46,0.05406314,0,0.46
2025-10-12 12:00:00,BTCUSDT,4h,2,up,0.4137018,0.46,0.046298206,0,0.46
2025-10-12 16:00:00,BTCUSDT,4h,2,up,0.45578143,0.46,0.0042185783,0,0.46
2025-10-12 20:00:00,BTCUSDT,4h,2,down,0.44910857,0.46,0.0108914375,0,0.46
2025-10-13 00:00:00,BTCUSDT,4h,1,up,0.548514,0.46,0.088514,1,0.548514
2025-10-13 04:00:00,BTCUSDT,4h,2,down,0.4038508,0.46,0.056149215,0,0.46
2025-10-13 08:00:00,BTCUSDT,4h,1,up,0.55435395,0.46,0.094353944,1,0.55435395
2025-10-13 12:00:00,BTCUSDT,4h,1,up,0.5475059,0.46,0.08750591,1,0.5475059
2025-10-13 16:00:00,BTCUSDT,4h,2,down,0.43127352,0.46,0.028726488,0,0.46
2025-10-13 20:00:00,BTCUSDT,4h,1,down,0.60328114,0.46,0.14328113,1,0.60328114
2025-10-14 00:00:00,BTCUSDT,4h,1,down,0.58287436,0.46,0.12287435,1,0.58287436
2025-10-14 04:00:00,BTCUSDT,4h,1,down,0.62268627,0.46,0.16268626,1,0.62268627
2025-10-14 08:00:00,BTCUSDT,4h,1,up,0.5446112,0.46,0.08461121,1,0.5446112
2025-10-14 12:00:00,BTCUSDT,4h,2,down,0.44798028,0.46,0.012019724,0,0.46
2025-10-14 16:00:00,BTCUSDT,4h,2,up,0.46351036,0.46,0.003510356,0,0.46
2025-10-14 20:00:00,BTCUSDT,4h,2,down,0.4861098,0.46,0.026109785,0,0.46
2025-10-15 00:00:00,BTCUSDT,4h,1,up,0.6441226,0.46,0.18412259,1,0.6441226
2025-10-15 04:00:00,BTCUSDT,4h,2,down,0.47385523,0.46,0.013855219,0,0.46
2025-10-15 08:00:00,BTCUSDT,4h,1,down,0.60052323,0.46,0.14052323,1,0.60052323
2025-10-15 12:00:00,BTCUSDT,4h,1,up,0.5936239,0.46,0.13362387,1,0.5936239
2025-10-15 16:00:00,BTCUSDT,4h,2,down,0.4552609,0.46,0.0047391057,0,0.46
2025-10-15 20:00:00,BTCUSDT,4h,1,up,0.60276985,0.46,0.14276984,1,0.60276985
2025-10-16 00:00:00,BTCUSDT,4h,2,down,0.46962246,0.46,0.009622455,0,0.46
2025-10-16 04:00:00,BTCUSDT,4h,1,up,0.58532953,0.46,0.12532952,1,0.58532953
2025-10-16 08:00:00,BTCUSDT,4h,2,down,0.48045275,0.46,0.020452738,0,0.46
2025-10-16 12:00:00,BTCUSDT,4h,1,down,0.54492664,0.46,0.084926635,1,0.54492664
2025-10-16 16:00:00,BTCUSDT,4h,1,down,0.55122703,0.46,0.091227025,1,0.55122703
2025-10-16 20:00:00,BTCUSDT,4h,2,up,0.49155787,0.46,0.031557858,0,0.46
2025-10-17 00:00:00,BTCUSDT,4h,2,down,0.46163765,0.46,0.0016376376,0,0.46
2025-10-17 04:00:00,BTCUSDT,4h,2,up,0.5079565,0.46,0.047956496,0,0.46
2025-10-17 08:00:00,BTCUSDT,4h,2,up,0.5093151,0.46,0.049315065,0,0.46
2025-10-17 12:00:00,BTCUSDT,4h,2,down,0.47413087,0.46,0.014130861,0,0.46
2025-10-17 16:00:00,BTCUSDT,4h,1,down,0.5672941,0.46,0.10729411,1,0.5672941
2025-10-17 20:00:00,BTCUSDT,4h,1,up,0.58170885,0.46,0.12170884,1,0.58170885
2025-10-18 00:00:00,BTCUSDT,4h,2,down,0.46203592,0.46,0.0020359159,0,0.46
2025-10-18 04:00:00,BTCUSDT,4h,1,up,0.5833637,0.46,0.1233637,1,0.5833637
2025-10-18 08:00:00,BTCUSDT,4h,2,down,0.42302996,0.46,0.03697005,0,0.46
2025-10-18 12:00:00,BTCUSDT,4h,1,up,0.5776609,0.46,0.11766091,1,0.5776609
2025-10-18 16:00:00,BTCUSDT,4h,2,up,0.44623393,0.46,0.01376608,0,0.46
2025-10-18 20:00:00,BTCUSDT,4h,2,up,0.47356653,0.46,0.013566524,0,0.46
2025-10-19 00:00:00,BTCUSDT,4h,2,down,0.44754148,0.46,0.012458533,0,0.46
2025-10-19 04:00:00,BTCUSDT,4h,1,up,0.57398695,0.46,0.11398694,1,0.57398695
2025-10-19 08:00:00,BTCUSDT,4h,2,up,0.4339679,0.46,0.02603212,0,0.46
2025-10-19 12:00:00,BTCUSDT,4h,2,up,0.42998594,0.46,0.030014068,0,0.46
2025-10-19 16:00:00,BTCUSDT,4h,2,down,0.41880846,0.46,0.041191548,0,0.46
2025-10-19 20:00:00,BTCUSDT,4h,2,up,0.48802382,0.46,0.02802381,0,0.46
2025-10-20 00:00:00,BTCUSDT,4h,2,up,0.43489695,0.46,0.025103062,0,0.46
2025-10-20 04:00:00,BTCUSDT,4h,0,down,0.3808238,0.46,0.07917622,1,0.3808238
2025-10-20 08:00:00,BTCUSDT,4h,2,up,0.46628925,0.46,0.0062892437,0,0.46
2025-10-20 12:00:00,BTCUSDT,4h,0,down,0.3684923,0.46,0.0915077,1,0.3684923
2025-10-20 16:00:00,BTCUSDT,4h,2,down,0.3954806,0.46,0.064519405,0,0.46
2025-10-20 20:00:00,BTCUSDT,4h,1,down,0.61475617,0.46,0.15475616,1,0.61475617
2025-10-21 00:00:00,BTCUSDT,4h,1,down,0.5997963,0.46,0.13979629,1,0.5997963
2025-10-21 04:00:00,BTCUSDT,4h,2,up,0.47490436,0.46,0.01490435,0,0.46
2025-10-21 08:00:00,BTCUSDT,4h,2,up,0.45216766,0.46,0.007832348,0,0.46
2025-10-21 12:00:00,BTCUSDT,4h,2,down,0.49165836,0.46,0.03165835,0,0.46
2025-10-21 16:00:00,BTCUSDT,4h,1,down,0.55139357,0.46,0.09139356,1,0.55139357
2025-10-21 20:00:00,BTCUSDT,4h,1,down,0.6161861,0.46,0.15618607,1,0.6161861
2025-10-22 00:00:00,BTCUSDT,4h,1,up,0.559475,0.46,0.099475,1,0.559475
2025-10-22 04:00:00,BTCUSDT,4h,2,down,0.44604757,0.46,0.013952434,0,0.46
2025-10-22 08:00:00,BTCUSDT,4h,1,up,0.54928315,0.46,0.08928314,1,0.54928315
2025-10-22 12:00:00,BTCUSDT,4h,2,down,0.513447,0.46,0.05344698,0,0.46
2025-10-22 16:00:00,BTCUSDT,4h,1,down,0.6055803,0.46,0.14558026,1,0.6055803
2025-10-22 20:00:00,BTCUSDT,4h,2,up,0.44598135,0.46,0.014018655,0,0.46
2025-10-23 00:00:00,BTCUSDT,4h,2,up,0.4541134,0.46,0.0058866143,0,0.46
2025-10-23 04:00:00,BTCUSDT,4h,2,down,0.49303222,0.46,0.03303221,0,0.46
2025-10-23 08:00:00,BTCUSDT,4h,2,up,0.5239205,0.46,0.06392047,0,0.46
2025-10-23 12:00:00,BTCUSDT,4h,2,up,0.41377243,0.46,0.046227574,0,0.46
2025-10-23 16:00:00,BTCUSDT,4h,2,down,0.4677427,0.46,0.007742703,0,0.46
2025-10-23 20:00:00,BTCUSDT,4h,0,up,0.35525087,0.46,0.10474914,1,0.35525087
2025-10-24 00:00:00,BTCUSDT,4h,0,up,0.37927344,0.46,0.080726564,1,0.37927344
2025-10-24 04:00:00,BTCUSDT,4h,0,up,0.37598765,0.46,0.08401236,1,0.37598765
2025-10-24 08:00:00,BTCUSDT,4h,0,down,0.3375409,0.46,0.12245911,1,0.3375409
2025-10-24 12:00:00,BTCUSDT,4h,1,up,0.5906199,0.46,0.13061991,1,0.5906199
2025-10-24 16:00:00,BTCUSDT,4h,2,up,0.5145795,0.46,0.054579467,0,0.46
2025-10-24 20:00:00,BTCUSDT,4h,2,up,0.43691683,0.46,0.02308318,0,0.46
2025-10-25 00:00:00,BTCUSDT,4h,2,up,0.43743825,0.46,0.022561759,0,0.46
2025-10-25 04:00:00,BTCUSDT,4h,2,up,0.41481075,0.46,0.04518926,0,0.46
2025-10-25 08:00:00,BTCUSDT,4h,2,down,0.4306671,0.46,0.029332906,0,0.46
2025-10-25 12:00:00,BTCUSDT,4h,2,up,0.5258856,0.46,0.06588557,0,0.46
2025-10-25 16:00:00,BTCUSDT,4h,2,up,0.40236768,0.46,0.057632327,0,0.46
2025-10-25 20:00:00,BTCUSDT,4h,2,down,0.41097817,0.46,0.04902184,0,0.46
2025-10-26 00:00:00,BTCUSDT,4h,1,up,0.56598127,0.46,0.10598126,1,0.56598127
2025-10-26 04:00:00,BTCUSDT,4h,2,up,0.40318727,0.46,0.056812733,0,0.46
2025-10-26 08:00:00,BTCUSDT,4h,2,up,0.4603889,0.46,0.0003888905,0,0.46
2025-10-26 12:00:00,BTCUSDT,4h,2,down,0.42578316,0.46,0.03421685,0,0.46
2025-10-26 16:00:00,BTCUSDT,4h,0,up,0.37464023,0.46,0.08535978,1,0.37464023
2025-10-26 20:00:00,BTCUSDT,4h,2,up,0.43958715,0.46,0.020412862,0,0.46
2025-10-27 00:00:00,BTCUSDT,4h,2,up,0.44999504,0.46,0.010004967,0,0.46
2025-10-27 04:00:00,BTCUSDT,4h,2,down,0.47357997,0.46,0.013579965,0,0.46
2025-10-27 08:00:00,BTCUSDT,4h,0,down,0.3713798,0.46,0.088620216,1,0.3713798
2025-10-27 12:00:00,BTCUSDT,4h,2,down,0.46473664,0.46,0.004736632,0,0.46
2025-10-27 16:00:00,BTCUSDT,4h,1,down,0.64861804,0.46,0.18861803,1,0.64861804
2025-10-27 20:00:00,BTCUSDT,4h,1,down,0.63053197,0.46,0.17053196,1,0.63053197
2025-10-28 00:00:00,BTCUSDT,4h,1,up,0.6437003,0.46,0.1837003,1,0.6437003
2025-10-28 04:00:00,BTCUSDT,4h,2,up,0.4805606,0.46,0.020560592,0,0.46
2025-10-28 08:00:00,BTCUSDT,4h,1,up,0.5525313,0.46,0.09253129,1,0.5525313
2025-10-28 12:00:00,BTCUSDT,4h,1,down,0.53525066,0.46,0.075250655,1,0.53525066
2025-10-28 16:00:00,BTCUSDT,4h,1,down,0.66319335,0.46,0.20319334,1,0.66319335
2025-10-28 20:00:00,BTCUSDT,4h,1,down,0.57404417,0.46,0.11404416,1,0.57404417
2025-10-29 00:00:00,BTCUSDT,4h,1,up,0.60634947,0.46,0.14634946,1,0.60634947
2025-10-29 04:00:00,BTCUSDT,4h,2,down,0.42793536,0.46,0.032064646,0,0.46
2025-10-29 08:00:00,BTCUSDT,4h,1,down,0.5308114,0.46,0.07081142,1,0.5308114
2025-10-29 12:00:00,BTCUSDT,4h,1,down,0.531848,0.46,0.071848005,1,0.531848
2025-10-29 16:00:00,BTCUSDT,4h,1,down,0.5514533,0.46,0.091453284,1,0.5514533
2025-10-29 20:00:00,BTCUSDT,4h,1,up,0.61856514,0.46,0.15856513,1,0.61856514
2025-10-30 00:00:00,BTCUSDT,4h,2,up,0.4716409,0.46,0.011640906,0,0.46
2025-10-30 04:00:00,BTCUSDT,4h,2,down,0.49398464,0.46,0.03398463,0,0.46
2025-10-30 08:00:00,BTCUSDT,4h,1,down,0.63050133,0.46,0.17050132,1,0.63050133
2025-10-30 12:00:00,BTCUSDT,4h,2,down,0.4821443,0.46,0.022144288,0,0.46
2025-10-30 16:00:00,BTCUSDT,4h,1,up,0.62218183,0.46,0.16218182,1,0.62218183
2025-10-30 20:00:00,BTCUSDT,4h,2,up,0.43708786,0.46,0.022912145,0,0.46
2025-10-31 00:00:00,BTCUSDT,4h,2,up,0.44397083,0.46,0.01602918,0,0.46
2025-10-31 04:00:00,BTCUSDT,4h,2,up,0.49029556,0.46,0.03029555,0,0.46
2025-10-31 08:00:00,BTCUSDT,4h,0,down,0.3859196,0.46,0.07408041,1,0.3859196
2025-10-31 12:00:00,BTCUSDT,4h,2,down,0.47590965,0.46,0.015909642,0,0.46
2025-10-31 16:00:00,BTCUSDT,4h,0,down,0.3795249,0.46,0.08047512,1,0.3795249
2025-10-31 20:00:00,BTCUSDT,4h,2,up,0.5231143,0.46,0.063114315,0,0.46
2025-11-01 00:00:00,BTCUSDT,4h,2,down,0.3912386,0.46,0.06876141,0,0.46
2025-11-01 04:00:00,BTCUSDT,4h,1,up,0.534957,0.46,0.07495698,1,0.534957
2025-11-01 08:00:00,BTCUSDT,4h,2,up,0.44952366,0.46,0.010476351,0,0.46
2025-11-01 12:00:00,BTCUSDT,4h,2,down,0.42687002,0.46,0.03312999,0,0.46
2025-11-01 16:00:00,BTCUSDT,4h,2,down,0.4841285,0.46,0.024128497,0,0.46
2025-11-01 20:00:00,BTCUSDT,4h,1,down,0.58388925,0.46,0.12388924,1,0.58388925
2025-11-02 00:00:00,BTCUSDT,4h,2,up,0.50510246,0.46,0.045102447,0,0.46
2025-11-02 04:00:00,BTCUSDT,4h,2,up,0.49492753,0.46,0.034927517,0,0.46
2025-11-02 08:00:00,BTCUSDT,4h,2,down,0.42246088,0.46,0.037539124,0,0.46
2025-11-02 12:00:00,BTCUSDT,4h,1,up,0.5821521,0.46,0.12215212,1,0.5821521
2025-11-02 16:00:00,BTCUSDT,4h,2,up,0.45774293,0.46,0.002257079,0,0.46
2025-11-02 20:00:00,BTCUSDT,4h,2,down,0.43496048,0.46,0.025039524,0,0.46
2025-11-03 00:00:00,BTCUSDT,4h,1,down,0.5837578,0.46,0.12375781,1,0.5837578
2025-11-03 04:00:00,BTCUSDT,4h,1,up,0.5607518,0.46,0.10075179,1,0.5607518
2025-11-03 08:00:00,BTCUSDT,4h,2,down,0.44658235,0.46,0.013417661,0,0.46
2025-11-03 12:00:00,BTCUSDT,4h,1,up,0.5551763,0.46,0.09517631,1,0.5551763
2025-11-03 16:00:00,BTCUSDT,4h,2,down,0.450353,0.46,0.009647012,0,0.46
2025-11-03 20:00:00,BTCUSDT,4h,2,up,0.51816213,0.46,0.058162123,0,0.46
2025-11-04 00:00:00,BTCUSDT,4h,2,down,0.41429514,0.46,0.04570487,0,0.46
2025-11-04 04:00:00,BTCUSDT,4h,2,up,0.5183722,0.46,0.05837217,0,0.46
2025-11-04 08:00:00,BTCUSDT,4h,2,down,0.45393923,0.46,0.006060779,0,0.46
2025-11-04 12:00:00,BTCUSDT,4h,1,down,0.55274343,0.46,0.09274343,1,0.55274343
2025-11-04 16:00:00,BTCUSDT,4h,1,up,0.5483833,0.46,0.08838329,1,0.5483833
2025-11-04 20:00:00,BTCUSDT,4h,2,up,0.5087543,0.46,0.048754305,0,0.46
2025-11-05 00:00:00,BTCUSDT,4h,2,down,0.49181378,0.46,0.03181377,0,0.46
2025-11-05 04:00:00,BTCUSDT,4h,2,up,0.48013985,0.46,0.020139843,0,0.46
2025-11-05 08:00:00,BTCUSDT,4h,2,up,0.39260566,0.46,0.067394346,0,0.46
2025-11-05 12:00:00,BTCUSDT,4h,2,up,0.4513051,0.46,0.008694917,0,0.46
2025-11-05 16:00:00,BTCUSDT,4h,2,down,0.42681628,0.46,0.033183724,0,0.46
2025-11-05 20:00:00,BTCUSDT,4h,2,down,0.45069134,0.46,0.009308666,0,0.46
2025-11-06 00:00:00,BTCUSDT,4h,2,down,0.40407118,0.46,0.055928826,0,0.46
2025-11-06 04:00:00,BTCUSDT,4h,1,up,0.5775308,0.46,0.11753079,1,0.5775308
2025-11-06 08:00:00,BTCUSDT,4h,2,down,0.47088006,0.46,0.010880053,0,0.46
2025-11-06 12:00:00,BTCUSDT,4h,1,down,0.58454293,0.46,0.12454292,1,0.58454293
2025-11-06 16:00:00,BTCUSDT,4h,1,down,0.5500639,0.46,0.0900639,1,0.5500639
2025-11-06 20:00:00,BTCUSDT,4h,2,up,0.4428532,0.46,0.017146796,0,0.46
2025-11-07 00:00:00,BTCUSDT,4h,2,up,0.4401344,0.46,0.019865602,0,0.46
2025-11-07 04:00:00,BTCUSDT,4h,2,down,0.48653045,0.46,0.026530445,0,0.46
2025-11-07 08:00:00,BTCUSDT,4h,1,up,0.5907316,0.46,0.13073161,1,0.5907316
2025-11-07 12:00:00,BTCUSDT,4h,2,up,0.4771311,0.46,0.01713109,0,0.46
2025-11-07 16:00:00,BTCUSDT,4h,2,down,0.42564186,0.46,0.034358144,0,0.46
2025-11-07 20:00:00,BTCUSDT,4h,2,down,0.50433767,0.46,0.04433766,0,0.46
2025-11-08 00:00:00,BTCUSDT,4h,1,down,0.5555235,0.46,0.09552351,1,0.5555235
2025-11-08 04:00:00,BTCUSDT,4h,1,down,0.53030944,0.46,0.07030943,1,0.53030944
2025-11-08 08:00:00,BTCUSDT,4h,1,down,0.60903335,0.46,0.14903334,1,0.60903335
2025-11-08 12:00:00,BTCUSDT,4h,1,up,0.5786282,0.46,0.118628174,1,0.5786282
2025-11-08 16:00:00,BTCUSDT,4h,2,up,0.45823282,0.46,0.0017671883,0,0.46
2025-11-08 20:00:00,BTCUSDT,4h,2,down,0.43025696,0.46,0.029743046,0,0.46
2025-11-09 00:00:00,BTCUSDT,4h,1,up,0.54747194,0.46,0.08747193,1,0.54747194
2025-11-09 04:00:00,BTCUSDT,4h,2,up,0.49959013,0.46,0.03959012,0,0.46
2025-11-09 08:00:00,BTCUSDT,4h,2,up,0.47217447,0.46,0.012174457,0,0.46
2025-11-09 12:00:00,BTCUSDT,4h,2,up,0.4667791,0.46,0.0067791045,0,0.46
2025-11-09 16:00:00,BTCUSDT,4h,0,down,0.3675248,0.46,0.092475206,1,0.3675248
2025-11-09 20:00:00,BTCUSDT,4h,0,up,0.35771918,0.46,0.102280825,1,0.35771918
2025-11-10 00:00:00,BTCUSDT,4h,2,up,0.42216906,0.46,0.03783095,0,0.46
2025-11-10 04:00:00,BTCUSDT,4h,0,down,0.3421777,0.46,0.11782232,1,0.3421777
2025-11-10 08:00:00,BTCUSDT,4h,0,down,0.36451074,0.46,0.09548926,1,0.36451074
2025-11-10 12:00:00,BTCUSDT,4h,1,up,0.5398974,0.46,0.079897374,1,0.5398974
2025-11-10 16:00:00,BTCUSDT,4h,2,up,0.42899194,0.46,0.031008065,0,0.46
2025-11-10 20:00:00,BTCUSDT,4h,2,up,0.4172117,0.46,0.042788297,0,0.46
2025-11-11 00:00:00,BTCUSDT,4h,2,down,0.4297845,0.46,0.030215502,0,0.46
2025-11-11 04:00:00,BTCUSDT,4h,1,up,0.6709903,0.46,0.21099028,1,0.6709903
2025-11-11 08:00:00,BTCUSDT,4h,1,down,0.5316574,0.46,0.07165739,1,0.5316574
2025-11-11 12:00:00,BTCUSDT,4h,2,down,0.48481935,0.46,0.024819344,0,0.46
2025-11-11 16:00:00,BTCUSDT,4h,1,down,0.6203897,0.46,0.16038969,1,0.6203897
2025-11-11 20:00:00,BTCUSDT,4h,2,up,0.4710833,0.46,0.011083305,0,0.46
2025-11-12 00:00:00,BTCUSDT,4h,2,down,0.48033705,0.46,0.020337045,0,0.46
2025-11-12 04:00:00,BTCUSDT,4h,1,up,0.62691414,0.46,0.16691414,1,0.62691414
2025-11-12 08:00:00,BTCUSDT,4h,2,down,0.4188989,0.46,0.041101098,0,0.46
2025-11-12 12:00:00,BTCUSDT,4h,1,down,0.5920531,0.46,0.1320531,1,0.5920531
2025-11-12 16:00:00,BTCUSDT,4h,1,up,0.6062258,0.46,0.14622578,1,0.6062258
2025-11-12 20:00:00,BTCUSDT,4h,2,up,0.5178686,0.46,0.05786857,0,0.46
2025-11-13 00:00:00,BTCUSDT,4h,2,up,0.44309026,0.46,0.016909748,0,0.46
2025-11-13 04:00:00,BTCUSDT,4h,2,down,0.4268371,0.46,0.03316292,0,0.46
2025-11-13 08:00:00,BTCUSDT,4h,1,down,0.5780318,0.46,0.11803177,1,0.5780318
2025-11-13 12:00:00,BTCUSDT,4h,1,down,0.60403365,0.46,0.14403364,1,0.60403365
2025-11-13 16:00:00,BTCUSDT,4h,2,up,0.5274535,0.46,0.067453474,0,0.46
2025-11-13 20:00:00,BTCUSDT,4h,2,down,0.45838127,0.46,0.001618743,0,0.46
2025-11-14 00:00:00,BTCUSDT,4h,1,down,0.5908306,0.46,0.13083062,1,0.5908306
2025-11-14 04:00:00,BTCUSDT,4h,1,down,0.5331716,0.46,0.073171586,1,0.5331716
2025-11-14 08:00:00,BTCUSDT,4h,1,up,0.63787,0.46,0.17787,1,0.63787
2025-11-14 12:00:00,BTCUSDT,4h,2,down,0.5207482,0.46,0.06074819,0,0.46
2025-11-14 16:00:00,BTCUSDT,4h,1,down,0.6555655,0.46,0.19556549,1,0.6555655
2025-11-14 20:00:00,BTCUSDT,4h,1,up,0.607695,0.46,0.14769498,1,0.607695
2025-11-15 00:00:00,BTCUSDT,4h,2,down,0.4911109,0.46,0.031110883,0,0.46
2025-11-15 04:00:00,BTCUSDT,4h,2,down,0.45940638,0.46,0.00059363246,0,0.46
2025-11-15 08:00:00,BTCUSDT,4h,1,up,0.62508506,0.46,0.16508505,1,0.62508506
2025-11-15 12:00:00,BTCUSDT,4h,2,down,0.47934926,0.46,0.019349247,0,0.46
2025-11-15 16:00:00,BTCUSDT,4h,1,down,0.5807251,0.46,0.120725065,1,0.5807251
2025-11-15 20:00:00,BTCUSDT,4h,1,up,0.53825593,0.46,0.07825592,1,0.53825593
2025-11-16 00:00:00,BTCUSDT,4h,2,up,0.42535883,0.46,0.034641176,0,0.46
2025-11-16 04:00:00,BTCUSDT,4h,2,down,0.43029028,0.46,0.029709727,0,0.46
2025-11-16 08:00:00,BTCUSDT,4h,1,down,0.5880991,0.46,0.12809911,1,0.5880991
2025-11-16 12:00:00,BTCUSDT,4h,1,down,0.6066762,0.46,0.14667621,1,0.6066762
2025-11-16 16:00:00,BTCUSDT,4h,1,up,0.5650491,0.46,0.1050491,1,0.5650491
2025-11-16 20:00:00,BTCUSDT,4h,2,up,0.47585177,0.46,0.015851766,0,0.46
2025-11-17 00:00:00,BTCUSDT,4h,2,up,0.42275223,0.46,0.037247777,0,0.46
2025-11-17 04:00:00,BTCUSDT,4h,0,down,0.38831976,0.46,0.07168025,1,0.38831976
2025-11-17 08:00:00,BTCUSDT,4h,2,down,0.4824291,0.46,0.022429079,0,0.46
2025-11-17 12:00:00,BTCUSDT,4h,1,down,0.5945391,0.46,0.1345391,1,0.5945391
2025-11-17 16:00:00,BTCUSDT,4h,1,up,0.53719723,0.46,0.077197224,1,0.53719723
2025-11-17 20:00:00,BTCUSDT,4h,2,down,0.44507444,0.46,0.014925569,0,0.46
2025-11-18 00:00:00,BTCUSDT,4h,1,down,0.56588954,0.46,0.10588953,1,0.56588954
2025-11-18 04:00:00,BTCUSDT,4h,2,up,0.47602448,0.46,0.01602447,0,0.46
2025-11-18 08:00:00,BTCUSDT,4h,2,up,0.4881191,0.46,0.028119087,0,0.46
2025-11-18 12:00:00,BTCUSDT,4h,2,up,0.42845276,0.46,0.03154725,0,0.46
2025-11-18 16:00:00,BTCUSDT,4h,2,down,0.4474978,0.46,0.012502193,0,0.46
2025-11-18 20:00:00,BTCUSDT,4h,2,down,0.47377327,0.46,0.0137732625,0,0.46
2025-11-19 00:00:00,BTCUSDT,4h,1,down,0.6302149,0.46,0.17021492,1,0.6302149
2025-11-19 04:00:00,BTCUSDT,4h,2,down,0.47969782,0.46,0.019697815,0,0.46
2025-11-19 08:00:00,BTCUSDT,4h,1,down,0.6044069,0.46,0.14440688,1,0.6044069
2025-11-19 12:00:00,BTCUSDT,4h,1,down,0.5904614,0.46,0.13046136,1,0.5904614
2025-11-19 16:00:00,BTCUSDT,4h,1,up,0.6256547,0.46,0.16565469,1,0.6256547
2025-11-19 20:00:00,BTCUSDT,4h,2,up,0.47119048,0.46,0.011190474,0,0.46
2025-11-20 00:00:00,BTCUSDT,4h,2,down,0.42048827,0.46,0.03951174,0,0.46
2025-11-20 04:00:00,BTCUSDT,4h,2,down,0.40662706,0.46,0.05337295,0,0.46
2025-11-20 08:00:00,BTCUSDT,4h,2,down,0.44467598,0.46,0.015324026,0,0.46
2025-11-20 12:00:00,BTCUSDT,4h,1,down,0.6141818,0.46,0.15418181,1,0.6141818
2025-11-20 16:00:00,BTCUSDT,4h,1,down,0.5655093,0.46,0.10550931,1,0.5655093
2025-11-20 20:00:00,BTCUSDT,4h,1,down,0.60802627,0.46,0.14802626,1,0.60802627
2025-11-21 00:00:00,BTCUSDT,4h,1,down,0.62878144,0.46,0.16878143,1,0.62878144
2025-11-21 04:00:00,BTCUSDT,4h,1,down,0.5351476,0.46,0.0751476,1,0.5351476
2025-11-21 08:00:00,BTCUSDT,4h,1,up,0.62018484,0.46,0.16018483,1,0.62018484
2025-11-21 12:00:00,BTCUSDT,4h,1,up,0.5607085,0.46,0.100708514,1,0.5607085
2025-11-21 16:00:00,BTCUSDT,4h,1,up,0.5378297,0.46,0.07782969,1,0.5378297
2025-11-21 20:00:00,BTCUSDT,4h,2,down,0.4152017,0.46,0.044798315,0,0.46
2025-11-22 00:00:00,BTCUSDT,4h,1,up,0.6441676,0.46,0.1841676,1,0.6441676
2025-11-22 04:00:00,BTCUSDT,4h,2,down,0.43237305,0.46,0.027626961,0,0.46
2025-11-22 08:00:00,BTCUSDT,4h,2,up,0.52183706,0.46,0.061837047,0,0.46
2025-11-22 12:00:00,BTCUSDT,4h,2,up,0.49564528,0.46,0.035645276,0,0.46
2025-11-22 16:00:00,BTCUSDT,4h,2,up,0.5080576,0.46,0.048057586,0,0.46
2025-11-22 20:00:00,BTCUSDT,4h,2,up,0.48238692,0.46,0.022386909,0,0.46
2025-11-23 00:00:00,BTCUSDT,4h,2,down,0.4226073,0.46,0.037392706,0,0.46
2025-11-23 04:00:00,BTCUSDT,4h,1,up,0.5808732,0.46,0.12087318,1,0.5808732
2025-11-23 08:00:00,BTCUSDT,4h,2,up,0.3940898,0.46,0.06591022,0,0.46
2025-11-23 12:00:00,BTCUSDT,4h,2,up,0.39108503,0.46,0.06891498,0,0.46
2025-11-23 16:00:00,BTCUSDT,4h,0,down,0.38048995,0.46,0.07951006,1,0.38048995
2025-11-23 20:00:00,BTCUSDT,4h,1,up,0.5314667,0.46,0.071466714,1,0.5314667
2025-11-24 00:00:00,BTCUSDT,4h,2,down,0.39655152,0.46,0.06344849,0,0.46
2025-11-24 04:00:00,BTCUSDT,4h,2,down,0.5085708,0.46,0.048570782,0,0.46
2025-11-24 08:00:00,BTCUSDT,4h,1,up,0.5416207,0.46,0.08162066,1,0.5416207
2025-11-24 12:00:00,BTCUSDT,4h,2,up,0.44785407,0.46,0.0121459365,0,0.46
2025-11-24 16:00:00,BTCUSDT,4h,2,down,0.42613626,0.46,0.033863753,0,0.46
2025-11-24 20:00:00,BTCUSDT,4h,1,down,0.54935956,0.46,0.08935955,1,0.54935956
2025-11-25 00:00:00,BTCUSDT,4h,2,down,0.4564527,0.46,0.0035473108,0,0.46
2025-11-25 04:00:00,BTCUSDT,4h,1,down,0.5604074,0.46,0.10040739,1,0.5604074
2025-11-25 08:00:00,BTCUSDT,4h,2,down,0.4505886,0.46,0.009411395,0,0.46
2025-11-25 12:00:00,BTCUSDT,4h,2,down,0.51748353,0.46,0.057483524,0,0.46
2025-11-25 16:00:00,BTCUSDT,4h,2,up,0.5256292,0.46,0.065629214,0,0.46
2025-11-25 20:00:00,BTCUSDT,4h,2,down,0.4787134,0.46,0.018713385,0,0.46
2025-11-26 00:00:00,BTCUSDT,4h,1,up,0.55016214,0.46,0.09016213,1,0.55016214
2025-11-26 04:00:00,BTCUSDT,4h,2,down,0.4366483,0.46,0.0233517,0,0.46
2025-11-26 08:00:00,BTCUSDT,4h,1,down,0.5842716,0.46,0.1242716,1,0.5842716
2025-11-26 12:00:00,BTCUSDT,4h,2,up,0.47083303,0.46,0.010833025,0,0.46
2025-11-26 16:00:00,BTCUSDT,4h,2,up,0.52527004,0.46,0.06527004,0,0.46
2025-11-26 20:00:00,BTCUSDT,4h,0,up,0.33346164,0.46,0.12653837,1,0.33346164
2025-11-27 00:00:00,BTCUSDT,4h,2,up,0.43136248,0.46,0.028637528,0,0.46
2025-11-27 04:00:00,BTCUSDT,4h,0,down,0.31744686,0.46,0.14255315,1,0.31744686
2025-11-27 08:00:00,BTCUSDT,4h,2,down,0.4531892,0.46,0.006810814,0,0.46
2025-11-27 12:00:00,BTCUSDT,4h,2,up,0.4340549,0.46,0.025945097,0,0.46
2025-11-27 16:00:00,BTCUSDT,4h,0,down,0.30544084,0.46,0.15455917,1,0.30544084
2025-11-27 20:00:00,BTCUSDT,4h,2,down,0.48821536,0.46,0.028215349,0,0.46
2025-11-28 00:00:00,BTCUSDT,4h,0,down,0.37206206,0.46,0.08793795,1,0.37206206
2025-11-28 04:00:00,BTCUSDT,4h,1,up,0.6069229,0.46,0.14692292,1,0.6069229
2025-11-28 08:00:00,BTCUSDT,4h,2,up,0.4395793,0.46,0.0204207,0,0.46
2025-11-28 12:00:00,BTCUSDT,4h,2,down,0.43430302,0.46,0.025696993,0,0.46
2025-11-28 16:00:00,BTCUSDT,4h,2,down,0.40023306,0.46,0.05976695,0,0.46
2025-11-28 20:00:00,BTCUSDT,4h,1,down,0.66445124,0.46,0.20445123,1,0.66445124
2025-11-29 00:00:00,BTCUSDT,4h,1,down,0.6593487,0.46,0.19934872,1,0.6593487
2025-11-29 04:00:00,BTCUSDT,4h,1,up,0.6187666,0.46,0.1587666,1,0.6187666
2025-11-29 08:00:00,BTCUSDT,4h,2,up,0.49344108,0.46,0.033441067,0,0.46
2025-11-29 12:00:00,BTCUSDT,4h,2,down,0.43278793,0.46,0.027212083,0,0.46
2025-11-29 16:00:00,BTCUSDT,4h,1,up,0.53171116,0.46,0.07171115,1,0.53171116
2025-11-29 20:00:00,BTCUSDT,4h,2,up,0.44717807,0.46,0.012821943,0,0.46
2025-11-30 00:00:00,BTCUSDT,4h,2,up,0.430157,0.46,0.029843003,0,0.46
2025-11-30 04:00:00,BTCUSDT,4h,2,up,0.41404572,0.46,0.045954287,0,0.46
2025-11-30 08:00:00,BTCUSDT,4h,2,up,0.50115764,0.46,0.041157633,0,0.46
2025-11-30 12:00:00,BTCUSDT,4h,2,up,0.4572825,0.46,0.002717495,0,0.46
2025-11-30 16:00:00,BTCUSDT,4h,2,down,0.44798684,0.46,0.012013167,0,0.46
2025-11-30 20:00:00,BTCUSDT,4h,1,down,0.5878858,0.46,0.12788579,1,0.5878858
2025-12-01 00:00:00,BTCUSDT,4h,2,up,0.51795727,0.46,0.05795726,0,0.46
2025-12-01 04:00:00,BTCUSDT,4h,2,down,0.4081749,0.46,0.051825106,0,0.46
2025-12-01 08:00:00,BTCUSDT,4h,1,down,0.61801416,0.46,0.15801415,1,0.61801416
2025-12-01 12:00:00,BTCUSDT,4h,1,up,0.5722459,0.46,0.11224589,1,0.5722459
2025-12-01 16:00:00,BTCUSDT,4h,2,up,0.4836428,0.46,0.023642778,0,0.46
2025-12-01 20:00:00,BTCUSDT,4h,2,up,0.46618587,0.46,0.0061858594,0,0.46
2025-12-02 00:00:00,BTCUSDT,4h,2,up,0.45797154,0.46,0.0020284653,0,0.46
2025-12-02 04:00:00,BTCUSDT,4h,2,up,0.51915234,0.46,0.059152335,0,0.46
2025-12-02 08:00:00,BTCUSDT,4h,2,up,0.43642974,0.46,0.02357027,0,0.46
2025-12-02 12:00:00,BTCUSDT,4h,2,up,0.5047663,0.46,0.044766277,0,0.46
2025-12-02 16:00:00,BTCUSDT,4h,0,down,0.35486865,0.46,0.10513136,1,0.35486865
2025-12-02 20:00:00,BTCUSDT,4h,2,up,0.44645655,0.46,0.013543457,0,0.46
2025-12-03 00:00:00,BTCUSDT,4h,0,up,0.3550635,0.46,0.10493651,1,0.3550635
2025-12-03 04:00:00,BTCUSDT,4h,1,up,0.5522699,0.46,0.09226987,1,0.5522699
2025-12-03 08:00:00,BTCUSDT,4h,0,down,0.35377613,0.46,0.10622388,1,0.35377613
2025-12-03 12:00:00,BTCUSDT,4h,2,up,0.47083747,0.46,0.0108374655,0,0.46
2025-12-03 16:00:00,BTCUSDT,4h,0,up,0.30058825,0.46,0.15941176,1,0.30058825
2025-12-03 20:00:00,BTCUSDT,4h,2,up,0.40906063,0.46,0.05093938,0,0.46
2025-12-04 00:00:00,BTCUSDT,4h,0,down,0.32763204,0.46,0.13236797,1,0.32763204
2025-12-04 04:00:00,BTCUSDT,4h,0,down,0.34407908,0.46,0.11592093,1,0.34407908
2025-12-04 08:00:00,BTCUSDT,4h,1,up,0.6014449,0.46,0.14144489,1,0.6014449
2025-12-04 12:00:00,BTCUSDT,4h,0,down,0.38357076,0.46,0.07642925,1,0.38357076
2025-12-04 16:00:00,BTCUSDT,4h,1,up,0.5535145,0.46,0.09351447,1,0.5535145
2025-12-04 20:00:00,BTCUSDT,4h,1,up,0.62457335,0.46,0.16457334,1,0.62457335
2025-12-05 00:00:00,BTCUSDT,4h,1,up,0.61887556,0.46,0.15887555,1,0.61887556
2025-12-05 04:00:00,BTCUSDT,4h,2,down,0.43049037,0.46,0.029509634,0,0.46
2025-12-05 08:00:00,BTCUSDT,4h,1,down,0.61509484,0.46,0.15509483,1,0.61509484
2025-12-05 12:00:00,BTCUSDT,4h,1,down,0.5604032,0.46,0.10040322,1,0.5604032
2025-12-05 16:00:00,BTCUSDT,4h,2,down,0.46907794,0.46,0.009077936,0,0.46
2025-12-05 20:00:00,BTCUSDT,4h,1,up,0.5582235,0.46,0.09822348,1,0.5582235
2025-12-06 00:00:00,BTCUSDT,4h,2,down,0.46457624,0.46,0.004576236,0,0.46
2025-12-06 04:00:00,BTCUSDT,4h,1,up,0.5564114,0.46,0.09641138,1,0.5564114
2025-12-06 08:00:00,BTCUSDT,4h,2,up,0.48349848,0.46,0.023498476,0,0.46
2025-12-06 12:00:00,BTCUSDT,4h,2,down,0.52882546,0.46,0.06882545,0,0.46
2025-12-06 16:00:00,BTCUSDT,4h,1,down,0.6100312,0.46,0.15003118,1,0.6100312
2025-12-06 20:00:00,BTCUSDT,4h,1,up,0.5835713,0.46,0.12357131,1,0.5835713
2025-12-07 00:00:00,BTCUSDT,4h,2,down,0.465332,0.46,0.005331993,0,0.46
2025-12-07 04:00:00,BTCUSDT,4h,1,down,0.57411605,0.46,0.11411604,1,0.57411605
2025-12-07 08:00:00,BTCUSDT,4h,1,up,0.5822235,0.46,0.12222347,1,0.5822235
2025-12-07 12:00:00,BTCUSDT,4h,2,up,0.45801637,0.46,0.0019836426,0,0.46
2025-12-07 16:00:00,BTCUSDT,4h,1,down,0.56330055,0.46,0.10330054,1,0.56330055
2025-12-07 20:00:00,BTCUSDT,4h,2,up,0.4376278,0.46,0.022372216,0,0.46
2025-12-08 00:00:00,BTCUSDT,4h,2,up,0.42584464,0.46,0.03415537,0,0.46
2025-12-08 04:00:00,BTCUSDT,4h,2,up,0.40519983,0.46,0.054800183,0,0.46
2025-12-08 08:00:00,BTCUSDT,4h,0,down,0.3579463,0.46,0.1020537,1,0.3579463
2025-12-08 12:00:00,BTCUSDT,4h,2,up,0.48263282,0.46,0.022632807,0,0.46
2025-12-08 16:00:00,BTCUSDT,4h,2,up,0.50973713,0.46,0.049737126,0,0.46
2025-12-08 20:00:00,BTCUSDT,4h,1,down,0.56290483,0.46,0.10290483,1,0.56290483
2025-12-09 00:00:00,BTCUSDT,4h,2,up,0.42631018,0.46,0.033689827,0,0.46
2025-12-09 04:00:00,BTCUSDT,4h,0,down,0.38177878,0.46,0.07822123,1,0.38177878
2025-12-09 08:00:00,BTCUSDT,4h,2,up,0.43495896,0.46,0.025041044,0,0.46
2025-12-09 12:00:00,BTCUSDT,4h,2,up,0.5153329,0.46,0.05533287,0,0.46
2025-12-09 16:00:00,BTCUSDT,4h,2,down,0.4245866,0.46,0.035413414,0,0.46
2025-12-09 20:00:00,BTCUSDT,4h,2,down,0.5191353,0.46,0.059135288,0,0.46
2025-12-10 00:00:00,BTCUSDT,4h,2,up,0.4713128,0.46,0.011312783,0,0.46
2025-12-10 04:00:00,BTCUSDT,4h,0,down,0.35015288,0.46,0.10984713,1,0.35015288
2025-12-10 08:00:00,BTCUSDT,4h,1,down,0.5739823,0.46,0.11398229,1,0.5739823
2025-12-10 12:00:00,BTCUSDT,4h,2,up,0.4168448,0.46,0.043155223,0,0.46
2025-12-10 16:00:00,BTCUSDT,4h,2,down,0.47440976,0.46,0.014409751,0,0.46
2025-12-10 20:00:00,BTCUSDT,4h,1,down,0.552584,0.46,0.092583984,1,0.552584
2025-12-11 00:00:00,BTCUSDT,4h,1,up,0.61618584,0.46,0.15618584,1,0.61618584
2025-12-11 04:00:00,BTCUSDT,4h,2,down,0.44773313,0.46,0.012266874,0,0.46
2025-12-11 08:00:00,BTCUSDT,4h,1,down,0.532127,0.46,0.072127014,1,0.532127
2025-12-11 12:00:00,BTCUSDT,4h,2,up,0.52078396,0.46,0.060783952,0,0.46
2025-12-11 16:00:00,BTCUSDT,4h,2,up,0.45010495,0.46,0.0098950565,0,0.46
2025-12-11 20:00:00,BTCUSDT,4h,2,down,0.5208569,0.46,0.06085691,0,0.46
2025-12-12 00:00:00,BTCUSDT,4h,0,up,0.38841292,0.46,0.071587086,1,0.38841292
2025-12-12 04:00:00,BTCUSDT,4h,2,down,0.40316394,0.46,0.05683607,0,0.46
2025-12-12 08:00:00,BTCUSDT,4h,2,down,0.42697766,0.46,0.033022344,0,0.46
2025-12-12 12:00:00,BTCUSDT,4h,2,up,0.5254085,0.46,0.0654085,0,0.46
2025-12-12 16:00:00,BTCUSDT,4h,2,up,0.48176822,0.46,0.021768212,0,0.46
2025-12-12 20:00:00,BTCUSDT,4h,2,up,0.4913075,0.46,0.03130749,0,0.46
2025-12-13 00:00:00,BTCUSDT,4h,2,down,0.42030135,0.46,0.03969866,0,0.46
2025-12-13 04:00:00,BTCUSDT,4h,2,up,0.49288276,0.46,0.03288275,0,0.46
2025-12-13 08:00:00,BTCUSDT,4h,1,down,0.58938617,0.46,0.12938616,1,0.58938617
2025-12-13 12:00:00,BTCUSDT,4h,1,up,0.6073675,0.46,0.1473675,1,0.6073675
2025-12-13 16:00:00,BTCUSDT,4h,2,up,0.47750106,0.46,0.017501056,0,0.46
2025-12-13 20:00:00,BTCUSDT,4h,2,up,0.44708675,0.46,0.012913257,0,0.46
2025-12-14 00:00:00,BTCUSDT,4h,2,down,0.470892,0.46,0.010892004,0,0.46
2025-12-14 04:00:00,BTCUSDT,4h,2,down,0.43797752,0.46,0.022022486,0,0.46
2025-12-14 08:00:00,BTCUSDT,4h,1,down,0.5563519,0.46,0.09635189,1,0.5563519
2025-12-14 12:00:00,BTCUSDT,4h,1,down,0.60728836,0.46,0.14728835,1,0.60728836
2025-12-14 16:00:00,BTCUSDT,4h,1,down,0.60728836,0.46,0.14728835,1,0.60728836
2025-12-14 20:00:00,BTCUSDT,4h,1,up,0.54214454,0.46,0.08214453,1,0.54214454
2025-12-15 00:00:00,BTCUSDT,4h,2,up,0.47583556,0.46,0.015835553,0,0.46
2025-12-15 04:00:00,BTCUSDT,4h,2,down,0.4064882,0.46,0.0535118,0,0.46
2025-12-15 08:00:00,BTCUSDT,4h,2,down,0.49790785,0.46,0.03790784,0,0.46
2025-12-15 12:00:00,BTCUSDT,4h,2,down,0.49119738,0.46,0.03119737,0,0.46
2025-12-15 16:00:00,BTCUSDT,4h,2,up,0.4781188,0.46,0.018118799,0,0.46
2025-12-15 20:00:00,BTCUSDT,4h,2,down,0.4561007,0.46,0.003899306,0,0.46
2025-12-16 00:00:00,BTCUSDT,4h,1,up,0.5687916,0.46,0.10879162,1,0.5687916
2025-12-16 04:00:00,BTCUSDT,4h,2,up,0.45465255,0.46,0.0053474605,0,0.46
2025-12-16 08:00:00,BTCUSDT,4h,2,up,0.4306978,0.46,0.02930221,0,0.46
2025-12-16 12:00:00,BTCUSDT,4h,2,down,0.45522532,0.46,0.0047746897,0,0.46
2025-12-16 16:00:00,BTCUSDT,4h,2,up,0.47644094,0.46,0.016440928,0,0.46
2025-12-16 20:00:00,BTCUSDT,4h,2,down,0.4155579,0.46,0.044442117,0,0.46
2025-12-17 00:00:00,BTCUSDT,4h,1,down,0.59680325,0.46,0.13680324,1,0.59680325
2025-12-17 04:00:00,BTCUSDT,4h,2,down,0.422516,0.46,0.03748402,0,0.46
2025-12-17 08:00:00,BTCUSDT,4h,2,up,0.45759162,0.46,0.0024083853,0,0.46
2025-12-17 12:00:00,BTCUSDT,4h,1,down,0.55735725,0.46,0.09735724,1,0.55735725
2025-12-17 16:00:00,BTCUSDT,4h,1,up,0.6090623,0.46,0.1490623,1,0.6090623
2025-12-17 20:00:00,BTCUSDT,4h,2,up,0.49444747,0.46,0.03444746,0,0.46
2025-12-18 00:00:00,BTCUSDT,4h,2,up,0.46320677,0.46,0.0032067597,0,0.46
2025-12-18 04:00:00,BTCUSDT,4h,2,up,0.44212875,0.46,0.01787126,0,0.46
2025-12-18 08:00:00,BTCUSDT,4h,2,up,0.4027887,0.46,0.05721131,0,0.46
2025-12-18 12:00:00,BTCUSDT,4h,2,down,0.52364796,0.46,0.063647956,0,0.46
2025-12-18 16:00:00,BTCUSDT,4h,1,up,0.5508551,0.46,0.09085509,1,0.5508551
2025-12-18 20:00:00,BTCUSDT,4h,2,up,0.46023896,0.46,0.00023895502,0,0.46
2025-12-19 00:00:00,BTCUSDT,4h,2,up,0.44770685,0.46,0.01229316,0,0.46
2025-12-19 04:00:00,BTCUSDT,4h,2,up,0.42035872,0.46,0.03964129,0,0.46
2025-12-19 08:00:00,BTCUSDT,4h,0,down,0.37968525,0.46,0.080314755,1,0.37968525
2025-12-19 12:00:00,BTCUSDT,4h,1,down,0.5623745,0.46,0.102374464,1,0.5623745
2025-12-19 16:00:00,BTCUSDT,4h,2,up,0.47213724,0.46,0.012137234,0,0.46
2025-12-19 20:00:00,BTCUSDT,4h,2,up,0.457005,0.46,0.0029950142,0,0.46
2025-12-20 00:00:00,BTCUSDT,4h,2,up,0.4164401,0.46,0.04355991,0,0.46
2025-12-20 04:00:00,BTCUSDT,4h,2,up,0.5042809,0.46,0.044280916,0,0.46
2025-12-20 08:00:00,BTCUSDT,4h,2,down,0.47554797,0.46,0.015547961,0,0.46
2025-12-20 12:00:00,BTCUSDT,4h,2,up,0.45720416,0.46,0.0027958453,0,0.46
2025-12-20 16:00:00,BTCUSDT,4h,1,up,0.55602103,0.46,0.09602103,1,0.55602103
2025-12-20 20:00:00,BTCUSDT,4h,2,down,0.43063912,0.46,0.02936089,0,0.46
2025-12-21 00:00:00,BTCUSDT,4h,1,up,0.5463385,0.46,0.08633849,1,0.5463385
2025-12-21 04:00:00,BTCUSDT,4h,2,up,0.44790602,0.46,0.012093991,0,0.46
2025-12-21 08:00:00,BTCUSDT,4h,2,down,0.4673673,0.46,0.007367283,0,0.46
2025-12-21 12:00:00,BTCUSDT,4h,2,up,0.5154655,0.46,0.05546549,0,0.46
2025-12-21 16:00:00,BTCUSDT,4h,2,up,0.43235433,0.46,0.027645677,0,0.46
2025-12-21 20:00:00,BTCUSDT,4h,2,up,0.44015488,0.46,0.019845128,0,0.46
2025-12-22 00:00:00,BTCUSDT,4h,2,up,0.42070127,0.46,0.039298743,0,0.46
2025-12-22 04:00:00,BTCUSDT,4h,0,up,0.3864815,0.46,0.073518515,1,0.3864815
2025-12-22 08:00:00,BTCUSDT,4h,2,down,0.4299406,0.46,0.030059397,0,0.46
2025-12-22 12:00:00,BTCUSDT,4h,2,down,0.44658804,0.46,0.013411969,0,0.46
2025-12-22 16:00:00,BTCUSDT,4h,1,up,0.5709291,0.46,0.1109291,1,0.5709291
2025-12-22 20:00:00,BTCUSDT,4h,2,down,0.43569696,0.46,0.024303049,0,0.46
2025-12-23 00:00:00,BTCUSDT,4h,1,down,0.59423316,0.46,0.13423315,1,0.59423316
2025-12-23 04:00:00,BTCUSDT,4h,1,up,0.58939767,0.46,0.12939766,1,0.58939767
2025-12-23 08:00:00,BTCUSDT,4h,2,down,0.4590489,0.46,0.0009511113,0,0.46
2025-12-23 12:00:00,BTCUSDT,4h,2,up,0.44450274,0.46,0.015497267,0,0.46
2025-12-23 16:00:00,BTCUSDT,4h,2,down,0.5120973,0.46,0.05209729,0,0.46
2025-12-23 20:00:00,BTCUSDT,4h,1,down,0.62045145,0.46,0.16045144,1,0.62045145
2025-12-24 00:00:00,BTCUSDT,4h,1,down,0.5678475,0.46,0.10784748,1,0.5678475
2025-12-24 04:00:00,BTCUSDT,4h,1,up,0.6124376,0.46,0.1524376,1,0.6124376
2025-12-24 08:00:00,BTCUSDT,4h,2,down,0.48145935,0.46,0.021459341,0,0.46
2025-12-24 12:00:00,BTCUSDT,4h,2,up,0.48828924,0.46,0.028289229,0,0.46
2025-12-24 16:00:00,BTCUSDT,4h,2,up,0.4331048,0.46,0.026895195,0,0.46
2025-12-24 20:00:00,BTCUSDT,4h,2,up,0.50210285,0.46,0.042102844,0,0.46
2025-12-25 00:00:00,BTCUSDT,4h,2,down,0.4172713,0.46,0.042728722,0,0.46
2025-12-25 04:00:00,BTCUSDT,4h,2,down,0.42238772,0.46,0.03761229,0,0.46
2025-12-25 08:00:00,BTCUSDT,4h,1,up,0.5556876,0.46,0.0956876,1,0.5556876
2025-12-25 12:00:00,BTCUSDT,4h,2,down,0.44620797,0.46,0.013792038,0,0.46
2025-12-25 16:00:00,BTCUSDT,4h,2,down,0.5039918,0.46,0.043991774,0,0.46
2025-12-25 20:00:00,BTCUSDT,4h,1,up,0.56005114,0.46,0.100051135,1,0.56005114
2025-12-26 00:00:00,BTCUSDT,4h,2,down,0.5245284,0.46,0.064528376,0,0.46
2025-12-26 04:00:00,BTCUSDT,4h,1,up,0.57290995,0.46,0.11290994,1,0.57290995
2025-12-26 08:00:00,BTCUSDT,4h,1,down,0.55398256,0.46,0.09398255,1,0.55398256
2025-12-26 12:00:00,BTCUSDT,4h,2,up,0.5038714,0.46,0.043871373,0,0.46
2025-12-26 16:00:00,BTCUSDT,4h,2,down,0.49424112,0.46,0.03424111,0,0.46
2025-12-26 20:00:00,BTCUSDT,4h,1,up,0.61145395,0.46,0.15145394,1,0.61145395
2025-12-27 00:00:00,BTCUSDT,4h,2,up,0.40772882,0.46,0.052271187,0,0.46
2025-12-27 04:00:00,BTCUSDT,4h,2,down,0.52285343,0.46,0.062853426,0,0.46
2025-12-27 08:00:00,BTCUSDT,4h,2,up,0.52591664,0.46,0.06591663,0,0.46
2025-12-27 12:00:00,BTCUSDT,4h,2,up,0.4395924,0.46,0.020407617,0,0.46
2025-12-27 16:00:00,BTCUSDT,4h,2,up,0.45021772,0.46,0.0097822845,0,0.46
2025-12-27 20:00:00,BTCUSDT,4h,2,down,0.44540697,0.46,0.014593035,0,0.46
2025-12-28 00:00:00,BTCUSDT,4h,1,down,0.55195713,0.46,0.09195712,1,0.55195713
2025-12-28 04:00:00,BTCUSDT,4h,2,up,0.44927406,0.46,0.010725945,0,0.46
2025-12-28 08:00:00,BTCUSDT,4h,2,down,0.4410584,0.46,0.018941611,0,0.46
2025-12-28 12:00:00,BTCUSDT,4h,2,down,0.50712836,0.46,0.04712835,0,0.46
2025-12-28 16:00:00,BTCUSDT,4h,1,up,0.5593706,0.46,0.09937057,1,0.5593706
2025-12-28 20:00:00,BTCUSDT,4h,2,up,0.4532457,0.46,0.006754309,0,0.46
2025-12-29 00:00:00,BTCUSDT,4h,1,down,0.5366966,0.46,0.076696604,1,0.5366966
2025-12-29 04:00:00,BTCUSDT,4h,1,down,0.5819215,0.46,0.12192151,1,0.5819215
2025-12-29 08:00:00,BTCUSDT,4h,2,up,0.5169641,0.46,0.05696407,0,0.46
2025-12-29 12:00:00,BTCUSDT,4h,2,down,0.51985186,0.46,0.059851855,0,0.46
2025-12-29 16:00:00,BTCUSDT,4h,1,down,0.62397176,0.46,0.16397175,1,0.62397176
2025-12-29 20:00:00,BTCUSDT,4h,1,up,0.6214892,0.46,0.16148922,1,0.6214892
2025-12-30 00:00:00,BTCUSDT,4h,2,up,0.44790986,0.46,0.012090147,0,0.46
2025-12-30 04:00:00,BTCUSDT,4h,2,up,0.44326887,0.46,0.016731143,0,0.46
2025-12-30 08:00:00,BTCUSDT,4h,2,up,0.46451923,0.46,0.004519224,0,0.46
2025-12-30 12:00:00,BTCUSDT,4h,2,down,0.46370393,0.46,0.003703922,0,0.46
2025-12-30 16:00:00,BTCUSDT,4h,1,up,0.5748216,0.46,0.11482158,1,0.5748216
2025-12-30 20:00:00,BTCUSDT,4h,2,down,0.40857694,0.46,0.051423073,0,0.46
2025-12-31 00:00:00,BTCUSDT,4h,2,up,0.49136898,0.46,0.03136897,0,0.46
2025-12-31 04:00:00,BTCUSDT,4h,2,up,0.3900103,0.46,0.06998971,0,0.46
2025-12-31 08:00:00,BTCUSDT,4h,0,down,0.3874648,0.46,0.07253522,1,0.3874648
2025-12-31 12:00:00,BTCUSDT,4h,1,down,0.57367444,0.46,0.11367443,1,0.57367444
2025-12-31 16:00:00,BTCUSDT,4h,1,up,0.58496934,0.46,0.12496933,1,0.58496934
2025-12-31 20:00:00,BTCUSDT,4h,2,up,0.4808192,0.46,0.020819187,0,0.46
2026-01-01 00:00:00,BTCUSDT,4h,1,down,0.55718625,0.46,0.09718624,1,0.55718625
2026-01-01 04:00:00,BTCUSDT,4h,1,up,0.54049575,0.46,0.080495745,1,0.54049575
2026-01-01 08:00:00,BTCUSDT,4h,0,up,0.38391232,0.46,0.07608768,1,0.38391232
2026-01-01 12:00:00,BTCUSDT,4h,2,up,0.43530837,0.46,0.024691641,0,0.46
2026-01-01 16:00:00,BTCUSDT,4h,2,up,0.44550925,0.46,0.014490753,0,0.46
2026-01-01 20:00:00,BTCUSDT,4h,2,up,0.42835692,0.46,0.031643093,0,0.46
2026-01-02 00:00:00,BTCUSDT,4h,2,down,0.43544838,0.46,0.02455163,0,0.46
2026-01-02 04:00:00,BTCUSDT,4h,0,up,0.35941762,0.46,0.10058239,1,0.35941762
2026-01-02 08:00:00,BTCUSDT,4h,2,down,0.49380064,0.46,0.03380063,0,0.46
2026-01-02 12:00:00,BTCUSDT,4h,2,up,0.41675806,0.46,0.043241948,0,0.46
2026-01-02 16:00:00,BTCUSDT,4h,2,up,0.4744229,0.46,0.0144228935,0,0.46
2026-01-02 20:00:00,BTCUSDT,4h,2,up,0.41909134,0.46,0.040908664,0,0.46
2026-01-03 00:00:00,BTCUSDT,4h,0,down,0.34504804,0.46,0.11495197,1,0.34504804
2026-01-03 04:00:00,BTCUSDT,4h,1,up,0.6198033,0.46,0.1598033,1,0.6198033
2026-01-03 08:00:00,BTCUSDT,4h,2,up,0.49853984,0.46,0.038539827,0,0.46
2026-01-03 12:00:00,BTCUSDT,4h,1,up,0.5596462,0.46,0.09964618,1,0.5596462
2026-01-03 16:00:00,BTCUSDT,4h,2,up,0.4197847,0.46,0.040215313,0,0.46
2026-01-03 20:00:00,BTCUSDT,4h,2,up,0.49504787,0.46,0.03504786,0,0.46
2026-01-04 00:00:00,BTCUSDT,4h,2,up,0.44942117,0.46,0.010578841,0,0.46
2026-01-04 04:00:00,BTCUSDT,4h,0,down,0.3641831,0.46,0.09581691,1,0.3641831
2026-01-04 08:00:00,BTCUSDT,4h,2,up,0.49225533,0.46,0.03225532,0,0.46
2026-01-04 12:00:00,BTCUSDT,4h,0,down,0.3816137,0.46,0.07838631,1,0.3816137
2026-01-04 16:00:00,BTCUSDT,4h,2,up,0.5016172,0.46,0.041617185,0,0.46
2026-01-04 20:00:00,BTCUSDT,4h,2,up,0.41532943,0.46,0.04467058,0,0.46
2026-01-05 00:00:00,BTCUSDT,4h,2,down,0.4924815,0.46,0.03248149,0,0.46
2026-01-05 04:00:00,BTCUSDT,4h,2,up,0.461243,0.46,0.0012429953,0,0.46
2026-01-05 08:00:00,BTCUSDT,4h,2,up,0.4382585,0.46,0.02174151,0,0.46
2026-01-05 12:00:00,BTCUSDT,4h,2,up,0.41287258,0.46,0.047127426,0,0.46
2026-01-05 16:00:00,BTCUSDT,4h,0,down,0.3822714,0.46,0.0777286,1,0.3822714
2026-01-05 20:00:00,BTCUSDT,4h,1,down,0.6163487,0.46,0.15634868,1,0.6163487
2026-01-06 00:00:00,BTCUSDT,4h,1,down,0.5424941,0.46,0.08249411,1,0.5424941
2026-01-06 04:00:00,BTCUSDT,4h,1,up,0.6729773,0.46,0.21297732,1,0.6729773
2026-01-06 08:00:00,BTCUSDT,4h,0,down,0.3778877,0.46,0.08211231,1,0.3778877
2026-01-06 12:00:00,BTCUSDT,4h,1,down,0.55749846,0.46,0.09749845,1,0.55749846
2026-01-06 16:00:00,BTCUSDT,4h,1,up,0.5348724,0.46,0.074872404,1,0.5348724
2026-01-06 20:00:00,BTCUSDT,4h,2,down,0.46670148,0.46,0.0067014694,0,0.46
2026-01-07 00:00:00,BTCUSDT,4h,1,up,0.59536296,0.46,0.13536295,1,0.59536296
2026-01-07 04:00:00,BTCUSDT,4h,2,down,0.42152458,0.46,0.038475424,0,0.46
2026-01-07 08:00:00,BTCUSDT,4h,1,down,0.586521,0.46,0.12652102,1,0.586521
2026-01-07 12:00:00,BTCUSDT,4h,1,down,0.60811055,0.46,0.14811054,1,0.60811055
2026-01-07 16:00:00,BTCUSDT,4h,1,up,0.56348616,0.46,0.10348615,1,0.56348616
2026-01-07 20:00:00,BTCUSDT,4h,2,down,0.45038635,0.46,0.009613663,0,0.46
2026-01-08 00:00:00,BTCUSDT,4h,1,down,0.61574423,0.46,0.15574422,1,0.61574423
2026-01-08 04:00:00,BTCUSDT,4h,2,down,0.50104564,0.46,0.041045636,0,0.46
2026-01-08 08:00:00,BTCUSDT,4h,1,up,0.5954256,0.46,0.1354256,1,0.5954256
2026-01-08 12:00:00,BTCUSDT,4h,2,up,0.45046008,0.46,0.009539932,0,0.46
2026-01-08 16:00:00,BTCUSDT,4h,2,up,0.4786421,0.46,0.018642098,0,0.46
2026-01-08 20:00:00,BTCUSDT,4h,2,up,0.46118426,0.46,0.0011842549,0,0.46
2026-01-09 00:00:00,BTCUSDT,4h,2,down,0.4566236,0.46,0.0033763945,0,0.46
2026-01-09 04:00:00,BTCUSDT,4h,1,down,0.5940869,0.46,0.13408688,1,0.5940869
2026-01-09 08:00:00,BTCUSDT,4h,2,up,0.44822443,0.46,0.011775583,0,0.46
2026-01-09 12:00:00,BTCUSDT,4h,2,down,0.456786,0.46,0.0032140017,0,0.46
2026-01-09 16:00:00,BTCUSDT,4h,1,up,0.61013526,0.46,0.15013525,1,0.61013526
2026-01-09 20:00:00,BTCUSDT,4h,2,down,0.42230088,0.46,0.037699133,0,0.46
2026-01-10 00:00:00,BTCUSDT,4h,1,up,0.58376324,0.46,0.12376323,1,0.58376324
2026-01-10 04:00:00,BTCUSDT,4h,2,up,0.423058,0.46,0.036942005,0,0.46
2026-01-10 08:00:00,BTCUSDT,4h,2,down,0.48515397,0.46,0.025153965,0,0.46
2026-01-10 12:00:00,BTCUSDT,4h,2,down,0.5214057,0.46,0.06140569,0,0.46
2026-01-10 16:00:00,BTCUSDT,4h,2,down,0.51313955,0.46,0.053139538,0,0.46
2026-01-10 20:00:00,BTCUSDT,4h,2,up,0.4964242,0.46,0.03642419,0,0.46
2026-01-11 00:00:00,BTCUSDT,4h,2,down,0.43304732,0.46,0.026952684,0,0.46
2026-01-11 04:00:00,BTCUSDT,4h,2,up,0.4475643,0.46,0.0124357045,0,0.46
2026-01-11 08:00:00,BTCUSDT,4h,2,up,0.44561827,0.46,0.0143817365,0,0.46
2026-01-11 12:00:00,BTCUSDT,4h,2,down,0.48231035,0.46,0.022310346,0,0.46
2026-01-11 16:00:00,BTCUSDT,4h,1,up,0.5763564,0.46,0.1163564,1,0.5763564
2026-01-11 20:00:00,BTCUSDT,4h,2,up,0.47979262,0.46,0.019792616,0,0.46
2026-01-12 00:00:00,BTCUSDT,4h,2,down,0.522742,0.46,0.062741965,0,0.46
2026-01-12 04:00:00,BTCUSDT,4h,1,down,0.5777173,0.46,0.117717296,1,0.5777173
2026-01-12 08:00:00,BTCUSDT,4h,1,up,0.55612755,0.46,0.09612754,1,0.55612755
2026-01-12 12:00:00,BTCUSDT,4h,2,up,0.45954922,0.46,0.00045078993,0,0.46
2026-01-12 16:00:00,BTCUSDT,4h,2,down,0.43674144,0.46,0.023258567,0,0.46
2026-01-12 20:00:00,BTCUSDT,4h,1,up,0.59713846,0.46,0.13713846,1,0.59713846
2026-01-13 00:00:00,BTCUSDT,4h,2,up,0.4399612,0.46,0.020038813,0,0.46
2026-01-13 04:00:00,BTCUSDT,4h,2,up,0.48107144,0.46,0.021071434,0,0.46
2026-01-13 08:00:00,BTCUSDT,4h,1,up,0.5552901,0.46,0.095290095,1,0.5552901
2026-01-13 12:00:00,BTCUSDT,4h,2,up,0.4203754,0.46,0.0396246,0,0.46
2026-01-13 16:00:00,BTCUSDT,4h,2,up,0.40628135,0.46,0.053718656,0,0.46
2026-01-13 20:00:00,BTCUSDT,4h,2,up,0.45658818,0.46,0.0034118295,0,0.46
2026-01-14 00:00:00,BTCUSDT,4h,0,down,0.38008937,0.46,0.079910636,1,0.38008937
2026-01-14 04:00:00,BTCUSDT,4h,2,down,0.43814397,0.46,0.02185604,0,0.46
2026-01-14 08:00:00,BTCUSDT,4h,1,up,0.63304394,0.46,0.17304394,1,0.63304394
2026-01-14 12:00:00,BTCUSDT,4h,2,up,0.39507186,0.46,0.064928144,0,0.46
2026-01-14 16:00:00,BTCUSDT,4h,0,down,0.3697688,0.46,0.09023121,1,0.3697688
2026-01-14 20:00:00,BTCUSDT,4h,1,down,0.5853522,0.46,0.12535217,1,0.5853522
2026-01-15 00:00:00,BTCUSDT,4h,1,up,0.696379,0.46,0.236379,1,0.696379
2026-01-15 04:00:00,BTCUSDT,4h,2,down,0.44033402,0.46,0.019665986,0,0.46
2026-01-15 08:00:00,BTCUSDT,4h,1,up,0.5637823,0.46,0.10378227,1,0.5637823
2026-01-15 12:00:00,BTCUSDT,4h,0,down,0.351669,0.46,0.108330995,1,0.351669
2026-01-15 16:00:00,BTCUSDT,4h,1,up,0.57023305,0.46,0.11023304,1,0.57023305
2026-01-15 20:00:00,BTCUSDT,4h,2,down,0.48145896,0.46,0.021458954,0,0.46
2026-01-16 00:00:00,BTCUSDT,4h,1,up,0.6606569,0.46,0.20065692,1,0.6606569
2026-01-16 04:00:00,BTCUSDT,4h,2,down,0.46581304,0.46,0.0058130324,0,0.46
2026-01-16 08:00:00,BTCUSDT,4h,1,down,0.64136606,0.46,0.18136606,1,0.64136606
2026-01-16 12:00:00,BTCUSDT,4h,1,up,0.6603966,0.46,0.20039657,1,0.6603966
2026-01-16 16:00:00,BTCUSDT,4h,2,up,0.4644388,0.46,0.0044387877,0,0.46
2026-01-16 20:00:00,BTCUSDT,4h,2,down,0.43376276,0.46,0.02623725,0,0.46
2026-01-17 00:00:00,BTCUSDT,4h,2,down,0.49694273,0.46,0.03694272,0,0.46
2026-01-17 04:00:00,BTCUSDT,4h,1,up,0.5313297,0.46,0.07132968,1,0.5313297
2026-01-17 08:00:00,BTCUSDT,4h,2,up,0.39282727,0.46,0.067172736,0,0.46
2026-01-17 12:00:00,BTCUSDT,4h,2,down,0.43306637,0.46,0.02693364,0,0.46
2026-01-17 16:00:00,BTCUSDT,4h,2,down,0.52614903,0.46,0.066149026,0,0.46
2026-01-17 20:00:00,BTCUSDT,4h,1,up,0.56080914,0.46,0.10080913,1,0.56080914
2026-01-18 00:00:00,BTCUSDT,4h,2,down,0.45372042,0.46,0.0062795877,0,0.46
2026-01-18 04:00:00,BTCUSDT,4h,1,up,0.5761582,0.46,0.11615822,1,0.5761582
2026-01-18 08:00:00,BTCUSDT,4h,2,down,0.48428804,0.46,0.024288028,0,0.46
2026-01-18 12:00:00,BTCUSDT,4h,2,up,0.49011302,0.46,0.030113012,0,0.46
2026-01-18 16:00:00,BTCUSDT,4h,2,down,0.44564456,0.46,0.014355451,0,0.46
2026-01-18 20:00:00,BTCUSDT,4h,2,down,0.5143103,0.46,0.054310292,0,0.46
2026-01-19 00:00:00,BTCUSDT,4h,2,up,0.46586907,0.46,0.0058690608,0,0.46
2026-01-19 04:00:00,BTCUSDT,4h,2,up,0.5252096,0.46,0.0652096,0,0.46
2026-01-19 08:00:00,BTCUSDT,4h,2,down,0.47995538,0.46,0.019955367,0,0.46
2026-01-19 12:00:00,BTCUSDT,4h,2,up,0.45427975,0.46,0.0057202578,0,0.46
2026-01-19 16:00:00,BTCUSDT,4h,1,down,0.544449,0.46,0.08444896,1,0.544449
2026-01-19 20:00:00,BTCUSDT,4h,1,down,0.6440815,0.46,0.18408147,1,0.6440815
2026-01-20 00:00:00,BTCUSDT,4h,1,down,0.62311894,0.46,0.16311893,1,0.62311894
2026-01-20 04:00:00,BTCUSDT,4h,2,up,0.47337317,0.46,0.013373166,0,0.46
2026-01-20 08:00:00,BTCUSDT,4h,2,down,0.4602522,0.46,0.00025218725,0,0.46
2026-01-20 12:00:00,BTCUSDT,4h,2,down,0.46682957,0.46,0.00682956,0,0.46
2026-01-20 16:00:00,BTCUSDT,4h,1,down,0.5756344,0.46,0.11563441,1,0.5756344
2026-01-20 20:00:00,BTCUSDT,4h,1,up,0.54925805,0.46,0.089258045,1,0.54925805
2026-01-21 00:00:00,BTCUSDT,4h,2,down,0.46629018,0.46,0.0062901676,0,0.46
2026-01-21 04:00:00,BTCUSDT,4h,1,down,0.6062296,0.46,0.1462296,1,0.6062296
2026-01-21 08:00:00,BTCUSDT,4h,1,up,0.60726535,0.46,0.14726534,1,0.60726535
2026-01-21 12:00:00,BTCUSDT,4h,2,up,0.46435857,0.46,0.00435856,0,0.46
2026-01-21 16:00:00,BTCUSDT,4h,2,down,0.47175068,0.46,0.011750668,0,0.46
2026-01-21 20:00:00,BTCUSDT,4h,1,up,0.6130165,0.46,0.15301648,1,0.6130165
2026-01-22 00:00:00,BTCUSDT,4h,2,down,0.5196015,0.46,0.059601516,0,0.46
2026-01-22 04:00:00,BTCUSDT,4h,1,up,0.57697976,0.46,0.11697975,1,0.57697976
2026-01-22 08:00:00,BTCUSDT,4h,2,down,0.44495308,0.46,0.015046924,0,0.46
2026-01-22 12:00:00,BTCUSDT,4h,1,up,0.5903181,0.46,0.13031808,1,0.5903181
2026-01-22 16:00:00,BTCUSDT,4h,2,down,0.44267648,0.46,0.017323524,0,0.46
2026-01-22 20:00:00,BTCUSDT,4h,1,up,0.53114945,0.46,0.07114944,1,0.53114945
2026-01-23 00:00:00,BTCUSDT,4h,2,down,0.42991295,0.46,0.030087054,0,0.46
2026-01-23 04:00:00,BTCUSDT,4h,1,down,0.56006354,0.46,0.10006353,1,0.56006354
2026-01-23 08:00:00,BTCUSDT,4h,1,up,0.54553753,0.46,0.08553752,1,0.54553753
2026-01-23 12:00:00,BTCUSDT,4h,2,up,0.4070876,0.46,0.052912414,0,0.46
2026-01-23 16:00:00,BTCUSDT,4h,2,down,0.48781255,0.46,0.02781254,0,0.46
2026-01-23 20:00:00,BTCUSDT,4h,2,up,0.52549714,0.46,0.06549713,0,0.46
2026-01-24 00:00:00,BTCUSDT,4h,2,down,0.45978138,0.46,0.00021862984,0,0.46
2026-01-24 04:00:00,BTCUSDT,4h,1,down,0.59070134,0.46,0.13070133,1,0.59070134
2026-01-24 08:00:00,BTCUSDT,4h,1,down,0.6154364,0.46,0.15543637,1,0.6154364
2026-01-24 12:00:00,BTCUSDT,4h,1,up,0.6040842,0.46,0.14408419,1,0.6040842
2026-01-24 16:00:00,BTCUSDT,4h,2,down,0.50555956,0.46,0.045559555,0,0.46
2026-01-24 20:00:00,BTCUSDT,4h,1,down,0.5898046,0.46,0.12980458,1,0.5898046
2026-01-25 00:00:00,BTCUSDT,4h,1,down,0.58308774,0.46,0.123087734,1,0.58308774
2026-01-25 04:00:00,BTCUSDT,4h,1,down,0.5878912,0.46,0.12789121,1,0.5878912
2026-01-25 08:00:00,BTCUSDT,4h,2,down,0.45420134,0.46,0.0057986677,0,0.46
2026-01-25 12:00:00,BTCUSDT,4h,1,down,0.5793847,0.46,0.119384676,1,0.5793847
2026-01-25 16:00:00,BTCUSDT,4h,2,up,0.43078247,0.46,0.029217541,0,0.46
2026-01-25 20:00:00,BTCUSDT,4h,2,up,0.51098603,0.46,0.05098602,0,0.46
2026-01-26 00:00:00,BTCUSDT,4h,1,up,0.5438926,0.46,0.08389261,1,0.5438926
2026-01-26 04:00:00,BTCUSDT,4h,2,down,0.48090595,0.46,0.020905942,0,0.46
2026-01-26 08:00:00,BTCUSDT,4h,2,down,0.529154,0.46,0.069153994,0,0.46
2026-01-26 12:00:00,BTCUSDT,4h,1,up,0.5417002,0.46,0.081700176,1,0.5417002
2026-01-26 16:00:00,BTCUSDT,4h,2,up,0.43050545,0.46,0.029494554,0,0.46
2026-01-26 20:00:00,BTCUSDT,4h,2,up,0.393474,0.46,0.066525996,0,0.46
2026-01-27 00:00:00,BTCUSDT,4h,0,down,0.38751534,0.46,0.07248467,1,0.38751534
2026-01-27 04:00:00,BTCUSDT,4h,1,down,0.5572582,0.46,0.09725818,1,0.5572582
2026-01-27 08:00:00,BTCUSDT,4h,1,up,0.5536381,0.46,0.09363809,1,0.5536381
2026-01-27 12:00:00,BTCUSDT,4h,2,up,0.5217777,0.46,0.06177768,0,0.46
2026-01-27 16:00:00,BTCUSDT,4h,2,up,0.44605255,0.46,0.013947457,0,0.46
2026-01-27 20:00:00,BTCUSDT,4h,2,down,0.45591083,0.46,0.0040891767,0,0.46
2026-01-28 00:00:00,BTCUSDT,4h,1,up,0.53408015,0.46,0.07408014,1,0.53408015
2026-01-28 04:00:00,BTCUSDT,4h,2,up,0.42989287,0.46,0.03010714,0,0.46
2026-01-28 08:00:00,BTCUSDT,4h,2,down,0.45220554,0.46,0.0077944696,0,0.46
2026-01-28 12:00:00,BTCUSDT,4h,2,down,0.49142426,0.46,0.031424254,0,0.46
2026-01-28 16:00:00,BTCUSDT,4h,1,down,0.53735477,0.46,0.07735476,1,0.53735477
2026-01-28 20:00:00,BTCUSDT,4h,1,down,0.55516326,0.46,0.095163256,1,0.55516326
2026-01-29 00:00:00,BTCUSDT,4h,1,up,0.5524896,0.46,0.09248957,1,0.5524896
2026-01-29 04:00:00,BTCUSDT,4h,2,down,0.4447986,0.46,0.01520142,0,0.46
2026-01-29 08:00:00,BTCUSDT,4h,1,down,0.6444379,0.46,0.1844379,1,0.6444379
2026-01-29 12:00:00,BTCUSDT,4h,2,down,0.5184352,0.46,0.05843517,0,0.46
2026-01-29 16:00:00,BTCUSDT,4h,1,up,0.5380026,0.46,0.0780026,1,0.5380026
2026-01-29 20:00:00,BTCUSDT,4h,2,down,0.49474415,0.46,0.034744143,0,0.46
2026-01-30 00:00:00,BTCUSDT,4h,2,up,0.49010283,0.46,0.03010282,0,0.46
2026-01-30 04:00:00,BTCUSDT,4h,2,up,0.4838461,0.46,0.02384609,0,0.46
2026-01-30 08:00:00,BTCUSDT,4h,2,down,0.45729688,0.46,0.0027031302,0,0.46
2026-01-30 12:00:00,BTCUSDT,4h,1,up,0.5921649,0.46,0.13216487,1,0.5921649
2026-01-30 16:00:00,BTCUSDT,4h,2,up,0.4500414,0.46,0.009958595,0,0.46
2026-01-30 20:00:00,BTCUSDT,4h,2,down,0.39915976,0.46,0.06084025,0,0.46
2026-01-31 00:00:00,BTCUSDT,4h,2,down,0.47522846,0.46,0.01522845,0,0.46
2026-01-31 04:00:00,BTCUSDT,4h,1,down,0.5977598,0.46,0.13775977,1,0.5977598
2026-01-31 08:00:00,BTCUSDT,4h,1,down,0.57317245,0.46,0.11317244,1,0.57317245
2026-01-31 12:00:00,BTCUSDT,4h,1,down,0.56265295,0.46,0.10265294,1,0.56265295
2026-01-31 16:00:00,BTCUSDT,4h,1,up,0.57282925,0.46,0.11282924,1,0.57282925
2026-01-31 20:00:00,BTCUSDT,4h,2,up,0.5039875,0.46,0.043987483,0,0.46
2026-02-01 00:00:00,BTCUSDT,4h,1,down,0.54078305,0.46,0.08078304,1,0.54078305
2026-02-01 04:00:00,BTCUSDT,4h,1,up,0.5947334,0.46,0.13473341,1,0.5947334
2026-02-01 08:00:00,BTCUSDT,4h,2,down,0.50831,0.46,0.04831001,0,0.46
2026-02-01 12:00:00,BTCUSDT,4h,1,down,0.6347815,0.46,0.17478147,1,0.6347815
2026-02-01 16:00:00,BTCUSDT,4h,1,down,0.64030033,0.46,0.18030033,1,0.64030033
2026-02-01 20:00:00,BTCUSDT,4h,2,down,0.52502704,0.46,0.06502703,0,0.46
2026-02-02 00:00:00,BTCUSDT,4h,1,up,0.5826312,0.46,0.12263116,1,0.5826312
2026-02-02 04:00:00,BTCUSDT,4h,2,up,0.4532335,0.46,0.006766498,0,0.46
2026-02-02 08:00:00,BTCUSDT,4h,2,up,0.42445734,0.46,0.035542667,0,0.46
2026-02-02 12:00:00,BTCUSDT,4h,2,down,0.44884893,0.46,0.011151075,0,0.46
2026-02-02 16:00:00,BTCUSDT,4h,1,up,0.6112574,0.46,0.15125737,1,0.6112574
2026-02-02 20:00:00,BTCUSDT,4h,2,up,0.42037868,0.46,0.039621323,0,0.46
2026-02-03 00:00:00,BTCUSDT,4h,2,up,0.39160937,0.46,0.06839064,0,0.46
2026-02-03 04:00:00,BTCUSDT,4h,0,down,0.34839335,0.46,0.11160666,1,0.34839335
2026-02-03 08:00:00,BTCUSDT,4h,1,up,0.6208373,0.46,0.16083726,1,0.6208373
2026-02-03 12:00:00,BTCUSDT,4h,2,down,0.44865838,0.46,0.011341631,0,0.46
2026-02-03 16:00:00,BTCUSDT,4h,2,up,0.5260643,0.46,0.06606427,0,0.46
2026-02-03 20:00:00,BTCUSDT,4h,1,up,0.58311516,0.46,0.12311515,1,0.58311516
2026-02-04 00:00:00,BTCUSDT,4h,2,down,0.48129803,0.46,0.021298021,0,0.46
2026-02-04 04:00:00,BTCUSDT,4h,2,down,0.46034625,0.46,0.00034624338,0,0.46
2026-02-04 08:00:00,BTCUSDT,4h,1,down,0.5726552,0.46,0.11265519,1,0.5726552
2026-02-04 12:00:00,BTCUSDT,4h,1,down,0.59388644,0.46,0.13388643,1,0.59388644
2026-02-04 16:00:00,BTCUSDT,4h,2,down,0.50291336,0.46,0.042913347,0,0.46
2026-02-04 20:00:00,BTCUSDT,4h,2,down,0.51838547,0.46,0.05838546,0,0.46
2026-02-05 00:00:00,BTCUSDT,4h,1,down,0.5940119,0.46,0.1340119,1,0.5940119
2026-02-05 04:00:00,BTCUSDT,4h,1,down,0.5717366,0.46,0.111736566,1,0.5717366
2026-02-05 08:00:00,BTCUSDT,4h,1,down,0.5892422,0.46,0.12924221,1,0.5892422
2026-02-05 12:00:00,BTCUSDT,4h,1,down,0.57564783,0.46,0.11564782,1,0.57564783
2026-02-05 16:00:00,BTCUSDT,4h,1,down,0.600608,0.46,0.14060798,1,0.600608
2026-02-05 20:00:00,BTCUSDT,4h,1,up,0.6246975,0.46,0.1646975,1,0.6246975
2026-02-06 00:00:00,BTCUSDT,4h,2,up,0.5155512,0.46,0.0555512,0,0.46
2026-02-06 04:00:00,BTCUSDT,4h,2,up,0.5288475,0.46,0.06884751,0,0.46
2026-02-06 08:00:00,BTCUSDT,4h,2,up,0.42893478,0.46,0.031065226,0,0.46
2026-02-06 12:00:00,BTCUSDT,4h,2,up,0.5125076,0.46,0.05250761,0,0.46
2026-02-06 16:00:00,BTCUSDT,4h,2,down,0.4956624,0.46,0.035662383,0,0.46
2026-02-06 20:00:00,BTCUSDT,4h,1,up,0.6140331,0.46,0.1540331,1,0.6140331
2026-02-07 00:00:00,BTCUSDT,4h,2,down,0.41137362,0.46,0.048626393,0,0.46
2026-02-07 04:00:00,BTCUSDT,4h,1,down,0.5751908,0.46,0.115190774,1,0.5751908
2026-02-07 08:00:00,BTCUSDT,4h,2,up,0.50871235,0.46,0.048712343,0,0.46
2026-02-07 12:00:00,BTCUSDT,4h,2,up,0.47454897,0.46,0.014548957,0,0.46
2026-02-07 16:00:00,BTCUSDT,4h,2,down,0.4584713,0.46,0.0015287101,0,0.46
2026-02-07 20:00:00,BTCUSDT,4h,2,down,0.4868552,0.46,0.0268552,0,0.46
2026-02-08 00:00:00,BTCUSDT,4h,1,up,0.54606974,0.46,0.08606973,1,0.54606974
2026-02-08 04:00:00,BTCUSDT,4h,2,up,0.4548961,0.46,0.005103916,0,0.46
2026-02-08 08:00:00,BTCUSDT,4h,2,up,0.4135137,0.46,0.046486318,0,0.46
2026-02-08 12:00:00,BTCUSDT,4h,2,up,0.40424266,0.46,0.055757344,0,0.46
2026-02-08 16:00:00,BTCUSDT,4h,0,down,0.35423177,0.46,0.10576823,1,0.35423177
2026-02-08 20:00:00,BTCUSDT,4h,1,up,0.5798411,0.46,0.11984107,1,0.5798411
2026-02-09 00:00:00,BTCUSDT,4h,2,down,0.46282956,0.46,0.0028295517,0,0.46
2026-02-09 04:00:00,BTCUSDT,4h,1,down,0.6096234,0.46,0.14962336,1,0.6096234
2026-02-09 08:00:00,BTCUSDT,4h,1,up,0.55500823,0.46,0.095008224,1,0.55500823
2026-02-09 12:00:00,BTCUSDT,4h,2,up,0.4691048,0.46,0.009104788,0,0.46
2026-02-09 16:00:00,BTCUSDT,4h,2,down,0.46076715,0.46,0.0007671416,0,0.46
2026-02-09 20:00:00,BTCUSDT,4h,1,down,0.5390381,0.46,0.07903811,1,0.5390381
2026-02-10 00:00:00,BTCUSDT,4h,1,down,0.5863021,0.46,0.1263021,1,0.5863021
2026-02-10 04:00:00,BTCUSDT,4h,1,down,0.59711415,0.46,0.13711414,1,0.59711415
2026-02-10 08:00:00,BTCUSDT,4h,1,up,0.60655165,0.46,0.14655164,1,0.60655165
2026-02-10 12:00:00,BTCUSDT,4h,2,down,0.45245022,0.46,0.0075497925,0,0.46
2026-02-10 16:00:00,BTCUSDT,4h,1,down,0.5489098,0.46,0.088909775,1,0.5489098
2026-02-10 20:00:00,BTCUSDT,4h,2,down,0.46695223,0.46,0.006952226,0,0.46
2026-02-11 00:00:00,BTCUSDT,4h,1,down,0.63675755,0.46,0.17675754,1,0.63675755
2026-02-11 04:00:00,BTCUSDT,4h,1,up,0.57478315,0.46,0.11478314,1,0.57478315
2026-02-11 08:00:00,BTCUSDT,4h,2,down,0.474504,0.46,0.014503986,0,0.46
2026-02-11 12:00:00,BTCUSDT,4h,1,up,0.53555113,0.46,0.07555112,1,0.53555113
2026-02-11 16:00:00,BTCUSDT,4h,2,down,0.41432738,0.46,0.045672625,0,0.46
2026-02-11 20:00:00,BTCUSDT,4h,1,up,0.5842065,0.46,0.12420651,1,0.5842065
2026-02-12 00:00:00,BTCUSDT,4h,2,down,0.4822549,0.46,0.022254884,0,0.46
2026-02-12 04:00:00,BTCUSDT,4h,2,up,0.5155695,0.46,0.0555695,0,0.46
2026-02-12 08:00:00,BTCUSDT,4h,2,down,0.43945476,0.46,0.020545244,0,0.46
2026-02-12 12:00:00,BTCUSDT,4h,1,down,0.6162633,0.46,0.15626326,1,0.6162633
2026-02-12 16:00:00,BTCUSDT,4h,2,up,0.5034852,0.46,0.043485194,0,0.46
2026-02-12 20:00:00,BTCUSDT,4h,2,up,0.44073167,0.46,0.019268334,0,0.46
2026-02-13 00:00:00,BTCUSDT,4h,2,down,0.46721938,0.46,0.007219374,0,0.46
2026-02-13 04:00:00,BTCUSDT,4h,1,up,0.5622498,0.46,0.10224977,1,0.5622498
2026-02-13 08:00:00,BTCUSDT,4h,2,up,0.43114212,0.46,0.028857887,0,0.46
2026-02-13 12:00:00,BTCUSDT,4h,2,up,0.4738444,0.46,0.013844401,0,0.46
2026-02-13 16:00:00,BTCUSDT,4h,2,down,0.50176764,0.46,0.041767627,0,0.46
2026-02-13 20:00:00,BTCUSDT,4h,2,up,0.453626,0.46,0.0063740015,0,0.46
2026-02-14 00:00:00,BTCUSDT,4h,0,up,0.3783257,0.46,0.08167431,1,0.3783257
2026-02-14 04:00:00,BTCUSDT,4h,2,up,0.40587285,0.46,0.054127157,0,0.46
2026-02-14 08:00:00,BTCUSDT,4h,0,down,0.35417208,0.46,0.10582793,1,0.35417208
2026-02-14 12:00:00,BTCUSDT,4h,2,up,0.3919603,0.46,0.068039715,0,0.46
2026-02-14 16:00:00,BTCUSDT,4h,0,down,0.38941106,0.46,0.07058895,1,0.38941106
2026-02-14 20:00:00,BTCUSDT,4h,1,up,0.56358933,0.46,0.103589326,1,0.56358933
2026-02-15 00:00:00,BTCUSDT,4h,0,up,0.3831524,0.46,0.07684761,1,0.3831524
2026-02-15 04:00:00,BTCUSDT,4h,0,down,0.38441575,0.46,0.07558426,1,0.38441575
2026-02-15 08:00:00,BTCUSDT,4h,1,down,0.58480597,0.46,0.12480596,1,0.58480597
2026-02-15 12:00:00,BTCUSDT,4h,1,down,0.584157,0.46,0.12415698,1,0.584157
2026-02-15 16:00:00,BTCUSDT,4h,2,up,0.4604481,0.46,0.00044807792,0,0.46
2026-02-15 20:00:00,BTCUSDT,4h,2,down,0.50910664,0.46,0.049106628,0,0.46
2026-02-16 00:00:00,BTCUSDT,4h,1,up,0.6229184,0.46,0.16291842,1,0.6229184
2026-02-16 04:00:00,BTCUSDT,4h,2,up,0.48661178,0.46,0.026611775,0,0.46
2026-02-16 08:00:00,BTCUSDT,4h,2,down,0.45467576,0.46,0.0053242445,0,0.46
2026-02-16 12:00:00,BTCUSDT,4h,1,up,0.5472314,0.46,0.08723137,1,0.5472314
2026-02-16 16:00:00,BTCUSDT,4h,1,up,0.5620395,0.46,0.102039486,1,0.5620395
2026-02-16 20:00:00,BTCUSDT,4h,2,down,0.44435,0.46,0.015650004,0,0.46
2026-02-17 00:00:00,BTCUSDT,4h,1,down,0.5503563,0.46,0.09035632,1,0.5503563
2026-02-17 04:00:00,BTCUSDT,4h,2,down,0.41944012,0.46,0.040559888,0,0.46
2026-02-17 08:00:00,BTCUSDT,4h,1,down,0.6323156,0.46,0.17231557,1,0.6323156
2026-02-17 12:00:00,BTCUSDT,4h,2,up,0.5248727,0.46,0.06487271,0,0.46
2026-02-17 16:00:00,BTCUSDT,4h,2,down,0.45791873,0.46,0.002081275,0,0.46
2026-02-17 20:00:00,BTCUSDT,4h,1,up,0.5995638,0.46,0.13956377,1,0.5995638
2026-02-18 00:00:00,BTCUSDT,4h,2,up,0.4110176,0.46,0.04898241,0,0.46
2026-02-18 04:00:00,BTCUSDT,4h,2,down,0.43932617,0.46,0.020673841,0,0.46
2026-02-18 08:00:00,BTCUSDT,4h,1,up,0.619424,0.46,0.15942398,1,0.619424
2026-02-18 12:00:00,BTCUSDT,4h,2,down,0.4572044,0.46,0.0027956069,0,0.46
2026-02-18 16:00:00,BTCUSDT,4h,1,up,0.5536368,0.46,0.09363678,1,0.5536368
2026-02-18 20:00:00,BTCUSDT,4h,2,up,0.45593908,0.46,0.004060924,0,0.46
2026-02-19 00:00:00,BTCUSDT,4h,2,up,0.45207706,0.46,0.007922947,0,0.46
2026-02-19 04:00:00,BTCUSDT,4h,2,down,0.4270749,0.46,0.0329251,0,0.46
2026-02-19 08:00:00,BTCUSDT,4h,1,down,0.6134229,0.46,0.15342286,1,0.6134229
2026-02-19 12:00:00,BTCUSDT,4h,2,up,0.4968908,0.46,0.036890805,0,0.46
2026-02-19 16:00:00,BTCUSDT,4h,2,down,0.47086817,0.46,0.010868162,0,0.46
2026-02-19 20:00:00,BTCUSDT,4h,2,up,0.439817,0.46,0.020182997,0,0.46
2026-02-20 00:00:00,BTCUSDT,4h,2,up,0.4008586,0.46,0.059141397,0,0.46
2026-02-20 04:00:00,BTCUSDT,4h,2,down,0.40649825,0.46,0.053501755,0,0.46
2026-02-20 08:00:00,BTCUSDT,4h,2,up,0.5287896,0.46,0.06878957,0,0.46
2026-02-20 12:00:00,BTCUSDT,4h,2,up,0.43240997,0.46,0.027590036,0,0.46
2026-02-20 16:00:00,BTCUSDT,4h,2,up,0.39558494,0.46,0.06441507,0,0.46
2026-02-20 20:00:00,BTCUSDT,4h,2,down,0.45524904,0.46,0.004750967,0,0.46
2026-02-21 00:00:00,BTCUSDT,4h,1,up,0.558985,0.46,0.09898499,1,0.558985
2026-02-21 04:00:00,BTCUSDT,4h,2,up,0.45734254,0.46,0.002657473,0,0.46
2026-02-21 08:00:00,BTCUSDT,4h,2,up,0.45589814,0.46,0.0041018724,0,0.46
2026-02-21 12:00:00,BTCUSDT,4h,2,down,0.4033662,0.46,0.0566338,0,0.46
2026-02-21 16:00:00,BTCUSDT,4h,2,down,0.40525576,0.46,0.054744244,0,0.46
2026-02-21 20:00:00,BTCUSDT,4h,1,up,0.583563,0.46,0.12356302,1,0.583563
2026-02-22 00:00:00,BTCUSDT,4h,2,down,0.4940058,0.46,0.03400579,0,0.46
2026-02-22 04:00:00,BTCUSDT,4h,1,up,0.54395205,0.46,0.08395204,1,0.54395205
2026-02-22 08:00:00,BTCUSDT,4h,2,down,0.4252165,0.46,0.034783512,0,0.46
2026-02-22 12:00:00,BTCUSDT,4h,1,down,0.5331018,0.46,0.07310179,1,0.5331018
2026-02-22 16:00:00,BTCUSDT,4h,1,up,0.57088256,0.46,0.11088255,1,0.57088256
2026-02-22 20:00:00,BTCUSDT,4h,2,down,0.45086062,0.46,0.009139389,0,0.46
2026-02-23 00:00:00,BTCUSDT,4h,2,up,0.48511013,0.46,0.025110126,0,0.46
2026-02-23 04:00:00,BTCUSDT,4h,2,up,0.42720467,0.46,0.03279534,0,0.46
2026-02-23 08:00:00,BTCUSDT,4h,2,down,0.4908682,0.46,0.030868202,0,0.46
2026-02-23 12:00:00,BTCUSDT,4h,1,down,0.6021743,0.46,0.14217427,1,0.6021743
2026-02-23 16:00:00,BTCUSDT,4h,1,up,0.5730807,0.46,0.11308071,1,0.5730807
2026-02-23 20:00:00,BTCUSDT,4h,2,down,0.50373966,0.46,0.043739647,0,0.46
2026-02-24 00:00:00,BTCUSDT,4h,1,down,0.62839454,0.46,0.16839454,1,0.62839454
2026-02-24 04:00:00,BTCUSDT,4h,1,up,0.5412046,0.46,0.08120456,1,0.5412046
2026-02-24 08:00:00,BTCUSDT,4h,2,up,0.5150958,0.46,0.055095762,0,0.46
2026-02-24 12:00:00,BTCUSDT,4h,2,up,0.43211782,0.46,0.027882189,0,0.46
2026-02-24 16:00:00,BTCUSDT,4h,2,down,0.4243219,0.46,0.03567812,0,0.46
2026-02-24 20:00:00,BTCUSDT,4h,1,up,0.58049035,0.46,0.12049034,1,0.58049035
2026-02-25 00:00:00,BTCUSDT,4h,2,down,0.4846319,0.46,0.024631888,0,0.46
2026-02-25 04:00:00,BTCUSDT,4h,2,up,0.52635604,0.46,0.06635603,0,0.46
2026-02-25 08:00:00,BTCUSDT,4h,2,up,0.41178027,0.46,0.04821974,0,0.46
2026-02-25 12:00:00,BTCUSDT,4h,2,up,0.46958902,0.46,0.009589016,0,0.46
2026-02-25 16:00:00,BTCUSDT,4h,2,down,0.4503764,0.46,0.009623617,0,0.46
2026-02-25 20:00:00,BTCUSDT,4h,1,up,0.6338883,0.46,0.1738883,1,0.6338883
2026-02-26 00:00:00,BTCUSDT,4h,0,down,0.38476923,0.46,0.07523078,1,0.38476923
2026-02-26 04:00:00,BTCUSDT,4h,1,up,0.603247,0.46,0.14324698,1,0.603247
2026-02-26 08:00:00,BTCUSDT,4h,2,down,0.48435834,0.46,0.024358332,0,0.46
2026-02-26 12:00:00,BTCUSDT,4h,1,up,0.5673393,0.46,0.10733929,1,0.5673393
2026-02-26 16:00:00,BTCUSDT,4h,2,down,0.40913007,0.46,0.05086994,0,0.46
2026-02-26 20:00:00,BTCUSDT,4h,1,up,0.5590476,0.46,0.09904757,1,0.5590476
2026-02-27 00:00:00,BTCUSDT,4h,2,up,0.39932314,0.46,0.060676873,0,0.46
2026-02-27 04:00:00,BTCUSDT,4h,2,down,0.48731324,0.46,0.027313232,0,0.46
2026-02-27 08:00:00,BTCUSDT,4h,1,down,0.57032937,0.46,0.11032936,1,0.57032937
2026-02-27 12:00:00,BTCUSDT,4h,2,down,0.47077364,0.46,0.010773629,0,0.46
2026-02-27 16:00:00,BTCUSDT,4h,1,up,0.6107989,0.46,0.15079889,1,0.6107989
2026-02-27 20:00:00,BTCUSDT,4h,2,down,0.47490093,0.46,0.014900923,0,0.46
2026-02-28 00:00:00,BTCUSDT,4h,1,down,0.62190115,0.46,0.16190115,1,0.62190115
2026-02-28 04:00:00,BTCUSDT,4h,1,up,0.5881273,0.46,0.1281273,1,0.5881273
2026-02-28 08:00:00,BTCUSDT,4h,1,up,0.5409624,0.46,0.08096239,1,0.5409624
2026-02-28 12:00:00,BTCUSDT,4h,2,up,0.46540064,0.46,0.005400628,0,0.46
2026-02-28 16:00:00,BTCUSDT,4h,2,up,0.39898032,0.46,0.06101969,0,0.46
2026-02-28 20:00:00,BTCUSDT,4h,2,up,0.45076573,0.46,0.009234279,0,0.46
2026-03-01 00:00:00,BTCUSDT,4h,2,down,0.42585823,0.46,0.03414178,0,0.46
2026-03-01 04:00:00,BTCUSDT,4h,2,down,0.50755787,0.46,0.04755786,0,0.46
2026-03-01 08:00:00,BTCUSDT,4h,1,up,0.577088,0.46,0.11708799,1,0.577088
2026-03-01 12:00:00,BTCUSDT,4h,2,down,0.4766689,0.46,0.016668886,0,0.46
2026-03-01 16:00:00,BTCUSDT,4h,1,down,0.6044756,0.46,0.14447561,1,0.6044756
2026-03-01 20:00:00,BTCUSDT,4h,1,up,0.55480087,0.46,0.09480086,1,0.55480087
2026-03-02 00:00:00,BTCUSDT,4h,2,down,0.4750544,0.46,0.015054405,0,0.46
2026-03-02 04:00:00,BTCUSDT,4h,1,up,0.5761916,0.46,0.116191596,1,0.5761916
2026-03-02 08:00:00,BTCUSDT,4h,2,up,0.43721166,0.46,0.022788346,0,0.46
2026-03-02 12:00:00,BTCUSDT,4h,2,down,0.49843207,0.46,0.03843206,0,0.46
2026-03-02 16:00:00,BTCUSDT,4h,1,down,0.53568494,0.46,0.075684935,1,0.53568494
2026-03-02 20:00:00,BTCUSDT,4h,2,down,0.51924115,0.46,0.059241146,0,0.46
2026-03-03 00:00:00,BTCUSDT,4h,1,down,0.6221605,0.46,0.16216049,1,0.6221605
2026-03-03 04:00:00,BTCUSDT,4h,2,down,0.48604026,0.46,0.026040256,0,0.46
2026-03-03 08:00:00,BTCUSDT,4h,1,up,0.5872536,0.46,0.12725356,1,0.5872536
2026-03-03 12:00:00,BTCUSDT,4h,2,up,0.44540936,0.46,0.014590651,0,0.46
2026-03-03 16:00:00,BTCUSDT,4h,2,down,0.4453706,0.46,0.014629394,0,0.46
2026-03-03 20:00:00,BTCUSDT,4h,2,down,0.49153954,0.46,0.03153953,0,0.46
2026-03-04 00:00:00,BTCUSDT,4h,1,up,0.5743691,0.46,0.114369065,1,0.5743691
2026-03-04 04:00:00,BTCUSDT,4h,2,up,0.3974692,0.46,0.062530816,0,0.46
2026-03-04 08:00:00,BTCUSDT,4h,2,up,0.45281667,0.46,0.007183343,0,0.46
2026-03-04 12:00:00,BTCUSDT,4h,2,up,0.46434706,0.46,0.004347056,0,0.46
2026-03-04 16:00:00,BTCUSDT,4h,2,down,0.44589812,0.46,0.014101893,0,0.46
2026-03-04 20:00:00,BTCUSDT,4h,1,down,0.6933455,0.46,0.23334548,1,0.6933455
2026-03-05 00:00:00,BTCUSDT,4h,1,down,0.61023587,0.46,0.15023586,1,0.61023587
2026-03-05 04:00:00,BTCUSDT,4h,1,up,0.5910445,0.46,0.13104448,1,0.5910445
2026-03-05 08:00:00,BTCUSDT,4h,0,down,0.38692802,0.46,0.07307199,1,0.38692802
2026-03-05 12:00:00,BTCUSDT,4h,1,down,0.63683766,0.46,0.17683765,1,0.63683766
2026-03-05 16:00:00,BTCUSDT,4h,1,down,0.6432959,0.46,0.18329588,1,0.6432959
2026-03-05 20:00:00,BTCUSDT,4h,1,up,0.5996731,0.46,0.13967308,1,0.5996731
2026-03-06 00:00:00,BTCUSDT,4h,2,down,0.46039864,0.46,0.00039863586,0,0.46
2026-03-06 04:00:00,BTCUSDT,4h,0,down,0.37258747,0.46,0.087412536,1,0.37258747
2026-03-06 08:00:00,BTCUSDT,4h,1,down,0.64156663,0.46,0.18156663,1,0.64156663
2026-03-06 12:00:00,BTCUSDT,4h,2,down,0.5054047,0.46,0.045404702,0,0.46
2026-03-06 16:00:00,BTCUSDT,4h,1,down,0.607405,0.46,0.147405,1,0.607405
2026-03-06 20:00:00,BTCUSDT,4h,1,down,0.5346716,0.46,0.0746716,1,0.5346716
2026-03-07 00:00:00,BTCUSDT,4h,1,down,0.62696975,0.46,0.16696975,1,0.62696975
2026-03-07 04:00:00,BTCUSDT,4h,2,up,0.50732297,0.46,0.04732296,0,0.46
2026-03-07 08:00:00,BTCUSDT,4h,2,down,0.5189111,0.46,0.058911115,0,0.46
2026-03-07 12:00:00,BTCUSDT,4h,2,down,0.493226,0.46,0.033225983,0,0.46
2026-03-07 16:00:00,BTCUSDT,4h,1,up,0.6097575,0.46,0.14975747,1,0.6097575
2026-03-07 20:00:00,BTCUSDT,4h,2,down,0.5275248,0.46,0.06752482,0,0.46
2026-03-08 00:00:00,BTCUSDT,4h,1,up,0.5814965,0.46,0.12149647,1,0.5814965
2026-03-08 04:00:00,BTCUSDT,4h,2,up,0.42696106,0.46,0.033038944,0,0.46
2026-03-08 08:00:00,BTCUSDT,4h,2,down,0.5081446,0.46,0.04814461,0,0.46
2026-03-08 12:00:00,BTCUSDT,4h,2,up,0.4938354,0.46,0.03383538,0,0.46
2026-03-08 16:00:00,BTCUSDT,4h,2,down,0.44878143,0.46,0.011218578,0,0.46
2026-03-08 20:00:00,BTCUSDT,4h,2,up,0.526429,0.46,0.06642899,0,0.46
2026-03-09 00:00:00,BTCUSDT,4h,2,up,0.4606826,0.46,0.0006825924,0,0.46
2026-03-09 04:00:00,BTCUSDT,4h,2,up,0.42236117,0.46,0.037638843,0,0.46
2026-03-09 08:00:00,BTCUSDT,4h,2,up,0.45300817,0.46,0.0069918334,0,0.46
2026-03-09 12:00:00,BTCUSDT,4h,2,up,0.5194429,0.46,0.059442908,0,0.46
2026-03-09 16:00:00,BTCUSDT,4h,2,down,0.45390052,0.46,0.0060994923,0,0.46
2026-03-09 20:00:00,BTCUSDT,4h,1,up,0.58208305,0.46,0.12208304,1,0.58208305
2026-03-10 00:00:00,BTCUSDT,4h,1,up,0.53143173,0.46,0.071431726,1,0.53143173
2026-03-10 04:00:00,BTCUSDT,4h,2,up,0.43249565,0.46,0.027504355,0,0.46
2026-03-10 08:00:00,BTCUSDT,4h,2,up,0.48891476,0.46,0.02891475,0,0.46
2026-03-10 12:00:00,BTCUSDT,4h,0,down,0.33828622,0.46,0.12171379,1,0.33828622
2026-03-10 16:00:00,BTCUSDT,4h,1,down,0.56023926,0.46,0.10023925,1,0.56023926
2026-03-10 20:00:00,BTCUSDT,4h,2,down,0.48086384,0.46,0.020863831,0,0.46
2026-03-11 00:00:00,BTCUSDT,4h,1,up,0.568875,0.46,0.10887501,1,0.568875
2026-03-11 04:00:00,BTCUSDT,4h,1,down,0.5831492,0.46,0.12314919,1,0.5831492
2026-03-11 08:00:00,BTCUSDT,4h,1,up,0.6088155,0.46,0.14881548,1,0.6088155
2026-03-11 12:00:00,BTCUSDT,4h,2,up,0.49366322,0.46,0.033663213,0,0.46
2026-03-11 16:00:00,BTCUSDT,4h,2,down,0.4883071,0.46,0.02830708,0,0.46
2026-03-11 20:00:00,BTCUSDT,4h,1,down,0.5903198,0.46,0.1303198,1,0.5903198
2026-03-12 00:00:00,BTCUSDT,4h,1,up,0.6111188,0.46,0.15111879,1,0.6111188
2026-03-12 04:00:00,BTCUSDT,4h,2,up,0.45072487,0.46,0.009275138,0,0.46
2026-03-12 08:00:00,BTCUSDT,4h,2,down,0.42837304,0.46,0.03162697,0,0.46
2026-03-12 12:00:00,BTCUSDT,4h,0,up,0.3848919,0.46,0.07510811,1,0.3848919
2026-03-12 16:00:00,BTCUSDT,4h,2,up,0.4005946,0.46,0.059405416,0,0.46
2026-03-12 20:00:00,BTCUSDT,4h,2,up,0.40849018,0.46,0.051509827,0,0.46
2026-03-13 00:00:00,BTCUSDT,4h,2,up,0.47962058,0.46,0.019620568,0,0.46
2026-03-13 04:00:00,BTCUSDT,4h,0,up,0.3535646,0.46,0.10643542,1,0.3535646
2026-03-13 08:00:00,BTCUSDT,4h,0,down,0.32177418,0.46,0.13822582,1,0.32177418
2026-03-13 12:00:00,BTCUSDT,4h,1,down,0.531078,0.46,0.07107797,1,0.531078
2026-03-13 16:00:00,BTCUSDT,4h,1,down,0.5877563,0.46,0.12775627,1,0.5877563
2026-03-13 20:00:00,BTCUSDT,4h,1,up,0.5876148,0.46,0.12761477,1,0.5876148
2026-03-14 00:00:00,BTCUSDT,4h,2,down,0.42893788,0.46,0.031062126,0,0.46
2026-03-14 04:00:00,BTCUSDT,4h,1,up,0.6362216,0.46,0.17622158,1,0.6362216
2026-03-14 08:00:00,BTCUSDT,4h,2,down,0.47284883,0.46,0.012848824,0,0.46
2026-03-14 12:00:00,BTCUSDT,4h,1,up,0.62937707,0.46,0.16937706,1,0.62937707
2026-03-14 16:00:00,BTCUSDT,4h,2,up,0.48397785,0.46,0.023977846,0,0.46
2026-03-14 20:00:00,BTCUSDT,4h,2,up,0.41297355,0.46,0.047026455,0,0.46
2026-03-15 00:00:00,BTCUSDT,4h,2,up,0.45246175,0.46,0.007538259,0,0.46
2026-03-15 04:00:00,BTCUSDT,4h,2,up,0.49263832,0.46,0.03263831,0,0.46
2026-03-15 08:00:00,BTCUSDT,4h,2,down,0.3935602,0.46,0.06643981,0,0.46
2026-03-15 12:00:00,BTCUSDT,4h,2,up,0.49820083,0.46,0.038200825,0,0.46
2026-03-15 16:00:00,BTCUSDT,4h,2,up,0.49787086,0.46,0.037870854,0,0.46
2026-03-15 20:00:00,BTCUSDT,4h,2,up,0.44163698,0.46,0.018363029,0,0.46
2026-03-16 00:00:00,BTCUSDT,4h,2,down,0.40954363,0.46,0.050456375,0,0.46
2026-03-16 04:00:00,BTCUSDT,4h,2,up,0.5213102,0.46,0.061310202,0,0.46
2026-03-16 08:00:00,BTCUSDT,4h,0,down,0.31614184,0.46,0.14385816,1,0.31614184
2026-03-16 12:00:00,BTCUSDT,4h,1,up,0.5600949,0.46,0.100094885,1,0.5600949
2026-03-16 16:00:00,BTCUSDT,4h,0,up,0.37451363,0.46,0.08548638,1,0.37451363
2026-03-16 20:00:00,BTCUSDT,4h,0,down,0.351838,0.46,0.108162016,1,0.351838
2026-03-17 00:00:00,BTCUSDT,4h,1,down,0.5455262,0.46,0.0855262,1,0.5455262
2026-03-17 04:00:00,BTCUSDT,4h,2,down,0.44048625,0.46,0.019513756,0,0.46
2026-03-17 08:00:00,BTCUSDT,4h,1,down,0.54678947,0.46,0.08678946,1,0.54678947
2026-03-17 12:00:00,BTCUSDT,4h,1,up,0.58423775,0.46,0.124237746,1,0.58423775
2026-03-17 16:00:00,BTCUSDT,4h,2,down,0.4177601,0.46,0.042239904,0,0.46
2026-03-17 20:00:00,BTCUSDT,4h,1,up,0.6678559,0.46,0.20785591,1,0.6678559
2026-03-18 00:00:00,BTCUSDT,4h,2,down,0.4199222,0.46,0.040077806,0,0.46
