timestamp,symbol,resolution,prediction,actual_trend,p_up,decision_boundary,margin,used,probability
2024-07-07 16:00:00,ETHUSDT,4h,2,down,0.5191541,0.48,0.039154083,0,0.48
2024-07-07 20:00:00,ETHUSDT,4h,1,down,0.5938081,0.48,0.113808125,1,0.5938081
2024-07-08 00:00:00,ETHUSDT,4h,2,up,0.5209337,0.48,0.0409337,0,0.48
2024-07-08 04:00:00,ETHUSDT,4h,2,up,0.46970257,0.48,0.010297418,0,0.48
2024-07-08 08:00:00,ETHUSDT,4h,2,down,0.5029142,0.48,0.022914201,0,0.48
2024-07-08 12:00:00,ETHUSDT,4h,2,up,0.5180222,0.48,0.03802219,0,0.48
2024-07-08 16:00:00,ETHUSDT,4h,0,up,0.40163007,0.48,0.078369915,1,0.40163007
2024-07-08 20:00:00,ETHUSDT,4h,2,up,0.43798324,0.48,0.042016745,0,0.48
2024-07-09 00:00:00,ETHUSDT,4h,0,down,0.409964,0.48,0.070035994,1,0.409964
2024-07-09 04:00:00,ETHUSDT,4h,2,up,0.5239867,0.48,0.043986708,0,0.48
2024-07-09 08:00:00,ETHUSDT,4h,2,down,0.45988643,0.48,0.020113558,0,0.48
2024-07-09 12:00:00,ETHUSDT,4h,2,up,0.5278354,0.48,0.04783544,0,0.48
2024-07-09 16:00:00,ETHUSDT,4h,2,down,0.5255008,0.48,0.045500785,0,0.48
2024-07-09 20:00:00,ETHUSDT,4h,2,up,0.4583259,0.48,0.021674097,0,0.48
2024-07-10 00:00:00,ETHUSDT,4h,0,up,0.42996117,0.48,0.050038815,1,0.42996117
2024-07-10 04:00:00,ETHUSDT,4h,2,up,0.5013483,0.48,0.021348327,0,0.48
2024-07-10 08:00:00,ETHUSDT,4h,2,up,0.44913593,0.48,0.03086406,0,0.48
2024-07-10 12:00:00,ETHUSDT,4h,0,down,0.3966275,0.48,0.0833725,1,0.3966275
2024-07-10 16:00:00,ETHUSDT,4h,1,down,0.543021,0.48,0.063021034,1,0.543021
2024-07-10 20:00:00,ETHUSDT,4h,2,down,0.4689725,0.48,0.011027485,0,0.48
2024-07-11 00:00:00,ETHUSDT,4h,1,up,0.5568458,0.48,0.076845795,1,0.5568458
2024-07-11 04:00:00,ETHUSDT,4h,2,up,0.45259687,0.48,0.027403116,0,0.48
2024-07-11 08:00:00,ETHUSDT,4h,0,down,0.41226494,0.48,0.067735046,1,0.41226494
2024-07-11 12:00:00,ETHUSDT,4h,2,down,0.4344043,0.48,0.045595676,0,0.48
2024-07-11 16:00:00,ETHUSDT,4h,1,down,0.5346309,0.48,0.054630905,1,0.5346309
2024-07-11 20:00:00,ETHUSDT,4h,2,down,0.5290666,0.48,0.049066633,0,0.48
2024-07-12 00:00:00,ETHUSDT,4h,2,down,0.48835456,0.48,0.008354574,0,0.48
2024-07-12 04:00:00,ETHUSDT,4h,1,down,0.54256654,0.48,0.06256655,1,0.54256654
2024-07-12 08:00:00,ETHUSDT,4h,2,up,0.46662158,0.48,0.0133784115,0,0.48
2024-07-12 12:00:00,ETHUSDT,4h,2,down,0.4549276,0.48,0.025072396,0,0.48
2024-07-12 16:00:00,ETHUSDT,4h,1,up,0.5639399,0.48,0.08393994,1,0.5639399
2024-07-12 20:00:00,ETHUSDT,4h,0,down,0.4101129,0.48,0.0698871,1,0.4101129
2024-07-13 00:00:00,ETHUSDT,4h,1,up,0.589254,0.48,0.10925403,1,0.589254
2024-07-13 04:00:00,ETHUSDT,4h,2,up,0.4516494,0.48,0.028350592,0,0.48
2024-07-13 08:00:00,ETHUSDT,4h,0,down,0.4100753,0.48,0.06992468,1,0.4100753
2024-07-13 12:00:00,ETHUSDT,4h,2,up,0.45594797,0.48,0.024052024,0,0.48
2024-07-13 16:00:00,ETHUSDT,4h,0,up,0.4050567,0.48,0.074943304,1,0.4050567
2024-07-13 20:00:00,ETHUSDT,4h,2,down,0.4402282,0.48,0.039771795,0,0.48
2024-07-14 00:00:00,ETHUSDT,4h,2,up,0.48236695,0.48,0.00236696,0,0.48
2024-07-14 04:00:00,ETHUSDT,4h,0,up,0.42070767,0.48,0.059292316,1,0.42070767
2024-07-14 08:00:00,ETHUSDT,4h,2,down,0.43261036,0.48,0.047389627,0,0.48
2024-07-14 12:00:00,ETHUSDT,4h,2,up,0.4753467,0.48,0.004653275,0,0.48
2024-07-14 16:00:00,ETHUSDT,4h,2,up,0.460603,0.48,0.01939699,0,0.48
2024-07-14 20:00:00,ETHUSDT,4h,2,up,0.44514462,0.48,0.034855366,0,0.48
2024-07-15 00:00:00,ETHUSDT,4h,1,up,0.5371458,0.48,0.057145804,1,0.5371458
2024-07-15 04:00:00,ETHUSDT,4h,2,down,0.4694238,0.48,0.010576189,0,0.48
2024-07-15 08:00:00,ETHUSDT,4h,1,up,0.62156934,0.48,0.14156935,1,0.62156934
2024-07-15 12:00:00,ETHUSDT,4h,2,up,0.4874837,0.48,0.007483721,0,0.48
2024-07-15 16:00:00,ETHUSDT,4h,2,up,0.439985,0.48,0.040014982,0,0.48
2024-07-15 20:00:00,ETHUSDT,4h,0,down,0.42213127,0.48,0.05786872,1,0.42213127
2024-07-16 00:00:00,ETHUSDT,4h,1,down,0.5368075,0.48,0.05680749,1,0.5368075
2024-07-16 04:00:00,ETHUSDT,4h,1,up,0.58921903,0.48,0.109219044,1,0.58921903
2024-07-16 08:00:00,ETHUSDT,4h,2,up,0.45607987,0.48,0.023920119,0,0.48
2024-07-16 12:00:00,ETHUSDT,4h,0,down,0.37102973,0.48,0.108970255,1,0.37102973
2024-07-16 16:00:00,ETHUSDT,4h,0,down,0.40271622,0.48,0.07728377,1,0.40271622
2024-07-16 20:00:00,ETHUSDT,4h,2,up,0.51890236,0.48,0.038902372,0,0.48
2024-07-17 00:00:00,ETHUSDT,4h,1,up,0.57123065,0.48,0.09123066,1,0.57123065
2024-07-17 04:00:00,ETHUSDT,4h,1,down,0.6080051,0.48,0.12800512,1,0.6080051
2024-07-17 08:00:00,ETHUSDT,4h,1,down,0.59991646,0.48,0.11991647,1,0.59991646
2024-07-17 12:00:00,ETHUSDT,4h,1,down,0.61054933,0.48,0.13054934,1,0.61054933
2024-07-17 16:00:00,ETHUSDT,4h,2,down,0.49151525,0.48,0.01151526,0,0.48
2024-07-17 20:00:00,ETHUSDT,4h,1,up,0.6779527,0.48,0.19795272,1,0.6779527
2024-07-18 00:00:00,ETHUSDT,4h,2,up,0.49574557,0.48,0.01574558,0,0.48
2024-07-18 04:00:00,ETHUSDT,4h,1,up,0.57271403,0.48,0.09271404,1,0.57271403
2024-07-18 08:00:00,ETHUSDT,4h,0,down,0.42458287,0.48,0.05541712,1,0.42458287
2024-07-18 12:00:00,ETHUSDT,4h,1,up,0.5584343,0.48,0.07843432,1,0.5584343
2024-07-18 16:00:00,ETHUSDT,4h,2,up,0.48003206,0.48,3.20673e-05,0,0.48
2024-07-18 20:00:00,ETHUSDT,4h,2,up,0.4685923,0.48,0.011407703,0,0.48
2024-07-19 00:00:00,ETHUSDT,4h,2,down,0.46690768,0.48,0.013092309,0,0.48
2024-07-19 04:00:00,ETHUSDT,4h,1,up,0.54457396,0.48,0.06457397,1,0.54457396
2024-07-19 08:00:00,ETHUSDT,4h,2,up,0.48241913,0.48,0.002419144,0,0.48
2024-07-19 12:00:00,ETHUSDT,4h,0,up,0.4184164,0.48,0.06158358,1,0.4184164
2024-07-19 16:00:00,ETHUSDT,4h,2,down,0.43369555,0.48,0.046304435,0,0.48
2024-07-19 20:00:00,ETHUSDT,4h,1,down,0.60691893,0.48,0.12691894,1,0.60691893
2024-07-20 00:00:00,ETHUSDT,4h,2,down,0.50718784,0.48,0.027187854,0,0.48
2024-07-20 04:00:00,ETHUSDT,4h,1,down,0.63163835,0.48,0.15163836,1,0.63163835
2024-07-20 08:00:00,ETHUSDT,4h,1,up,0.5525917,0.48,0.07259169,1,0.5525917
2024-07-20 12:00:00,ETHUSDT,4h,0,up,0.4098411,0.48,0.0701589,1,0.4098411
2024-07-20 16:00:00,ETHUSDT,4h,2,up,0.45072293,0.48,0.029277056,0,0.48
2024-07-20 20:00:00,ETHUSDT,4h,2,down,0.4630058,0.48,0.016994178,0,0.48
2024-07-21 00:00:00,ETHUSDT,4h,1,down,0.5754317,0.48,0.095431715,1,0.5754317
2024-07-21 04:00:00,ETHUSDT,4h,2,up,0.5053592,0.48,0.025359184,0,0.48
2024-07-21 08:00:00,ETHUSDT,4h,2,up,0.44850567,0.48,0.03149432,0,0.48
2024-07-21 12:00:00,ETHUSDT,4h,2,down,0.50543433,0.48,0.025434345,0,0.48
2024-07-21 16:00:00,ETHUSDT,4h,0,up,0.4078585,0.48,0.0721415,1,0.4078585
2024-07-21 20:00:00,ETHUSDT,4h,2,down,0.43267617,0.48,0.047323823,0,0.48
2024-07-22 00:00:00,ETHUSDT,4h,1,down,0.53965074,0.48,0.05965075,1,0.53965074
2024-07-22 04:00:00,ETHUSDT,4h,2,up,0.5168889,0.48,0.036888927,0,0.48
2024-07-22 08:00:00,ETHUSDT,4h,2,down,0.46354514,0.48,0.016454846,0,0.48
2024-07-22 12:00:00,ETHUSDT,4h,1,up,0.5352724,0.48,0.05527243,1,0.5352724
2024-07-22 16:00:00,ETHUSDT,4h,0,down,0.41412923,0.48,0.06587076,1,0.41412923
2024-07-22 20:00:00,ETHUSDT,4h,1,up,0.5961945,0.48,0.11619452,1,0.5961945
2024-07-23 00:00:00,ETHUSDT,4h,2,down,0.43602762,0.48,0.043972373,0,0.48
2024-07-23 04:00:00,ETHUSDT,4h,2,up,0.48247957,0.48,0.002479583,0,0.48
2024-07-23 08:00:00,ETHUSDT,4h,2,down,0.50300735,0.48,0.023007363,0,0.48
2024-07-23 12:00:00,ETHUSDT,4h,2,up,0.5044347,0.48,0.024434716,0,0.48
2024-07-23 16:00:00,ETHUSDT,4h,0,up,0.40816563,0.48,0.071834356,1,0.40816563
2024-07-23 20:00:00,ETHUSDT,4h,2,down,0.47669286,0.48,0.003307134,0,0.48
2024-07-24 00:00:00,ETHUSDT,4h,1,down,0.53599024,0.48,0.05599025,1,0.53599024
2024-07-24 04:00:00,ETHUSDT,4h,2,up,0.4497857,0.48,0.03021428,0,0.48
2024-07-24 08:00:00,ETHUSDT,4h,2,down,0.467445,0.48,0.012555003,0,0.48
2024-07-24 12:00:00,ETHUSDT,4h,1,down,0.55557185,0.48,0.075571865,1,0.55557185
2024-07-24 16:00:00,ETHUSDT,4h,1,down,0.59647685,0.48,0.11647686,1,0.59647685
2024-07-24 20:00:00,ETHUSDT,4h,2,down,0.5182142,0.48,0.038214236,0,0.48
2024-07-25 00:00:00,ETHUSDT,4h,1,up,0.56375676,0.48,0.083756775,1,0.56375676
2024-07-25 04:00:00,ETHUSDT,4h,2,up,0.44730923,0.48,0.032690763,0,0.48
2024-07-25 08:00:00,ETHUSDT,4h,1,down,0.54235214,0.48,0.06235215,1,0.54235214
2024-07-25 12:00:00,ETHUSDT,4h,1,down,0.5471725,0.48,0.0671725,1,0.5471725
2024-07-25 16:00:00,ETHUSDT,4h,1,up,0.65719414,0.48,0.17719415,1,0.65719414
2024-07-25 20:00:00,ETHUSDT,4h,2,up,0.48158413,0.48,0.0015841424,0,0.48
2024-07-26 00:00:00,ETHUSDT,4h,0,up,0.4283728,0.48,0.05162719,1,0.4283728
2024-07-26 04:00:00,ETHUSDT,4h,2,down,0.43189386,0.48,0.048106134,0,0.48
2024-07-26 08:00:00,ETHUSDT,4h,2,up,0.44721764,0.48,0.032782346,0,0.48
2024-07-26 12:00:00,ETHUSDT,4h,0,up,0.3636696,0.48,0.116330385,1,0.3636696
2024-07-26 16:00:00,ETHUSDT,4h,0,up,0.40766954,0.48,0.072330445,1,0.40766954
2024-07-26 20:00:00,ETHUSDT,4h,0,down,0.40766028,0.48,0.07233971,1,0.40766028
2024-07-27 00:00:00,ETHUSDT,4h,1,up,0.53759634,0.48,0.057596356,1,0.53759634
2024-07-27 04:00:00,ETHUSDT,4h,2,up,0.45708308,0.48,0.022916913,0,0.48
2024-07-27 08:00:00,ETHUSDT,4h,2,up,0.4535958,0.48,0.026404202,0,0.48
2024-07-27 12:00:00,ETHUSDT,4h,2,down,0.51110715,0.48,0.031107157,0,0.48
2024-07-27 16:00:00,ETHUSDT,4h,2,down,0.52366304,0.48,0.043663055,0,0.48
2024-07-27 20:00:00,ETHUSDT,4h,0,down,0.42566893,0.48,0.054331064,1,0.42566893
2024-07-28 00:00:00,ETHUSDT,4h,1,down,0.56441724,0.48,0.084417254,1,0.56441724
2024-07-28 04:00:00,ETHUSDT,4h,2,up,0.51203644,0.48,0.032036453,0,0.48
2024-07-28 08:00:00,ETHUSDT,4h,2,up,0.4580007,0.48,0.0219993,0,0.48
2024-07-28 12:00:00,ETHUSDT,4h,2,up,0.43913394,0.48,0.040866047,0,0.48
2024-07-28 16:00:00,ETHUSDT,4h,2,down,0.4791432,0.48,0.00085678697,0,0.48
2024-07-28 20:00:00,ETHUSDT,4h,2,up,0.4758389,0.48,0.0041610897,0,0.48
2024-07-29 00:00:00,ETHUSDT,4h,2,up,0.45661265,0.48,0.023387343,0,0.48
2024-07-29 04:00:00,ETHUSDT,4h,2,up,0.46594018,0.48,0.014059812,0,0.48
2024-07-29 08:00:00,ETHUSDT,4h,2,down,0.46716926,0.48,0.012830734,0,0.48
2024-07-29 12:00:00,ETHUSDT,4h,2,up,0.52433676,0.48,0.044336766,0,0.48
2024-07-29 16:00:00,ETHUSDT,4h,0,up,0.38776812,0.48,0.09223187,1,0.38776812
2024-07-29 20:00:00,ETHUSDT,4h,1,up,0.56858456,0.48,0.08858457,1,0.56858456
2024-07-30 00:00:00,ETHUSDT,4h,0,up,0.42154703,0.48,0.058452964,1,0.42154703
2024-07-30 04:00:00,ETHUSDT,4h,2,down,0.44042215,0.48,0.03957784,0,0.48
2024-07-30 08:00:00,ETHUSDT,4h,1,down,0.54297847,0.48,0.06297848,1,0.54297847
2024-07-30 12:00:00,ETHUSDT,4h,2,down,0.50959474,0.48,0.02959475,0,0.48
2024-07-30 16:00:00,ETHUSDT,4h,1,up,0.61590385,0.48,0.13590387,1,0.61590385
2024-07-30 20:00:00,ETHUSDT,4h,2,up,0.44510052,0.48,0.034899473,0,0.48
2024-07-31 00:00:00,ETHUSDT,4h,1,up,0.53585,0.48,0.05585,1,0.53585
2024-07-31 04:00:00,ETHUSDT,4h,0,up,0.4072714,0.48,0.072728604,1,0.4072714
2024-07-31 08:00:00,ETHUSDT,4h,2,down,0.4405919,0.48,0.039408088,0,0.48
2024-07-31 12:00:00,ETHUSDT,4h,2,down,0.47086972,0.48,0.009130269,0,0.48
2024-07-31 16:00:00,ETHUSDT,4h,1,down,0.57446605,0.48,0.09446606,1,0.57446605
2024-07-31 20:00:00,ETHUSDT,4h,1,down,0.57377636,0.48,0.093776375,1,0.57377636
2024-08-01 00:00:00,ETHUSDT,4h,1,down,0.5961627,0.48,0.11616269,1,0.5961627
2024-08-01 04:00:00,ETHUSDT,4h,2,up,0.47061792,0.48,0.009382069,0,0.48
2024-08-01 08:00:00,ETHUSDT,4h,2,down,0.46222663,0.48,0.01777336,0,0.48
2024-08-01 12:00:00,ETHUSDT,4h,2,up,0.528437,0.48,0.04843703,0,0.48
2024-08-01 16:00:00,ETHUSDT,4h,2,up,0.43412358,0.48,0.045876414,0,0.48
2024-08-01 20:00:00,ETHUSDT,4h,2,down,0.46039364,0.48,0.019606352,0,0.48
2024-08-02 00:00:00,ETHUSDT,4h,2,down,0.5264156,0.48,0.046415597,0,0.48
2024-08-02 04:00:00,ETHUSDT,4h,1,up,0.5572872,0.48,0.07728723,1,0.5572872
2024-08-02 08:00:00,ETHUSDT,4h,2,down,0.4564882,0.48,0.023511797,0,0.48
2024-08-02 12:00:00,ETHUSDT,4h,2,down,0.51667327,0.48,0.036673278,0,0.48
2024-08-02 16:00:00,ETHUSDT,4h,1,down,0.6495833,0.48,0.16958329,1,0.6495833
2024-08-02 20:00:00,ETHUSDT,4h,1,down,0.6705994,0.48,0.19059941,1,0.6705994
2024-08-03 00:00:00,ETHUSDT,4h,2,up,0.45216048,0.48,0.027839512,0,0.48
2024-08-03 04:00:00,ETHUSDT,4h,1,up,0.5311486,0.48,0.051148623,1,0.5311486
2024-08-03 08:00:00,ETHUSDT,4h,1,down,0.5346437,0.48,0.05464372,1,0.5346437
2024-08-03 12:00:00,ETHUSDT,4h,1,down,0.60130405,0.48,0.121304065,1,0.60130405
2024-08-03 16:00:00,ETHUSDT,4h,1,up,0.56583166,0.48,0.08583167,1,0.56583166
2024-08-03 20:00:00,ETHUSDT,4h,2,up,0.49819893,0.48,0.018198937,0,0.48
2024-08-04 00:00:00,ETHUSDT,4h,2,down,0.50605893,0.48,0.026058942,0,0.48
2024-08-04 04:00:00,ETHUSDT,4h,1,up,0.5947444,0.48,0.114744395,1,0.5947444
2024-08-04 08:00:00,ETHUSDT,4h,2,down,0.5087934,0.48,0.028793424,0,0.48
2024-08-04 12:00:00,ETHUSDT,4h,1,down,0.5364605,0.48,0.05646053,1,0.5364605
2024-08-04 16:00:00,ETHUSDT,4h,2,down,0.43125987,0.48,0.04874012,0,0.48
2024-08-04 20:00:00,ETHUSDT,4h,1,down,0.6183615,0.48,0.13836148,1,0.6183615
2024-08-05 00:00:00,ETHUSDT,4h,1,up,0.6489548,0.48,0.16895482,1,0.6489548
2024-08-05 04:00:00,ETHUSDT,4h,2,down,0.45385262,0.48,0.026147366,0,0.48
2024-08-05 08:00:00,ETHUSDT,4h,2,up,0.52400583,0.48,0.04400584,0,0.48
2024-08-05 12:00:00,ETHUSDT,4h,2,down,0.48127976,0.48,0.0012797713,0,0.48
2024-08-05 16:00:00,ETHUSDT,4h,1,up,0.57201,0.48,0.09200999,1,0.57201
2024-08-05 20:00:00,ETHUSDT,4h,2,up,0.49059367,0.48,0.0105936825,0,0.48
2024-08-06 00:00:00,ETHUSDT,4h,0,up,0.42956978,0.48,0.05043021,1,0.42956978
2024-08-06 04:00:00,ETHUSDT,4h,0,down,0.39213187,0.48,0.087868124,1,0.39213187
2024-08-06 08:00:00,ETHUSDT,4h,2,up,0.48018008,0.48,0.00018009543,0,0.48
2024-08-06 12:00:00,ETHUSDT,4h,0,down,0.39180568,0.48,0.08819431,1,0.39180568
2024-08-06 16:00:00,ETHUSDT,4h,1,down,0.579574,0.48,0.099574,1,0.579574
2024-08-06 20:00:00,ETHUSDT,4h,1,up,0.5536113,0.48,0.07361129,1,0.5536113
2024-08-07 00:00:00,ETHUSDT,4h,2,up,0.43558118,0.48,0.04441881,0,0.48
2024-08-07 04:00:00,ETHUSDT,4h,1,down,0.5319649,0.48,0.05196491,1,0.5319649
2024-08-07 08:00:00,ETHUSDT,4h,2,down,0.51640147,0.48,0.03640148,0,0.48
2024-08-07 12:00:00,ETHUSDT,4h,2,down,0.5219726,0.48,0.041972607,0,0.48
2024-08-07 16:00:00,ETHUSDT,4h,1,down,0.5812295,0.48,0.10122952,1,0.5812295
2024-08-07 20:00:00,ETHUSDT,4h,1,up,0.5551493,0.48,0.07514933,1,0.5551493
2024-08-08 00:00:00,ETHUSDT,4h,2,down,0.49566847,0.48,0.015668482,0,0.48
2024-08-08 04:00:00,ETHUSDT,4h,1,up,0.5682345,0.48,0.088234514,1,0.5682345
2024-08-08 08:00:00,ETHUSDT,4h,2,up,0.47300866,0.48,0.006991327,0,0.48
2024-08-08 12:00:00,ETHUSDT,4h,0,up,0.41054836,0.48,0.06945163,1,0.41054836
2024-08-08 16:00:00,ETHUSDT,4h,2,up,0.4499852,0.48,0.030014783,0,0.48
2024-08-08 20:00:00,ETHUSDT,4h,0,up,0.39639598,0.48,0.08360401,1,0.39639598
2024-08-09 00:00:00,ETHUSDT,4h,0,down,0.39666447,0.48,0.08333552,1,0.39666447
2024-08-09 04:00:00,ETHUSDT,4h,1,down,0.5515413,0.48,0.07154134,1,0.5515413
2024-08-09 08:00:00,ETHUSDT,4h,1,down,0.5712986,0.48,0.09129861,1,0.5712986
2024-08-09 12:00:00,ETHUSDT,4h,2,up,0.5101492,0.48,0.030149192,0,0.48
2024-08-09 16:00:00,ETHUSDT,4h,2,up,0.4569665,0.48,0.0230335,0,0.48
2024-08-09 20:00:00,ETHUSDT,4h,2,up,0.433929,0.48,0.046070993,0,0.48
2024-08-10 00:00:00,ETHUSDT,4h,1,up,0.55569154,0.48,0.07569155,1,0.55569154
2024-08-10 04:00:00,ETHUSDT,4h,2,up,0.4673698,0.48,0.012630194,0,0.48
2024-08-10 08:00:00,ETHUSDT,4h,2,down,0.50548315,0.48,0.025483161,0,0.48
2024-08-10 12:00:00,ETHUSDT,4h,1,up,0.5717944,0.48,0.0917944,1,0.5717944
2024-08-10 16:00:00,ETHUSDT,4h,1,up,0.53154165,0.48,0.051541656,1,0.53154165
2024-08-10 20:00:00,ETHUSDT,4h,2,up,0.48129296,0.48,0.0012929738,0,0.48
2024-08-11 00:00:00,ETHUSDT,4h,2,up,0.44313315,0.48,0.036866844,0,0.48
2024-08-11 04:00:00,ETHUSDT,4h,0,down,0.42989385,0.48,0.050106138,1,0.42989385
2024-08-11 08:00:00,ETHUSDT,4h,1,down,0.54193985,0.48,0.061939865,1,0.54193985
2024-08-11 12:00:00,ETHUSDT,4h,1,down,0.5824508,0.48,0.10245082,1,0.5824508
2024-08-11 16:00:00,ETHUSDT,4h,1,down,0.5653856,0.48,0.08538559,1,0.5653856
2024-08-11 20:00:00,ETHUSDT,4h,1,down,0.57665616,0.48,0.09665617,1,0.57665616
2024-08-12 00:00:00,ETHUSDT,4h,1,up,0.55052257,0.48,0.07052258,1,0.55052257
2024-08-12 04:00:00,ETHUSDT,4h,2,up,0.43525138,0.48,0.044748604,0,0.48
2024-08-12 08:00:00,ETHUSDT,4h,2,up,0.4694499,0.48,0.010550082,0,0.48
2024-08-12 12:00:00,ETHUSDT,4h,2,down,0.51029956,0.48,0.030299574,0,0.48
2024-08-12 16:00:00,ETHUSDT,4h,1,up,0.5599149,0.48,0.0799149,1,0.5599149
2024-08-12 20:00:00,ETHUSDT,4h,2,down,0.44140095,0.48,0.038599044,0,0.48
2024-08-13 00:00:00,ETHUSDT,4h,1,down,0.62823254,0.48,0.14823255,1,0.62823254
2024-08-13 04:00:00,ETHUSDT,4h,1,down,0.53707606,0.48,0.057076067,1,0.53707606
2024-08-13 08:00:00,ETHUSDT,4h,2,up,0.46811545,0.48,0.01188454,0,0.48
2024-08-13 12:00:00,ETHUSDT,4h,2,up,0.507501,0.48,0.027501017,0,0.48
2024-08-13 16:00:00,ETHUSDT,4h,0,down,0.41992986,0.48,0.060070127,1,0.41992986
2024-08-13 20:00:00,ETHUSDT,4h,1,up,0.5744467,0.48,0.09444669,1,0.5744467
2024-08-14 00:00:00,ETHUSDT,4h,2,up,0.47732592,0.48,0.002674073,0,0.48
2024-08-14 04:00:00,ETHUSDT,4h,2,up,0.4994456,0.48,0.019445598,0,0.48
2024-08-14 08:00:00,ETHUSDT,4h,2,down,0.43451142,0.48,0.045488566,0,0.48
2024-08-14 12:00:00,ETHUSDT,4h,2,down,0.47016078,0.48,0.009839207,0,0.48
2024-08-14 16:00:00,ETHUSDT,4h,2,down,0.49409765,0.48,0.014097661,0,0.48
2024-08-14 20:00:00,ETHUSDT,4h,1,down,0.58081424,0.48,0.10081425,1,0.58081424
2024-08-15 00:00:00,ETHUSDT,4h,1,down,0.5449486,0.48,0.06494859,1,0.5449486
2024-08-15 04:00:00,ETHUSDT,4h,1,up,0.57266533,0.48,0.092665344,1,0.57266533
2024-08-15 08:00:00,ETHUSDT,4h,2,up,0.51126987,0.48,0.03126988,0,0.48
2024-08-15 12:00:00,ETHUSDT,4h,2,down,0.47192684,0.48,0.008073151,0,0.48
2024-08-15 16:00:00,ETHUSDT,4h,2,up,0.49090046,0.48,0.010900468,0,0.48
2024-08-15 20:00:00,ETHUSDT,4h,2,up,0.4461996,0.48,0.033800393,0,0.48
2024-08-16 00:00:00,ETHUSDT,4h,1,up,0.5396131,0.48,0.05961314,1,0.5396131
2024-08-16 04:00:00,ETHUSDT,4h,2,down,0.44019127,0.48,0.03980872,0,0.48
2024-08-16 08:00:00,ETHUSDT,4h,1,down,0.5556618,0.48,0.07566181,1,0.5556618
2024-08-16 12:00:00,ETHUSDT,4h,1,up,0.57587093,0.48,0.09587094,1,0.57587093
2024-08-16 16:00:00,ETHUSDT,4h,2,down,0.45871863,0.48,0.021281362,0,0.48
2024-08-16 20:00:00,ETHUSDT,4h,1,up,0.6132911,0.48,0.1332911,1,0.6132911
2024-08-17 00:00:00,ETHUSDT,4h,2,up,0.5259586,0.48,0.04595861,0,0.48
2024-08-17 04:00:00,ETHUSDT,4h,2,down,0.48102784,0.48,0.0010278523,0,0.48
2024-08-17 08:00:00,ETHUSDT,4h,2,up,0.4899793,0.48,0.009979308,0,0.48
2024-08-17 12:00:00,ETHUSDT,4h,2,up,0.46952853,0.48,0.010471463,0,0.48
2024-08-17 16:00:00,ETHUSDT,4h,2,down,0.48329142,0.48,0.003291428,0,0.48
2024-08-17 20:00:00,ETHUSDT,4h,2,down,0.43046725,0.48,0.04953274,0,0.48
2024-08-18 00:00:00,ETHUSDT,4h,2,up,0.5162751,0.48,0.03627512,0,0.48
2024-08-18 04:00:00,ETHUSDT,4h,2,up,0.44837114,0.48,0.031628847,0,0.48
2024-08-18 08:00:00,ETHUSDT,4h,2,up,0.4502139,0.48,0.02978608,0,0.48
2024-08-18 12:00:00,ETHUSDT,4h,2,down,0.43670765,0.48,0.043292344,0,0.48
2024-08-18 16:00:00,ETHUSDT,4h,2,down,0.4424477,0.48,0.037552297,0,0.48
2024-08-18 20:00:00,ETHUSDT,4h,1,up,0.55377173,0.48,0.073771745,1,0.55377173
2024-08-19 00:00:00,ETHUSDT,4h,2,down,0.4323801,0.48,0.04761988,0,0.48
2024-08-19 04:00:00,ETHUSDT,4h,1,down,0.5973656,0.48,0.11736563,1,0.5973656
2024-08-19 08:00:00,ETHUSDT,4h,1,down,0.5477257,0.48,0.06772569,1,0.5477257
2024-08-19 12:00:00,ETHUSDT,4h,1,up,0.54235786,0.48,0.062357873,1,0.54235786
2024-08-19 16:00:00,ETHUSDT,4h,2,up,0.4420801,0.48,0.03791988,0,0.48
2024-08-19 20:00:00,ETHUSDT,4h,2,up,0.45001456,0.48,0.029985428,0,0.48
2024-08-20 00:00:00,ETHUSDT,4h,2,up,0.4430474,0.48,0.036952585,0,0.48
2024-08-20 04:00:00,ETHUSDT,4h,2,down,0.49629843,0.48,0.016298443,0,0.48
2024-08-20 08:00:00,ETHUSDT,4h,1,down,0.617427,0.48,0.137427,1,0.617427
2024-08-20 12:00:00,ETHUSDT,4h,2,up,0.5076459,0.48,0.027645916,0,0.48
2024-08-20 16:00:00,ETHUSDT,4h,2,down,0.47969458,0.48,0.0003054142,0,0.48
2024-08-20 20:00:00,ETHUSDT,4h,1,up,0.62383604,0.48,0.14383605,1,0.62383604
2024-08-21 00:00:00,ETHUSDT,4h,2,up,0.4982145,0.48,0.018214524,0,0.48
2024-08-21 04:00:00,ETHUSDT,4h,2,down,0.48699853,0.48,0.006998539,0,0.48
2024-08-21 08:00:00,ETHUSDT,4h,1,up,0.5926822,0.48,0.11268219,1,0.5926822
2024-08-21 12:00:00,ETHUSDT,4h,2,up,0.45640755,0.48,0.023592442,0,0.48
2024-08-21 16:00:00,ETHUSDT,4h,2,down,0.49661463,0.48,0.016614646,0,0.48
2024-08-21 20:00:00,ETHUSDT,4h,1,down,0.6003133,0.48,0.12031332,1,0.6003133
2024-08-22 00:00:00,ETHUSDT,4h,2,up,0.45371255,0.48,0.026287436,0,0.48
2024-08-22 04:00:00,ETHUSDT,4h,2,up,0.46150944,0.48,0.018490553,0,0.48
2024-08-22 08:00:00,ETHUSDT,4h,2,down,0.4474073,0.48,0.032592684,0,0.48
2024-08-22 12:00:00,ETHUSDT,4h,1,up,0.56632394,0.48,0.08632395,1,0.56632394
2024-08-22 16:00:00,ETHUSDT,4h,2,up,0.5126214,0.48,0.032621413,0,0.48
2024-08-22 20:00:00,ETHUSDT,4h,2,up,0.45652825,0.48,0.023471743,0,0.48
2024-08-23 00:00:00,ETHUSDT,4h,2,up,0.47931418,0.48,0.00068581104,0,0.48
2024-08-23 04:00:00,ETHUSDT,4h,0,down,0.41989803,0.48,0.060101956,1,0.41989803
2024-08-23 08:00:00,ETHUSDT,4h,1,up,0.6044852,0.48,0.124485224,1,0.6044852
2024-08-23 12:00:00,ETHUSDT,4h,2,up,0.4792177,0.48,0.00078228116,0,0.48
2024-08-23 16:00:00,ETHUSDT,4h,2,up,0.44041282,0.48,0.03958717,0,0.48
2024-08-23 20:00:00,ETHUSDT,4h,1,down,0.5834594,0.48,0.10345939,1,0.5834594
2024-08-24 00:00:00,ETHUSDT,4h,1,up,0.59260714,0.48,0.11260715,1,0.59260714
2024-08-24 04:00:00,ETHUSDT,4h,0,down,0.42463058,0.48,0.055369407,1,0.42463058
2024-08-24 08:00:00,ETHUSDT,4h,1,up,0.5528939,0.48,0.07289389,1,0.5528939
2024-08-24 12:00:00,ETHUSDT,4h,0,up,0.42342082,0.48,0.056579173,1,0.42342082
2024-08-24 16:00:00,ETHUSDT,4h,2,down,0.4852856,0.48,0.0052856207,0,0.48
2024-08-24 20:00:00,ETHUSDT,4h,2,down,0.5228992,0.48,0.04289922,0,0.48
2024-08-25 00:00:00,ETHUSDT,4h,2,down,0.526023,0.48,0.04602298,0,0.48
2024-08-25 04:00:00,ETHUSDT,4h,1,up,0.61556834,0.48,0.13556835,1,0.61556834
2024-08-25 08:00:00,ETHUSDT,4h,2,up,0.49059263,0.48,0.010592639,0,0.48
2024-08-25 12:00:00,ETHUSDT,4h,2,up,0.43470854,0.48,0.045291454,0,0.48
2024-08-25 16:00:00,ETHUSDT,4h,2,down,0.4903788,0.48,0.010378808,0,0.48
2024-08-25 20:00:00,ETHUSDT,4h,2,down,0.463119,0.48,0.01688099,0,0.48
2024-08-26 00:00:00,ETHUSDT,4h,2,down,0.46236464,0.48,0.017635345,0,0.48
2024-08-26 04:00:00,ETHUSDT,4h,2,up,0.5212058,0.48,0.041205794,0,0.48
2024-08-26 08:00:00,ETHUSDT,4h,2,down,0.4921581,0.48,0.012158096,0,0.48
2024-08-26 12:00:00,ETHUSDT,4h,2,down,0.47347063,0.48,0.006529361,0,0.48
2024-08-26 16:00:00,ETHUSDT,4h,1,down,0.5860417,0.48,0.1060417,1,0.5860417
2024-08-26 20:00:00,ETHUSDT,4h,1,up,0.55812234,0.48,0.07812235,1,0.55812234
2024-08-27 00:00:00,ETHUSDT,4h,1,up,0.54405326,0.48,0.06405327,1,0.54405326
2024-08-27 04:00:00,ETHUSDT,4h,2,down,0.4848828,0.48,0.0048828125,0,0.48
2024-08-27 08:00:00,ETHUSDT,4h,1,down,0.5714955,0.48,0.091495484,1,0.5714955
2024-08-27 12:00:00,ETHUSDT,4h,2,up,0.4971893,0.48,0.017189324,0,0.48
2024-08-27 16:00:00,ETHUSDT,4h,2,down,0.4697109,0.48,0.010289103,0,0.48
2024-08-27 20:00:00,ETHUSDT,4h,1,up,0.55343544,0.48,0.073435456,1,0.55343544
2024-08-28 00:00:00,ETHUSDT,4h,0,down,0.42014953,0.48,0.059850454,1,0.42014953
2024-08-28 04:00:00,ETHUSDT,4h,1,up,0.62898374,0.48,0.14898375,1,0.62898374
2024-08-28 08:00:00,ETHUSDT,4h,2,down,0.4901553,0.48,0.01015532,0,0.48
2024-08-28 12:00:00,ETHUSDT,4h,1,up,0.53992534,0.48,0.059925348,1,0.53992534
2024-08-28 16:00:00,ETHUSDT,4h,2,up,0.45476797,0.48,0.025232017,0,0.48
2024-08-28 20:00:00,ETHUSDT,4h,0,down,0.39749473,0.48,0.082505256,1,0.39749473
2024-08-29 00:00:00,ETHUSDT,4h,0,up,0.41813797,0.48,0.06186202,1,0.41813797
2024-08-29 04:00:00,ETHUSDT,4h,0,up,0.36807865,0.48,0.11192134,1,0.36807865
2024-08-29 08:00:00,ETHUSDT,4h,0,up,0.37307617,0.48,0.10692382,1,0.37307617
2024-08-29 12:00:00,ETHUSDT,4h,0,down,0.4293241,0.48,0.0506759,1,0.4293241
2024-08-29 16:00:00,ETHUSDT,4h,1,down,0.6025021,0.48,0.12250212,1,0.6025021
2024-08-29 20:00:00,ETHUSDT,4h,2,down,0.46589783,0.48,0.014102161,0,0.48
2024-08-30 00:00:00,ETHUSDT,4h,1,up,0.5458979,0.48,0.06589791,1,0.5458979
2024-08-30 04:00:00,ETHUSDT,4h,2,down,0.5189609,0.48,0.038960904,0,0.48
2024-08-30 08:00:00,ETHUSDT,4h,1,down,0.56316537,0.48,0.08316538,1,0.56316537
2024-08-30 12:00:00,ETHUSDT,4h,2,up,0.5163275,0.48,0.03632751,0,0.48
2024-08-30 16:00:00,ETHUSDT,4h,2,up,0.43459767,0.48,0.04540232,0,0.48
2024-08-30 20:00:00,ETHUSDT,4h,2,down,0.44031078,0.48,0.039689213,0,0.48
2024-08-31 00:00:00,ETHUSDT,4h,1,down,0.5458623,0.48,0.06586233,1,0.5458623
2024-08-31 04:00:00,ETHUSDT,4h,1,up,0.54214567,0.48,0.06214568,1,0.54214567
2024-08-31 08:00:00,ETHUSDT,4h,2,down,0.4629678,0.48,0.017032176,0,0.48
2024-08-31 12:00:00,ETHUSDT,4h,2,down,0.50252914,0.48,0.022529155,0,0.48
2024-08-31 16:00:00,ETHUSDT,4h,1,up,0.5359499,0.48,0.055949897,1,0.5359499
2024-08-31 20:00:00,ETHUSDT,4h,2,down,0.4566564,0.48,0.023343593,0,0.48
2024-09-01 00:00:00,ETHUSDT,4h,1,down,0.5656795,0.48,0.0856795,1,0.5656795
2024-09-01 04:00:00,ETHUSDT,4h,2,down,0.44984072,0.48,0.030159265,0,0.48
2024-09-01 08:00:00,ETHUSDT,4h,1,up,0.5615099,0.48,0.08150992,1,0.5615099
2024-09-01 12:00:00,ETHUSDT,4h,2,up,0.46174458,0.48,0.018255413,0,0.48
2024-09-01 16:00:00,ETHUSDT,4h,0,down,0.41991135,0.48,0.060088634,1,0.41991135
2024-09-01 20:00:00,ETHUSDT,4h,1,up,0.53803897,0.48,0.05803898,1,0.53803897
2024-09-02 00:00:00,ETHUSDT,4h,2,down,0.43981698,0.48,0.040183008,0,0.48
2024-09-02 04:00:00,ETHUSDT,4h,1,up,0.55267835,0.48,0.07267836,1,0.55267835
2024-09-02 08:00:00,ETHUSDT,4h,2,down,0.4657176,0.48,0.014282376,0,0.48
2024-09-02 12:00:00,ETHUSDT,4h,2,up,0.438607,0.48,0.041392982,0,0.48
2024-09-02 16:00:00,ETHUSDT,4h,0,up,0.39915338,0.48,0.08084661,1,0.39915338
2024-09-02 20:00:00,ETHUSDT,4h,2,down,0.46121076,0.48,0.018789232,0,0.48
2024-09-03 00:00:00,ETHUSDT,4h,1,up,0.59011227,0.48,0.11011228,1,0.59011227
2024-09-03 04:00:00,ETHUSDT,4h,2,down,0.47269905,0.48,0.007300943,0,0.48
2024-09-03 08:00:00,ETHUSDT,4h,2,down,0.4705714,0.48,0.009428591,0,0.48
2024-09-03 12:00:00,ETHUSDT,4h,1,up,0.53582025,0.48,0.055820256,1,0.53582025
2024-09-03 16:00:00,ETHUSDT,4h,1,down,0.5715815,0.48,0.09158149,1,0.5715815
2024-09-03 20:00:00,ETHUSDT,4h,1,down,0.64769477,0.48,0.16769478,1,0.64769477
2024-09-04 00:00:00,ETHUSDT,4h,0,up,0.41447544,0.48,0.06552455,1,0.41447544
2024-09-04 04:00:00,ETHUSDT,4h,0,down,0.40850446,0.48,0.07149553,1,0.40850446
2024-09-04 08:00:00,ETHUSDT,4h,2,up,0.5240942,0.48,0.044094235,0,0.48
2024-09-04 12:00:00,ETHUSDT,4h,2,down,0.44968724,0.48,0.030312747,0,0.48
2024-09-04 16:00:00,ETHUSDT,4h,1,down,0.61944944,0.48,0.13944945,1,0.61944944
2024-09-04 20:00:00,ETHUSDT,4h,1,down,0.5750815,0.48,0.09508154,1,0.5750815
2024-09-05 00:00:00,ETHUSDT,4h,1,up,0.56119925,0.48,0.08119926,1,0.56119925
2024-09-05 04:00:00,ETHUSDT,4h,2,down,0.45182693,0.48,0.02817306,0,0.48
2024-09-05 08:00:00,ETHUSDT,4h,1,down,0.59942067,0.48,0.11942068,1,0.59942067
2024-09-05 12:00:00,ETHUSDT,4h,1,down,0.57673913,0.48,0.09673914,1,0.57673913
2024-09-05 16:00:00,ETHUSDT,4h,1,up,0.59020174,0.48,0.110201746,1,0.59020174
2024-09-05 20:00:00,ETHUSDT,4h,2,up,0.50641584,0.48,0.026415855,0,0.48
2024-09-06 00:00:00,ETHUSDT,4h,0,down,0.42905575,0.48,0.05094424,1,0.42905575
2024-09-06 04:00:00,ETHUSDT,4h,2,up,0.52745414,0.48,0.04745415,0,0.48
2024-09-06 08:00:00,ETHUSDT,4h,2,down,0.44351193,0.48,0.036488056,0,0.48
2024-09-06 12:00:00,ETHUSDT,4h,2,down,0.4583144,0.48,0.0216856,0,0.48
2024-09-06 16:00:00,ETHUSDT,4h,1,up,0.554821,0.48,0.074821025,1,0.554821
2024-09-06 20:00:00,ETHUSDT,4h,2,up,0.43786848,0.48,0.042131513,0,0.48
2024-09-07 00:00:00,ETHUSDT,4h,2,up,0.5254341,0.48,0.045434088,0,0.48
2024-09-07 04:00:00,ETHUSDT,4h,2,down,0.46730697,0.48,0.012693018,0,0.48
2024-09-07 08:00:00,ETHUSDT,4h,1,up,0.5451534,0.48,0.06515339,1,0.5451534
2024-09-07 12:00:00,ETHUSDT,4h,2,down,0.4766221,0.48,0.0033778846,0,0.48
2024-09-07 16:00:00,ETHUSDT,4h,2,down,0.46195644,0.48,0.018043548,0,0.48
2024-09-07 20:00:00,ETHUSDT,4h,2,up,0.5253209,0.48,0.0453209,0,0.48
2024-09-08 00:00:00,ETHUSDT,4h,2,up,0.4702512,0.48,0.009748787,0,0.48
2024-09-08 04:00:00,ETHUSDT,4h,2,up,0.43648073,0.48,0.04351926,0,0.48
2024-09-08 08:00:00,ETHUSDT,4h,2,down,0.47850576,0.48,0.0014942288,0,0.48
2024-09-08 12:00:00,ETHUSDT,4h,1,up,0.54406244,0.48,0.06406245,1,0.54406244
2024-09-08 16:00:00,ETHUSDT,4h,2,up,0.43623468,0.48,0.043765306,0,0.48
2024-09-08 20:00:00,ETHUSDT,4h,2,up,0.45131898,0.48,0.02868101,0,0.48
2024-09-09 00:00:00,ETHUSDT,4h,2,up,0.46221292,0.48,0.01778707,0,0.48
2024-09-09 04:00:00,ETHUSDT,4h,2,up,0.4721527,0.48,0.007847279,0,0.48
2024-09-09 08:00:00,ETHUSDT,4h,1,down,0.56088334,0.48,0.080883354,1,0.56088334
2024-09-09 12:00:00,ETHUSDT,4h,1,up,0.53825575,0.48,0.05825576,1,0.53825575
2024-09-09 16:00:00,ETHUSDT,4h,2,up,0.43062258,0.48,0.04937741,0,0.48
2024-09-09 20:00:00,ETHUSDT,4h,2,down,0.45173675,0.48,0.028263241,0,0.48
2024-09-10 00:00:00,ETHUSDT,4h,1,up,0.58035725,0.48,0.100357264,1,0.58035725
2024-09-10 04:00:00,ETHUSDT,4h,2,down,0.46453106,0.48,0.015468925,0,0.48
2024-09-10 08:00:00,ETHUSDT,4h,1,down,0.5588582,0.48,0.07885823,1,0.5588582
2024-09-10 12:00:00,ETHUSDT,4h,1,up,0.55241853,0.48,0.07241854,1,0.55241853
2024-09-10 16:00:00,ETHUSDT,4h,2,up,0.45892805,0.48,0.02107194,0,0.48
2024-09-10 20:00:00,ETHUSDT,4h,2,down,0.45115218,0.48,0.028847814,0,0.48
2024-09-11 00:00:00,ETHUSDT,4h,1,down,0.56276476,0.48,0.082764775,1,0.56276476
2024-09-11 04:00:00,ETHUSDT,4h,2,down,0.5124952,0.48,0.03249523,0,0.48
2024-09-11 08:00:00,ETHUSDT,4h,1,down,0.5364667,0.48,0.05646673,1,0.5364667
2024-09-11 12:00:00,ETHUSDT,4h,0,up,0.42018142,0.48,0.059818566,1,0.42018142
2024-09-11 16:00:00,ETHUSDT,4h,2,down,0.5225166,0.48,0.04251662,0,0.48
2024-09-11 20:00:00,ETHUSDT,4h,1,up,0.5348509,0.48,0.054850906,1,0.5348509
2024-09-12 00:00:00,ETHUSDT,4h,2,down,0.48489422,0.48,0.004894227,0,0.48
2024-09-12 04:00:00,ETHUSDT,4h,1,down,0.576262,0.48,0.09626201,1,0.576262
2024-09-12 08:00:00,ETHUSDT,4h,1,down,0.5365564,0.48,0.056556433,1,0.5365564
2024-09-12 12:00:00,ETHUSDT,4h,1,up,0.55249757,0.48,0.07249758,1,0.55249757
2024-09-12 16:00:00,ETHUSDT,4h,2,up,0.44274658,0.48,0.03725341,0,0.48
2024-09-12 20:00:00,ETHUSDT,4h,2,down,0.47477442,0.48,0.005225569,0,0.48
2024-09-13 00:00:00,ETHUSDT,4h,2,down,0.52181774,0.48,0.041817755,0,0.48
2024-09-13 04:00:00,ETHUSDT,4h,2,up,0.5185628,0.48,0.038562804,0,0.48
2024-09-13 08:00:00,ETHUSDT,4h,2,up,0.48398432,0.48,0.003984332,0,0.48
2024-09-13 12:00:00,ETHUSDT,4h,2,up,0.4385605,0.48,0.041439503,0,0.48
2024-09-13 16:00:00,ETHUSDT,4h,2,up,0.45284072,0.48,0.027159274,0,0.48
2024-09-13 20:00:00,ETHUSDT,4h,2,down,0.5284468,0.48,0.048446804,0,0.48
2024-09-14 00:00:00,ETHUSDT,4h,2,down,0.46230605,0.48,0.017693937,0,0.48
2024-09-14 04:00:00,ETHUSDT,4h,1,down,0.5423661,0.48,0.0623661,1,0.5423661
2024-09-14 08:00:00,ETHUSDT,4h,2,up,0.43464723,0.48,0.045352757,0,0.48
2024-09-14 12:00:00,ETHUSDT,4h,2,down,0.48770455,0.48,0.007704556,0,0.48
2024-09-14 16:00:00,ETHUSDT,4h,0,up,0.42984837,0.48,0.050151616,1,0.42984837
2024-09-14 20:00:00,ETHUSDT,4h,2,up,0.45540345,0.48,0.024596542,0,0.48
2024-09-15 00:00:00,ETHUSDT,4h,1,up,0.54504067,0.48,0.06504068,1,0.54504067
2024-09-15 04:00:00,ETHUSDT,4h,2,down,0.48517725,0.48,0.0051772594,0,0.48
2024-09-15 08:00:00,ETHUSDT,4h,2,up,0.448484,0.48,0.031515986,0,0.48
2024-09-15 12:00:00,ETHUSDT,4h,2,down,0.46763793,0.48,0.012362063,0,0.48
2024-09-15 16:00:00,ETHUSDT,4h,2,down,0.4949148,0.48,0.014914811,0,0.48
2024-09-15 20:00:00,ETHUSDT,4h,2,down,0.45064726,0.48,0.029352725,0,0.48
2024-09-16 00:00:00,ETHUSDT,4h,2,up,0.4956269,0.48,0.015626907,0,0.48
2024-09-16 04:00:00,ETHUSDT,4h,2,down,0.4504966,0.48,0.029503375,0,0.48
2024-09-16 08:00:00,ETHUSDT,4h,1,down,0.56546104,0.48,0.08546105,1,0.56546104
2024-09-16 12:00:00,ETHUSDT,4h,1,down,0.573009,0.48,0.093009025,1,0.573009
2024-09-16 16:00:00,ETHUSDT,4h,1,up,0.58557385,0.48,0.10557386,1,0.58557385
2024-09-16 20:00:00,ETHUSDT,4h,2,down,0.46268293,0.48,0.017317057,0,0.48
2024-09-17 00:00:00,ETHUSDT,4h,2,up,0.5212308,0.48,0.041230828,0,0.48
2024-09-17 04:00:00,ETHUSDT,4h,2,down,0.46075082,0.48,0.019249171,0,0.48
2024-09-17 08:00:00,ETHUSDT,4h,1,up,0.5524483,0.48,0.07244828,1,0.5524483
2024-09-17 12:00:00,ETHUSDT,4h,2,down,0.4707634,0.48,0.009236604,0,0.48
2024-09-17 16:00:00,ETHUSDT,4h,2,down,0.5206904,0.48,0.040690392,0,0.48
2024-09-17 20:00:00,ETHUSDT,4h,1,down,0.5484017,0.48,0.068401724,1,0.5484017
2024-09-18 00:00:00,ETHUSDT,4h,2,down,0.47851968,0.48,0.0014803112,0,0.48
2024-09-18 04:00:00,ETHUSDT,4h,2,down,0.48918107,0.48,0.009181082,0,0.48
2024-09-18 08:00:00,ETHUSDT,4h,2,down,0.4906976,0.48,0.010697603,0,0.48
2024-09-18 12:00:00,ETHUSDT,4h,1,up,0.59287816,0.48,0.11287817,1,0.59287816
2024-09-18 16:00:00,ETHUSDT,4h,2,up,0.5271226,0.48,0.047122627,0,0.48
2024-09-18 20:00:00,ETHUSDT,4h,2,up,0.43137783,0.48,0.04862216,0,0.48
2024-09-19 00:00:00,ETHUSDT,4h,2,up,0.4513661,0.48,0.028633893,0,0.48
2024-09-19 04:00:00,ETHUSDT,4h,0,down,0.42685747,0.48,0.053142518,1,0.42685747
2024-09-19 08:00:00,ETHUSDT,4h,2,up,0.44791982,0.48,0.032080173,0,0.48
2024-09-19 12:00:00,ETHUSDT,4h,2,up,0.44746336,0.48,0.032536626,0,0.48
2024-09-19 16:00:00,ETHUSDT,4h,2,up,0.5152486,0.48,0.035248607,0,0.48
2024-09-19 20:00:00,ETHUSDT,4h,2,up,0.48556864,0.48,0.0055686533,0,0.48
2024-09-20 00:00:00,ETHUSDT,4h,0,up,0.42396882,0.48,0.056031168,1,0.42396882
2024-09-20 04:00:00,ETHUSDT,4h,2,down,0.44129404,0.48,0.038705945,0,0.48
2024-09-20 08:00:00,ETHUSDT,4h,1,up,0.59592724,0.48,0.11592725,1,0.59592724
2024-09-20 12:00:00,ETHUSDT,4h,0,down,0.3957965,0.48,0.08420348,1,0.3957965
2024-09-20 16:00:00,ETHUSDT,4h,1,up,0.5951768,0.48,0.11517683,1,0.5951768
2024-09-20 20:00:00,ETHUSDT,4h,2,down,0.43207687,0.48,0.047923118,0,0.48
2024-09-21 00:00:00,ETHUSDT,4h,1,up,0.55539227,0.48,0.075392276,1,0.55539227
2024-09-21 04:00:00,ETHUSDT,4h,2,up,0.46732014,0.48,0.012679845,0,0.48
2024-09-21 08:00:00,ETHUSDT,4h,2,up,0.4598701,0.48,0.02012989,0,0.48
2024-09-21 12:00:00,ETHUSDT,4h,2,up,0.49872515,0.48,0.018725157,0,0.48
2024-09-21 16:00:00,ETHUSDT,4h,2,up,0.47163883,0.48,0.008361161,0,0.48
2024-09-21 20:00:00,ETHUSDT,4h,2,down,0.4463495,0.48,0.033650488,0,0.48
2024-09-22 00:00:00,ETHUSDT,4h,1,down,0.5615175,0.48,0.08151749,1,0.5615175
2024-09-22 04:00:00,ETHUSDT,4h,2,down,0.52088207,0.48,0.04088208,0,0.48
2024-09-22 08:00:00,ETHUSDT,4h,2,down,0.5211417,0.48,0.04114172,0,0.48
2024-09-22 12:00:00,ETHUSDT,4h,2,up,0.5118745,0.48,0.031874508,0,0.48
2024-09-22 16:00:00,ETHUSDT,4h,2,up,0.4578859,0.48,0.022114098,0,0.48
2024-09-22 20:00:00,ETHUSDT,4h,0,up,0.4039087,0.48,0.07609129,1,0.4039087
2024-09-23 00:00:00,ETHUSDT,4h,2,down,0.45009947,0.48,0.029900521,0,0.48
2024-09-23 04:00:00,ETHUSDT,4h,1,down,0.67917514,0.48,0.19917515,1,0.67917514
2024-09-23 08:00:00,ETHUSDT,4h,1,up,0.5538283,0.48,0.07382831,1,0.5538283
2024-09-23 12:00:00,ETHUSDT,4h,2,down,0.4605371,0.48,0.019462883,0,0.48
2024-09-23 16:00:00,ETHUSDT,4h,1,down,0.62514496,0.48,0.14514497,1,0.62514496
2024-09-23 20:00:00,ETHUSDT,4h,1,down,0.61181223,0.48,0.13181224,1,0.61181223
2024-09-24 00:00:00,ETHUSDT,4h,1,up,0.56290543,0.48,0.08290544,1,0.56290543
2024-09-24 04:00:00,ETHUSDT,4h,2,down,0.4808238,0.48,0.0008238256,0,0.48
2024-09-24 08:00:00,ETHUSDT,4h,1,down,0.5632813,0.48,0.08328131,1,0.5632813
2024-09-24 12:00:00,ETHUSDT,4h,1,up,0.5626191,0.48,0.0826191,1,0.5626191
2024-09-24 16:00:00,ETHUSDT,4h,0,up,0.42148829,0.48,0.058511704,1,0.42148829
2024-09-24 20:00:00,ETHUSDT,4h,2,down,0.52330714,0.48,0.043307155,0,0.48
2024-09-25 00:00:00,ETHUSDT,4h,1,down,0.5715082,0.48,0.09150824,1,0.5715082
2024-09-25 04:00:00,ETHUSDT,4h,1,up,0.57622725,0.48,0.09622726,1,0.57622725
2024-09-25 08:00:00,ETHUSDT,4h,2,down,0.486117,0.48,0.006117016,0,0.48
2024-09-25 12:00:00,ETHUSDT,4h,1,down,0.5888825,0.48,0.10888252,1,0.5888825
2024-09-25 16:00:00,ETHUSDT,4h,1,up,0.6293068,0.48,0.1493068,1,0.6293068
2024-09-25 20:00:00,ETHUSDT,4h,1,up,0.54221475,0.48,0.062214762,1,0.54221475
2024-09-26 00:00:00,ETHUSDT,4h,2,up,0.4715504,0.48,0.008449584,0,0.48
2024-09-26 04:00:00,ETHUSDT,4h,2,down,0.4349434,0.48,0.04505658,0,0.48
2024-09-26 08:00:00,ETHUSDT,4h,2,up,0.45751226,0.48,0.02248773,0,0.48
2024-09-26 12:00:00,ETHUSDT,4h,2,down,0.45524928,0.48,0.02475071,0,0.48
2024-09-26 16:00:00,ETHUSDT,4h,2,down,0.52062035,0.48,0.040620357,0,0.48
2024-09-26 20:00:00,ETHUSDT,4h,1,up,0.53543234,0.48,0.05543235,1,0.53543234
2024-09-27 00:00:00,ETHUSDT,4h,2,up,0.45442072,0.48,0.025579274,0,0.48
2024-09-27 04:00:00,ETHUSDT,4h,2,down,0.43314284,0.48,0.04685715,0,0.48
2024-09-27 08:00:00,ETHUSDT,4h,2,up,0.49385867,0.48,0.013858676,0,0.48
2024-09-27 12:00:00,ETHUSDT,4h,0,up,0.41557258,0.48,0.064427406,1,0.41557258
2024-09-27 16:00:00,ETHUSDT,4h,2,down,0.52598053,0.48,0.045980543,0,0.48
2024-09-27 20:00:00,ETHUSDT,4h,1,down,0.59896815,0.48,0.11896816,1,0.59896815
2024-09-28 00:00:00,ETHUSDT,4h,2,down,0.5245915,0.48,0.044591516,0,0.48
2024-09-28 04:00:00,ETHUSDT,4h,2,down,0.49994504,0.48,0.019945055,0,0.48
2024-09-28 08:00:00,ETHUSDT,4h,0,down,0.42882735,0.48,0.051172644,1,0.42882735
2024-09-28 12:00:00,ETHUSDT,4h,2,up,0.49733704,0.48,0.017337054,0,0.48
2024-09-28 16:00:00,ETHUSDT,4h,2,down,0.44080156,0.48,0.03919843,0,0.48
2024-09-28 20:00:00,ETHUSDT,4h,1,down,0.56387603,0.48,0.08387604,1,0.56387603
2024-09-29 00:00:00,ETHUSDT,4h,2,down,0.5256518,0.48,0.045651823,0,0.48
2024-09-29 04:00:00,ETHUSDT,4h,2,up,0.47959042,0.48,0.00040957332,0,0.48
2024-09-29 08:00:00,ETHUSDT,4h,2,up,0.49745685,0.48,0.01745686,0,0.48
2024-09-29 12:00:00,ETHUSDT,4h,2,up,0.4516775,0.48,0.028322488,0,0.48
2024-09-29 16:00:00,ETHUSDT,4h,2,down,0.4569118,0.48,0.023088187,0,0.48
2024-09-29 20:00:00,ETHUSDT,4h,2,down,0.49204814,0.48,0.012048155,0,0.48
2024-09-30 00:00:00,ETHUSDT,4h,2,up,0.4620252,0.48,0.017974794,0,0.48
2024-09-30 04:00:00,ETHUSDT,4h,2,down,0.48718,0.48,0.0071800053,0,0.48
2024-09-30 08:00:00,ETHUSDT,4h,2,down,0.47565997,0.48,0.004340023,0,0.48
2024-09-30 12:00:00,ETHUSDT,4h,1,down,0.6127606,0.48,0.13276061,1,0.6127606
2024-09-30 16:00:00,ETHUSDT,4h,1,up,0.53402424,0.48,0.05402425,1,0.53402424
2024-09-30 20:00:00,ETHUSDT,4h,2,up,0.52597713,0.48,0.045977145,0,0.48
2024-10-01 00:00:00,ETHUSDT,4h,2,up,0.47117853,0.48,0.008821458,0,0.48
2024-10-01 04:00:00,ETHUSDT,4h,2,down,0.4719544,0.48,0.008045584,0,0.48
2024-10-01 08:00:00,ETHUSDT,4h,2,down,0.52739525,0.48,0.04739526,0,0.48
2024-10-01 12:00:00,ETHUSDT,4h,2,down,0.5019403,0.48,0.02194032,0,0.48
2024-10-01 16:00:00,ETHUSDT,4h,2,down,0.45319918,0.48,0.026800811,0,0.48
2024-10-01 20:00:00,ETHUSDT,4h,1,up,0.5533156,0.48,0.07331559,1,0.5533156
2024-10-02 00:00:00,ETHUSDT,4h,2,down,0.45427454,0.48,0.025725454,0,0.48
2024-10-02 04:00:00,ETHUSDT,4h,2,down,0.50921273,0.48,0.029212743,0,0.48
2024-10-02 08:00:00,ETHUSDT,4h,1,up,0.6022844,0.48,0.12228438,1,0.6022844
2024-10-02 12:00:00,ETHUSDT,4h,2,down,0.45529628,0.48,0.024703711,0,0.48
2024-10-02 16:00:00,ETHUSDT,4h,1,down,0.61104316,0.48,0.13104317,1,0.61104316
2024-10-02 20:00:00,ETHUSDT,4h,1,up,0.6424665,0.48,0.1624665,1,0.6424665
2024-10-03 00:00:00,ETHUSDT,4h,0,down,0.41532886,0.48,0.06467113,1,0.41532886
2024-10-03 04:00:00,ETHUSDT,4h,1,down,0.59952587,0.48,0.11952588,1,0.59952587
2024-10-03 08:00:00,ETHUSDT,4h,2,down,0.49491948,0.48,0.01491949,0,0.48
2024-10-03 12:00:00,ETHUSDT,4h,1,up,0.5532825,0.48,0.07328251,1,0.5532825
2024-10-03 16:00:00,ETHUSDT,4h,2,down,0.48042688,0.48,0.00042688847,0,0.48
2024-10-03 20:00:00,ETHUSDT,4h,2,up,0.508406,0.48,0.028405994,0,0.48
2024-10-04 00:00:00,ETHUSDT,4h,2,up,0.49677816,0.48,0.016778171,0,0.48
2024-10-04 04:00:00,ETHUSDT,4h,2,up,0.44710958,0.48,0.03289041,0,0.48
2024-10-04 08:00:00,ETHUSDT,4h,0,up,0.37609598,0.48,0.10390401,1,0.37609598
2024-10-04 12:00:00,ETHUSDT,4h,0,up,0.39536023,0.48,0.08463976,1,0.39536023
2024-10-04 16:00:00,ETHUSDT,4h,0,down,0.3879459,0.48,0.0920541,1,0.3879459
2024-10-04 20:00:00,ETHUSDT,4h,1,down,0.55286396,0.48,0.072863966,1,0.55286396
2024-10-05 00:00:00,ETHUSDT,4h,1,up,0.5550295,0.48,0.07502952,1,0.5550295
2024-10-05 04:00:00,ETHUSDT,4h,2,up,0.46346587,0.48,0.01653412,0,0.48
2024-10-05 08:00:00,ETHUSDT,4h,1,down,0.5531024,0.48,0.073102385,1,0.5531024
2024-10-05 12:00:00,ETHUSDT,4h,2,down,0.48263863,0.48,0.002638638,0,0.48
2024-10-05 16:00:00,ETHUSDT,4h,1,up,0.538512,0.48,0.058512002,1,0.538512
2024-10-05 20:00:00,ETHUSDT,4h,2,down,0.44622326,0.48,0.03377673,0,0.48
2024-10-06 00:00:00,ETHUSDT,4h,2,up,0.5071602,0.48,0.027160197,0,0.48
2024-10-06 04:00:00,ETHUSDT,4h,2,up,0.45061222,0.48,0.029387772,0,0.48
2024-10-06 08:00:00,ETHUSDT,4h,2,up,0.45485142,0.48,0.02514857,0,0.48
2024-10-06 12:00:00,ETHUSDT,4h,0,down,0.39886537,0.48,0.08113462,1,0.39886537
2024-10-06 16:00:00,ETHUSDT,4h,2,down,0.5160517,0.48,0.03605172,0,0.48
2024-10-06 20:00:00,ETHUSDT,4h,0,up,0.41987756,0.48,0.06012243,1,0.41987756
2024-10-07 00:00:00,ETHUSDT,4h,2,down,0.49047628,0.48,0.010476291,0,0.48
2024-10-07 04:00:00,ETHUSDT,4h,1,down,0.5720465,0.48,0.09204653,1,0.5720465
2024-10-07 08:00:00,ETHUSDT,4h,0,down,0.4198758,0.48,0.06012419,1,0.4198758
2024-10-07 12:00:00,ETHUSDT,4h,1,down,0.53306925,0.48,0.053069264,1,0.53306925
2024-10-07 16:00:00,ETHUSDT,4h,1,down,0.5534052,0.48,0.073405236,1,0.5534052
2024-10-07 20:00:00,ETHUSDT,4h,1,up,0.6176797,0.48,0.13767973,1,0.6176797
2024-10-08 00:00:00,ETHUSDT,4h,2,down,0.48969027,0.48,0.009690285,0,0.48
2024-10-08 04:00:00,ETHUSDT,4h,1,up,0.5376712,0.48,0.05767122,1,0.5376712
2024-10-08 08:00:00,ETHUSDT,4h,2,down,0.49847355,0.48,0.018473566,0,0.48
2024-10-08 12:00:00,ETHUSDT,4h,2,up,0.47955054,0.48,0.00044944882,0,0.48
2024-10-08 16:00:00,ETHUSDT,4h,2,up,0.44947097,0.48,0.030529022,0,0.48
2024-10-08 20:00:00,ETHUSDT,4h,2,up,0.5198883,0.48,0.039888293,0,0.48
2024-10-09 00:00:00,ETHUSDT,4h,2,down,0.4625843,0.48,0.017415702,0,0.48
2024-10-09 04:00:00,ETHUSDT,4h,2,up,0.51526904,0.48,0.03526905,0,0.48
2024-10-09 08:00:00,ETHUSDT,4h,2,up,0.45854083,0.48,0.021459162,0,0.48
2024-10-09 12:00:00,ETHUSDT,4h,2,down,0.4656481,0.48,0.014351875,0,0.48
2024-10-09 16:00:00,ETHUSDT,4h,1,down,0.5752987,0.48,0.09529874,1,0.5752987
2024-10-09 20:00:00,ETHUSDT,4h,1,up,0.5649427,0.48,0.08494273,1,0.5649427
2024-10-10 00:00:00,ETHUSDT,4h,2,up,0.43996146,0.48,0.040038526,0,0.48
2024-10-10 04:00:00,ETHUSDT,4h,1,up,0.6014804,0.48,0.121480435,1,0.6014804
2024-10-10 08:00:00,ETHUSDT,4h,2,down,0.47568575,0.48,0.004314244,0,0.48
2024-10-10 12:00:00,ETHUSDT,4h,2,down,0.4531647,0.48,0.026835293,0,0.48
2024-10-10 16:00:00,ETHUSDT,4h,2,up,0.48137257,0.48,0.0013725758,0,0.48
2024-10-10 20:00:00,ETHUSDT,4h,2,up,0.4681197,0.48,0.011880279,0,0.48
2024-10-11 00:00:00,ETHUSDT,4h,2,down,0.4604696,0.48,0.019530386,0,0.48
2024-10-11 04:00:00,ETHUSDT,4h,1,up,0.5540698,0.48,0.07406983,1,0.5540698
2024-10-11 08:00:00,ETHUSDT,4h,2,up,0.47473612,0.48,0.005263865,0,0.48
2024-10-11 12:00:00,ETHUSDT,4h,0,up,0.42634726,0.48,0.053652734,1,0.42634726
2024-10-11 16:00:00,ETHUSDT,4h,0,down,0.42634985,0.48,0.05365014,1,0.42634985
2024-10-11 20:00:00,ETHUSDT,4h,1,down,0.55071527,0.48,0.07071528,1,0.55071527
2024-10-12 00:00:00,ETHUSDT,4h,1,up,0.5306149,0.48,0.050614923,1,0.5306149
2024-10-12 04:00:00,ETHUSDT,4h,2,up,0.44516343,0.48,0.03483656,0,0.48
2024-10-12 08:00:00,ETHUSDT,4h,0,up,0.42626348,0.48,0.053736508,1,0.42626348
2024-10-12 12:00:00,ETHUSDT,4h,0,down,0.41863444,0.48,0.061365545,1,0.41863444
2024-10-12 16:00:00,ETHUSDT,4h,2,up,0.48353317,0.48,0.0035331845,0,0.48
2024-10-12 20:00:00,ETHUSDT,4h,2,down,0.5110184,0.48,0.031018406,0,0.48
2024-10-13 00:00:00,ETHUSDT,4h,2,up,0.4742958,0.48,0.0057041943,0,0.48
2024-10-13 04:00:00,ETHUSDT,4h,2,down,0.47995266,0.48,4.7326088e-05,0,0.48
2024-10-13 08:00:00,ETHUSDT,4h,2,down,0.47531503,0.48,0.004684955,0,0.48
2024-10-13 12:00:00,ETHUSDT,4h,2,up,0.4805999,0.48,0.00059992075,0,0.48
2024-10-13 16:00:00,ETHUSDT,4h,2,up,0.43137428,0.48,0.048625708,0,0.48
2024-10-13 20:00:00,ETHUSDT,4h,2,up,0.4480423,0.48,0.031957686,0,0.48
2024-10-14 00:00:00,ETHUSDT,4h,0,up,0.42597914,0.48,0.05402085,1,0.42597914
2024-10-14 04:00:00,ETHUSDT,4h,1,up,0.5348569,0.48,0.054856926,1,0.5348569
2024-10-14 08:00:00,ETHUSDT,4h,2,up,0.46464667,0.48,0.015353322,0,0.48
2024-10-14 12:00:00,ETHUSDT,4h,2,down,0.51693046,0.48,0.03693047,0,0.48
2024-10-14 16:00:00,ETHUSDT,4h,1,up,0.6276378,0.48,0.14763781,1,0.6276378
2024-10-14 20:00:00,ETHUSDT,4h,2,down,0.5187854,0.48,0.038785428,0,0.48
2024-10-15 00:00:00,ETHUSDT,4h,1,up,0.59738815,0.48,0.11738816,1,0.59738815
2024-10-15 04:00:00,ETHUSDT,4h,2,down,0.48157197,0.48,0.0015719831,0,0.48
2024-10-15 08:00:00,ETHUSDT,4h,1,down,0.6020629,0.48,0.12206289,1,0.6020629
2024-10-15 12:00:00,ETHUSDT,4h,1,up,0.55696964,0.48,0.07696965,1,0.55696964
2024-10-15 16:00:00,ETHUSDT,4h,1,up,0.53424776,0.48,0.054247767,1,0.53424776
2024-10-15 20:00:00,ETHUSDT,4h,2,up,0.43982112,0.48,0.040178865,0,0.48
2024-10-16 00:00:00,ETHUSDT,4h,2,down,0.4555761,0.48,0.024423897,0,0.48
2024-10-16 04:00:00,ETHUSDT,4h,2,up,0.5153531,0.48,0.035353094,0,0.48
2024-10-16 08:00:00,ETHUSDT,4h,2,down,0.4594312,0.48,0.020568788,0,0.48
2024-10-16 12:00:00,ETHUSDT,4h,1,up,0.53526294,0.48,0.055262953,1,0.53526294
2024-10-16 16:00:00,ETHUSDT,4h,2,down,0.44219226,0.48,0.037807733,0,0.48
2024-10-16 20:00:00,ETHUSDT,4h,2,up,0.5220922,0.48,0.042092234,0,0.48
2024-10-17 00:00:00,ETHUSDT,4h,0,down,0.41432905,0.48,0.06567094,1,0.41432905
2024-10-17 04:00:00,ETHUSDT,4h,2,down,0.51404834,0.48,0.03404835,0,0.48
2024-10-17 08:00:00,ETHUSDT,4h,1,up,0.5746768,0.48,0.09467682,1,0.5746768
2024-10-17 12:00:00,ETHUSDT,4h,2,down,0.4435581,0.48,0.036441892,0,0.48
2024-10-17 16:00:00,ETHUSDT,4h,1,up,0.5996922,0.48,0.119692236,1,0.5996922
2024-10-17 20:00:00,ETHUSDT,4h,2,up,0.5007236,0.48,0.020723611,0,0.48
2024-10-18 00:00:00,ETHUSDT,4h,2,up,0.51994944,0.48,0.039949447,0,0.48
2024-10-18 04:00:00,ETHUSDT,4h,0,down,0.4180684,0.48,0.06193158,1,0.4180684
2024-10-18 08:00:00,ETHUSDT,4h,1,up,0.5706837,0.48,0.09068373,1,0.5706837
2024-10-18 12:00:00,ETHUSDT,4h,2,down,0.4412832,0.48,0.038716793,0,0.48
2024-10-18 16:00:00,ETHUSDT,4h,2,down,0.52213144,0.48,0.042131454,0,0.48
2024-10-18 20:00:00,ETHUSDT,4h,2,up,0.50358796,0.48,0.023587972,0,0.48
2024-10-19 00:00:00,ETHUSDT,4h,2,down,0.5004101,0.48,0.02041009,0,0.48
2024-10-19 04:00:00,ETHUSDT,4h,1,down,0.55128825,0.48,0.07128826,1,0.55128825
2024-10-19 08:00:00,ETHUSDT,4h,1,up,0.5602156,0.48,0.0802156,1,0.5602156
2024-10-19 12:00:00,ETHUSDT,4h,2,down,0.447207,0.48,0.032792985,0,0.48
2024-10-19 16:00:00,ETHUSDT,4h,2,up,0.5113327,0.48,0.0313327,0,0.48
2024-10-19 20:00:00,ETHUSDT,4h,2,down,0.47031605,0.48,0.009683937,0,0.48
2024-10-20 00:00:00,ETHUSDT,4h,2,up,0.4902916,0.48,0.010291606,0,0.48
2024-10-20 04:00:00,ETHUSDT,4h,2,up,0.4485081,0.48,0.031491876,0,0.48
2024-10-20 08:00:00,ETHUSDT,4h,0,up,0.41212308,0.48,0.067876905,1,0.41212308
2024-10-20 12:00:00,ETHUSDT,4h,1,down,0.5504255,0.48,0.07042554,1,0.5504255
2024-10-20 16:00:00,ETHUSDT,4h,2,up,0.47497734,0.48,0.005022645,0,0.48
2024-10-20 20:00:00,ETHUSDT,4h,2,down,0.44315693,0.48,0.03684306,0,0.48
2024-10-21 00:00:00,ETHUSDT,4h,1,down,0.5693688,0.48,0.08936879,1,0.5693688
2024-10-21 04:00:00,ETHUSDT,4h,1,down,0.6046796,0.48,0.124679595,1,0.6046796
2024-10-21 08:00:00,ETHUSDT,4h,1,down,0.57569057,0.48,0.09569058,1,0.57569057
2024-10-21 12:00:00,ETHUSDT,4h,1,up,0.5383624,0.48,0.058362395,1,0.5383624
2024-10-21 16:00:00,ETHUSDT,4h,2,down,0.48710394,0.48,0.00710395,0,0.48
2024-10-21 20:00:00,ETHUSDT,4h,1,down,0.6395316,0.48,0.15953162,1,0.6395316
2024-10-22 00:00:00,ETHUSDT,4h,2,up,0.5054204,0.48,0.025420398,0,0.48
2024-10-22 04:00:00,ETHUSDT,4h,1,down,0.56577784,0.48,0.08577785,1,0.56577784
2024-10-22 08:00:00,ETHUSDT,4h,1,down,0.5785718,0.48,0.09857181,1,0.5785718
2024-10-22 12:00:00,ETHUSDT,4h,1,up,0.5796988,0.48,0.09969881,1,0.5796988
2024-10-22 16:00:00,ETHUSDT,4h,2,down,0.5164944,0.48,0.036494404,0,0.48
2024-10-22 20:00:00,ETHUSDT,4h,1,down,0.54084814,0.48,0.060848147,1,0.54084814
2024-10-23 00:00:00,ETHUSDT,4h,2,down,0.5297869,0.48,0.049786896,0,0.48
2024-10-23 04:00:00,ETHUSDT,4h,1,down,0.5997469,0.48,0.11974689,1,0.5997469
2024-10-23 08:00:00,ETHUSDT,4h,1,down,0.5425922,0.48,0.06259224,1,0.5425922
2024-10-23 12:00:00,ETHUSDT,4h,2,down,0.51962954,0.48,0.03962955,0,0.48
2024-10-23 16:00:00,ETHUSDT,4h,0,up,0.41764888,0.48,0.062351108,1,0.41764888
2024-10-23 20:00:00,ETHUSDT,4h,2,up,0.48969206,0.48,0.009692073,0,0.48
2024-10-24 00:00:00,ETHUSDT,4h,2,down,0.46037465,0.48,0.019625336,0,0.48
2024-10-24 04:00:00,ETHUSDT,4h,2,down,0.51765186,0.48,0.037651867,0,0.48
2024-10-24 08:00:00,ETHUSDT,4h,1,down,0.5452816,0.48,0.0652816,1,0.5452816
2024-10-24 12:00:00,ETHUSDT,4h,2,up,0.51649356,0.48,0.03649357,0,0.48
2024-10-24 16:00:00,ETHUSDT,4h,2,down,0.46592495,0.48,0.014075041,0,0.48
2024-10-24 20:00:00,ETHUSDT,4h,1,down,0.5407942,0.48,0.060794204,1,0.5407942
2024-10-25 00:00:00,ETHUSDT,4h,2,down,0.505454,0.48,0.025454015,0,0.48
2024-10-25 04:00:00,ETHUSDT,4h,2,up,0.49964353,0.48,0.019643545,0,0.48
2024-10-25 08:00:00,ETHUSDT,4h,2,down,0.4707323,0.48,0.009267688,0,0.48
2024-10-25 12:00:00,ETHUSDT,4h,1,down,0.59668106,0.48,0.11668107,1,0.59668106
2024-10-25 16:00:00,ETHUSDT,4h,1,down,0.5656982,0.48,0.08569822,1,0.5656982
2024-10-25 20:00:00,ETHUSDT,4h,2,up,0.49867,0.48,0.018670022,0,0.48
2024-10-26 00:00:00,ETHUSDT,4h,2,up,0.4829861,0.48,0.0029861033,0,0.48
2024-10-26 04:00:00,ETHUSDT,4h,2,up,0.48561838,0.48,0.0056183934,0,0.48
2024-10-26 08:00:00,ETHUSDT,4h,2,down,0.47268924,0.48,0.007310748,0,0.48
2024-10-26 12:00:00,ETHUSDT,4h,2,up,0.5224881,0.48,0.042488128,0,0.48
2024-10-26 16:00:00,ETHUSDT,4h,2,down,0.46904966,0.48,0.010950327,0,0.48
2024-10-26 20:00:00,ETHUSDT,4h,1,up,0.5410184,0.48,0.061018437,1,0.5410184
2024-10-27 00:00:00,ETHUSDT,4h,0,down,0.39849597,0.48,0.08150402,1,0.39849597
2024-10-27 04:00:00,ETHUSDT,4h,2,down,0.5030879,0.48,0.023087889,0,0.48
2024-10-27 08:00:00,ETHUSDT,4h,2,up,0.5145672,0.48,0.034567207,0,0.48
2024-10-27 12:00:00,ETHUSDT,4h,0,down,0.4125401,0.48,0.06745988,1,0.4125401
2024-10-27 16:00:00,ETHUSDT,4h,2,up,0.50577515,0.48,0.025775164,0,0.48
2024-10-27 20:00:00,ETHUSDT,4h,2,down,0.4639574,0.48,0.01604259,0,0.48
2024-10-28 00:00:00,ETHUSDT,4h,1,up,0.5329058,0.48,0.052905828,1,0.5329058
2024-10-28 04:00:00,ETHUSDT,4h,2,up,0.45290962,0.48,0.02709037,0,0.48
2024-10-28 08:00:00,ETHUSDT,4h,0,down,0.40336284,0.48,0.07663715,1,0.40336284
2024-10-28 12:00:00,ETHUSDT,4h,1,up,0.54564255,0.48,0.065642565,1,0.54564255
2024-10-28 16:00:00,ETHUSDT,4h,2,up,0.48291588,0.48,0.002915889,0,0.48
2024-10-28 20:00:00,ETHUSDT,4h,2,up,0.43293512,0.48,0.04706487,0,0.48
2024-10-29 00:00:00,ETHUSDT,4h,0,up,0.42205516,0.48,0.057944834,1,0.42205516
2024-10-29 04:00:00,ETHUSDT,4h,1,up,0.5509825,0.48,0.070982486,1,0.5509825
2024-10-29 08:00:00,ETHUSDT,4h,2,up,0.43616048,0.48,0.043839514,0,0.48
2024-10-29 12:00:00,ETHUSDT,4h,2,down,0.45984933,0.48,0.020150661,0,0.48
2024-10-29 16:00:00,ETHUSDT,4h,1,up,0.5942104,0.48,0.1142104,1,0.5942104
2024-10-29 20:00:00,ETHUSDT,4h,0,up,0.42969224,0.48,0.05030775,1,0.42969224
2024-10-30 00:00:00,ETHUSDT,4h,0,up,0.37822104,0.48,0.101778954,1,0.37822104
2024-10-30 04:00:00,ETHUSDT,4h,0,down,0.41268095,0.48,0.067319036,1,0.41268095
2024-10-30 08:00:00,ETHUSDT,4h,1,up,0.56421804,0.48,0.084218055,1,0.56421804
2024-10-30 12:00:00,ETHUSDT,4h,2,down,0.5043679,0.48,0.024367899,0,0.48
2024-10-30 16:00:00,ETHUSDT,4h,1,up,0.54322344,0.48,0.06322345,1,0.54322344
2024-10-30 20:00:00,ETHUSDT,4h,2,down,0.5091028,0.48,0.029102832,0,0.48
2024-10-31 00:00:00,ETHUSDT,4h,2,down,0.47664234,0.48,0.0033576488,0,0.48
2024-10-31 04:00:00,ETHUSDT,4h,2,down,0.52221274,0.48,0.042212754,0,0.48
2024-10-31 08:00:00,ETHUSDT,4h,2,down,0.49092776,0.48,0.010927767,0,0.48
2024-10-31 12:00:00,ETHUSDT,4h,1,down,0.5369975,0.48,0.056997508,1,0.5369975
2024-10-31 16:00:00,ETHUSDT,4h,1,up,0.6649068,0.48,0.18490681,1,0.6649068
2024-10-31 20:00:00,ETHUSDT,4h,2,down,0.52836704,0.48,0.048367053,0,0.48
2024-11-01 00:00:00,ETHUSDT,4h,1,up,0.5344477,0.48,0.05444774,1,0.5344477
2024-11-01 04:00:00,ETHUSDT,4h,1,up,0.5598795,0.48,0.07987949,1,0.5598795
2024-11-01 08:00:00,ETHUSDT,4h,1,down,0.5406892,0.48,0.06068918,1,0.5406892
2024-11-01 12:00:00,ETHUSDT,4h,2,up,0.5035327,0.48,0.023532718,0,0.48
2024-11-01 16:00:00,ETHUSDT,4h,2,down,0.52347386,0.48,0.04347387,0,0.48
2024-11-01 20:00:00,ETHUSDT,4h,2,down,0.46948826,0.48,0.010511726,0,0.48
2024-11-02 00:00:00,ETHUSDT,4h,1,up,0.5503945,0.48,0.070394486,1,0.5503945
2024-11-02 04:00:00,ETHUSDT,4h,2,down,0.47796735,0.48,0.0020326376,0,0.48
2024-11-02 08:00:00,ETHUSDT,4h,2,down,0.4731902,0.48,0.006809801,0,0.48
2024-11-02 12:00:00,ETHUSDT,4h,2,up,0.51251143,0.48,0.032511443,0,0.48
2024-11-02 16:00:00,ETHUSDT,4h,2,up,0.47346327,0.48,0.006536722,0,0.48
2024-11-02 20:00:00,ETHUSDT,4h,2,down,0.47432435,0.48,0.0056756437,0,0.48
2024-11-03 00:00:00,ETHUSDT,4h,2,up,0.49124244,0.48,0.011242449,0,0.48
2024-11-03 04:00:00,ETHUSDT,4h,2,up,0.516638,0.48,0.03663799,0,0.48
2024-11-03 08:00:00,ETHUSDT,4h,2,down,0.4915772,0.48,0.011577219,0,0.48
2024-11-03 12:00:00,ETHUSDT,4h,2,up,0.43656343,0.48,0.043436557,0,0.48
2024-11-03 16:00:00,ETHUSDT,4h,2,up,0.44720587,0.48,0.032794118,0,0.48
2024-11-03 20:00:00,ETHUSDT,4h,2,up,0.45365033,0.48,0.026349664,0,0.48
2024-11-04 00:00:00,ETHUSDT,4h,0,down,0.4171871,0.48,0.062812895,1,0.4171871
2024-11-04 04:00:00,ETHUSDT,4h,1,up,0.53635025,0.48,0.05635026,1,0.53635025
2024-11-04 08:00:00,ETHUSDT,4h,0,down,0.40904695,0.48,0.07095304,1,0.40904695
2024-11-04 12:00:00,ETHUSDT,4h,1,down,0.5435808,0.48,0.06358078,1,0.5435808
2024-11-04 16:00:00,ETHUSDT,4h,2,down,0.46705532,0.48,0.0129446685,0,0.48
2024-11-04 20:00:00,ETHUSDT,4h,2,up,0.45661503,0.48,0.023384959,0,0.48
2024-11-05 00:00:00,ETHUSDT,4h,2,up,0.45488298,0.48,0.02511701,0,0.48
2024-11-05 04:00:00,ETHUSDT,4h,2,down,0.4453947,0.48,0.034605294,0,0.48
2024-11-05 08:00:00,ETHUSDT,4h,2,up,0.4611138,0.48,0.018886179,0,0.48
2024-11-05 12:00:00,ETHUSDT,4h,1,down,0.572,0.48,0.09200004,1,0.572
2024-11-05 16:00:00,ETHUSDT,4h,1,up,0.5801983,0.48,0.1001983,1,0.5801983
2024-11-05 20:00:00,ETHUSDT,4h,2,up,0.4909404,0.48,0.010940403,0,0.48
2024-11-06 00:00:00,ETHUSDT,4h,1,up,0.531629,0.48,0.051629037,1,0.531629
2024-11-06 04:00:00,ETHUSDT,4h,1,up,0.599894,0.48,0.119894,1,0.599894
2024-11-06 08:00:00,ETHUSDT,4h,0,up,0.4156485,0.48,0.0643515,1,0.4156485
2024-11-06 12:00:00,ETHUSDT,4h,1,up,0.57885504,0.48,0.09885505,1,0.57885504
2024-11-06 16:00:00,ETHUSDT,4h,0,up,0.35692775,0.48,0.12307224,1,0.35692775
2024-11-06 20:00:00,ETHUSDT,4h,0,up,0.4293734,0.48,0.050626576,1,0.4293734
2024-11-07 00:00:00,ETHUSDT,4h,2,down,0.45186684,0.48,0.028133154,0,0.48
2024-11-07 04:00:00,ETHUSDT,4h,1,down,0.60959035,0.48,0.12959036,1,0.60959035
2024-11-07 08:00:00,ETHUSDT,4h,1,up,0.64009917,0.48,0.16009918,1,0.64009917
2024-11-07 12:00:00,ETHUSDT,4h,0,up,0.42593732,0.48,0.054062665,1,0.42593732
2024-11-07 16:00:00,ETHUSDT,4h,0,up,0.35668975,0.48,0.12331024,1,0.35668975
2024-11-07 20:00:00,ETHUSDT,4h,0,up,0.3854832,0.48,0.094516784,1,0.3854832
2024-11-08 00:00:00,ETHUSDT,4h,1,up,0.54682297,0.48,0.066822976,1,0.54682297
2024-11-08 04:00:00,ETHUSDT,4h,0,up,0.3805357,0.48,0.0994643,1,0.3805357
2024-11-08 08:00:00,ETHUSDT,4h,0,up,0.42505077,0.48,0.054949224,1,0.42505077
2024-11-08 12:00:00,ETHUSDT,4h,0,up,0.33403072,0.48,0.14596927,1,0.33403072
2024-11-08 16:00:00,ETHUSDT,4h,0,up,0.32536772,0.48,0.15463227,1,0.32536772
2024-11-08 20:00:00,ETHUSDT,4h,0,up,0.3578917,0.48,0.12210828,1,0.3578917
2024-11-09 00:00:00,ETHUSDT,4h,2,up,0.44018614,0.48,0.039813846,0,0.48
2024-11-09 04:00:00,ETHUSDT,4h,0,up,0.37519777,0.48,0.10480222,1,0.37519777
2024-11-09 08:00:00,ETHUSDT,4h,0,down,0.38701925,0.48,0.09298074,1,0.38701925
2024-11-09 12:00:00,ETHUSDT,4h,2,up,0.47054404,0.48,0.009455949,0,0.48
2024-11-09 16:00:00,ETHUSDT,4h,0,up,0.32960898,0.48,0.15039101,1,0.32960898
2024-11-09 20:00:00,ETHUSDT,4h,0,up,0.35276935,0.48,0.12723064,1,0.35276935
2024-11-10 00:00:00,ETHUSDT,4h,0,up,0.35731652,0.48,0.122683465,1,0.35731652
2024-11-10 04:00:00,ETHUSDT,4h,0,up,0.36602896,0.48,0.113971025,1,0.36602896
2024-11-10 08:00:00,ETHUSDT,4h,0,down,0.39972097,0.48,0.08027902,1,0.39972097
2024-11-10 12:00:00,ETHUSDT,4h,0,down,0.36382788,0.48,0.116172105,1,0.36382788
2024-11-10 16:00:00,ETHUSDT,4h,1,up,0.556693,0.48,0.07669303,1,0.556693
2024-11-10 20:00:00,ETHUSDT,4h,0,up,0.3317036,0.48,0.14829639,1,0.3317036
2024-11-11 00:00:00,ETHUSDT,4h,2,down,0.4903752,0.48,0.010375202,0,0.48
2024-11-11 04:00:00,ETHUSDT,4h,1,up,0.6078048,0.48,0.12780479,1,0.6078048
2024-11-11 08:00:00,ETHUSDT,4h,2,up,0.44680756,0.48,0.033192426,0,0.48
2024-11-11 12:00:00,ETHUSDT,4h,0,up,0.3751637,0.48,0.104836285,1,0.3751637
2024-11-11 16:00:00,ETHUSDT,4h,2,up,0.4629066,0.48,0.01709339,0,0.48
2024-11-11 20:00:00,ETHUSDT,4h,0,down,0.38522404,0.48,0.094775945,1,0.38522404
2024-11-12 00:00:00,ETHUSDT,4h,2,up,0.46001303,0.48,0.019986957,0,0.48
2024-11-12 04:00:00,ETHUSDT,4h,0,down,0.42443475,0.48,0.055565238,1,0.42443475
2024-11-12 08:00:00,ETHUSDT,4h,1,down,0.5941962,0.48,0.11419621,1,0.5941962
2024-11-12 12:00:00,ETHUSDT,4h,1,up,0.53843576,0.48,0.058435768,1,0.53843576
2024-11-12 16:00:00,ETHUSDT,4h,2,down,0.4390775,0.48,0.040922493,0,0.48
2024-11-12 20:00:00,ETHUSDT,4h,1,down,0.6785773,0.48,0.19857731,1,0.6785773
2024-11-13 00:00:00,ETHUSDT,4h,1,down,0.6717061,0.48,0.19170609,1,0.6717061
2024-11-13 04:00:00,ETHUSDT,4h,1,up,0.5979314,0.48,0.117931396,1,0.5979314
2024-11-13 08:00:00,ETHUSDT,4h,1,up,0.55827534,0.48,0.07827535,1,0.55827534
2024-11-13 12:00:00,ETHUSDT,4h,2,down,0.4312429,0.48,0.048757076,0,0.48
2024-11-13 16:00:00,ETHUSDT,4h,1,up,0.619631,0.48,0.139631,1,0.619631
2024-11-13 20:00:00,ETHUSDT,4h,2,up,0.47918385,0.48,0.0008161366,0,0.48
2024-11-14 00:00:00,ETHUSDT,4h,2,up,0.4800481,0.48,4.810095e-05,0,0.48
2024-11-14 04:00:00,ETHUSDT,4h,2,down,0.43944636,0.48,0.04055363,0,0.48
2024-11-14 08:00:00,ETHUSDT,4h,1,down,0.5318937,0.48,0.05189368,1,0.5318937
2024-11-14 12:00:00,ETHUSDT,4h,1,up,0.6116638,0.48,0.13166383,1,0.6116638
2024-11-14 16:00:00,ETHUSDT,4h,2,down,0.480057,0.48,5.7011843e-05,0,0.48
2024-11-14 20:00:00,ETHUSDT,4h,1,up,0.58939165,0.48,0.10939166,1,0.58939165
2024-11-15 00:00:00,ETHUSDT,4h,2,down,0.49194506,0.48,0.011945069,0,0.48
2024-11-15 04:00:00,ETHUSDT,4h,2,up,0.508769,0.48,0.028768986,0,0.48
2024-11-15 08:00:00,ETHUSDT,4h,2,down,0.45418927,0.48,0.025810719,0,0.48
2024-11-15 12:00:00,ETHUSDT,4h,1,up,0.58450985,0.48,0.10450986,1,0.58450985
2024-11-15 16:00:00,ETHUSDT,4h,2,up,0.5160717,0.48,0.036071688,0,0.48
2024-11-15 20:00:00,ETHUSDT,4h,2,up,0.43912986,0.48,0.04087013,0,0.48
2024-11-16 00:00:00,ETHUSDT,4h,2,down,0.44300884,0.48,0.03699115,0,0.48
2024-11-16 04:00:00,ETHUSDT,4h,1,up,0.58467484,0.48,0.104674846,1,0.58467484
2024-11-16 08:00:00,ETHUSDT,4h,0,down,0.39126357,0.48,0.088736415,1,0.39126357
2024-11-16 12:00:00,ETHUSDT,4h,1,up,0.61029017,0.48,0.13029018,1,0.61029017
2024-11-16 16:00:00,ETHUSDT,4h,2,down,0.45170012,0.48,0.028299868,0,0.48
2024-11-16 20:00:00,ETHUSDT,4h,1,down,0.61382973,0.48,0.13382974,1,0.61382973
2024-11-17 00:00:00,ETHUSDT,4h,2,up,0.47136194,0.48,0.008638054,0,0.48
2024-11-17 04:00:00,ETHUSDT,4h,0,down,0.42280394,0.48,0.05719605,1,0.42280394
2024-11-17 08:00:00,ETHUSDT,4h,1,down,0.58991677,0.48,0.10991678,1,0.58991677
2024-11-17 12:00:00,ETHUSDT,4h,1,up,0.59000885,0.48,0.110008866,1,0.59000885
2024-11-17 16:00:00,ETHUSDT,4h,2,down,0.4732384,0.48,0.0067615807,0,0.48
2024-11-17 20:00:00,ETHUSDT,4h,2,up,0.5194782,0.48,0.039478213,0,0.48
2024-11-18 00:00:00,ETHUSDT,4h,2,up,0.44217384,0.48,0.03782615,0,0.48
2024-11-18 04:00:00,ETHUSDT,4h,2,down,0.43666804,0.48,0.04333195,0,0.48
2024-11-18 08:00:00,ETHUSDT,4h,1,up,0.5479256,0.48,0.0679256,1,0.5479256
2024-11-18 12:00:00,ETHUSDT,4h,2,down,0.44375548,0.48,0.03624451,0,0.48
2024-11-18 16:00:00,ETHUSDT,4h,1,up,0.569596,0.48,0.089596,1,0.569596
2024-11-18 20:00:00,ETHUSDT,4h,2,down,0.4401029,0.48,0.039897084,0,0.48
2024-11-19 00:00:00,ETHUSDT,4h,1,down,0.5740122,0.48,0.09401223,1,0.5740122
2024-11-19 04:00:00,ETHUSDT,4h,1,up,0.6139337,0.48,0.1339337,1,0.6139337
2024-11-19 08:00:00,ETHUSDT,4h,0,down,0.42647,0.48,0.053529978,1,0.42647
2024-11-19 12:00:00,ETHUSDT,4h,2,up,0.51021457,0.48,0.030214578,0,0.48
2024-11-19 16:00:00,ETHUSDT,4h,2,down,0.49861908,0.48,0.01861909,0,0.48
2024-11-19 20:00:00,ETHUSDT,4h,2,down,0.4330906,0.48,0.046909392,0,0.48
2024-11-20 00:00:00,ETHUSDT,4h,2,up,0.52060384,0.48,0.040603846,0,0.48
2024-11-20 04:00:00,ETHUSDT,4h,2,down,0.46237344,0.48,0.017626554,0,0.48
2024-11-20 08:00:00,ETHUSDT,4h,1,up,0.5476846,0.48,0.06768462,1,0.5476846
2024-11-20 12:00:00,ETHUSDT,4h,2,down,0.45326585,0.48,0.026734143,0,0.48
2024-11-20 16:00:00,ETHUSDT,4h,1,up,0.549072,0.48,0.06907204,1,0.549072
2024-11-20 20:00:00,ETHUSDT,4h,2,up,0.5109972,0.48,0.030997187,0,0.48
2024-11-21 00:00:00,ETHUSDT,4h,2,up,0.44691476,0.48,0.033085227,0,0.48
2024-11-21 04:00:00,ETHUSDT,4h,0,up,0.42863503,0.48,0.05136496,1,0.42863503
2024-11-21 08:00:00,ETHUSDT,4h,2,up,0.43931484,0.48,0.040685147,0,0.48
2024-11-21 12:00:00,ETHUSDT,4h,1,up,0.61082137,0.48,0.13082138,1,0.61082137
2024-11-21 16:00:00,ETHUSDT,4h,2,up,0.48057127,0.48,0.0005712807,0,0.48
2024-11-21 20:00:00,ETHUSDT,4h,1,up,0.5943437,0.48,0.11434373,1,0.5943437
2024-11-22 00:00:00,ETHUSDT,4h,2,down,0.43445715,0.48,0.045542836,0,0.48
2024-11-22 04:00:00,ETHUSDT,4h,1,down,0.59397745,0.48,0.11397746,1,0.59397745
2024-11-22 08:00:00,ETHUSDT,4h,1,down,0.5364314,0.48,0.056431383,1,0.5364314
2024-11-22 12:00:00,ETHUSDT,4h,2,down,0.44432876,0.48,0.035671234,0,0.48
2024-11-22 16:00:00,ETHUSDT,4h,1,up,0.6352602,0.48,0.15526024,1,0.6352602
2024-11-22 20:00:00,ETHUSDT,4h,0,up,0.41806757,0.48,0.061932415,1,0.41806757
2024-11-23 00:00:00,ETHUSDT,4h,0,down,0.4239725,0.48,0.0560275,1,0.4239725
2024-11-23 04:00:00,ETHUSDT,4h,1,up,0.54062814,0.48,0.060628146,1,0.54062814
2024-11-23 08:00:00,ETHUSDT,4h,1,up,0.53488916,0.48,0.054889172,1,0.53488916
2024-11-23 12:00:00,ETHUSDT,4h,0,down,0.4139653,0.48,0.066034675,1,0.4139653
2024-11-23 16:00:00,ETHUSDT,4h,1,down,0.6513264,0.48,0.17132643,1,0.6513264
2024-11-23 20:00:00,ETHUSDT,4h,1,up,0.5978451,0.48,0.11784509,1,0.5978451
2024-11-24 00:00:00,ETHUSDT,4h,2,down,0.43883443,0.48,0.04116556,0,0.48
2024-11-24 04:00:00,ETHUSDT,4h,2,down,0.4330198,0.48,0.046980202,0,0.48
2024-11-24 08:00:00,ETHUSDT,4h,1,down,0.5983871,0.48,0.11838713,1,0.5983871
2024-11-24 12:00:00,ETHUSDT,4h,1,up,0.65958995,0.48,0.17958996,1,0.65958995
2024-11-24 16:00:00,ETHUSDT,4h,2,up,0.51234543,0.48,0.032345444,0,0.48
2024-11-24 20:00:00,ETHUSDT,4h,2,up,0.46375787,0.48,0.016242117,0,0.48
2024-11-25 00:00:00,ETHUSDT,4h,2,up,0.46598014,0.48,0.014019847,0,0.48
2024-11-25 04:00:00,ETHUSDT,4h,0,up,0.4110414,0.48,0.06895858,1,0.4110414
2024-11-25 08:00:00,ETHUSDT,4h,2,up,0.48738763,0.48,0.007387638,0,0.48
2024-11-25 12:00:00,ETHUSDT,4h,2,down,0.5037639,0.48,0.023763925,0,0.48
2024-11-25 16:00:00,ETHUSDT,4h,1,down,0.62748975,0.48,0.14748976,1,0.62748975
2024-11-25 20:00:00,ETHUSDT,4h,2,up,0.5072495,0.48,0.027249485,0,0.48
2024-11-26 00:00:00,ETHUSDT,4h,2,down,0.44477507,0.48,0.035224915,0,0.48
2024-11-26 04:00:00,ETHUSDT,4h,1,down,0.5886586,0.48,0.10865858,1,0.5886586
2024-11-26 08:00:00,ETHUSDT,4h,1,down,0.53099966,0.48,0.05099967,1,0.53099966
2024-11-26 12:00:00,ETHUSDT,4h,1,up,0.6480687,0.48,0.16806874,1,0.6480687
2024-11-26 16:00:00,ETHUSDT,4h,2,up,0.49101648,0.48,0.011016488,0,0.48
2024-11-26 20:00:00,ETHUSDT,4h,2,up,0.49696016,0.48,0.016960174,0,0.48
2024-11-27 00:00:00,ETHUSDT,4h,2,up,0.4686546,0.48,0.0113453865,0,0.48
2024-11-27 04:00:00,ETHUSDT,4h,2,up,0.46420822,0.48,0.015791774,0,0.48
2024-11-27 08:00:00,ETHUSDT,4h,2,up,0.45035723,0.48,0.02964276,0,0.48
2024-11-27 12:00:00,ETHUSDT,4h,2,up,0.44118544,0.48,0.038814545,0,0.48
2024-11-27 16:00:00,ETHUSDT,4h,0,up,0.41254705,0.48,0.06745294,1,0.41254705
2024-11-27 20:00:00,ETHUSDT,4h,0,down,0.39236808,0.48,0.08763191,1,0.39236808
2024-11-28 00:00:00,ETHUSDT,4h,1,down,0.5542429,0.48,0.07424292,1,0.5542429
2024-11-28 04:00:00,ETHUSDT,4h,1,up,0.53587615,0.48,0.055876166,1,0.53587615
2024-11-28 08:00:00,ETHUSDT,4h,0,down,0.39390615,0.48,0.08609384,1,0.39390615
2024-11-28 12:00:00,ETHUSDT,4h,1,up,0.5817548,0.48,0.101754814,1,0.5817548
2024-11-28 16:00:00,ETHUSDT,4h,2,up,0.43652585,0.48,0.043474138,0,0.48
2024-11-28 20:00:00,ETHUSDT,4h,2,up,0.50682646,0.48,0.026826471,0,0.48
2024-11-29 00:00:00,ETHUSDT,4h,2,down,0.4781726,0.48,0.001827389,0,0.48
2024-11-29 04:00:00,ETHUSDT,4h,1,up,0.5886698,0.48,0.10866979,1,0.5886698
2024-11-29 08:00:00,ETHUSDT,4h,2,up,0.43371758,0.48,0.04628241,0,0.48
2024-11-29 12:00:00,ETHUSDT,4h,2,down,0.4736067,0.48,0.0063932836,0,0.48
2024-11-29 16:00:00,ETHUSDT,4h,1,up,0.5415765,0.48,0.061576515,1,0.5415765
2024-11-29 20:00:00,ETHUSDT,4h,2,up,0.46384865,0.48,0.016151339,0,0.48
2024-11-30 00:00:00,ETHUSDT,4h,0,up,0.40666795,0.48,0.07333204,1,0.40666795
2024-11-30 04:00:00,ETHUSDT,4h,0,down,0.4092817,0.48,0.07071829,1,0.4092817
2024-11-30 08:00:00,ETHUSDT,4h,1,up,0.59205097,0.48,0.11205098,1,0.59205097
2024-11-30 12:00:00,ETHUSDT,4h,0,up,0.41838336,0.48,0.06161663,1,0.41838336
2024-11-30 16:00:00,ETHUSDT,4h,0,up,0.41670746,0.48,0.06329253,1,0.41670746
2024-11-30 20:00:00,ETHUSDT,4h,2,up,0.5056306,0.48,0.025630623,0,0.48
2024-12-01 00:00:00,ETHUSDT,4h,0,down,0.34631556,0.48,0.13368443,1,0.34631556
2024-12-01 04:00:00,ETHUSDT,4h,2,down,0.45841864,0.48,0.021581352,0,0.48
2024-12-01 08:00:00,ETHUSDT,4h,2,up,0.50146234,0.48,0.021462351,0,0.48
2024-12-01 12:00:00,ETHUSDT,4h,0,down,0.37340108,0.48,0.10659891,1,0.37340108
2024-12-01 16:00:00,ETHUSDT,4h,1,down,0.54605913,0.48,0.06605914,1,0.54605913
2024-12-01 20:00:00,ETHUSDT,4h,2,down,0.46223268,0.48,0.01776731,0,0.48
2024-12-02 00:00:00,ETHUSDT,4h,2,down,0.4803217,0.48,0.00032171607,0,0.48
2024-12-02 04:00:00,ETHUSDT,4h,2,down,0.5113751,0.48,0.03137514,0,0.48
2024-12-02 08:00:00,ETHUSDT,4h,1,up,0.56503904,0.48,0.08503905,1,0.56503904
2024-12-02 12:00:00,ETHUSDT,4h,0,down,0.40239447,0.48,0.077605516,1,0.40239447
2024-12-02 16:00:00,ETHUSDT,4h,2,up,0.4840841,0.48,0.0040841103,0,0.48
2024-12-02 20:00:00,ETHUSDT,4h,2,down,0.47014758,0.48,0.009852409,0,0.48
2024-12-03 00:00:00,ETHUSDT,4h,2,down,0.4361386,0.48,0.04386139,0,0.48
2024-12-03 04:00:00,ETHUSDT,4h,1,down,0.5897653,0.48,0.10976532,1,0.5897653
2024-12-03 08:00:00,ETHUSDT,4h,2,down,0.4815308,0.48,0.0015307963,0,0.48
2024-12-03 12:00:00,ETHUSDT,4h,0,up,0.41318837,0.48,0.06681162,1,0.41318837
2024-12-03 16:00:00,ETHUSDT,4h,2,up,0.4625068,0.48,0.017493188,0,0.48
2024-12-03 20:00:00,ETHUSDT,4h,0,up,0.4050864,0.48,0.07491359,1,0.4050864
2024-12-04 00:00:00,ETHUSDT,4h,2,up,0.5026123,0.48,0.022612303,0,0.48
2024-12-04 04:00:00,ETHUSDT,4h,0,up,0.3832928,0.48,0.096707195,1,0.3832928
2024-12-04 08:00:00,ETHUSDT,4h,0,up,0.41347462,0.48,0.06652537,1,0.41347462
2024-12-04 12:00:00,ETHUSDT,4h,0,up,0.39998227,0.48,0.080017716,1,0.39998227
2024-12-04 16:00:00,ETHUSDT,4h,0,down,0.4169273,0.48,0.06307268,1,0.4169273
2024-12-04 20:00:00,ETHUSDT,4h,1,down,0.5831582,0.48,0.103158206,1,0.5831582
2024-12-05 00:00:00,ETHUSDT,4h,2,up,0.49493623,0.48,0.0149362385,0,0.48
2024-12-05 04:00:00,ETHUSDT,4h,2,up,0.46661112,0.48,0.013388872,0,0.48
2024-12-05 08:00:00,ETHUSDT,4h,0,down,0.37863562,0.48,0.101364374,1,0.37863562
2024-12-05 12:00:00,ETHUSDT,4h,1,down,0.5775475,0.48,0.0975475,1,0.5775475
2024-12-05 16:00:00,ETHUSDT,4h,1,down,0.57836866,0.48,0.098368675,1,0.57836866
2024-12-05 20:00:00,ETHUSDT,4h,2,up,0.45486844,0.48,0.025131553,0,0.48
2024-12-06 00:00:00,ETHUSDT,4h,0,down,0.37234685,0.48,0.10765314,1,0.37234685
2024-12-06 04:00:00,ETHUSDT,4h,2,down,0.46356907,0.48,0.016430914,0,0.48
2024-12-06 08:00:00,ETHUSDT,4h,1,up,0.54538375,0.48,0.06538376,1,0.54538375
2024-12-06 12:00:00,ETHUSDT,4h,0,up,0.41893396,0.48,0.06106603,1,0.41893396
2024-12-06 16:00:00,ETHUSDT,4h,0,down,0.4274829,0.48,0.052517086,1,0.4274829
2024-12-06 20:00:00,ETHUSDT,4h,1,down,0.6571731,0.48,0.17717311,1,0.6571731
2024-12-07 00:00:00,ETHUSDT,4h,1,down,0.5845428,0.48,0.10454282,1,0.5845428
2024-12-07 04:00:00,ETHUSDT,4h,2,up,0.5021708,0.48,0.022170812,0,0.48
2024-12-07 08:00:00,ETHUSDT,4h,2,up,0.43435654,0.48,0.04564345,0,0.48
2024-12-07 12:00:00,ETHUSDT,4h,2,up,0.4349117,0.48,0.04508829,0,0.48
2024-12-07 16:00:00,ETHUSDT,4h,0,down,0.4082843,0.48,0.07171568,1,0.4082843
2024-12-07 20:00:00,ETHUSDT,4h,1,down,0.566847,0.48,0.08684704,1,0.566847
2024-12-08 00:00:00,ETHUSDT,4h,1,down,0.5696633,0.48,0.0896633,1,0.5696633
2024-12-08 04:00:00,ETHUSDT,4h,2,down,0.46697977,0.48,0.013020217,0,0.48
2024-12-08 08:00:00,ETHUSDT,4h,2,up,0.4902834,0.48,0.010283411,0,0.48
2024-12-08 12:00:00,ETHUSDT,4h,0,down,0.40820748,0.48,0.07179251,1,0.40820748
2024-12-08 16:00:00,ETHUSDT,4h,0,up,0.40848,0.48,0.07152,1,0.40848
2024-12-08 20:00:00,ETHUSDT,4h,0,down,0.40593013,0.48,0.07406986,1,0.40593013
2024-12-09 00:00:00,ETHUSDT,4h,2,down,0.5263213,0.48,0.046321303,0,0.48
2024-12-09 04:00:00,ETHUSDT,4h,2,down,0.5258881,0.48,0.045888096,0,0.48
2024-12-09 08:00:00,ETHUSDT,4h,1,down,0.61991763,0.48,0.13991764,1,0.61991763
2024-12-09 12:00:00,ETHUSDT,4h,1,down,0.57045656,0.48,0.090456575,1,0.57045656
2024-12-09 16:00:00,ETHUSDT,4h,1,down,0.6370886,0.48,0.15708861,1,0.6370886
2024-12-09 20:00:00,ETHUSDT,4h,0,down,0.3784772,0.48,0.1015228,1,0.3784772
2024-12-10 00:00:00,ETHUSDT,4h,1,up,0.57189643,0.48,0.091896445,1,0.57189643
2024-12-10 04:00:00,ETHUSDT,4h,0,up,0.41802508,0.48,0.061974913,1,0.41802508
2024-12-10 08:00:00,ETHUSDT,4h,2,down,0.46972582,0.48,0.010274172,0,0.48
2024-12-10 12:00:00,ETHUSDT,4h,2,up,0.52559555,0.48,0.045595556,0,0.48
2024-12-10 16:00:00,ETHUSDT,4h,0,down,0.42746583,0.48,0.052534163,1,0.42746583
2024-12-10 20:00:00,ETHUSDT,4h,1,up,0.6321527,0.48,0.15215269,1,0.6321527
2024-12-11 00:00:00,ETHUSDT,4h,0,down,0.4281593,0.48,0.051840693,1,0.4281593
2024-12-11 04:00:00,ETHUSDT,4h,1,up,0.5722778,0.48,0.092277795,1,0.5722778
2024-12-11 08:00:00,ETHUSDT,4h,0,up,0.39366236,0.48,0.086337626,1,0.39366236
2024-12-11 12:00:00,ETHUSDT,4h,0,up,0.39443082,0.48,0.08556917,1,0.39443082
2024-12-11 16:00:00,ETHUSDT,4h,0,up,0.3413414,0.48,0.13865858,1,0.3413414
2024-12-11 20:00:00,ETHUSDT,4h,0,up,0.38370767,0.48,0.09629232,1,0.38370767
2024-12-12 00:00:00,ETHUSDT,4h,0,down,0.40011936,0.48,0.079880625,1,0.40011936
2024-12-12 04:00:00,ETHUSDT,4h,1,up,0.5651724,0.48,0.085172385,1,0.5651724
2024-12-12 08:00:00,ETHUSDT,4h,2,up,0.46285254,0.48,0.017147452,0,0.48
2024-12-12 12:00:00,ETHUSDT,4h,2,down,0.4441471,0.48,0.03585288,0,0.48
2024-12-12 16:00:00,ETHUSDT,4h,1,up,0.5737519,0.48,0.09375194,1,0.5737519
2024-12-12 20:00:00,ETHUSDT,4h,0,up,0.3853162,0.48,0.094683796,1,0.3853162
2024-12-13 00:00:00,ETHUSDT,4h,0,down,0.37259114,0.48,0.10740885,1,0.37259114
2024-12-13 04:00:00,ETHUSDT,4h,1,up,0.55997044,0.48,0.07997045,1,0.55997044
2024-12-13 08:00:00,ETHUSDT,4h,2,down,0.4411688,0.48,0.038831174,0,0.48
2024-12-13 12:00:00,ETHUSDT,4h,2,up,0.52002627,0.48,0.040026277,0,0.48
2024-12-13 16:00:00,ETHUSDT,4h,0,down,0.41693115,0.48,0.06306884,1,0.41693115
2024-12-13 20:00:00,ETHUSDT,4h,2,up,0.50149465,0.48,0.021494657,0,0.48
2024-12-14 00:00:00,ETHUSDT,4h,2,up,0.5207078,0.48,0.040707797,0,0.48
2024-12-14 04:00:00,ETHUSDT,4h,2,down,0.46370956,0.48,0.016290426,0,0.48
2024-12-14 08:00:00,ETHUSDT,4h,2,down,0.49620456,0.48,0.016204566,0,0.48
2024-12-14 12:00:00,ETHUSDT,4h,0,down,0.39487377,0.48,0.08512622,1,0.39487377
2024-12-14 16:00:00,ETHUSDT,4h,2,up,0.47672626,0.48,0.0032737255,0,0.48
2024-12-14 20:00:00,ETHUSDT,4h,0,up,0.4247381,0.48,0.05526188,1,0.4247381
2024-12-15 00:00:00,ETHUSDT,4h,2,down,0.4728589,0.48,0.0071410835,0,0.48
2024-12-15 04:00:00,ETHUSDT,4h,2,up,0.49195626,0.48,0.0119562745,0,0.48
2024-12-15 08:00:00,ETHUSDT,4h,0,up,0.41310868,0.48,0.06689131,1,0.41310868
2024-12-15 12:00:00,ETHUSDT,4h,0,up,0.40948328,0.48,0.070516706,1,0.40948328
2024-12-15 16:00:00,ETHUSDT,4h,2,up,0.43680853,0.48,0.043191463,0,0.48
2024-12-15 20:00:00,ETHUSDT,4h,0,down,0.36556283,0.48,0.11443716,1,0.36556283
2024-12-16 00:00:00,ETHUSDT,4h,2,up,0.5066451,0.48,0.026645094,0,0.48
2024-12-16 04:00:00,ETHUSDT,4h,0,down,0.40472987,0.48,0.07527012,1,0.40472987
2024-12-16 08:00:00,ETHUSDT,4h,2,up,0.521439,0.48,0.041439027,0,0.48
2024-12-16 12:00:00,ETHUSDT,4h,0,up,0.362701,0.48,0.11729899,1,0.362701
2024-12-16 16:00:00,ETHUSDT,4h,2,down,0.5197863,0.48,0.03978631,0,0.48
2024-12-16 20:00:00,ETHUSDT,4h,1,up,0.5938197,0.48,0.11381969,1,0.5938197
2024-12-17 00:00:00,ETHUSDT,4h,0,down,0.34155154,0.48,0.13844845,1,0.34155154
2024-12-17 04:00:00,ETHUSDT,4h,1,up,0.5766586,0.48,0.09665862,1,0.5766586
2024-12-17 08:00:00,ETHUSDT,4h,1,down,0.5697076,0.48,0.08970758,1,0.5697076
2024-12-17 12:00:00,ETHUSDT,4h,2,up,0.51131487,0.48,0.03131488,0,0.48
2024-12-17 16:00:00,ETHUSDT,4h,2,down,0.4851081,0.48,0.005108118,0,0.48
2024-12-17 20:00:00,ETHUSDT,4h,2,down,0.4850627,0.48,0.0050626993,0,0.48
2024-12-18 00:00:00,ETHUSDT,4h,1,down,0.63511246,0.48,0.15511248,1,0.63511246
2024-12-18 04:00:00,ETHUSDT,4h,0,up,0.41592324,0.48,0.06407675,1,0.41592324
2024-12-18 08:00:00,ETHUSDT,4h,2,down,0.48246786,0.48,0.0024678707,0,0.48
2024-12-18 12:00:00,ETHUSDT,4h,2,down,0.439844,0.48,0.040155977,0,0.48
2024-12-18 16:00:00,ETHUSDT,4h,1,down,0.5799193,0.48,0.09991929,1,0.5799193
2024-12-18 20:00:00,ETHUSDT,4h,1,up,0.55510527,0.48,0.07510528,1,0.55510527
2024-12-19 00:00:00,ETHUSDT,4h,0,up,0.41539833,0.48,0.06460166,1,0.41539833
2024-12-19 04:00:00,ETHUSDT,4h,2,up,0.5163226,0.48,0.036322623,0,0.48
2024-12-19 08:00:00,ETHUSDT,4h,2,down,0.47348127,0.48,0.0065187216,0,0.48
2024-12-19 12:00:00,ETHUSDT,4h,1,down,0.5536877,0.48,0.0736877,1,0.5536877
2024-12-19 16:00:00,ETHUSDT,4h,1,down,0.5493615,0.48,0.06936154,1,0.5493615
2024-12-19 20:00:00,ETHUSDT,4h,2,down,0.46535778,0.48,0.014642209,0,0.48
2024-12-20 00:00:00,ETHUSDT,4h,1,down,0.54537576,0.48,0.065375775,1,0.54537576
2024-12-20 04:00:00,ETHUSDT,4h,2,down,0.48904166,0.48,0.009041667,0,0.48
2024-12-20 08:00:00,ETHUSDT,4h,1,up,0.62347406,0.48,0.14347407,1,0.62347406
2024-12-20 12:00:00,ETHUSDT,4h,0,up,0.42215988,0.48,0.05784011,1,0.42215988
2024-12-20 16:00:00,ETHUSDT,4h,0,down,0.3770604,0.48,0.102939576,1,0.3770604
2024-12-20 20:00:00,ETHUSDT,4h,2,down,0.4635229,0.48,0.016477078,0,0.48
2024-12-21 00:00:00,ETHUSDT,4h,2,up,0.4672728,0.48,0.012727201,0,0.48
2024-12-21 04:00:00,ETHUSDT,4h,0,down,0.4202953,0.48,0.05970469,1,0.4202953
2024-12-21 08:00:00,ETHUSDT,4h,2,down,0.5126423,0.48,0.032642335,0,0.48
2024-12-21 12:00:00,ETHUSDT,4h,2,down,0.45140505,0.48,0.02859494,0,0.48
2024-12-21 16:00:00,ETHUSDT,4h,2,down,0.5212422,0.48,0.041242212,0,0.48
2024-12-21 20:00:00,ETHUSDT,4h,2,up,0.43531522,0.48,0.044684768,0,0.48
2024-12-22 00:00:00,ETHUSDT,4h,2,down,0.47171956,0.48,0.008280426,0,0.48
2024-12-22 04:00:00,ETHUSDT,4h,2,up,0.5100113,0.48,0.030011326,0,0.48
2024-12-22 08:00:00,ETHUSDT,4h,2,down,0.5050823,0.48,0.02508232,0,0.48
2024-12-22 12:00:00,ETHUSDT,4h,1,down,0.5414673,0.48,0.06146732,1,0.5414673
2024-12-22 16:00:00,ETHUSDT,4h,1,up,0.5783779,0.48,0.09837791,1,0.5783779
2024-12-22 20:00:00,ETHUSDT,4h,2,up,0.4906449,0.48,0.010644913,0,0.48
2024-12-23 00:00:00,ETHUSDT,4h,2,down,0.47774196,0.48,0.0022580326,0,0.48
2024-12-23 04:00:00,ETHUSDT,4h,1,up,0.55743754,0.48,0.07743755,1,0.55743754
2024-12-23 08:00:00,ETHUSDT,4h,2,down,0.4598707,0.48,0.020129293,0,0.48
2024-12-23 12:00:00,ETHUSDT,4h,2,up,0.52252877,0.48,0.04252878,0,0.48
2024-12-23 16:00:00,ETHUSDT,4h,2,up,0.4801381,0.48,0.00013810396,0,0.48
2024-12-23 20:00:00,ETHUSDT,4h,2,down,0.47040352,0.48,0.009596467,0,0.48
2024-12-24 00:00:00,ETHUSDT,4h,2,up,0.4976014,0.48,0.0176014,0,0.48
2024-12-24 04:00:00,ETHUSDT,4h,2,up,0.51914144,0.48,0.039141446,0,0.48
2024-12-24 08:00:00,ETHUSDT,4h,2,up,0.4701854,0.48,0.00981459,0,0.48
2024-12-24 12:00:00,ETHUSDT,4h,0,down,0.39904416,0.48,0.08095583,1,0.39904416
2024-12-24 16:00:00,ETHUSDT,4h,1,up,0.59955716,0.48,0.11955717,1,0.59955716
2024-12-24 20:00:00,ETHUSDT,4h,0,down,0.4266861,0.48,0.05331388,1,0.4266861
2024-12-25 00:00:00,ETHUSDT,4h,1,up,0.5578241,0.48,0.077824086,1,0.5578241
2024-12-25 04:00:00,ETHUSDT,4h,1,down,0.53832203,0.48,0.058322042,1,0.53832203
2024-12-25 08:00:00,ETHUSDT,4h,2,up,0.49102688,0.48,0.011026889,0,0.48
2024-12-25 12:00:00,ETHUSDT,4h,2,up,0.498475,0.48,0.018474996,0,0.48
2024-12-25 16:00:00,ETHUSDT,4h,2,up,0.44690266,0.48,0.033097327,0,0.48
2024-12-25 20:00:00,ETHUSDT,4h,2,down,0.4482544,0.48,0.031745583,0,0.48
2024-12-26 00:00:00,ETHUSDT,4h,1,down,0.53927225,0.48,0.05927226,1,0.53927225
2024-12-26 04:00:00,ETHUSDT,4h,2,down,0.5173368,0.48,0.037336797,0,0.48
2024-12-26 08:00:00,ETHUSDT,4h,1,down,0.545902,0.48,0.065902025,1,0.545902
2024-12-26 12:00:00,ETHUSDT,4h,1,down,0.55835843,0.48,0.07835844,1,0.55835843
2024-12-26 16:00:00,ETHUSDT,4h,1,down,0.5503048,0.48,0.07030478,1,0.5503048
2024-12-26 20:00:00,ETHUSDT,4h,2,up,0.49620444,0.48,0.016204447,0,0.48
2024-12-27 00:00:00,ETHUSDT,4h,2,down,0.4424224,0.48,0.0375776,0,0.48
2024-12-27 04:00:00,ETHUSDT,4h,1,up,0.5513362,0.48,0.07133624,1,0.5513362
2024-12-27 08:00:00,ETHUSDT,4h,2,down,0.43558866,0.48,0.04441133,0,0.48
2024-12-27 12:00:00,ETHUSDT,4h,1,up,0.5893912,0.48,0.10939118,1,0.5893912
2024-12-27 16:00:00,ETHUSDT,4h,2,down,0.47829863,0.48,0.001701355,0,0.48
2024-12-27 20:00:00,ETHUSDT,4h,2,up,0.5258194,0.48,0.04581943,0,0.48
2024-12-28 00:00:00,ETHUSDT,4h,2,down,0.45219657,0.48,0.027803421,0,0.48
2024-12-28 04:00:00,ETHUSDT,4h,1,up,0.6165505,0.48,0.13655052,1,0.6165505
2024-12-28 08:00:00,ETHUSDT,4h,2,up,0.48063836,0.48,0.00063836575,0,0.48
2024-12-28 12:00:00,ETHUSDT,4h,2,up,0.5098199,0.48,0.029819936,0,0.48
2024-12-28 16:00:00,ETHUSDT,4h,2,up,0.45093915,0.48,0.02906084,0,0.48
2024-12-28 20:00:00,ETHUSDT,4h,1,down,0.5539814,0.48,0.073981434,1,0.5539814
2024-12-29 00:00:00,ETHUSDT,4h,1,up,0.5695795,0.48,0.08957949,1,0.5695795
2024-12-29 04:00:00,ETHUSDT,4h,2,down,0.4839181,0.48,0.0039181113,0,0.48
2024-12-29 08:00:00,ETHUSDT,4h,2,down,0.4814056,0.48,0.0014055967,0,0.48
2024-12-29 12:00:00,ETHUSDT,4h,1,down,0.5427594,0.48,0.06275943,1,0.5427594
2024-12-29 16:00:00,ETHUSDT,4h,1,down,0.53125346,0.48,0.051253468,1,0.53125346
2024-12-29 20:00:00,ETHUSDT,4h,2,up,0.469679,0.48,0.010320991,0,0.48
2024-12-30 00:00:00,ETHUSDT,4h,2,up,0.44525775,0.48,0.034742236,0,0.48
2024-12-30 04:00:00,ETHUSDT,4h,2,down,0.47286043,0.48,0.0071395636,0,0.48
2024-12-30 08:00:00,ETHUSDT,4h,0,down,0.41620275,0.48,0.063797235,1,0.41620275
2024-12-30 12:00:00,ETHUSDT,4h,2,up,0.524677,0.48,0.04467699,0,0.48
2024-12-30 16:00:00,ETHUSDT,4h,2,down,0.48228896,0.48,0.0022889674,0,0.48
2024-12-30 20:00:00,ETHUSDT,4h,2,down,0.45209098,0.48,0.02790901,0,0.48
2024-12-31 00:00:00,ETHUSDT,4h,1,up,0.5337675,0.48,0.053767532,1,0.5337675
2024-12-31 04:00:00,ETHUSDT,4h,2,up,0.48621228,0.48,0.006212294,0,0.48
2024-12-31 08:00:00,ETHUSDT,4h,2,up,0.46054944,0.48,0.019450545,0,0.48
2024-12-31 12:00:00,ETHUSDT,4h,1,down,0.55124056,0.48,0.071240574,1,0.55124056
2024-12-31 16:00:00,ETHUSDT,4h,1,down,0.570289,0.48,0.09028903,1,0.570289
2024-12-31 20:00:00,ETHUSDT,4h,1,up,0.6188165,0.48,0.1388165,1,0.6188165
2025-01-01 00:00:00,ETHUSDT,4h,2,down,0.49028134,0.48,0.010281354,0,0.48
2025-01-01 04:00:00,ETHUSDT,4h,2,down,0.51880866,0.48,0.038808674,0,0.48
2025-01-01 08:00:00,ETHUSDT,4h,2,up,0.44125524,0.48,0.038744748,0,0.48
2025-01-01 12:00:00,ETHUSDT,4h,2,up,0.4736399,0.48,0.006360084,0,0.48
2025-01-01 16:00:00,ETHUSDT,4h,2,up,0.4418331,0.48,0.03816688,0,0.48
2025-01-01 20:00:00,ETHUSDT,4h,2,up,0.50142837,0.48,0.021428376,0,0.48
2025-01-02 00:00:00,ETHUSDT,4h,2,up,0.44916514,0.48,0.030834854,0,0.48
2025-01-02 04:00:00,ETHUSDT,4h,0,up,0.40149888,0.48,0.078501105,1,0.40149888
2025-01-02 08:00:00,ETHUSDT,4h,0,down,0.41300356,0.48,0.066996425,1,0.41300356
2025-01-02 12:00:00,ETHUSDT,4h,2,down,0.4713735,0.48,0.008626491,0,0.48
2025-01-02 16:00:00,ETHUSDT,4h,2,down,0.48201087,0.48,0.002010882,0,0.48
2025-01-02 20:00:00,ETHUSDT,4h,0,up,0.4157327,0.48,0.06426728,1,0.4157327
2025-01-03 00:00:00,ETHUSDT,4h,0,down,0.4169658,0.48,0.06303418,1,0.4169658
2025-01-03 04:00:00,ETHUSDT,4h,2,up,0.50920135,0.48,0.029201359,0,0.48
2025-01-03 08:00:00,ETHUSDT,4h,2,up,0.43579212,0.48,0.04420787,0,0.48
2025-01-03 12:00:00,ETHUSDT,4h,0,up,0.42706972,0.48,0.052930266,1,0.42706972
2025-01-03 16:00:00,ETHUSDT,4h,2,down,0.43649554,0.48,0.043504447,0,0.48
2025-01-03 20:00:00,ETHUSDT,4h,2,down,0.50102174,0.48,0.021021754,0,0.48
2025-01-04 00:00:00,ETHUSDT,4h,2,down,0.5252839,0.48,0.045283884,0,0.48
2025-01-04 04:00:00,ETHUSDT,4h,2,up,0.508562,0.48,0.02856204,0,0.48
2025-01-04 08:00:00,ETHUSDT,4h,0,up,0.39385816,0.48,0.086141825,1,0.39385816
2025-01-04 12:00:00,ETHUSDT,4h,1,up,0.57248616,0.48,0.09248617,1,0.57248616
2025-01-04 16:00:00,ETHUSDT,4h,0,up,0.41266605,0.48,0.06733394,1,0.41266605
2025-01-04 20:00:00,ETHUSDT,4h,0,down,0.41476166,0.48,0.06523833,1,0.41476166
2025-01-05 00:00:00,ETHUSDT,4h,1,down,0.5912678,0.48,0.111267835,1,0.5912678
2025-01-05 04:00:00,ETHUSDT,4h,1,down,0.5600473,0.48,0.08004734,1,0.5600473
2025-01-05 08:00:00,ETHUSDT,4h,2,up,0.48782894,0.48,0.007828951,0,0.48
2025-01-05 12:00:00,ETHUSDT,4h,2,up,0.4400659,0.48,0.0399341,0,0.48
2025-01-05 16:00:00,ETHUSDT,4h,0,down,0.41473722,0.48,0.065262765,1,0.41473722
2025-01-05 20:00:00,ETHUSDT,4h,2,up,0.47820073,0.48,0.0017992556,0,0.48
2025-01-06 00:00:00,ETHUSDT,4h,0,down,0.38416058,0.48,0.09583941,1,0.38416058
2025-01-06 04:00:00,ETHUSDT,4h,2,up,0.497523,0.48,0.01752302,0,0.48
2025-01-06 08:00:00,ETHUSDT,4h,0,up,0.4144068,0.48,0.06559318,1,0.4144068
2025-01-06 12:00:00,ETHUSDT,4h,0,down,0.37150928,0.48,0.108490705,1,0.37150928
2025-01-06 16:00:00,ETHUSDT,4h,2,up,0.4869776,0.48,0.0069776177,0,0.48
2025-01-06 20:00:00,ETHUSDT,4h,0,down,0.41153958,0.48,0.068460405,1,0.41153958
2025-01-07 00:00:00,ETHUSDT,4h,2,down,0.49539882,0.48,0.01539883,0,0.48
2025-01-07 04:00:00,ETHUSDT,4h,2,down,0.5126735,0.48,0.032673508,0,0.48
2025-01-07 08:00:00,ETHUSDT,4h,1,down,0.54946315,0.48,0.06946316,1,0.54946315
2025-01-07 12:00:00,ETHUSDT,4h,1,down,0.576222,0.48,0.09622201,1,0.576222
2025-01-07 16:00:00,ETHUSDT,4h,1,down,0.64668185,0.48,0.16668186,1,0.64668185
2025-01-07 20:00:00,ETHUSDT,4h,2,down,0.50647867,0.48,0.026478678,0,0.48
2025-01-08 00:00:00,ETHUSDT,4h,1,down,0.65923464,0.48,0.17923465,1,0.65923464
2025-01-08 04:00:00,ETHUSDT,4h,2,down,0.45919228,0.48,0.020807713,0,0.48
2025-01-08 08:00:00,ETHUSDT,4h,1,down,0.5672962,0.48,0.08729622,1,0.5672962
2025-01-08 12:00:00,ETHUSDT,4h,1,down,0.5959836,0.48,0.115983635,1,0.5959836
2025-01-08 16:00:00,ETHUSDT,4h,2,up,0.46035677,0.48,0.019643217,0,0.48
2025-01-08 20:00:00,ETHUSDT,4h,2,down,0.48655528,0.48,0.006555289,0,0.48
2025-01-09 00:00:00,ETHUSDT,4h,1,down,0.5480115,0.48,0.06801149,1,0.5480115
2025-01-09 04:00:00,ETHUSDT,4h,1,up,0.56779474,0.48,0.08779475,1,0.56779474
2025-01-09 08:00:00,ETHUSDT,4h,2,up,0.47978035,0.48,0.00021964312,0,0.48
2025-01-09 12:00:00,ETHUSDT,4h,2,down,0.45030537,0.48,0.029694617,0,0.48
2025-01-09 16:00:00,ETHUSDT,4h,1,up,0.60266215,0.48,0.12266216,1,0.60266215
2025-01-09 20:00:00,ETHUSDT,4h,2,up,0.44825092,0.48,0.03174907,0,0.48
2025-01-10 00:00:00,ETHUSDT,4h,2,up,0.48120007,0.48,0.0012000799,0,0.48
2025-01-10 04:00:00,ETHUSDT,4h,0,up,0.39808968,0.48,0.08191031,1,0.39808968
2025-01-10 08:00:00,ETHUSDT,4h,0,down,0.39724877,0.48,0.082751215,1,0.39724877
2025-01-10 12:00:00,ETHUSDT,4h,2,up,0.4768652,0.48,0.003134787,0,0.48
2025-01-10 16:00:00,ETHUSDT,4h,0,down,0.41958758,0.48,0.060412407,1,0.41958758
2025-01-10 20:00:00,ETHUSDT,4h,1,down,0.6093277,0.48,0.12932768,1,0.6093277
2025-01-11 00:00:00,ETHUSDT,4h,1,down,0.5839347,0.48,0.103934735,1,0.5839347
2025-01-11 04:00:00,ETHUSDT,4h,1,up,0.542653,0.48,0.062653035,1,0.542653
2025-01-11 08:00:00,ETHUSDT,4h,2,down,0.4905951,0.48,0.010595113,0,0.48
2025-01-11 12:00:00,ETHUSDT,4h,2,up,0.47589204,0.48,0.004107952,0,0.48
2025-01-11 16:00:00,ETHUSDT,4h,0,up,0.42294353,0.48,0.057056457,1,0.42294353
2025-01-11 20:00:00,ETHUSDT,4h,2,up,0.5173141,0.48,0.037314087,0,0.48
2025-01-12 00:00:00,ETHUSDT,4h,2,down,0.43778396,0.48,0.042216033,0,0.48
2025-01-12 04:00:00,ETHUSDT,4h,2,down,0.5158154,0.48,0.035815388,0,0.48
2025-01-12 08:00:00,ETHUSDT,4h,2,up,0.44597763,0.48,0.03402236,0,0.48
2025-01-12 12:00:00,ETHUSDT,4h,2,down,0.4302532,0.48,0.04974678,0,0.48
2025-01-12 16:00:00,ETHUSDT,4h,2,down,0.5242265,0.48,0.044226497,0,0.48
2025-01-12 20:00:00,ETHUSDT,4h,2,down,0.446854,0.48,0.033145994,0,0.48
2025-01-13 00:00:00,ETHUSDT,4h,2,down,0.47642687,0.48,0.0035731196,0,0.48
2025-01-13 04:00:00,ETHUSDT,4h,1,down,0.5611587,0.48,0.08115873,1,0.5611587
2025-01-13 08:00:00,ETHUSDT,4h,1,down,0.56665504,0.48,0.08665505,1,0.56665504
2025-01-13 12:00:00,ETHUSDT,4h,0,down,0.40258667,0.48,0.07741332,1,0.40258667
2025-01-13 16:00:00,ETHUSDT,4h,1,up,0.5722284,0.48,0.09222838,1,0.5722284
2025-01-13 20:00:00,ETHUSDT,4h,2,up,0.48249623,0.48,0.0024962425,0,0.48
2025-01-14 00:00:00,ETHUSDT,4h,2,up,0.47109428,0.48,0.008905709,0,0.48
2025-01-14 04:00:00,ETHUSDT,4h,2,up,0.4464481,0.48,0.0335519,0,0.48
2025-01-14 08:00:00,ETHUSDT,4h,2,down,0.46139368,0.48,0.018606305,0,0.48
2025-01-14 12:00:00,ETHUSDT,4h,1,up,0.54247993,0.48,0.062479943,1,0.54247993
2025-01-14 16:00:00,ETHUSDT,4h,0,up,0.39664498,0.48,0.08335501,1,0.39664498
2025-01-14 20:00:00,ETHUSDT,4h,0,up,0.41168398,0.48,0.06831601,1,0.41168398
2025-01-15 00:00:00,ETHUSDT,4h,0,down,0.4160949,0.48,0.06390509,1,0.4160949
2025-01-15 04:00:00,ETHUSDT,4h,1,down,0.5375674,0.48,0.057567388,1,0.5375674
2025-01-15 08:00:00,ETHUSDT,4h,1,up,0.5858261,0.48,0.10582611,1,0.5858261
2025-01-15 12:00:00,ETHUSDT,4h,2,up,0.45794216,0.48,0.022057831,0,0.48
2025-01-15 16:00:00,ETHUSDT,4h,0,up,0.41591462,0.48,0.064085364,1,0.41591462
2025-01-15 20:00:00,ETHUSDT,4h,2,down,0.44996926,0.48,0.030030727,0,0.48
2025-01-16 00:00:00,ETHUSDT,4h,1,up,0.66287595,0.48,0.18287596,1,0.66287595
2025-01-16 04:00:00,ETHUSDT,4h,2,down,0.4576716,0.48,0.022328377,0,0.48
2025-01-16 08:00:00,ETHUSDT,4h,0,down,0.4153676,0.48,0.064632386,1,0.4153676
2025-01-16 12:00:00,ETHUSDT,4h,0,up,0.41493186,0.48,0.065068126,1,0.41493186
2025-01-16 16:00:00,ETHUSDT,4h,2,down,0.43059292,0.48,0.049407065,0,0.48
2025-01-16 20:00:00,ETHUSDT,4h,2,up,0.5168065,0.48,0.036806494,0,0.48
2025-01-17 00:00:00,ETHUSDT,4h,2,up,0.4711784,0.48,0.008821577,0,0.48
2025-01-17 04:00:00,ETHUSDT,4h,2,up,0.4472805,0.48,0.032719493,0,0.48
2025-01-17 08:00:00,ETHUSDT,4h,2,down,0.4352574,0.48,0.044742584,0,0.48
2025-01-17 12:00:00,ETHUSDT,4h,2,up,0.5296426,0.48,0.049642593,0,0.48
2025-01-17 16:00:00,ETHUSDT,4h,2,up,0.4730984,0.48,0.006901592,0,0.48
2025-01-17 20:00:00,ETHUSDT,4h,2,down,0.51022273,0.48,0.030222744,0,0.48
2025-01-18 00:00:00,ETHUSDT,4h,1,down,0.5901601,0.48,0.11016008,1,0.5901601
2025-01-18 04:00:00,ETHUSDT,4h,1,up,0.5632825,0.48,0.0832825,1,0.5632825
2025-01-18 08:00:00,ETHUSDT,4h,2,down,0.4388268,0.48,0.04117319,0,0.48
2025-01-18 12:00:00,ETHUSDT,4h,1,down,0.55183303,0.48,0.071833044,1,0.55183303
2025-01-18 16:00:00,ETHUSDT,4h,2,up,0.5232122,0.48,0.043212205,0,0.48
2025-01-18 20:00:00,ETHUSDT,4h,2,up,0.49610797,0.48,0.016107976,0,0.48
2025-01-19 00:00:00,ETHUSDT,4h,2,down,0.5082087,0.48,0.028208703,0,0.48
2025-01-19 04:00:00,ETHUSDT,4h,1,down,0.5874976,0.48,0.1074976,1,0.5874976
2025-01-19 08:00:00,ETHUSDT,4h,1,up,0.5310367,0.48,0.051036686,1,0.5310367
2025-01-19 12:00:00,ETHUSDT,4h,1,up,0.58599734,0.48,0.105997354,1,0.58599734
2025-01-19 16:00:00,ETHUSDT,4h,2,down,0.46815008,0.48,0.01184991,0,0.48
2025-01-19 20:00:00,ETHUSDT,4h,1,up,0.5621052,0.48,0.08210519,1,0.5621052
2025-01-20 00:00:00,ETHUSDT,4h,0,up,0.40803996,0.48,0.07196003,1,0.40803996
2025-01-20 04:00:00,ETHUSDT,4h,2,down,0.5141644,0.48,0.0341644,0,0.48
2025-01-20 08:00:00,ETHUSDT,4h,1,down,0.5425026,0.48,0.06250259,1,0.5425026
2025-01-20 12:00:00,ETHUSDT,4h,2,up,0.4447936,0.48,0.035206378,0,0.48
2025-01-20 16:00:00,ETHUSDT,4h,2,down,0.4662682,0.48,0.013731778,0,0.48
2025-01-20 20:00:00,ETHUSDT,4h,1,down,0.5778984,0.48,0.097898394,1,0.5778984
2025-01-21 00:00:00,ETHUSDT,4h,0,down,0.42487213,0.48,0.05512786,1,0.42487213
2025-01-21 04:00:00,ETHUSDT,4h,2,up,0.50748026,0.48,0.027480274,0,0.48
2025-01-21 08:00:00,ETHUSDT,4h,2,down,0.45804155,0.48,0.02195844,0,0.48
2025-01-21 12:00:00,ETHUSDT,4h,2,up,0.515933,0.48,0.035932988,0,0.48
2025-01-21 16:00:00,ETHUSDT,4h,2,down,0.491345,0.48,0.011344999,0,0.48
2025-01-21 20:00:00,ETHUSDT,4h,2,up,0.49266124,0.48,0.012661248,0,0.48
2025-01-22 00:00:00,ETHUSDT,4h,1,down,0.55505943,0.48,0.07505944,1,0.55505943
2025-01-22 04:00:00,ETHUSDT,4h,1,up,0.5609543,0.48,0.08095428,1,0.5609543
2025-01-22 08:00:00,ETHUSDT,4h,0,down,0.41475216,0.48,0.065247834,1,0.41475216
2025-01-22 12:00:00,ETHUSDT,4h,1,down,0.5574622,0.48,0.077462226,1,0.5574622
2025-01-22 16:00:00,ETHUSDT,4h,1,down,0.5615178,0.48,0.081517786,1,0.5615178
2025-01-22 20:00:00,ETHUSDT,4h,1,down,0.5959214,0.48,0.11592141,1,0.5959214
2025-01-23 00:00:00,ETHUSDT,4h,1,up,0.5528487,0.48,0.07284871,1,0.5528487
2025-01-23 04:00:00,ETHUSDT,4h,2,down,0.51271665,0.48,0.03271666,0,0.48
2025-01-23 08:00:00,ETHUSDT,4h,2,up,0.5206676,0.48,0.040667623,0,0.48
2025-01-23 12:00:00,ETHUSDT,4h,2,down,0.43233767,0.48,0.047662318,0,0.48
2025-01-23 16:00:00,ETHUSDT,4h,1,up,0.5859342,0.48,0.10593423,1,0.5859342
2025-01-23 20:00:00,ETHUSDT,4h,2,down,0.44339567,0.48,0.036604315,0,0.48
2025-01-24 00:00:00,ETHUSDT,4h,1,up,0.5892728,0.48,0.10927281,1,0.5892728
2025-01-24 04:00:00,ETHUSDT,4h,0,up,0.42340025,0.48,0.056599736,1,0.42340025
2025-01-24 08:00:00,ETHUSDT,4h,2,down,0.4939574,0.48,0.013957411,0,0.48
2025-01-24 12:00:00,ETHUSDT,4h,1,down,0.5423134,0.48,0.062313408,1,0.5423134
2025-01-24 16:00:00,ETHUSDT,4h,1,down,0.5586917,0.48,0.07869169,1,0.5586917
2025-01-24 20:00:00,ETHUSDT,4h,1,up,0.5851495,0.48,0.10514954,1,0.5851495
2025-01-25 00:00:00,ETHUSDT,4h,0,down,0.4029263,0.48,0.07707369,1,0.4029263
2025-01-25 04:00:00,ETHUSDT,4h,1,up,0.59533036,0.48,0.11533037,1,0.59533036
2025-01-25 08:00:00,ETHUSDT,4h,2,up,0.5198649,0.48,0.039864928,0,0.48
2025-01-25 12:00:00,ETHUSDT,4h,2,up,0.4370235,0.48,0.0429765,0,0.48
2025-01-25 16:00:00,ETHUSDT,4h,2,down,0.49245816,0.48,0.012458175,0,0.48
2025-01-25 20:00:00,ETHUSDT,4h,1,up,0.534916,0.48,0.054915994,1,0.534916
2025-01-26 00:00:00,ETHUSDT,4h,2,down,0.43554392,0.48,0.044456065,0,0.48
2025-01-26 04:00:00,ETHUSDT,4h,2,down,0.5084089,0.48,0.028408915,0,0.48
2025-01-26 08:00:00,ETHUSDT,4h,1,up,0.5429771,0.48,0.062977105,1,0.5429771
2025-01-26 12:00:00,ETHUSDT,4h,2,up,0.4516775,0.48,0.028322488,0,0.48
2025-01-26 16:00:00,ETHUSDT,4h,0,down,0.4287498,0.48,0.05125019,1,0.4287498
2025-01-26 20:00:00,ETHUSDT,4h,2,down,0.48603588,0.48,0.006035894,0,0.48
2025-01-27 00:00:00,ETHUSDT,4h,1,down,0.5459661,0.48,0.0659661,1,0.5459661
2025-01-27 04:00:00,ETHUSDT,4h,2,down,0.5267601,0.48,0.046760112,0,0.48
2025-01-27 08:00:00,ETHUSDT,4h,1,up,0.5359239,0.48,0.05592391,1,0.5359239
2025-01-27 12:00:00,ETHUSDT,4h,2,down,0.45399582,0.48,0.026004165,0,0.48
2025-01-27 16:00:00,ETHUSDT,4h,1,up,0.5468483,0.48,0.06684831,1,0.5468483
2025-01-27 20:00:00,ETHUSDT,4h,2,up,0.47521117,0.48,0.004788816,0,0.48
2025-01-28 00:00:00,ETHUSDT,4h,2,down,0.44831997,0.48,0.031680018,0,0.48
2025-01-28 04:00:00,ETHUSDT,4h,1,down,0.58102846,0.48,0.10102847,1,0.58102846
2025-01-28 08:00:00,ETHUSDT,4h,1,down,0.56805354,0.48,0.088053554,1,0.56805354
2025-01-28 12:00:00,ETHUSDT,4h,2,down,0.5255743,0.48,0.045574337,0,0.48
2025-01-28 16:00:00,ETHUSDT,4h,2,down,0.5281472,0.48,0.04814723,0,0.48
2025-01-28 20:00:00,ETHUSDT,4h,1,up,0.5408514,0.48,0.060851425,1,0.5408514
2025-01-29 00:00:00,ETHUSDT,4h,2,up,0.44292742,0.48,0.03707257,0,0.48
2025-01-29 04:00:00,ETHUSDT,4h,2,down,0.4491534,0.48,0.030846596,0,0.48
2025-01-29 08:00:00,ETHUSDT,4h,1,down,0.5527952,0.48,0.07279518,1,0.5527952
2025-01-29 12:00:00,ETHUSDT,4h,1,up,0.53847057,0.48,0.058470577,1,0.53847057
2025-01-29 16:00:00,ETHUSDT,4h,0,down,0.40044078,0.48,0.07955921,1,0.40044078
2025-01-29 20:00:00,ETHUSDT,4h,1,up,0.56728345,0.48,0.08728346,1,0.56728345
2025-01-30 00:00:00,ETHUSDT,4h,0,down,0.4242825,0.48,0.055717498,1,0.4242825
2025-01-30 04:00:00,ETHUSDT,4h,1,up,0.5798654,0.48,0.09986541,1,0.5798654
2025-01-30 08:00:00,ETHUSDT,4h,0,up,0.38241485,0.48,0.09758514,1,0.38241485
2025-01-30 12:00:00,ETHUSDT,4h,0,up,0.4109482,0.48,0.0690518,1,0.4109482
2025-01-30 16:00:00,ETHUSDT,4h,0,down,0.41407877,0.48,0.06592122,1,0.41407877
2025-01-30 20:00:00,ETHUSDT,4h,2,down,0.5268205,0.48,0.04682049,0,0.48
2025-01-31 00:00:00,ETHUSDT,4h,1,up,0.5532488,0.48,0.07324883,1,0.5532488
2025-01-31 04:00:00,ETHUSDT,4h,2,up,0.48027468,0.48,0.000274688,0,0.48
2025-01-31 08:00:00,ETHUSDT,4h,0,up,0.41250607,0.48,0.067493916,1,0.41250607
2025-01-31 12:00:00,ETHUSDT,4h,2,down,0.51698047,0.48,0.03698048,0,0.48
2025-01-31 16:00:00,ETHUSDT,4h,1,down,0.6187647,0.48,0.13876471,1,0.6187647
2025-01-31 20:00:00,ETHUSDT,4h,1,down,0.5491153,0.48,0.06911531,1,0.5491153
2025-02-01 00:00:00,ETHUSDT,4h,1,down,0.6223906,0.48,0.14239064,1,0.6223906
2025-02-01 04:00:00,ETHUSDT,4h,1,down,0.57858866,0.48,0.098588675,1,0.57858866
2025-02-01 08:00:00,ETHUSDT,4h,2,down,0.49729714,0.48,0.017297149,0,0.48
2025-02-01 12:00:00,ETHUSDT,4h,1,down,0.54365486,0.48,0.06365487,1,0.54365486
2025-02-01 16:00:00,ETHUSDT,4h,1,down,0.617441,0.48,0.13744101,1,0.617441
2025-02-01 20:00:00,ETHUSDT,4h,1,down,0.58376026,0.48,0.10376027,1,0.58376026
2025-02-02 00:00:00,ETHUSDT,4h,1,up,0.6692836,0.48,0.18928364,1,0.6692836
2025-02-02 04:00:00,ETHUSDT,4h,2,down,0.49179038,0.48,0.011790395,0,0.48
2025-02-02 08:00:00,ETHUSDT,4h,1,up,0.60477686,0.48,0.12477687,1,0.60477686
2025-02-02 12:00:00,ETHUSDT,4h,2,down,0.46786895,0.48,0.012131035,0,0.48
2025-02-02 16:00:00,ETHUSDT,4h,2,down,0.4445658,0.48,0.035434186,0,0.48
2025-02-02 20:00:00,ETHUSDT,4h,2,down,0.5033381,0.48,0.02333811,0,0.48
2025-02-03 00:00:00,ETHUSDT,4h,1,up,0.5802157,0.48,0.1002157,1,0.5802157
2025-02-03 04:00:00,ETHUSDT,4h,2,down,0.45642492,0.48,0.023575068,0,0.48
2025-02-03 08:00:00,ETHUSDT,4h,2,up,0.51620984,0.48,0.03620985,0,0.48
2025-02-03 12:00:00,ETHUSDT,4h,2,up,0.4735008,0.48,0.006499201,0,0.48
2025-02-03 16:00:00,ETHUSDT,4h,2,up,0.46909624,0.48,0.010903746,0,0.48
2025-02-03 20:00:00,ETHUSDT,4h,2,down,0.50376165,0.48,0.02376166,0,0.48
2025-02-04 00:00:00,ETHUSDT,4h,1,down,0.60876256,0.48,0.12876257,1,0.60876256
2025-02-04 04:00:00,ETHUSDT,4h,2,up,0.4979906,0.48,0.017990619,0,0.48
2025-02-04 08:00:00,ETHUSDT,4h,0,up,0.38652503,0.48,0.093474954,1,0.38652503
2025-02-04 12:00:00,ETHUSDT,4h,0,down,0.38173464,0.48,0.09826535,1,0.38173464
2025-02-04 16:00:00,ETHUSDT,4h,1,down,0.5652019,0.48,0.08520189,1,0.5652019
2025-02-04 20:00:00,ETHUSDT,4h,2,down,0.46940947,0.48,0.0105905235,0,0.48
2025-02-05 00:00:00,ETHUSDT,4h,1,up,0.6156016,0.48,0.13560161,1,0.6156016
2025-02-05 04:00:00,ETHUSDT,4h,2,up,0.4714888,0.48,0.008511186,0,0.48
2025-02-05 08:00:00,ETHUSDT,4h,2,down,0.45867404,0.48,0.021325946,0,0.48
2025-02-05 12:00:00,ETHUSDT,4h,2,up,0.52925104,0.48,0.04925105,0,0.48
2025-02-05 16:00:00,ETHUSDT,4h,2,up,0.4606869,0.48,0.019313097,0,0.48
2025-02-05 20:00:00,ETHUSDT,4h,2,up,0.491019,0.48,0.011019021,0,0.48
2025-02-06 00:00:00,ETHUSDT,4h,2,up,0.46633747,0.48,0.013662517,0,0.48
2025-02-06 04:00:00,ETHUSDT,4h,2,down,0.47496825,0.48,0.0050317347,0,0.48
2025-02-06 08:00:00,ETHUSDT,4h,1,down,0.5320413,0.48,0.052041322,1,0.5320413
2025-02-06 12:00:00,ETHUSDT,4h,1,down,0.5325428,0.48,0.052542835,1,0.5325428
2025-02-06 16:00:00,ETHUSDT,4h,1,down,0.56303114,0.48,0.08303115,1,0.56303114
2025-02-06 20:00:00,ETHUSDT,4h,1,up,0.5398851,0.48,0.059885114,1,0.5398851
2025-02-07 00:00:00,ETHUSDT,4h,2,down,0.457276,0.48,0.022724003,0,0.48
2025-02-07 04:00:00,ETHUSDT,4h,2,up,0.48390257,0.48,0.0039025843,0,0.48
2025-02-07 08:00:00,ETHUSDT,4h,2,down,0.49492595,0.48,0.014925957,0,0.48
2025-02-07 12:00:00,ETHUSDT,4h,2,down,0.5260056,0.48,0.046005636,0,0.48
2025-02-07 16:00:00,ETHUSDT,4h,1,down,0.58388156,0.48,0.10388157,1,0.58388156
2025-02-07 20:00:00,ETHUSDT,4h,2,up,0.47572535,0.48,0.0042746365,0,0.48
2025-02-08 00:00:00,ETHUSDT,4h,1,down,0.5303056,0.48,0.050305635,1,0.5303056
2025-02-08 04:00:00,ETHUSDT,4h,2,down,0.5009765,0.48,0.020976514,0,0.48
2025-02-08 08:00:00,ETHUSDT,4h,1,down,0.5652256,0.48,0.08522561,1,0.5652256
2025-02-08 12:00:00,ETHUSDT,4h,1,up,0.57189465,0.48,0.09189466,1,0.57189465
2025-02-08 16:00:00,ETHUSDT,4h,2,down,0.47268614,0.48,0.0073138475,0,0.48
2025-02-08 20:00:00,ETHUSDT,4h,1,up,0.5517824,0.48,0.07178244,1,0.5517824
2025-02-09 00:00:00,ETHUSDT,4h,2,down,0.47885025,0.48,0.0011497438,0,0.48
2025-02-09 04:00:00,ETHUSDT,4h,2,down,0.52882636,0.48,0.048826367,0,0.48
2025-02-09 08:00:00,ETHUSDT,4h,1,down,0.5447114,0.48,0.06471142,1,0.5447114
2025-02-09 12:00:00,ETHUSDT,4h,2,down,0.44934496,0.48,0.030655026,0,0.48
2025-02-09 16:00:00,ETHUSDT,4h,1,up,0.62833935,0.48,0.14833936,1,0.62833935
2025-02-09 20:00:00,ETHUSDT,4h,0,down,0.4188955,0.48,0.061104476,1,0.4188955
2025-02-10 00:00:00,ETHUSDT,4h,2,up,0.47175235,0.48,0.008247644,0,0.48
2025-02-10 04:00:00,ETHUSDT,4h,2,up,0.5033732,0.48,0.023373216,0,0.48
2025-02-10 08:00:00,ETHUSDT,4h,2,up,0.44153258,0.48,0.038467407,0,0.48
2025-02-10 12:00:00,ETHUSDT,4h,2,up,0.47131407,0.48,0.008685917,0,0.48
2025-02-10 16:00:00,ETHUSDT,4h,2,down,0.47389644,0.48,0.0061035454,0,0.48
2025-02-10 20:00:00,ETHUSDT,4h,2,up,0.5222652,0.48,0.042265207,0,0.48
2025-02-11 00:00:00,ETHUSDT,4h,2,up,0.5008692,0.48,0.020869225,0,0.48
2025-02-11 04:00:00,ETHUSDT,4h,0,down,0.38436043,0.48,0.09563956,1,0.38436043
2025-02-11 08:00:00,ETHUSDT,4h,2,down,0.44508472,0.48,0.03491527,0,0.48
2025-02-11 12:00:00,ETHUSDT,4h,2,down,0.51742727,0.48,0.037427276,0,0.48
2025-02-11 16:00:00,ETHUSDT,4h,1,up,0.6113046,0.48,0.13130459,1,0.6113046
2025-02-11 20:00:00,ETHUSDT,4h,2,down,0.46532214,0.48,0.014677852,0,0.48
2025-02-12 00:00:00,ETHUSDT,4h,1,up,0.666756,0.48,0.18675599,1,0.666756
2025-02-12 04:00:00,ETHUSDT,4h,2,up,0.44855097,0.48,0.03144902,0,0.48
2025-02-12 08:00:00,ETHUSDT,4h,2,down,0.49055308,0.48,0.010553092,0,0.48
2025-02-12 12:00:00,ETHUSDT,4h,2,up,0.44851843,0.48,0.031481564,0,0.48
2025-02-12 16:00:00,ETHUSDT,4h,2,up,0.45033056,0.48,0.029669434,0,0.48
2025-02-12 20:00:00,ETHUSDT,4h,1,up,0.5501204,0.48,0.070120424,1,0.5501204
2025-02-13 00:00:00,ETHUSDT,4h,0,down,0.41980082,0.48,0.06019917,1,0.41980082
2025-02-13 04:00:00,ETHUSDT,4h,1,down,0.6218877,0.48,0.1418877,1,0.6218877
2025-02-13 08:00:00,ETHUSDT,4h,1,down,0.6000108,0.48,0.12001082,1,0.6000108
2025-02-13 12:00:00,ETHUSDT,4h,2,down,0.5009065,0.48,0.020906538,0,0.48
2025-02-13 16:00:00,ETHUSDT,4h,2,up,0.5140921,0.48,0.0340921,0,0.48
2025-02-13 20:00:00,ETHUSDT,4h,2,up,0.43637592,0.48,0.043624073,0,0.48
2025-02-14 00:00:00,ETHUSDT,4h,2,down,0.43212172,0.48,0.047878265,0,0.48
2025-02-14 04:00:00,ETHUSDT,4h,2,down,0.5211921,0.48,0.041192085,0,0.48
2025-02-14 08:00:00,ETHUSDT,4h,1,up,0.5894842,0.48,0.109484226,1,0.5894842
2025-02-14 12:00:00,ETHUSDT,4h,2,up,0.45323893,0.48,0.026761055,0,0.48
2025-02-14 16:00:00,ETHUSDT,4h,1,down,0.5873363,0.48,0.10733631,1,0.5873363
2025-02-14 20:00:00,ETHUSDT,4h,1,down,0.5327385,0.48,0.052738518,1,0.5327385
2025-02-15 00:00:00,ETHUSDT,4h,2,down,0.46153164,0.48,0.01846835,0,0.48
2025-02-15 04:00:00,ETHUSDT,4h,1,up,0.58617043,0.48,0.106170446,1,0.58617043
2025-02-15 08:00:00,ETHUSDT,4h,2,down,0.46446985,0.48,0.015530139,0,0.48
2025-02-15 12:00:00,ETHUSDT,4h,2,up,0.4577416,0.48,0.0222584,0,0.48
2025-02-15 16:00:00,ETHUSDT,4h,2,up,0.51962185,0.48,0.03962186,0,0.48
2025-02-15 20:00:00,ETHUSDT,4h,2,up,0.50728244,0.48,0.027282447,0,0.48
2025-02-16 00:00:00,ETHUSDT,4h,2,down,0.47998294,0.48,1.7046928e-05,0,0.48
2025-02-16 04:00:00,ETHUSDT,4h,2,up,0.52621454,0.48,0.04621455,0,0.48
2025-02-16 08:00:00,ETHUSDT,4h,2,down,0.43865645,0.48,0.04134354,0,0.48
2025-02-16 12:00:00,ETHUSDT,4h,2,down,0.5281981,0.48,0.048198134,0,0.48
2025-02-16 16:00:00,ETHUSDT,4h,2,down,0.49617508,0.48,0.016175091,0,0.48
2025-02-16 20:00:00,ETHUSDT,4h,1,up,0.5514751,0.48,0.07147512,1,0.5514751
2025-02-17 00:00:00,ETHUSDT,4h,2,up,0.48700666,0.48,0.007006675,0,0.48
2025-02-17 04:00:00,ETHUSDT,4h,0,up,0.4067395,0.48,0.073260486,1,0.4067395
2025-02-17 08:00:00,ETHUSDT,4h,2,up,0.44668838,0.48,0.033311605,0,0.48
2025-02-17 12:00:00,ETHUSDT,4h,1,down,0.56731737,0.48,0.08731738,1,0.56731737
2025-02-17 16:00:00,ETHUSDT,4h,1,up,0.58773077,0.48,0.107730776,1,0.58773077
2025-02-17 20:00:00,ETHUSDT,4h,1,down,0.56298727,0.48,0.08298728,1,0.56298727
2025-02-18 00:00:00,ETHUSDT,4h,1,down,0.60002476,0.48,0.12002477,1,0.60002476
2025-02-18 04:00:00,ETHUSDT,4h,1,up,0.546424,0.48,0.06642398,1,0.546424
2025-02-18 08:00:00,ETHUSDT,4h,1,down,0.53515136,0.48,0.055151373,1,0.53515136
2025-02-18 12:00:00,ETHUSDT,4h,1,down,0.60839266,0.48,0.12839267,1,0.60839266
2025-02-18 16:00:00,ETHUSDT,4h,1,up,0.60934377,0.48,0.12934378,1,0.60934377
2025-02-18 20:00:00,ETHUSDT,4h,2,up,0.46130732,0.48,0.018692672,0,0.48
2025-02-19 00:00:00,ETHUSDT,4h,2,up,0.48431417,0.48,0.004314184,0,0.48
2025-02-19 04:00:00,ETHUSDT,4h,2,up,0.47705665,0.48,0.002943337,0,0.48
2025-02-19 08:00:00,ETHUSDT,4h,2,down,0.4471198,0.48,0.032880187,0,0.48
2025-02-19 12:00:00,ETHUSDT,4h,1,up,0.5757256,0.48,0.095725626,1,0.5757256
2025-02-19 16:00:00,ETHUSDT,4h,2,up,0.46865565,0.48,0.011344343,0,0.48
2025-02-19 20:00:00,ETHUSDT,4h,2,up,0.52398235,0.48,0.043982357,0,0.48
2025-02-20 00:00:00,ETHUSDT,4h,0,down,0.42467988,0.48,0.055320114,1,0.42467988
2025-02-20 04:00:00,ETHUSDT,4h,1,up,0.55217546,0.48,0.07217547,1,0.55217546
2025-02-20 08:00:00,ETHUSDT,4h,2,down,0.4507329,0.48,0.029267102,0,0.48
2025-02-20 12:00:00,ETHUSDT,4h,2,up,0.46241164,0.48,0.017588347,0,0.48
2025-02-20 16:00:00,ETHUSDT,4h,0,down,0.42634413,0.48,0.053655863,1,0.42634413
2025-02-20 20:00:00,ETHUSDT,4h,1,up,0.55090827,0.48,0.07090828,1,0.55090827
2025-02-21 00:00:00,ETHUSDT,4h,2,up,0.45177758,0.48,0.028222412,0,0.48
2025-02-21 04:00:00,ETHUSDT,4h,2,up,0.4589941,0.48,0.021005899,0,0.48
2025-02-21 08:00:00,ETHUSDT,4h,2,down,0.5041382,0.48,0.024138182,0,0.48
2025-02-21 12:00:00,ETHUSDT,4h,2,down,0.5106691,0.48,0.030669123,0,0.48
2025-02-21 16:00:00,ETHUSDT,4h,1,up,0.5941782,0.48,0.11417821,1,0.5941782
2025-02-21 20:00:00,ETHUSDT,4h,2,up,0.45515308,0.48,0.024846911,0,0.48
2025-02-22 00:00:00,ETHUSDT,4h,2,up,0.479479,0.48,0.0005209744,0,0.48
2025-02-22 04:00:00,ETHUSDT,4h,2,up,0.51733476,0.48,0.03733477,0,0.48
2025-02-22 08:00:00,ETHUSDT,4h,2,up,0.45460343,0.48,0.025396556,0,0.48
2025-02-22 12:00:00,ETHUSDT,4h,2,down,0.43423805,0.48,0.045761943,0,0.48
2025-02-22 16:00:00,ETHUSDT,4h,1,down,0.6080967,0.48,0.12809673,1,0.6080967
2025-02-22 20:00:00,ETHUSDT,4h,1,down,0.6019936,0.48,0.12199363,1,0.6019936
2025-02-23 00:00:00,ETHUSDT,4h,1,up,0.5966721,0.48,0.11667213,1,0.5966721
2025-02-23 04:00:00,ETHUSDT,4h,0,down,0.425344,0.48,0.054656,1,0.425344
2025-02-23 08:00:00,ETHUSDT,4h,1,down,0.56200975,0.48,0.08200976,1,0.56200975
2025-02-23 12:00:00,ETHUSDT,4h,1,up,0.5617937,0.48,0.081793696,1,0.5617937
2025-02-23 16:00:00,ETHUSDT,4h,2,up,0.45883718,0.48,0.021162808,0,0.48
2025-02-23 20:00:00,ETHUSDT,4h,2,down,0.51176244,0.48,0.03176245,0,0.48
2025-02-24 00:00:00,ETHUSDT,4h,1,up,0.5906742,0.48,0.11067423,1,0.5906742
2025-02-24 04:00:00,ETHUSDT,4h,2,down,0.49399894,0.48,0.0139989555,0,0.48
2025-02-24 08:00:00,ETHUSDT,4h,1,down,0.5605343,0.48,0.08053431,1,0.5605343
2025-02-24 12:00:00,ETHUSDT,4h,1,down,0.6188034,0.48,0.1388034,1,0.6188034
2025-02-24 16:00:00,ETHUSDT,4h,1,down,0.6850546,0.48,0.20505461,1,0.6850546
2025-02-24 20:00:00,ETHUSDT,4h,1,down,0.5555618,0.48,0.07556179,1,0.5555618
2025-02-25 00:00:00,ETHUSDT,4h,2,down,0.5054108,0.48,0.025410801,0,0.48
2025-02-25 04:00:00,ETHUSDT,4h,1,up,0.6084872,0.48,0.1284872,1,0.6084872
2025-02-25 08:00:00,ETHUSDT,4h,2,down,0.43503985,0.48,0.04496014,0,0.48
2025-02-25 12:00:00,ETHUSDT,4h,2,up,0.51906246,0.48,0.03906247,0,0.48
2025-02-25 16:00:00,ETHUSDT,4h,2,up,0.47872302,0.48,0.0012769699,0,0.48
2025-02-25 20:00:00,ETHUSDT,4h,2,down,0.4978856,0.48,0.017885625,0,0.48
2025-02-26 00:00:00,ETHUSDT,4h,1,down,0.5705393,0.48,0.09053931,1,0.5705393
2025-02-26 04:00:00,ETHUSDT,4h,1,down,0.5709291,0.48,0.09092912,1,0.5709291
2025-02-26 08:00:00,ETHUSDT,4h,1,down,0.5908291,0.48,0.110829085,1,0.5908291
2025-02-26 12:00:00,ETHUSDT,4h,2,down,0.51555836,0.48,0.035558373,0,0.48
2025-02-26 16:00:00,ETHUSDT,4h,1,up,0.61414355,0.48,0.13414356,1,0.61414355
2025-02-26 20:00:00,ETHUSDT,4h,1,down,0.55412495,0.48,0.07412496,1,0.55412495
2025-02-27 00:00:00,ETHUSDT,4h,1,up,0.64037883,0.48,0.16037884,1,0.64037883
2025-02-27 04:00:00,ETHUSDT,4h,2,down,0.49719155,0.48,0.01719156,0,0.48
2025-02-27 08:00:00,ETHUSDT,4h,1,down,0.56937164,0.48,0.08937165,1,0.56937164
2025-02-27 12:00:00,ETHUSDT,4h,1,down,0.5423902,0.48,0.062390238,1,0.5423902
2025-02-27 16:00:00,ETHUSDT,4h,1,up,0.60875815,0.48,0.12875816,1,0.60875815
2025-02-27 20:00:00,ETHUSDT,4h,2,down,0.49668393,0.48,0.016683936,0,0.48
2025-02-28 00:00:00,ETHUSDT,4h,1,down,0.5711091,0.48,0.09110913,1,0.5711091
2025-02-28 04:00:00,ETHUSDT,4h,1,up,0.53190273,0.48,0.05190274,1,0.53190273
2025-02-28 08:00:00,ETHUSDT,4h,2,up,0.48461387,0.48,0.0046138763,0,0.48
2025-02-28 12:00:00,ETHUSDT,4h,2,up,0.49792334,0.48,0.017923355,0,0.48
2025-02-28 16:00:00,ETHUSDT,4h,2,up,0.4908457,0.48,0.010845721,0,0.48
2025-02-28 20:00:00,ETHUSDT,4h,2,up,0.4379664,0.48,0.042033583,0,0.48
2025-03-01 00:00:00,ETHUSDT,4h,0,down,0.4282887,0.48,0.05171129,1,0.4282887
2025-03-01 04:00:00,ETHUSDT,4h,1,down,0.55848014,0.48,0.078480154,1,0.55848014
2025-03-01 08:00:00,ETHUSDT,4h,1,down,0.58258593,0.48,0.10258594,1,0.58258593
2025-03-01 12:00:00,ETHUSDT,4h,2,up,0.4912717,0.48,0.011271715,0,0.48
2025-03-01 16:00:00,ETHUSDT,4h,2,down,0.47504517,0.48,0.004954815,0,0.48
2025-03-01 20:00:00,ETHUSDT,4h,2,up,0.47251245,0.48,0.0074875355,0,0.48
2025-03-02 00:00:00,ETHUSDT,4h,2,up,0.49250892,0.48,0.012508929,0,0.48
2025-03-02 04:00:00,ETHUSDT,4h,1,up,0.5479293,0.48,0.0679293,1,0.5479293
2025-03-02 08:00:00,ETHUSDT,4h,2,down,0.46389112,0.48,0.01610887,0,0.48
2025-03-02 12:00:00,ETHUSDT,4h,2,up,0.5295631,0.48,0.04956314,0,0.48
2025-03-02 16:00:00,ETHUSDT,4h,1,up,0.54068524,0.48,0.060685247,1,0.54068524
2025-03-02 20:00:00,ETHUSDT,4h,2,down,0.516972,0.48,0.036972016,0,0.48
2025-03-03 00:00:00,ETHUSDT,4h,1,down,0.663227,0.48,0.18322703,1,0.663227
2025-03-03 04:00:00,ETHUSDT,4h,1,down,0.6450726,0.48,0.16507259,1,0.6450726
2025-03-03 08:00:00,ETHUSDT,4h,1,down,0.5687466,0.48,0.08874664,1,0.5687466
2025-03-03 12:00:00,ETHUSDT,4h,1,down,0.61004,0.48,0.13004002,1,0.61004
2025-03-03 16:00:00,ETHUSDT,4h,1,up,0.6869304,0.48,0.20693043,1,0.6869304
2025-03-03 20:00:00,ETHUSDT,4h,2,down,0.43562457,0.48,0.04437542,0,0.48
2025-03-04 00:00:00,ETHUSDT,4h,1,up,0.5537493,0.48,0.07374933,1,0.5537493
2025-03-04 04:00:00,ETHUSDT,4h,1,up,0.56639427,0.48,0.08639428,1,0.56639427
2025-03-04 08:00:00,ETHUSDT,4h,2,down,0.49311477,0.48,0.01311478,0,0.48
2025-03-04 12:00:00,ETHUSDT,4h,1,up,0.59239244,0.48,0.112392455,1,0.59239244
2025-03-04 16:00:00,ETHUSDT,4h,2,down,0.46268988,0.48,0.017310113,0,0.48
2025-03-04 20:00:00,ETHUSDT,4h,2,down,0.5271089,0.48,0.04710892,0,0.48
2025-03-05 00:00:00,ETHUSDT,4h,1,up,0.58962524,0.48,0.10962525,1,0.58962524
2025-03-05 04:00:00,ETHUSDT,4h,0,up,0.40107903,0.48,0.07892096,1,0.40107903
2025-03-05 08:00:00,ETHUSDT,4h,2,down,0.44452932,0.48,0.035470665,0,0.48
2025-03-05 12:00:00,ETHUSDT,4h,1,up,0.5621582,0.48,0.08215824,1,0.5621582
2025-03-05 16:00:00,ETHUSDT,4h,2,up,0.46042922,0.48,0.019570768,0,0.48
2025-03-05 20:00:00,ETHUSDT,4h,2,up,0.4699371,0.48,0.010062903,0,0.48
2025-03-06 00:00:00,ETHUSDT,4h,0,down,0.40895212,0.48,0.07104787,1,0.40895212
2025-03-06 04:00:00,ETHUSDT,4h,1,up,0.5766841,0.48,0.09668413,1,0.5766841
2025-03-06 08:00:00,ETHUSDT,4h,2,down,0.46039942,0.48,0.01960057,0,0.48
2025-03-06 12:00:00,ETHUSDT,4h,2,down,0.47447252,0.48,0.0055274665,0,0.48
2025-03-06 16:00:00,ETHUSDT,4h,1,up,0.6200657,0.48,0.1400657,1,0.6200657
2025-03-06 20:00:00,ETHUSDT,4h,1,down,0.57288754,0.48,0.09288755,1,0.57288754
2025-03-07 00:00:00,ETHUSDT,4h,2,up,0.4964802,0.48,0.016480207,0,0.48
2025-03-07 04:00:00,ETHUSDT,4h,2,up,0.4698467,0.48,0.010153294,0,0.48
2025-03-07 08:00:00,ETHUSDT,4h,2,up,0.46353585,0.48,0.016464144,0,0.48
2025-03-07 12:00:00,ETHUSDT,4h,2,down,0.51981974,0.48,0.039819747,0,0.48
2025-03-07 16:00:00,ETHUSDT,4h,1,down,0.5318451,0.48,0.051845104,1,0.5318451
2025-03-07 20:00:00,ETHUSDT,4h,1,down,0.5518912,0.48,0.07189122,1,0.5518912
2025-03-08 00:00:00,ETHUSDT,4h,2,up,0.5239334,0.48,0.04393342,0,0.48
2025-03-08 04:00:00,ETHUSDT,4h,1,up,0.56652194,0.48,0.08652195,1,0.56652194
2025-03-08 08:00:00,ETHUSDT,4h,2,up,0.49369252,0.48,0.013692528,0,0.48
2025-03-08 12:00:00,ETHUSDT,4h,2,up,0.4385292,0.48,0.041470796,0,0.48
2025-03-08 16:00:00,ETHUSDT,4h,0,down,0.41837734,0.48,0.06162265,1,0.41837734
2025-03-08 20:00:00,ETHUSDT,4h,1,down,0.6032995,0.48,0.12329951,1,0.6032995
2025-03-09 00:00:00,ETHUSDT,4h,1,down,0.589347,0.48,0.109347016,1,0.589347
2025-03-09 04:00:00,ETHUSDT,4h,2,down,0.51725537,0.48,0.037255377,0,0.48
2025-03-09 08:00:00,ETHUSDT,4h,1,down,0.5629235,0.48,0.0829235,1,0.5629235
2025-03-09 12:00:00,ETHUSDT,4h,1,down,0.54780054,0.48,0.06780055,1,0.54780054
2025-03-09 16:00:00,ETHUSDT,4h,2,down,0.43614224,0.48,0.043857753,0,0.48
2025-03-09 20:00:00,ETHUSDT,4h,1,up,0.55103064,0.48,0.07103065,1,0.55103064
2025-03-10 00:00:00,ETHUSDT,4h,0,up,0.42064798,0.48,0.05935201,1,0.42064798
2025-03-10 04:00:00,ETHUSDT,4h,2,up,0.5090699,0.48,0.02906993,0,0.48
2025-03-10 08:00:00,ETHUSDT,4h,0,down,0.39689374,0.48,0.08310625,1,0.39689374
2025-03-10 12:00:00,ETHUSDT,4h,1,down,0.5876198,0.48,0.10761979,1,0.5876198
2025-03-10 16:00:00,ETHUSDT,4h,1,down,0.56525517,0.48,0.085255176,1,0.56525517
2025-03-10 20:00:00,ETHUSDT,4h,1,down,0.57791346,0.48,0.097913474,1,0.57791346
2025-03-11 00:00:00,ETHUSDT,4h,0,up,0.41292405,0.48,0.06707594,1,0.41292405
2025-03-11 04:00:00,ETHUSDT,4h,2,up,0.45906186,0.48,0.020938128,0,0.48
2025-03-11 08:00:00,ETHUSDT,4h,2,up,0.46786204,0.48,0.0121379495,0,0.48
2025-03-11 12:00:00,ETHUSDT,4h,2,up,0.502443,0.48,0.022443026,0,0.48
2025-03-11 16:00:00,ETHUSDT,4h,2,down,0.4737974,0.48,0.0062025785,0,0.48
2025-03-11 20:00:00,ETHUSDT,4h,1,down,0.59290826,0.48,0.112908274,1,0.59290826
2025-03-12 00:00:00,ETHUSDT,4h,1,up,0.55557406,0.48,0.07557407,1,0.55557406
2025-03-12 04:00:00,ETHUSDT,4h,2,up,0.47085893,0.48,0.009141058,0,0.48
2025-03-12 08:00:00,ETHUSDT,4h,2,down,0.47298563,0.48,0.007014364,0,0.48
2025-03-12 12:00:00,ETHUSDT,4h,1,up,0.5507421,0.48,0.0707421,1,0.5507421
2025-03-12 16:00:00,ETHUSDT,4h,2,up,0.5041871,0.48,0.024187118,0,0.48
2025-03-12 20:00:00,ETHUSDT,4h,2,down,0.49565288,0.48,0.015652895,0,0.48
2025-03-13 00:00:00,ETHUSDT,4h,1,down,0.55274284,0.48,0.07274285,1,0.55274284
2025-03-13 04:00:00,ETHUSDT,4h,1,up,0.53912926,0.48,0.059129268,1,0.53912926
2025-03-13 08:00:00,ETHUSDT,4h,2,down,0.49712378,0.48,0.017123789,0,0.48
2025-03-13 12:00:00,ETHUSDT,4h,1,down,0.545455,0.48,0.06545499,1,0.545455
2025-03-13 16:00:00,ETHUSDT,4h,1,up,0.55569285,0.48,0.07569286,1,0.55569285
2025-03-13 20:00:00,ETHUSDT,4h,2,up,0.49924952,0.48,0.019249529,0,0.48
2025-03-14 00:00:00,ETHUSDT,4h,2,up,0.46705222,0.48,0.012947768,0,0.48
2025-03-14 04:00:00,ETHUSDT,4h,2,up,0.4982701,0.48,0.018270105,0,0.48
2025-03-14 08:00:00,ETHUSDT,4h,2,up,0.4383419,0.48,0.041658103,0,0.48
2025-03-14 12:00:00,ETHUSDT,4h,0,up,0.41914713,0.48,0.060852855,1,0.41914713
2025-03-14 16:00:00,ETHUSDT,4h,0,down,0.40336797,0.48,0.07663202,1,0.40336797
2025-03-14 20:00:00,ETHUSDT,4h,1,up,0.5331124,0.48,0.053112417,1,0.5331124
2025-03-15 00:00:00,ETHUSDT,4h,2,down,0.4423498,0.48,0.037650198,0,0.48
2025-03-15 04:00:00,ETHUSDT,4h,1,up,0.5425252,0.48,0.06252518,1,0.5425252
2025-03-15 08:00:00,ETHUSDT,4h,2,up,0.47258762,0.48,0.007412374,0,0.48
2025-03-15 12:00:00,ETHUSDT,4h,2,down,0.46153048,0.48,0.018469512,0,0.48
2025-03-15 16:00:00,ETHUSDT,4h,2,down,0.47945368,0.48,0.0005463064,0,0.48
2025-03-15 20:00:00,ETHUSDT,4h,2,down,0.5063271,0.48,0.026327103,0,0.48
2025-03-16 00:00:00,ETHUSDT,4h,2,down,0.5225334,0.48,0.042533427,0,0.48
2025-03-16 04:00:00,ETHUSDT,4h,2,down,0.52904415,0.48,0.049044162,0,0.48
2025-03-16 08:00:00,ETHUSDT,4h,1,up,0.5443636,0.48,0.06436363,1,0.5443636
2025-03-16 12:00:00,ETHUSDT,4h,2,down,0.4516014,0.48,0.028398603,0,0.48
2025-03-16 16:00:00,ETHUSDT,4h,1,up,0.5506941,0.48,0.07069412,1,0.5506941
2025-03-16 20:00:00,ETHUSDT,4h,2,up,0.5013342,0.48,0.021334201,0,0.48
2025-03-17 00:00:00,ETHUSDT,4h,2,down,0.45209917,0.48,0.027900815,0,0.48
2025-03-17 04:00:00,ETHUSDT,4h,2,up,0.48902342,0.48,0.009023428,0,0.48
2025-03-17 08:00:00,ETHUSDT,4h,2,up,0.46265936,0.48,0.01734063,0,0.48
2025-03-17 12:00:00,ETHUSDT,4h,2,up,0.4951178,0.48,0.015117824,0,0.48
2025-03-17 16:00:00,ETHUSDT,4h,2,down,0.46271122,0.48,0.017288774,0,0.48
2025-03-17 20:00:00,ETHUSDT,4h,1,down,0.5870493,0.48,0.107049316,1,0.5870493
2025-03-18 00:00:00,ETHUSDT,4h,1,up,0.5718003,0.48,0.0918003,1,0.5718003
2025-03-18 04:00:00,ETHUSDT,4h,2,down,0.49492288,0.48,0.014922887,0,0.48
2025-03-18 08:00:00,ETHUSDT,4h,1,down,0.5671585,0.48,0.08715853,1,0.5671585
2025-03-18 12:00:00,ETHUSDT,4h,1,up,0.5813836,0.48,0.1013836,1,0.5813836
2025-03-18 16:00:00,ETHUSDT,4h,2,up,0.45191178,0.48,0.028088212,0,0.48
2025-03-18 20:00:00,ETHUSDT,4h,2,up,0.4563568,0.48,0.023643196,0,0.48
2025-03-19 00:00:00,ETHUSDT,4h,2,down,0.48275825,0.48,0.0027582645,0,0.48
2025-03-19 04:00:00,ETHUSDT,4h,1,up,0.57282215,0.48,0.092822164,1,0.57282215
2025-03-19 08:00:00,ETHUSDT,4h,1,up,0.5359929,0.48,0.05599293,1,0.5359929
2025-03-19 12:00:00,ETHUSDT,4h,2,down,0.4631232,0.48,0.016876787,0,0.48
2025-03-19 16:00:00,ETHUSDT,4h,1,up,0.5947922,0.48,0.1147922,1,0.5947922
2025-03-19 20:00:00,ETHUSDT,4h,2,down,0.44849244,0.48,0.03150755,0,0.48
2025-03-20 00:00:00,ETHUSDT,4h,1,down,0.6259568,0.48,0.14595678,1,0.6259568
2025-03-20 04:00:00,ETHUSDT,4h,1,down,0.5769848,0.48,0.09698483,1,0.5769848
2025-03-20 08:00:00,ETHUSDT,4h,1,down,0.59528655,0.48,0.11528656,1,0.59528655
2025-03-20 12:00:00,ETHUSDT,4h,1,up,0.6255517,0.48,0.14555171,1,0.6255517
2025-03-20 16:00:00,ETHUSDT,4h,2,up,0.508823,0.48,0.028822988,0,0.48
2025-03-20 20:00:00,ETHUSDT,4h,2,down,0.5246859,0.48,0.04468593,0,0.48
2025-03-21 00:00:00,ETHUSDT,4h,1,down,0.5635079,0.48,0.083507925,1,0.5635079
2025-03-21 04:00:00,ETHUSDT,4h,2,down,0.51131845,0.48,0.031318456,0,0.48
2025-03-21 08:00:00,ETHUSDT,4h,2,down,0.52901775,0.48,0.049017757,0,0.48
2025-03-21 12:00:00,ETHUSDT,4h,2,up,0.5120358,0.48,0.032035798,0,0.48
2025-03-21 16:00:00,ETHUSDT,4h,2,down,0.43068695,0.48,0.04931304,0,0.48
2025-03-21 20:00:00,ETHUSDT,4h,2,up,0.5181919,0.48,0.038191885,0,0.48
2025-03-22 00:00:00,ETHUSDT,4h,0,down,0.42174944,0.48,0.058250546,1,0.42174944
2025-03-22 04:00:00,ETHUSDT,4h,2,up,0.4722877,0.48,0.007712275,0,0.48
2025-03-22 08:00:00,ETHUSDT,4h,2,down,0.4552531,0.48,0.024746895,0,0.48
2025-03-22 12:00:00,ETHUSDT,4h,2,up,0.4701847,0.48,0.009815276,0,0.48
2025-03-22 16:00:00,ETHUSDT,4h,0,down,0.42044964,0.48,0.059550345,1,0.42044964
2025-03-22 20:00:00,ETHUSDT,4h,2,up,0.49747357,0.48,0.017473578,0,0.48
2025-03-23 00:00:00,ETHUSDT,4h,0,down,0.4201734,0.48,0.059826583,1,0.4201734
2025-03-23 04:00:00,ETHUSDT,4h,2,down,0.4432616,0.48,0.036738396,0,0.48
2025-03-23 08:00:00,ETHUSDT,4h,2,down,0.46922046,0.48,0.01077953,0,0.48
2025-03-23 12:00:00,ETHUSDT,4h,2,down,0.4516705,0.48,0.028329492,0,0.48
2025-03-23 16:00:00,ETHUSDT,4h,2,up,0.48820865,0.48,0.008208662,0,0.48
2025-03-23 20:00:00,ETHUSDT,4h,0,up,0.41743284,0.48,0.062567145,1,0.41743284
2025-03-24 00:00:00,ETHUSDT,4h,0,up,0.40765202,0.48,0.07234797,1,0.40765202
2025-03-24 04:00:00,ETHUSDT,4h,1,up,0.5603248,0.48,0.0803248,1,0.5603248
2025-03-24 08:00:00,ETHUSDT,4h,2,down,0.4903554,0.48,0.010355413,0,0.48
2025-03-24 12:00:00,ETHUSDT,4h,2,down,0.5097237,0.48,0.029723734,0,0.48
2025-03-24 16:00:00,ETHUSDT,4h,2,down,0.4710291,0.48,0.0089708865,0,0.48
2025-03-24 20:00:00,ETHUSDT,4h,1,down,0.536354,0.48,0.056354016,1,0.536354
2025-03-25 00:00:00,ETHUSDT,4h,1,up,0.5787791,0.48,0.09877911,1,0.5787791
2025-03-25 04:00:00,ETHUSDT,4h,2,up,0.45899594,0.48,0.021004051,0,0.48
2025-03-25 08:00:00,ETHUSDT,4h,2,down,0.45856953,0.48,0.021430463,0,0.48
2025-03-25 12:00:00,ETHUSDT,4h,2,up,0.5160265,0.48,0.036026508,0,0.48
2025-03-25 16:00:00,ETHUSDT,4h,2,down,0.45894894,0.48,0.02105105,0,0.48
2025-03-25 20:00:00,ETHUSDT,4h,1,down,0.5610834,0.48,0.08108339,1,0.5610834
2025-03-26 00:00:00,ETHUSDT,4h,1,up,0.5416399,0.48,0.061639935,1,0.5416399
2025-03-26 04:00:00,ETHUSDT,4h,2,down,0.44449615,0.48,0.035503834,0,0.48
2025-03-26 08:00:00,ETHUSDT,4h,2,down,0.46674827,0.48,0.013251722,0,0.48
2025-03-26 12:00:00,ETHUSDT,4h,1,down,0.54822564,0.48,0.06822565,1,0.54822564
2025-03-26 16:00:00,ETHUSDT,4h,1,up,0.62307733,0.48,0.14307734,1,0.62307733
2025-03-26 20:00:00,ETHUSDT,4h,1,up,0.5449923,0.48,0.06499234,1,0.5449923
2025-03-27 00:00:00,ETHUSDT,4h,2,down,0.49506763,0.48,0.015067637,0,0.48
2025-03-27 04:00:00,ETHUSDT,4h,1,down,0.5686021,0.48,0.088602096,1,0.5686021
2025-03-27 08:00:00,ETHUSDT,4h,1,down,0.5338547,0.48,0.053854734,1,0.5338547
2025-03-27 12:00:00,ETHUSDT,4h,2,down,0.51589096,0.48,0.035890967,0,0.48
2025-03-27 16:00:00,ETHUSDT,4h,1,down,0.5458145,0.48,0.065814525,1,0.5458145
2025-03-27 20:00:00,ETHUSDT,4h,1,down,0.5597712,0.48,0.07977119,1,0.5597712
2025-03-28 00:00:00,ETHUSDT,4h,1,down,0.5535026,0.48,0.07350263,1,0.5535026
2025-03-28 04:00:00,ETHUSDT,4h,2,down,0.50813746,0.48,0.028137475,0,0.48
2025-03-28 08:00:00,ETHUSDT,4h,2,down,0.4690505,0.48,0.010949492,0,0.48
2025-03-28 12:00:00,ETHUSDT,4h,1,up,0.6070763,0.48,0.1270763,1,0.6070763
2025-03-28 16:00:00,ETHUSDT,4h,1,up,0.5305806,0.48,0.05058059,1,0.5305806
2025-03-28 20:00:00,ETHUSDT,4h,2,up,0.5007588,0.48,0.020758837,0,0.48
2025-03-29 00:00:00,ETHUSDT,4h,1,down,0.5416337,0.48,0.061633736,1,0.5416337
2025-03-29 04:00:00,ETHUSDT,4h,1,down,0.5813544,0.48,0.10135439,1,0.5813544
2025-03-29 08:00:00,ETHUSDT,4h,1,down,0.61247945,0.48,0.13247946,1,0.61247945
2025-03-29 12:00:00,ETHUSDT,4h,1,down,0.618817,0.48,0.13881698,1,0.618817
2025-03-29 16:00:00,ETHUSDT,4h,2,up,0.4960894,0.48,0.01608941,0,0.48
2025-03-29 20:00:00,ETHUSDT,4h,2,up,0.5029699,0.48,0.022969931,0,0.48
2025-03-30 00:00:00,ETHUSDT,4h,2,up,0.45812467,0.48,0.021875322,0,0.48
2025-03-30 04:00:00,ETHUSDT,4h,2,down,0.44437364,0.48,0.03562635,0,0.48
2025-03-30 08:00:00,ETHUSDT,4h,1,down,0.5378385,0.48,0.05783853,1,0.5378385
2025-03-30 12:00:00,ETHUSDT,4h,2,up,0.474106,0.48,0.0058939755,0,0.48
2025-03-30 16:00:00,ETHUSDT,4h,2,down,0.44624737,0.48,0.03375262,0,0.48
2025-03-30 20:00:00,ETHUSDT,4h,2,down,0.45093924,0.48,0.029060751,0,0.48
2025-03-31 00:00:00,ETHUSDT,4h,2,up,0.52193445,0.48,0.04193446,0,0.48
2025-03-31 04:00:00,ETHUSDT,4h,2,up,0.4934923,0.48,0.013492316,0,0.48
2025-03-31 08:00:00,ETHUSDT,4h,2,up,0.44741133,0.48,0.03258866,0,0.48
2025-03-31 12:00:00,ETHUSDT,4h,2,down,0.43828222,0.48,0.041717768,0,0.48
2025-03-31 16:00:00,ETHUSDT,4h,2,down,0.50607693,0.48,0.026076943,0,0.48
2025-03-31 20:00:00,ETHUSDT,4h,2,up,0.5294196,0.48,0.04941961,0,0.48
2025-04-01 00:00:00,ETHUSDT,4h,0,up,0.39636183,0.48,0.08363816,1,0.39636183
2025-04-01 04:00:00,ETHUSDT,4h,0,up,0.4048535,0.48,0.0751465,1,0.4048535
2025-04-01 08:00:00,ETHUSDT,4h,2,up,0.47317073,0.48,0.006829262,0,0.48
2025-04-01 12:00:00,ETHUSDT,4h,2,down,0.4673944,0.48,0.012605578,0,0.48
2025-04-01 16:00:00,ETHUSDT,4h,2,down,0.49122098,0.48,0.011220992,0,0.48
2025-04-01 20:00:00,ETHUSDT,4h,2,down,0.5284787,0.48,0.048478693,0,0.48
2025-04-02 00:00:00,ETHUSDT,4h,1,down,0.58157235,0.48,0.101572365,1,0.58157235
2025-04-02 04:00:00,ETHUSDT,4h,1,up,0.55973715,0.48,0.07973716,1,0.55973715
2025-04-02 08:00:00,ETHUSDT,4h,1,up,0.5563114,0.48,0.07631144,1,0.5563114
2025-04-02 12:00:00,ETHUSDT,4h,2,up,0.51159596,0.48,0.031595975,0,0.48
2025-04-02 16:00:00,ETHUSDT,4h,2,down,0.48133433,0.48,0.0013343394,0,0.48
2025-04-02 20:00:00,ETHUSDT,4h,2,up,0.5127479,0.48,0.032747895,0,0.48
2025-04-03 00:00:00,ETHUSDT,4h,0,down,0.3710168,0.48,0.10898319,1,0.3710168
2025-04-03 04:00:00,ETHUSDT,4h,1,down,0.65235376,0.48,0.17235377,1,0.65235376
2025-04-03 08:00:00,ETHUSDT,4h,1,down,0.6105052,0.48,0.13050523,1,0.6105052
2025-04-03 12:00:00,ETHUSDT,4h,2,up,0.4449965,0.48,0.035003483,0,0.48
2025-04-03 16:00:00,ETHUSDT,4h,2,up,0.5133553,0.48,0.033355325,0,0.48
2025-04-03 20:00:00,ETHUSDT,4h,2,down,0.46607053,0.48,0.0139294565,0,0.48
2025-04-04 00:00:00,ETHUSDT,4h,1,up,0.5606277,0.48,0.08062771,1,0.5606277
2025-04-04 04:00:00,ETHUSDT,4h,2,down,0.46412745,0.48,0.015872538,0,0.48
2025-04-04 08:00:00,ETHUSDT,4h,1,up,0.5339191,0.48,0.053919107,1,0.5339191
2025-04-04 12:00:00,ETHUSDT,4h,2,up,0.4867267,0.48,0.006726712,0,0.48
2025-04-04 16:00:00,ETHUSDT,4h,2,up,0.46366164,0.48,0.016338348,0,0.48
2025-04-04 20:00:00,ETHUSDT,4h,2,down,0.49893168,0.48,0.018931687,0,0.48
2025-04-05 00:00:00,ETHUSDT,4h,1,up,0.57371765,0.48,0.093717664,1,0.57371765
2025-04-05 04:00:00,ETHUSDT,4h,2,down,0.44072583,0.48,0.039274156,0,0.48
2025-04-05 08:00:00,ETHUSDT,4h,2,down,0.527869,0.48,0.047868997,0,0.48
2025-04-05 12:00:00,ETHUSDT,4h,1,up,0.5464471,0.48,0.06644711,1,0.5464471
2025-04-05 16:00:00,ETHUSDT,4h,1,up,0.5683017,0.48,0.08830169,1,0.5683017
2025-04-05 20:00:00,ETHUSDT,4h,2,up,0.46126366,0.48,0.018736333,0,0.48
2025-04-06 00:00:00,ETHUSDT,4h,2,down,0.47266334,0.48,0.0073366463,0,0.48
2025-04-06 04:00:00,ETHUSDT,4h,1,down,0.54610604,0.48,0.06610605,1,0.54610604
2025-04-06 08:00:00,ETHUSDT,4h,2,down,0.51913244,0.48,0.039132446,0,0.48
2025-04-06 12:00:00,ETHUSDT,4h,2,down,0.4817316,0.48,0.0017316043,0,0.48
2025-04-06 16:00:00,ETHUSDT,4h,2,down,0.52766204,0.48,0.04766205,0,0.48
2025-04-06 20:00:00,ETHUSDT,4h,2,down,0.5028715,0.48,0.022871524,0,0.48
2025-04-07 00:00:00,ETHUSDT,4h,1,down,0.6601207,0.48,0.18012074,1,0.6601207
2025-04-07 04:00:00,ETHUSDT,4h,1,up,0.6206706,0.48,0.14067063,1,0.6206706
2025-04-07 08:00:00,ETHUSDT,4h,2,up,0.52673954,0.48,0.04673955,0,0.48
2025-04-07 12:00:00,ETHUSDT,4h,2,down,0.50569594,0.48,0.02569595,0,0.48
2025-04-07 16:00:00,ETHUSDT,4h,1,up,0.5513703,0.48,0.07137033,1,0.5513703
2025-04-07 20:00:00,ETHUSDT,4h,1,up,0.5463348,0.48,0.066334814,1,0.5463348
2025-04-08 00:00:00,ETHUSDT,4h,0,down,0.38385496,0.48,0.096145034,1,0.38385496
2025-04-08 04:00:00,ETHUSDT,4h,2,up,0.50694776,0.48,0.026947767,0,0.48
2025-04-08 08:00:00,ETHUSDT,4h,2,down,0.44882944,0.48,0.031170547,0,0.48
2025-04-08 12:00:00,ETHUSDT,4h,1,down,0.5752382,0.48,0.09523824,1,0.5752382
2025-04-08 16:00:00,ETHUSDT,4h,1,up,0.5406478,0.48,0.060647815,1,0.5406478
2025-04-08 20:00:00,ETHUSDT,4h,2,down,0.4699292,0.48,0.010070801,0,0.48
2025-04-09 00:00:00,ETHUSDT,4h,2,up,0.5280209,0.48,0.04802093,0,0.48
2025-04-09 04:00:00,ETHUSDT,4h,2,down,0.4511911,0.48,0.028808892,0,0.48
2025-04-09 08:00:00,ETHUSDT,4h,1,up,0.570127,0.48,0.09012702,1,0.570127
2025-04-09 12:00:00,ETHUSDT,4h,2,up,0.45989972,0.48,0.020100266,0,0.48
2025-04-09 16:00:00,ETHUSDT,4h,2,up,0.451332,0.48,0.028667986,0,0.48
2025-04-09 20:00:00,ETHUSDT,4h,0,down,0.42464185,0.48,0.05535814,1,0.42464185
2025-04-10 00:00:00,ETHUSDT,4h,1,down,0.5373248,0.48,0.057324797,1,0.5373248
2025-04-10 04:00:00,ETHUSDT,4h,2,down,0.52444816,0.48,0.044448167,0,0.48
2025-04-10 08:00:00,ETHUSDT,4h,1,down,0.5568846,0.48,0.0768846,1,0.5568846
2025-04-10 12:00:00,ETHUSDT,4h,1,up,0.5492126,0.48,0.069212586,1,0.5492126
2025-04-10 16:00:00,ETHUSDT,4h,0,up,0.42736328,0.48,0.052636713,1,0.42736328
2025-04-10 20:00:00,ETHUSDT,4h,2,up,0.5078671,0.48,0.027867109,0,0.48
2025-04-11 00:00:00,ETHUSDT,4h,2,up,0.49315906,0.48,0.013159066,0,0.48
2025-04-11 04:00:00,ETHUSDT,4h,2,up,0.5086906,0.48,0.028690606,0,0.48
2025-04-11 08:00:00,ETHUSDT,4h,2,up,0.48553458,0.48,0.0055345893,0,0.48
2025-04-11 12:00:00,ETHUSDT,4h,2,up,0.4593541,0.48,0.020645887,0,0.48
2025-04-11 16:00:00,ETHUSDT,4h,1,up,0.54687595,0.48,0.066875964,1,0.54687595
2025-04-11 20:00:00,ETHUSDT,4h,1,down,0.5311363,0.48,0.051136285,1,0.5311363
2025-04-12 00:00:00,ETHUSDT,4h,2,up,0.527405,0.48,0.047405034,0,0.48
2025-04-12 04:00:00,ETHUSDT,4h,2,up,0.48795,0.48,0.007950008,0,0.48
2025-04-12 08:00:00,ETHUSDT,4h,2,up,0.46447417,0.48,0.015525818,0,0.48
2025-04-12 12:00:00,ETHUSDT,4h,0,down,0.41909656,0.48,0.06090343,1,0.41909656
2025-04-12 16:00:00,ETHUSDT,4h,1,up,0.56457263,0.48,0.08457264,1,0.56457263
2025-04-12 20:00:00,ETHUSDT,4h,1,down,0.57251465,0.48,0.092514664,1,0.57251465
2025-04-13 00:00:00,ETHUSDT,4h,1,down,0.5725625,0.48,0.09256253,1,0.5725625
2025-04-13 04:00:00,ETHUSDT,4h,2,down,0.48372197,0.48,0.0037219822,0,0.48
2025-04-13 08:00:00,ETHUSDT,4h,1,down,0.5528,0.48,0.07280001,1,0.5528
2025-04-13 12:00:00,ETHUSDT,4h,1,up,0.5384897,0.48,0.05848971,1,0.5384897
2025-04-13 16:00:00,ETHUSDT,4h,1,up,0.5549287,0.48,0.07492873,1,0.5549287
2025-04-13 20:00:00,ETHUSDT,4h,2,up,0.47778326,0.48,0.0022167265,0,0.48
2025-04-14 00:00:00,ETHUSDT,4h,2,up,0.48679346,0.48,0.006793469,0,0.48
2025-04-14 04:00:00,ETHUSDT,4h,2,up,0.435709,0.48,0.04429099,0,0.48
2025-04-14 08:00:00,ETHUSDT,4h,2,down,0.43000117,0.48,0.04999882,0,0.48
2025-04-14 12:00:00,ETHUSDT,4h,1,up,0.59134644,0.48,0.11134645,1,0.59134644
2025-04-14 16:00:00,ETHUSDT,4h,2,down,0.48731843,0.48,0.007318437,0,0.48
2025-04-14 20:00:00,ETHUSDT,4h,1,up,0.5664816,0.48,0.0864816,1,0.5664816
2025-04-15 00:00:00,ETHUSDT,4h,0,up,0.42986247,0.48,0.05013752,1,0.42986247
2025-04-15 04:00:00,ETHUSDT,4h,0,down,0.40799555,0.48,0.07200444,1,0.40799555
2025-04-15 08:00:00,ETHUSDT,4h,1,down,0.54260486,0.48,0.062604874,1,0.54260486
2025-04-15 12:00:00,ETHUSDT,4h,1,down,0.5381635,0.48,0.058163494,1,0.5381635
2025-04-15 16:00:00,ETHUSDT,4h,1,down,0.6219373,0.48,0.14193729,1,0.6219373
2025-04-15 20:00:00,ETHUSDT,4h,1,up,0.6291444,0.48,0.14914438,1,0.6291444
2025-04-16 00:00:00,ETHUSDT,4h,2,down,0.51755744,0.48,0.037557453,0,0.48
2025-04-16 04:00:00,ETHUSDT,4h,1,up,0.60150796,0.48,0.12150797,1,0.60150796
2025-04-16 08:00:00,ETHUSDT,4h,2,up,0.49125072,0.48,0.011250734,0,0.48
2025-04-16 12:00:00,ETHUSDT,4h,2,down,0.48566738,0.48,0.0056673884,0,0.48
2025-04-16 16:00:00,ETHUSDT,4h,0,down,0.40025002,0.48,0.07974997,1,0.40025002
2025-04-16 20:00:00,ETHUSDT,4h,1,up,0.57724196,0.48,0.09724197,1,0.57724196
2025-04-17 00:00:00,ETHUSDT,4h,2,up,0.49085954,0.48,0.010859549,0,0.48
2025-04-17 04:00:00,ETHUSDT,4h,2,down,0.44665253,0.48,0.033347458,0,0.48
2025-04-17 08:00:00,ETHUSDT,4h,1,down,0.5404737,0.48,0.06047371,1,0.5404737
2025-04-17 12:00:00,ETHUSDT,4h,2,down,0.5289628,0.48,0.0489628,0,0.48
2025-04-17 16:00:00,ETHUSDT,4h,2,up,0.5228325,0.48,0.042832524,0,0.48
2025-04-17 20:00:00,ETHUSDT,4h,2,up,0.5239299,0.48,0.043929905,0,0.48
2025-04-18 00:00:00,ETHUSDT,4h,2,down,0.4683331,0.48,0.011666894,0,0.48
2025-04-18 04:00:00,ETHUSDT,4h,2,up,0.4623835,0.48,0.01761648,0,0.48
2025-04-18 08:00:00,ETHUSDT,4h,2,down,0.44238552,0.48,0.037614465,0,0.48
2025-04-18 12:00:00,ETHUSDT,4h,2,up,0.5118156,0.48,0.03181562,0,0.48
2025-04-18 16:00:00,ETHUSDT,4h,2,down,0.44590127,0.48,0.034098715,0,0.48
2025-04-18 20:00:00,ETHUSDT,4h,2,up,0.49557546,0.48,0.015575469,0,0.48
2025-04-19 00:00:00,ETHUSDT,4h,2,up,0.45826516,0.48,0.021734834,0,0.48
2025-04-19 04:00:00,ETHUSDT,4h,2,down,0.46218103,0.48,0.017818958,0,0.48
2025-04-19 08:00:00,ETHUSDT,4h,2,up,0.4829587,0.48,0.002958715,0,0.48
2025-04-19 12:00:00,ETHUSDT,4h,0,up,0.42392066,0.48,0.056079328,1,0.42392066
2025-04-19 16:00:00,ETHUSDT,4h,0,down,0.42777702,0.48,0.052222967,1,0.42777702
2025-04-19 20:00:00,ETHUSDT,4h,2,down,0.44784653,0.48,0.032153457,0,0.48
2025-04-20 00:00:00,ETHUSDT,4h,2,down,0.43216136,0.48,0.04783863,0,0.48
2025-04-20 04:00:00,ETHUSDT,4h,2,down,0.4667387,0.48,0.013261288,0,0.48
2025-04-20 08:00:00,ETHUSDT,4h,1,up,0.54602176,0.48,0.06602177,1,0.54602176
2025-04-20 12:00:00,ETHUSDT,4h,1,up,0.5774607,0.48,0.09746072,1,0.5774607
2025-04-20 16:00:00,ETHUSDT,4h,2,up,0.472052,0.48,0.007947981,0,0.48
2025-04-20 20:00:00,ETHUSDT,4h,2,up,0.48824865,0.48,0.008248657,0,0.48
2025-04-21 00:00:00,ETHUSDT,4h,1,up,0.5880334,0.48,0.10803339,1,0.5880334
2025-04-21 04:00:00,ETHUSDT,4h,2,down,0.5296312,0.48,0.04963121,0,0.48
2025-04-21 08:00:00,ETHUSDT,4h,1,down,0.5932378,0.48,0.11323783,1,0.5932378
2025-04-21 12:00:00,ETHUSDT,4h,2,down,0.5042758,0.48,0.02427581,0,0.48
2025-04-21 16:00:00,ETHUSDT,4h,2,up,0.5016281,0.48,0.021628112,0,0.48
2025-04-21 20:00:00,ETHUSDT,4h,0,down,0.42371994,0.48,0.056280047,1,0.42371994
2025-04-22 00:00:00,ETHUSDT,4h,0,up,0.41769496,0.48,0.062305033,1,0.41769496
2025-04-22 04:00:00,ETHUSDT,4h,0,up,0.42203632,0.48,0.05796367,1,0.42203632
2025-04-22 08:00:00,ETHUSDT,4h,0,up,0.36383596,0.48,0.11616403,1,0.36383596
2025-04-22 12:00:00,ETHUSDT,4h,2,down,0.5006383,0.48,0.020638317,0,0.48
2025-04-22 16:00:00,ETHUSDT,4h,1,up,0.5746792,0.48,0.09467921,1,0.5746792
2025-04-22 20:00:00,ETHUSDT,4h,2,up,0.44681388,0.48,0.033186108,0,0.48
2025-04-23 00:00:00,ETHUSDT,4h,2,down,0.44426137,0.48,0.035738617,0,0.48
2025-04-23 04:00:00,ETHUSDT,4h,1,up,0.62979674,0.48,0.14979675,1,0.62979674
2025-04-23 08:00:00,ETHUSDT,4h,1,down,0.55400354,0.48,0.07400355,1,0.55400354
2025-04-23 12:00:00,ETHUSDT,4h,1,down,0.5787973,0.48,0.09879729,1,0.5787973
2025-04-23 16:00:00,ETHUSDT,4h,1,up,0.5724218,0.48,0.0924218,1,0.5724218
2025-04-23 20:00:00,ETHUSDT,4h,2,down,0.50423604,0.48,0.024236053,0,0.48
2025-04-24 00:00:00,ETHUSDT,4h,1,down,0.5683896,0.48,0.088389605,1,0.5683896
2025-04-24 04:00:00,ETHUSDT,4h,1,down,0.6277302,0.48,0.1477302,1,0.6277302
2025-04-24 08:00:00,ETHUSDT,4h,2,up,0.4703226,0.48,0.00967738,0,0.48
2025-04-24 12:00:00,ETHUSDT,4h,2,down,0.46490958,0.48,0.015090406,0,0.48
2025-04-24 16:00:00,ETHUSDT,4h,2,up,0.50706244,0.48,0.027062446,0,0.48
2025-04-24 20:00:00,ETHUSDT,4h,2,down,0.48483968,0.48,0.0048396885,0,0.48
2025-04-25 00:00:00,ETHUSDT,4h,2,up,0.52682495,0.48,0.046824962,0,0.48
2025-04-25 04:00:00,ETHUSDT,4h,2,up,0.44870812,0.48,0.031291872,0,0.48
2025-04-25 08:00:00,ETHUSDT,4h,0,up,0.41432905,0.48,0.06567094,1,0.41432905
2025-04-25 12:00:00,ETHUSDT,4h,2,down,0.45011535,0.48,0.029884636,0,0.48
2025-04-25 16:00:00,ETHUSDT,4h,2,down,0.44864616,0.48,0.03135383,0,0.48
2025-04-25 20:00:00,ETHUSDT,4h,1,up,0.5624455,0.48,0.08244553,1,0.5624455
2025-04-26 00:00:00,ETHUSDT,4h,2,up,0.5209976,0.48,0.040997595,0,0.48
2025-04-26 04:00:00,ETHUSDT,4h,2,down,0.44395012,0.48,0.036049873,0,0.48
2025-04-26 08:00:00,ETHUSDT,4h,2,up,0.50329685,0.48,0.023296863,0,0.48
2025-04-26 12:00:00,ETHUSDT,4h,0,up,0.42820212,0.48,0.051797867,1,0.42820212
2025-04-26 16:00:00,ETHUSDT,4h,0,up,0.41724426,0.48,0.062755734,1,0.41724426
2025-04-26 20:00:00,ETHUSDT,4h,2,down,0.4374303,0.48,0.042569697,0,0.48
2025-04-27 00:00:00,ETHUSDT,4h,2,down,0.50809896,0.48,0.02809897,0,0.48
2025-04-27 04:00:00,ETHUSDT,4h,2,up,0.5087213,0.48,0.028721303,0,0.48
2025-04-27 08:00:00,ETHUSDT,4h,2,down,0.5051085,0.48,0.025108486,0,0.48
2025-04-27 12:00:00,ETHUSDT,4h,2,up,0.47652614,0.48,0.003473848,0,0.48
2025-04-27 16:00:00,ETHUSDT,4h,2,down,0.43524382,0.48,0.044756174,0,0.48
2025-04-27 20:00:00,ETHUSDT,4h,2,down,0.51155514,0.48,0.031555146,0,0.48
2025-04-28 00:00:00,ETHUSDT,4h,2,up,0.47077024,0.48,0.009229749,0,0.48
2025-04-28 04:00:00,ETHUSDT,4h,0,up,0.41318256,0.48,0.06681743,1,0.41318256
2025-04-28 08:00:00,ETHUSDT,4h,2,down,0.44785082,0.48,0.032149166,0,0.48
2025-04-28 12:00:00,ETHUSDT,4h,1,up,0.59067285,0.48,0.11067286,1,0.59067285
2025-04-28 16:00:00,ETHUSDT,4h,0,up,0.42881036,0.48,0.05118963,1,0.42881036
2025-04-28 20:00:00,ETHUSDT,4h,2,up,0.4649891,0.48,0.015010893,0,0.48
2025-04-29 00:00:00,ETHUSDT,4h,2,up,0.47446647,0.48,0.0055335164,0,0.48
2025-04-29 04:00:00,ETHUSDT,4h,2,up,0.44792888,0.48,0.032071114,0,0.48
2025-04-29 08:00:00,ETHUSDT,4h,2,down,0.5094525,0.48,0.029452533,0,0.48
2025-04-29 12:00:00,ETHUSDT,4h,2,up,0.5187103,0.48,0.038710326,0,0.48
2025-04-29 16:00:00,ETHUSDT,4h,2,down,0.45711544,0.48,0.022884548,0,0.48
2025-04-29 20:00:00,ETHUSDT,4h,1,up,0.546254,0.48,0.06625399,1,0.546254
2025-04-30 00:00:00,ETHUSDT,4h,2,down,0.46563655,0.48,0.014363438,0,0.48
2025-04-30 04:00:00,ETHUSDT,4h,1,up,0.5737938,0.48,0.09379384,1,0.5737938
2025-04-30 08:00:00,ETHUSDT,4h,2,down,0.45788944,0.48,0.022110552,0,0.48
2025-04-30 12:00:00,ETHUSDT,4h,2,up,0.4359958,0.48,0.044004202,0,0.48
2025-04-30 16:00:00,ETHUSDT,4h,2,up,0.45579863,0.48,0.024201363,0,0.48
2025-04-30 20:00:00,ETHUSDT,4h,2,up,0.5162736,0.48,0.03627363,0,0.48
2025-05-01 00:00:00,ETHUSDT,4h,2,up,0.46858108,0.48,0.011418909,0,0.48
2025-05-01 04:00:00,ETHUSDT,4h,2,up,0.4890858,0.48,0.009085804,0,0.48
2025-05-01 08:00:00,ETHUSDT,4h,2,up,0.43775043,0.48,0.04224956,0,0.48
2025-05-01 12:00:00,ETHUSDT,4h,2,down,0.50234574,0.48,0.022345752,0,0.48
2025-05-01 16:00:00,ETHUSDT,4h,1,down,0.6278923,0.48,0.14789233,1,0.6278923
2025-05-01 20:00:00,ETHUSDT,4h,1,up,0.592276,0.48,0.11227599,1,0.592276
2025-05-02 00:00:00,ETHUSDT,4h,2,down,0.44387984,0.48,0.036120147,0,0.48
2025-05-02 04:00:00,ETHUSDT,4h,1,up,0.58838505,0.48,0.108385056,1,0.58838505
2025-05-02 08:00:00,ETHUSDT,4h,2,up,0.45367095,0.48,0.02632904,0,0.48
2025-05-02 12:00:00,ETHUSDT,4h,2,down,0.45226014,0.48,0.027739853,0,0.48
2025-05-02 16:00:00,ETHUSDT,4h,1,up,0.54318297,0.48,0.06318298,1,0.54318297
2025-05-02 20:00:00,ETHUSDT,4h,2,down,0.4697439,0.48,0.010256082,0,0.48
2025-05-03 00:00:00,ETHUSDT,4h,2,down,0.5147198,0.48,0.034719795,0,0.48
2025-05-03 04:00:00,ETHUSDT,4h,2,down,0.5221356,0.48,0.042135626,0,0.48
2025-05-03 08:00:00,ETHUSDT,4h,2,up,0.5062868,0.48,0.02628681,0,0.48
2025-05-03 12:00:00,ETHUSDT,4h,2,up,0.4478732,0.48,0.032126784,0,0.48
2025-05-03 16:00:00,ETHUSDT,4h,0,down,0.3962861,0.48,0.08371389,1,0.3962861
2025-05-03 20:00:00,ETHUSDT,4h,2,down,0.4793916,0.48,0.0006083846,0,0.48
2025-05-04 00:00:00,ETHUSDT,4h,2,up,0.48915794,0.48,0.009157956,0,0.48
2025-05-04 04:00:00,ETHUSDT,4h,2,down,0.43263292,0.48,0.047367066,0,0.48
2025-05-04 08:00:00,ETHUSDT,4h,2,up,0.4725562,0.48,0.0074437857,0,0.48
2025-05-04 12:00:00,ETHUSDT,4h,2,down,0.4478732,0.48,0.032126784,0,0.48
2025-05-04 16:00:00,ETHUSDT,4h,2,down,0.4805695,0.48,0.0005695224,0,0.48
2025-05-04 20:00:00,ETHUSDT,4h,2,down,0.5044616,0.48,0.024461597,0,0.48
2025-05-05 00:00:00,ETHUSDT,4h,1,up,0.54695845,0.48,0.06695846,1,0.54695845
2025-05-05 04:00:00,ETHUSDT,4h,2,down,0.46992308,0.48,0.01007691,0,0.48
2025-05-05 08:00:00,ETHUSDT,4h,1,down,0.5716663,0.48,0.09166631,1,0.5716663
2025-05-05 12:00:00,ETHUSDT,4h,1,up,0.5514393,0.48,0.071439296,1,0.5514393
2025-05-05 16:00:00,ETHUSDT,4h,2,up,0.4686145,0.48,0.0113855,0,0.48
2025-05-05 20:00:00,ETHUSDT,4h,2,down,0.4863583,0.48,0.0063583255,0,0.48
2025-05-06 00:00:00,ETHUSDT,4h,2,down,0.52822006,0.48,0.04822007,0,0.48
2025-05-06 04:00:00,ETHUSDT,4h,2,down,0.47364295,0.48,0.006357044,0,0.48
2025-05-06 08:00:00,ETHUSDT,4h,2,up,0.5001064,0.48,0.020106405,0,0.48
2025-05-06 12:00:00,ETHUSDT,4h,2,up,0.49985877,0.48,0.019858778,0,0.48
2025-05-06 16:00:00,ETHUSDT,4h,2,up,0.4749604,0.48,0.0050396025,0,0.48
2025-05-06 20:00:00,ETHUSDT,4h,2,up,0.46076408,0.48,0.019235909,0,0.48
2025-05-07 00:00:00,ETHUSDT,4h,1,up,0.5723434,0.48,0.09234342,1,0.5723434
2025-05-07 04:00:00,ETHUSDT,4h,0,down,0.37869343,0.48,0.10130656,1,0.37869343
2025-05-07 08:00:00,ETHUSDT,4h,2,down,0.50383794,0.48,0.023837954,0,0.48
2025-05-07 12:00:00,ETHUSDT,4h,2,down,0.5218087,0.48,0.041808695,0,0.48
2025-05-07 16:00:00,ETHUSDT,4h,1,up,0.5379211,0.48,0.05792108,1,0.5379211
2025-05-07 20:00:00,ETHUSDT,4h,2,up,0.4653191,0.48,0.014680892,0,0.48
2025-05-08 00:00:00,ETHUSDT,4h,1,up,0.54837036,0.48,0.06837037,1,0.54837036
2025-05-08 04:00:00,ETHUSDT,4h,2,up,0.46681383,0.48,0.013186157,0,0.48
2025-05-08 08:00:00,ETHUSDT,4h,2,up,0.47416046,0.48,0.0058395267,0,0.48
2025-05-08 12:00:00,ETHUSDT,4h,2,up,0.5147846,0.48,0.034784585,0,0.48
2025-05-08 16:00:00,ETHUSDT,4h,2,up,0.44204646,0.48,0.037953526,0,0.48
2025-05-08 20:00:00,ETHUSDT,4h,0,down,0.4178941,0.48,0.062105894,1,0.4178941
2025-05-09 00:00:00,ETHUSDT,4h,1,up,0.6914203,0.48,0.21142033,1,0.6914203
2025-05-09 04:00:00,ETHUSDT,4h,2,down,0.44700307,0.48,0.032996923,0,0.48
2025-05-09 08:00:00,ETHUSDT,4h,1,down,0.6374014,0.48,0.15740141,1,0.6374014
2025-05-09 12:00:00,ETHUSDT,4h,1,up,0.67699,0.48,0.19698998,1,0.67699
2025-05-09 16:00:00,ETHUSDT,4h,0,up,0.38930702,0.48,0.09069297,1,0.38930702
2025-05-09 20:00:00,ETHUSDT,4h,0,down,0.42066327,0.48,0.059336722,1,0.42066327
2025-05-10 00:00:00,ETHUSDT,4h,2,up,0.5230824,0.48,0.043082386,0,0.48
2025-05-10 04:00:00,ETHUSDT,4h,0,down,0.37606525,0.48,0.103934735,1,0.37606525
2025-05-10 08:00:00,ETHUSDT,4h,1,up,0.57220167,0.48,0.09220168,1,0.57220167
2025-05-10 12:00:00,ETHUSDT,4h,0,up,0.3987332,0.48,0.08126679,1,0.3987332
2025-05-10 16:00:00,ETHUSDT,4h,0,up,0.36610353,0.48,0.11389646,1,0.36610353
2025-05-10 20:00:00,ETHUSDT,4h,0,down,0.39538887,0.48,0.08461112,1,0.39538887
2025-05-11 00:00:00,ETHUSDT,4h,1,down,0.6024805,0.48,0.12248048,1,0.6024805
2025-05-11 04:00:00,ETHUSDT,4h,1,up,0.6149252,0.48,0.13492522,1,0.6149252
2025-05-11 08:00:00,ETHUSDT,4h,2,down,0.45122284,0.48,0.028777152,0,0.48
2025-05-11 12:00:00,ETHUSDT,4h,1,up,0.58728415,0.48,0.10728416,1,0.58728415
2025-05-11 16:00:00,ETHUSDT,4h,2,up,0.46234432,0.48,0.01765567,0,0.48
2025-05-11 20:00:00,ETHUSDT,4h,0,up,0.4237044,0.48,0.056295604,1,0.4237044
2025-05-12 00:00:00,ETHUSDT,4h,2,up,0.5189961,0.48,0.03899613,0,0.48
2025-05-12 04:00:00,ETHUSDT,4h,2,down,0.52222234,0.48,0.04222235,0,0.48
2025-05-12 08:00:00,ETHUSDT,4h,1,down,0.6238101,0.48,0.14381012,1,0.6238101
2025-05-12 12:00:00,ETHUSDT,4h,1,down,0.5560687,0.48,0.07606873,1,0.5560687
2025-05-12 16:00:00,ETHUSDT,4h,1,up,0.54544854,0.48,0.06544855,1,0.54544854
2025-05-12 20:00:00,ETHUSDT,4h,2,down,0.49122453,0.48,0.011224538,0,0.48
2025-05-13 00:00:00,ETHUSDT,4h,1,up,0.61064327,0.48,0.13064328,1,0.61064327
2025-05-13 04:00:00,ETHUSDT,4h,2,up,0.48439488,0.48,0.004394889,0,0.48
2025-05-13 08:00:00,ETHUSDT,4h,2,up,0.43322515,0.48,0.046774834,0,0.48
2025-05-13 12:00:00,ETHUSDT,4h,2,up,0.44507977,0.48,0.034920216,0,0.48
2025-05-13 16:00:00,ETHUSDT,4h,2,down,0.4806927,0.48,0.0006927252,0,0.48
2025-05-13 20:00:00,ETHUSDT,4h,1,down,0.60684615,0.48,0.12684616,1,0.60684615
2025-05-14 00:00:00,ETHUSDT,4h,1,down,0.65048707,0.48,0.17048708,1,0.65048707
2025-05-14 04:00:00,ETHUSDT,4h,1,down,0.65085626,0.48,0.17085627,1,0.65085626
2025-05-14 08:00:00,ETHUSDT,4h,2,down,0.46998572,0.48,0.010014266,0,0.48
2025-05-14 12:00:00,ETHUSDT,4h,1,up,0.53712934,0.48,0.057129353,1,0.53712934
2025-05-14 16:00:00,ETHUSDT,4h,0,up,0.42855996,0.48,0.05144003,1,0.42855996
2025-05-14 20:00:00,ETHUSDT,4h,2,down,0.5077031,0.48,0.027703136,0,0.48
2025-05-15 00:00:00,ETHUSDT,4h,1,down,0.59076285,0.48,0.110762864,1,0.59076285
2025-05-15 04:00:00,ETHUSDT,4h,1,up,0.6347173,0.48,0.1547173,1,0.6347173
2025-05-15 08:00:00,ETHUSDT,4h,2,up,0.48657712,0.48,0.006577134,0,0.48
2025-05-15 12:00:00,ETHUSDT,4h,2,down,0.4552264,0.48,0.024773598,0,0.48
2025-05-15 16:00:00,ETHUSDT,4h,1,up,0.57948637,0.48,0.09948638,1,0.57948637
2025-05-15 20:00:00,ETHUSDT,4h,2,up,0.509398,0.48,0.029397994,0,0.48
2025-05-16 00:00:00,ETHUSDT,4h,2,up,0.44397718,0.48,0.036022812,0,0.48
2025-05-16 04:00:00,ETHUSDT,4h,2,up,0.43219158,0.48,0.04780841,0,0.48
2025-05-16 08:00:00,ETHUSDT,4h,2,down,0.44795215,0.48,0.032047838,0,0.48
2025-05-16 12:00:00,ETHUSDT,4h,1,down,0.58068806,0.48,0.10068807,1,0.58068806
2025-05-16 16:00:00,ETHUSDT,4h,2,down,0.5012765,0.48,0.021276504,0,0.48
2025-05-16 20:00:00,ETHUSDT,4h,1,down,0.5726541,0.48,0.09265414,1,0.5726541
2025-05-17 00:00:00,ETHUSDT,4h,2,down,0.48143664,0.48,0.0014366508,0,0.48
2025-05-17 04:00:00,ETHUSDT,4h,1,down,0.5938635,0.48,0.1138635,1,0.5938635
2025-05-17 08:00:00,ETHUSDT,4h,1,down,0.5565585,0.48,0.0765585,1,0.5565585
2025-05-17 12:00:00,ETHUSDT,4h,1,down,0.5578081,0.48,0.07780811,1,0.5578081
2025-05-17 16:00:00,ETHUSDT,4h,1,up,0.5959169,0.48,0.11591694,1,0.5959169
2025-05-17 20:00:00,ETHUSDT,4h,1,up,0.5329613,0.48,0.05296132,1,0.5329613
2025-05-18 00:00:00,ETHUSDT,4h,1,up,0.5460986,0.48,0.0660986,1,0.5460986
2025-05-18 04:00:00,ETHUSDT,4h,2,down,0.46967047,0.48,0.010329515,0,0.48
2025-05-18 08:00:00,ETHUSDT,4h,1,up,0.5580032,0.48,0.0780032,1,0.5580032
2025-05-18 12:00:00,ETHUSDT,4h,0,down,0.41187358,0.48,0.06812641,1,0.41187358
2025-05-18 16:00:00,ETHUSDT,4h,1,up,0.5375178,0.48,0.057517797,1,0.5375178
2025-05-18 20:00:00,ETHUSDT,4h,0,down,0.36183468,0.48,0.118165314,1,0.36183468
2025-05-19 00:00:00,ETHUSDT,4h,1,up,0.60033464,0.48,0.120334655,1,0.60033464
2025-05-19 04:00:00,ETHUSDT,4h,0,up,0.4274565,0.48,0.05254349,1,0.4274565
2025-05-19 08:00:00,ETHUSDT,4h,0,up,0.37959766,0.48,0.100402325,1,0.37959766
2025-05-19 12:00:00,ETHUSDT,4h,2,up,0.4598484,0.48,0.020151585,0,0.48
2025-05-19 16:00:00,ETHUSDT,4h,0,up,0.3729556,0.48,0.1070444,1,0.3729556
2025-05-19 20:00:00,ETHUSDT,4h,0,up,0.41789532,0.48,0.062104672,1,0.41789532
2025-05-20 00:00:00,ETHUSDT,4h,2,down,0.5214778,0.48,0.04147783,0,0.48
2025-05-20 04:00:00,ETHUSDT,4h,1,down,0.5962057,0.48,0.11620572,1,0.5962057
2025-05-20 08:00:00,ETHUSDT,4h,1,down,0.5696504,0.48,0.08965042,1,0.5696504
2025-05-20 12:00:00,ETHUSDT,4h,1,up,0.5417578,0.48,0.061757833,1,0.5417578
2025-05-20 16:00:00,ETHUSDT,4h,0,up,0.41404393,0.48,0.065956056,1,0.41404393
2025-05-20 20:00:00,ETHUSDT,4h,2,up,0.43946877,0.48,0.040531218,0,0.48
2025-05-21 00:00:00,ETHUSDT,4h,0,up,0.41754594,0.48,0.062454045,1,0.41754594
2025-05-21 04:00:00,ETHUSDT,4h,2,down,0.5265234,0.48,0.046523422,0,0.48
2025-05-21 08:00:00,ETHUSDT,4h,1,up,0.57988787,0.48,0.09988788,1,0.57988787
2025-05-21 12:00:00,ETHUSDT,4h,2,down,0.45701763,0.48,0.022982359,0,0.48
2025-05-21 16:00:00,ETHUSDT,4h,2,up,0.4859374,0.48,0.0059373975,0,0.48
2025-05-21 20:00:00,ETHUSDT,4h,2,up,0.46847865,0.48,0.011521339,0,0.48
2025-05-22 00:00:00,ETHUSDT,4h,0,up,0.41644114,0.48,0.06355885,1,0.41644114
2025-05-22 04:00:00,ETHUSDT,4h,2,up,0.4352874,0.48,0.044712603,0,0.48
2025-05-22 08:00:00,ETHUSDT,4h,1,up,0.5382071,0.48,0.058207124,1,0.5382071
2025-05-22 12:00:00,ETHUSDT,4h,2,down,0.44156426,0.48,0.038435727,0,0.48
2025-05-22 16:00:00,ETHUSDT,4h,1,up,0.6073545,0.48,0.12735453,1,0.6073545
2025-05-22 20:00:00,ETHUSDT,4h,2,up,0.46159014,0.48,0.018409848,0,0.48
2025-05-23 00:00:00,ETHUSDT,4h,2,down,0.4380873,0.48,0.041912675,0,0.48
2025-05-23 04:00:00,ETHUSDT,4h,1,down,0.5696599,0.48,0.0896599,1,0.5696599
2025-05-23 08:00:00,ETHUSDT,4h,1,up,0.61155206,0.48,0.13155207,1,0.61155206
2025-05-23 12:00:00,ETHUSDT,4h,0,down,0.40171754,0.48,0.078282446,1,0.40171754
2025-05-23 16:00:00,ETHUSDT,4h,1,down,0.61287576,0.48,0.13287577,1,0.61287576
2025-05-23 20:00:00,ETHUSDT,4h,1,up,0.62587804,0.48,0.14587805,1,0.62587804
2025-05-24 00:00:00,ETHUSDT,4h,1,down,0.5317852,0.48,0.0517852,1,0.5317852
2025-05-24 04:00:00,ETHUSDT,4h,1,up,0.5625391,0.48,0.08253911,1,0.5625391
2025-05-24 08:00:00,ETHUSDT,4h,2,down,0.5290434,0.48,0.049043387,0,0.48
2025-05-24 12:00:00,ETHUSDT,4h,1,down,0.56031144,0.48,0.08031145,1,0.56031144
2025-05-24 16:00:00,ETHUSDT,4h,1,down,0.5540625,0.48,0.0740625,1,0.5540625
2025-05-24 20:00:00,ETHUSDT,4h,1,down,0.5673226,0.48,0.08732262,1,0.5673226
2025-05-25 00:00:00,ETHUSDT,4h,2,down,0.4652219,0.48,0.014778078,0,0.48
2025-05-25 04:00:00,ETHUSDT,4h,1,up,0.5859374,0.48,0.10593739,1,0.5859374
2025-05-25 08:00:00,ETHUSDT,4h,2,up,0.48629263,0.48,0.006292641,0,0.48
2025-05-25 12:00:00,ETHUSDT,4h,2,up,0.47944996,0.48,0.00055003166,0,0.48
2025-05-25 16:00:00,ETHUSDT,4h,2,up,0.4555848,0.48,0.024415195,0,0.48
2025-05-25 20:00:00,ETHUSDT,4h,2,up,0.45357394,0.48,0.026426047,0,0.48
2025-05-26 00:00:00,ETHUSDT,4h,2,up,0.46625748,0.48,0.0137425065,0,0.48
2025-05-26 04:00:00,ETHUSDT,4h,2,down,0.43498123,0.48,0.045018762,0,0.48
2025-05-26 08:00:00,ETHUSDT,4h,2,down,0.52015126,0.48,0.04015127,0,0.48
2025-05-26 12:00:00,ETHUSDT,4h,2,down,0.43035877,0.48,0.04964122,0,0.48
2025-05-26 16:00:00,ETHUSDT,4h,1,up,0.5387865,0.48,0.05878648,1,0.5387865
2025-05-26 20:00:00,ETHUSDT,4h,2,down,0.43618804,0.48,0.043811947,0,0.48
2025-05-27 00:00:00,ETHUSDT,4h,0,up,0.41561902,0.48,0.06438097,1,0.41561902
2025-05-27 04:00:00,ETHUSDT,4h,1,up,0.5363326,0.48,0.056332618,1,0.5363326
2025-05-27 08:00:00,ETHUSDT,4h,2,up,0.45774713,0.48,0.022252858,0,0.48
2025-05-27 12:00:00,ETHUSDT,4h,2,up,0.44484285,0.48,0.035157144,0,0.48
2025-05-27 16:00:00,ETHUSDT,4h,1,down,0.5399408,0.48,0.059940785,1,0.5399408
2025-05-27 20:00:00,ETHUSDT,4h,1,down,0.6230164,0.48,0.14301643,1,0.6230164
2025-05-28 00:00:00,ETHUSDT,4h,0,down,0.38292927,0.48,0.097070724,1,0.38292927
2025-05-28 04:00:00,ETHUSDT,4h,1,up,0.540062,0.48,0.06006202,1,0.540062
2025-05-28 08:00:00,ETHUSDT,4h,0,down,0.40760696,0.48,0.07239303,1,0.40760696
2025-05-28 12:00:00,ETHUSDT,4h,1,down,0.5329651,0.48,0.052965134,1,0.5329651
2025-05-28 16:00:00,ETHUSDT,4h,1,up,0.60190433,0.48,0.12190434,1,0.60190433
2025-05-28 20:00:00,ETHUSDT,4h,0,up,0.41298217,0.48,0.06701782,1,0.41298217
2025-05-29 00:00:00,ETHUSDT,4h,2,down,0.43657705,0.48,0.043422937,0,0.48
2025-05-29 04:00:00,ETHUSDT,4h,1,down,0.57204294,0.48,0.09204295,1,0.57204294
2025-05-29 08:00:00,ETHUSDT,4h,1,down,0.61830723,0.48,0.13830724,1,0.61830723
2025-05-29 12:00:00,ETHUSDT,4h,1,up,0.5760683,0.48,0.09606829,1,0.5760683
2025-05-29 16:00:00,ETHUSDT,4h,2,down,0.5126712,0.48,0.032671183,0,0.48
2025-05-29 20:00:00,ETHUSDT,4h,1,down,0.6510541,0.48,0.1710541,1,0.6510541
2025-05-30 00:00:00,ETHUSDT,4h,0,down,0.42730826,0.48,0.052691728,1,0.42730826
2025-05-30 04:00:00,ETHUSDT,4h,1,up,0.63955516,0.48,0.15955517,1,0.63955516
2025-05-30 08:00:00,ETHUSDT,4h,2,down,0.45857346,0.48,0.021426529,0,0.48
2025-05-30 12:00:00,ETHUSDT,4h,1,down,0.5571596,0.48,0.07715961,1,0.5571596
2025-05-30 16:00:00,ETHUSDT,4h,2,down,0.50886464,0.48,0.028864652,0,0.48
2025-05-30 20:00:00,ETHUSDT,4h,1,down,0.63623375,0.48,0.15623376,1,0.63623375
2025-05-31 00:00:00,ETHUSDT,4h,2,up,0.49024352,0.48,0.010243535,0,0.48
2025-05-31 04:00:00,ETHUSDT,4h,1,down,0.54410017,0.48,0.064100176,1,0.54410017
2025-05-31 08:00:00,ETHUSDT,4h,1,up,0.53015727,0.48,0.05015728,1,0.53015727
2025-05-31 12:00:00,ETHUSDT,4h,2,up,0.46246418,0.48,0.017535806,0,0.48
2025-05-31 16:00:00,ETHUSDT,4h,2,down,0.4833525,0.48,0.0033525229,0,0.48
2025-05-31 20:00:00,ETHUSDT,4h,2,down,0.5246082,0.48,0.044608206,0,0.48
2025-06-01 00:00:00,ETHUSDT,4h,2,down,0.49877432,0.48,0.01877433,0,0.48
2025-06-01 04:00:00,ETHUSDT,4h,1,down,0.5845909,0.48,0.10459092,1,0.5845909
2025-06-01 08:00:00,ETHUSDT,4h,2,up,0.4934559,0.48,0.013455898,0,0.48
2025-06-01 12:00:00,ETHUSDT,4h,0,up,0.4273127,0.48,0.052687287,1,0.4273127
2025-06-01 16:00:00,ETHUSDT,4h,2,up,0.43174052,0.48,0.048259467,0,0.48
2025-06-01 20:00:00,ETHUSDT,4h,2,down,0.44073778,0.48,0.039262205,0,0.48
2025-06-02 00:00:00,ETHUSDT,4h,1,up,0.54859847,0.48,0.06859848,1,0.54859847
2025-06-02 04:00:00,ETHUSDT,4h,2,down,0.45573235,0.48,0.024267644,0,0.48
2025-06-02 08:00:00,ETHUSDT,4h,1,up,0.5644628,0.48,0.08446279,1,0.5644628
2025-06-02 12:00:00,ETHUSDT,4h,2,down,0.47343794,0.48,0.006562054,0,0.48
2025-06-02 16:00:00,ETHUSDT,4h,1,up,0.57462585,0.48,0.09462586,1,0.57462585
2025-06-02 20:00:00,ETHUSDT,4h,2,down,0.43968445,0.48,0.04031554,0,0.48
2025-06-03 00:00:00,ETHUSDT,4h,1,up,0.588056,0.48,0.10805604,1,0.588056
2025-06-03 04:00:00,ETHUSDT,4h,2,down,0.4533001,0.48,0.0266999,0,0.48
2025-06-03 08:00:00,ETHUSDT,4h,1,up,0.54829603,0.48,0.068296045,1,0.54829603
2025-06-03 12:00:00,ETHUSDT,4h,2,up,0.4938497,0.48,0.013849705,0,0.48
2025-06-03 16:00:00,ETHUSDT,4h,2,down,0.43916485,0.48,0.040835142,0,0.48
2025-06-03 20:00:00,ETHUSDT,4h,1,up,0.5300745,0.48,0.050074488,1,0.5300745
2025-06-04 00:00:00,ETHUSDT,4h,0,down,0.4128585,0.48,0.0671415,1,0.4128585
2025-06-04 04:00:00,ETHUSDT,4h,1,down,0.5701396,0.48,0.0901396,1,0.5701396
2025-06-04 08:00:00,ETHUSDT,4h,1,up,0.5558493,0.48,0.075849324,1,0.5558493
2025-06-04 12:00:00,ETHUSDT,4h,2,down,0.48204938,0.48,0.0020493865,0,0.48
2025-06-04 16:00:00,ETHUSDT,4h,1,down,0.600944,0.48,0.12094399,1,0.600944
2025-06-04 20:00:00,ETHUSDT,4h,1,up,0.5788419,0.48,0.098841935,1,0.5788419
2025-06-05 00:00:00,ETHUSDT,4h,2,down,0.44783133,0.48,0.032168657,0,0.48
2025-06-05 04:00:00,ETHUSDT,4h,1,up,0.5775072,0.48,0.09750721,1,0.5775072
2025-06-05 08:00:00,ETHUSDT,4h,2,down,0.44307145,0.48,0.036928535,0,0.48
2025-06-05 12:00:00,ETHUSDT,4h,2,down,0.45338297,0.48,0.02661702,0,0.48
2025-06-05 16:00:00,ETHUSDT,4h,1,down,0.5915017,0.48,0.11150172,1,0.5915017
2025-06-05 20:00:00,ETHUSDT,4h,1,up,0.5986098,0.48,0.118609816,1,0.5986098
2025-06-06 00:00:00,ETHUSDT,4h,0,down,0.40875614,0.48,0.07124385,1,0.40875614
2025-06-06 04:00:00,ETHUSDT,4h,2,up,0.5212808,0.48,0.041280836,0,0.48
2025-06-06 08:00:00,ETHUSDT,4h,2,up,0.50385076,0.48,0.023850769,0,0.48
2025-06-06 12:00:00,ETHUSDT,4h,2,down,0.4493319,0.48,0.03066808,0,0.48
2025-06-06 16:00:00,ETHUSDT,4h,1,down,0.61502934,0.48,0.13502935,1,0.61502934
2025-06-06 20:00:00,ETHUSDT,4h,1,up,0.58083105,0.48,0.10083106,1,0.58083105
2025-06-07 00:00:00,ETHUSDT,4h,2,up,0.48849437,0.48,0.008494377,0,0.48
2025-06-07 04:00:00,ETHUSDT,4h,2,up,0.50601393,0.48,0.02601394,0,0.48
2025-06-07 08:00:00,ETHUSDT,4h,2,up,0.46341887,0.48,0.016581118,0,0.48
2025-06-07 12:00:00,ETHUSDT,4h,2,down,0.44743142,0.48,0.032568574,0,0.48
2025-06-07 16:00:00,ETHUSDT,4h,2,up,0.46036908,0.48,0.019630909,0,0.48
2025-06-07 20:00:00,ETHUSDT,4h,2,down,0.502197,0.48,0.022197038,0,0.48
2025-06-08 00:00:00,ETHUSDT,4h,2,up,0.49916857,0.48,0.019168586,0,0.48
2025-06-08 04:00:00,ETHUSDT,4h,2,down,0.45757964,0.48,0.022420347,0,0.48
2025-06-08 08:00:00,ETHUSDT,4h,2,up,0.45112044,0.48,0.028879553,0,0.48
2025-06-08 12:00:00,ETHUSDT,4h,2,up,0.46477085,0.48,0.015229136,0,0.48
2025-06-08 16:00:00,ETHUSDT,4h,2,down,0.45104232,0.48,0.028957665,0,0.48
2025-06-08 20:00:00,ETHUSDT,4h,1,down,0.5407284,0.48,0.0607284,1,0.5407284
2025-06-09 00:00:00,ETHUSDT,4h,1,down,0.53083545,0.48,0.05083546,1,0.53083545
2025-06-09 04:00:00,ETHUSDT,4h,2,up,0.50173974,0.48,0.021739751,0,0.48
2025-06-09 08:00:00,ETHUSDT,4h,2,down,0.4804123,0.48,0.00041231513,0,0.48
2025-06-09 12:00:00,ETHUSDT,4h,2,up,0.46154305,0.48,0.018456936,0,0.48
2025-06-09 16:00:00,ETHUSDT,4h,0,up,0.4257444,0.48,0.054255575,1,0.4257444
2025-06-09 20:00:00,ETHUSDT,4h,2,up,0.5281664,0.48,0.048166424,0,0.48
2025-06-10 00:00:00,ETHUSDT,4h,1,down,0.6083056,0.48,0.12830558,1,0.6083056
2025-06-10 04:00:00,ETHUSDT,4h,1,up,0.6181717,0.48,0.1381717,1,0.6181717
2025-06-10 08:00:00,ETHUSDT,4h,2,down,0.4367327,0.48,0.04326728,0,0.48
2025-06-10 12:00:00,ETHUSDT,4h,1,up,0.60372555,0.48,0.12372556,1,0.60372555
2025-06-10 16:00:00,ETHUSDT,4h,2,up,0.5002475,0.48,0.02024749,0,0.48
2025-06-10 20:00:00,ETHUSDT,4h,0,down,0.3693107,0.48,0.11068928,1,0.3693107
2025-06-11 00:00:00,ETHUSDT,4h,1,up,0.65298784,0.48,0.17298785,1,0.65298784
2025-06-11 04:00:00,ETHUSDT,4h,2,down,0.48967278,0.48,0.009672791,0,0.48
2025-06-11 08:00:00,ETHUSDT,4h,1,up,0.56174093,0.48,0.081740946,1,0.56174093
2025-06-11 12:00:00,ETHUSDT,4h,2,down,0.4471846,0.48,0.032815397,0,0.48
2025-06-11 16:00:00,ETHUSDT,4h,1,down,0.6175919,0.48,0.13759193,1,0.6175919
2025-06-11 20:00:00,ETHUSDT,4h,1,down,0.62710184,0.48,0.14710185,1,0.62710184
2025-06-12 00:00:00,ETHUSDT,4h,1,down,0.63528055,0.48,0.15528056,1,0.63528055
2025-06-12 04:00:00,ETHUSDT,4h,1,down,0.65398127,0.48,0.17398128,1,0.65398127
2025-06-12 08:00:00,ETHUSDT,4h,1,down,0.65373695,0.48,0.17373696,1,0.65373695
2025-06-12 12:00:00,ETHUSDT,4h,1,down,0.62645507,0.48,0.14645508,1,0.62645507
2025-06-12 16:00:00,ETHUSDT,4h,1,down,0.6305959,0.48,0.15059593,1,0.6305959
2025-06-12 20:00:00,ETHUSDT,4h,1,down,0.6107902,0.48,0.1307902,1,0.6107902
2025-06-13 00:00:00,ETHUSDT,4h,2,up,0.5124646,0.48,0.032464594,0,0.48
2025-06-13 04:00:00,ETHUSDT,4h,2,up,0.45718372,0.48,0.02281627,0,0.48
2025-06-13 08:00:00,ETHUSDT,4h,2,up,0.49804908,0.48,0.018049091,0,0.48
2025-06-13 12:00:00,ETHUSDT,4h,2,down,0.44887465,0.48,0.031125337,0,0.48
2025-06-13 16:00:00,ETHUSDT,4h,1,up,0.62286955,0.48,0.14286956,1,0.62286955
2025-06-13 20:00:00,ETHUSDT,4h,2,down,0.4739248,0.48,0.0060752034,0,0.48
2025-06-14 00:00:00,ETHUSDT,4h,1,down,0.5585858,0.48,0.07858583,1,0.5585858
2025-06-14 04:00:00,ETHUSDT,4h,1,up,0.53907025,0.48,0.05907026,1,0.53907025
2025-06-14 08:00:00,ETHUSDT,4h,2,down,0.47767928,0.48,0.0023207068,0,0.48
2025-06-14 12:00:00,ETHUSDT,4h,1,down,0.5481376,0.48,0.068137616,1,0.5481376
2025-06-14 16:00:00,ETHUSDT,4h,1,up,0.5377284,0.48,0.05772844,1,0.5377284
2025-06-14 20:00:00,ETHUSDT,4h,2,down,0.44205797,0.48,0.037942022,0,0.48
2025-06-15 00:00:00,ETHUSDT,4h,2,down,0.5214296,0.48,0.04142961,0,0.48
2025-06-15 04:00:00,ETHUSDT,4h,2,down,0.50558215,0.48,0.025582165,0,0.48
2025-06-15 08:00:00,ETHUSDT,4h,1,up,0.5389272,0.48,0.05892721,1,0.5389272
2025-06-15 12:00:00,ETHUSDT,4h,2,down,0.44665253,0.48,0.033347458,0,0.48
2025-06-15 16:00:00,ETHUSDT,4h,2,up,0.507115,0.48,0.027115017,0,0.48
2025-06-15 20:00:00,ETHUSDT,4h,0,up,0.4119694,0.48,0.068030596,1,0.4119694
2025-06-16 00:00:00,ETHUSDT,4h,0,up,0.39240587,0.48,0.08759412,1,0.39240587
2025-06-16 04:00:00,ETHUSDT,4h,2,down,0.43003577,0.48,0.04996422,0,0.48
2025-06-16 08:00:00,ETHUSDT,4h,2,up,0.45254388,0.48,0.027456105,0,0.48
2025-06-16 12:00:00,ETHUSDT,4h,2,up,0.49582517,0.48,0.015825182,0,0.48
2025-06-16 16:00:00,ETHUSDT,4h,0,down,0.41694206,0.48,0.06305793,1,0.41694206
2025-06-16 20:00:00,ETHUSDT,4h,1,up,0.53198105,0.48,0.05198106,1,0.53198105
2025-06-17 00:00:00,ETHUSDT,4h,2,down,0.46423358,0.48,0.015766412,0,0.48
2025-06-17 04:00:00,ETHUSDT,4h,1,down,0.6313398,0.48,0.1513398,1,0.6313398
2025-06-17 08:00:00,ETHUSDT,4h,1,down,0.5832017,0.48,0.10320172,1,0.5832017
2025-06-17 12:00:00,ETHUSDT,4h,1,up,0.5902962,0.48,0.11029622,1,0.5902962
2025-06-17 16:00:00,ETHUSDT,4h,2,down,0.43027246,0.48,0.04972753,0,0.48
2025-06-17 20:00:00,ETHUSDT,4h,1,up,0.58701605,0.48,0.10701606,1,0.58701605
2025-06-18 00:00:00,ETHUSDT,4h,2,up,0.51596034,0.48,0.035960346,0,0.48
2025-06-18 04:00:00,ETHUSDT,4h,2,down,0.4954635,0.48,0.015463501,0,0.48
2025-06-18 08:00:00,ETHUSDT,4h,2,down,0.522384,0.48,0.042384,0,0.48
2025-06-18 12:00:00,ETHUSDT,4h,2,down,0.46071574,0.48,0.019284248,0,0.48
2025-06-18 16:00:00,ETHUSDT,4h,1,up,0.53174424,0.48,0.051744252,1,0.53174424
2025-06-18 20:00:00,ETHUSDT,4h,2,up,0.4513143,0.48,0.028685689,0,0.48
2025-06-19 00:00:00,ETHUSDT,4h,2,down,0.5007278,0.48,0.020727783,0,0.48
2025-06-19 04:00:00,ETHUSDT,4h,1,up,0.5656769,0.48,0.08567694,1,0.5656769
2025-06-19 08:00:00,ETHUSDT,4h,2,down,0.48090068,0.48,0.0009006858,0,0.48
2025-06-19 12:00:00,ETHUSDT,4h,1,up,0.5429744,0.48,0.06297442,1,0.5429744
2025-06-19 16:00:00,ETHUSDT,4h,2,up,0.5137701,0.48,0.033770114,0,0.48
2025-06-19 20:00:00,ETHUSDT,4h,2,down,0.45696977,0.48,0.023030221,0,0.48
2025-06-20 00:00:00,ETHUSDT,4h,1,up,0.5405241,0.48,0.060524136,1,0.5405241
2025-06-20 04:00:00,ETHUSDT,4h,2,up,0.44415796,0.48,0.03584203,0,0.48
2025-06-20 08:00:00,ETHUSDT,4h,1,down,0.57372993,0.48,0.09372994,1,0.57372993
2025-06-20 12:00:00,ETHUSDT,4h,1,down,0.5327184,0.48,0.05271843,1,0.5327184
2025-06-20 16:00:00,ETHUSDT,4h,2,down,0.43760347,0.48,0.042396516,0,0.48
2025-06-20 20:00:00,ETHUSDT,4h,1,up,0.5507466,0.48,0.07074663,1,0.5507466
2025-06-21 00:00:00,ETHUSDT,4h,2,up,0.47560096,0.48,0.0043990314,0,0.48
2025-06-21 04:00:00,ETHUSDT,4h,2,up,0.47675633,0.48,0.003243655,0,0.48
2025-06-21 08:00:00,ETHUSDT,4h,2,down,0.46999195,0.48,0.010008037,0,0.48
2025-06-21 12:00:00,ETHUSDT,4h,1,down,0.566623,0.48,0.08662298,1,0.566623
2025-06-21 16:00:00,ETHUSDT,4h,1,down,0.58198667,0.48,0.10198668,1,0.58198667
2025-06-21 20:00:00,ETHUSDT,4h,2,down,0.47946268,0.48,0.00053730607,0,0.48
2025-06-22 00:00:00,ETHUSDT,4h,1,up,0.69606656,0.48,0.21606657,1,0.69606656
2025-06-22 04:00:00,ETHUSDT,4h,1,up,0.5442752,0.48,0.064275235,1,0.5442752
2025-06-22 08:00:00,ETHUSDT,4h,2,down,0.49461785,0.48,0.01461786,0,0.48
2025-06-22 12:00:00,ETHUSDT,4h,1,up,0.5754623,0.48,0.09546229,1,0.5754623
2025-06-22 16:00:00,ETHUSDT,4h,1,up,0.57367396,0.48,0.093673974,1,0.57367396
2025-06-22 20:00:00,ETHUSDT,4h,2,up,0.4645535,0.48,0.015446484,0,0.48
2025-06-23 00:00:00,ETHUSDT,4h,1,up,0.55587775,0.48,0.075877756,1,0.55587775
2025-06-23 04:00:00,ETHUSDT,4h,0,down,0.41955048,0.48,0.06044951,1,0.41955048
2025-06-23 08:00:00,ETHUSDT,4h,2,down,0.48671088,0.48,0.006710887,0,0.48
2025-06-23 12:00:00,ETHUSDT,4h,1,up,0.59942484,0.48,0.11942485,1,0.59942484
2025-06-23 16:00:00,ETHUSDT,4h,0,up,0.41941237,0.48,0.060587615,1,0.41941237
2025-06-23 20:00:00,ETHUSDT,4h,0,down,0.42563653,0.48,0.05436346,1,0.42563653
2025-06-24 00:00:00,ETHUSDT,4h,1,down,0.60134286,0.48,0.12134287,1,0.60134286
2025-06-24 04:00:00,ETHUSDT,4h,2,up,0.507315,0.48,0.02731499,0,0.48
2025-06-24 08:00:00,ETHUSDT,4h,2,up,0.48820457,0.48,0.008204579,0,0.48
2025-06-24 12:00:00,ETHUSDT,4h,0,down,0.3968231,0.48,0.08317688,1,0.3968231
2025-06-24 16:00:00,ETHUSDT,4h,1,up,0.5337477,0.48,0.053747684,1,0.5337477
2025-06-24 20:00:00,ETHUSDT,4h,2,down,0.43975383,0.48,0.04024616,0,0.48
2025-06-25 00:00:00,ETHUSDT,4h,1,up,0.55558616,0.48,0.07558617,1,0.55558616
2025-06-25 04:00:00,ETHUSDT,4h,0,down,0.42430472,0.48,0.055695266,1,0.42430472
2025-06-25 08:00:00,ETHUSDT,4h,2,down,0.528257,0.48,0.048257023,0,0.48
2025-06-25 12:00:00,ETHUSDT,4h,2,up,0.5169599,0.48,0.036959916,0,0.48
2025-06-25 16:00:00,ETHUSDT,4h,0,down,0.42547935,0.48,0.054520637,1,0.42547935
2025-06-25 20:00:00,ETHUSDT,4h,2,up,0.52417964,0.48,0.04417965,0,0.48
2025-06-26 00:00:00,ETHUSDT,4h,0,up,0.40515345,0.48,0.074846536,1,0.40515345
2025-06-26 04:00:00,ETHUSDT,4h,2,down,0.46857345,0.48,0.011426538,0,0.48
2025-06-26 08:00:00,ETHUSDT,4h,1,down,0.5766107,0.48,0.096610695,1,0.5766107
2025-06-26 12:00:00,ETHUSDT,4h,2,up,0.5122745,0.48,0.032274514,0,0.48
2025-06-26 16:00:00,ETHUSDT,4h,2,down,0.51061434,0.48,0.030614346,0,0.48
2025-06-26 20:00:00,ETHUSDT,4h,1,up,0.5655942,0.48,0.08559421,1,0.5655942
2025-06-27 00:00:00,ETHUSDT,4h,2,down,0.43973148,0.48,0.04026851,0,0.48
2025-06-27 04:00:00,ETHUSDT,4h,1,up,0.55383086,0.48,0.07383087,1,0.55383086
2025-06-27 08:00:00,ETHUSDT,4h,2,down,0.49888432,0.48,0.018884331,0,0.48
2025-06-27 12:00:00,ETHUSDT,4h,2,down,0.4712321,0.48,0.008767903,0,0.48
2025-06-27 16:00:00,ETHUSDT,4h,2,up,0.5262279,0.48,0.046227902,0,0.48
2025-06-27 20:00:00,ETHUSDT,4h,2,down,0.4858513,0.48,0.0058512986,0,0.48
2025-06-28 00:00:00,ETHUSDT,4h,2,up,0.506392,0.48,0.026392013,0,0.48
2025-06-28 04:00:00,ETHUSDT,4h,2,down,0.47076443,0.48,0.009235561,0,0.48
2025-06-28 08:00:00,ETHUSDT,4h,2,up,0.45343512,0.48,0.026564866,0,0.48
2025-06-28 12:00:00,ETHUSDT,4h,2,down,0.44023794,0.48,0.03976205,0,0.48
2025-06-28 16:00:00,ETHUSDT,4h,2,up,0.46575406,0.48,0.014245927,0,0.48
2025-06-28 20:00:00,ETHUSDT,4h,2,down,0.46868524,0.48,0.01131475,0,0.48
2025-06-29 00:00:00,ETHUSDT,4h,2,up,0.46688953,0.48,0.013110459,0,0.48
2025-06-29 04:00:00,ETHUSDT,4h,0,up,0.39121658,0.48,0.08878341,1,0.39121658
2025-06-29 08:00:00,ETHUSDT,4h,2,down,0.43029213,0.48,0.04970786,0,0.48
2025-06-29 12:00:00,ETHUSDT,4h,2,up,0.4815121,0.48,0.0015121102,0,0.48
2025-06-29 16:00:00,ETHUSDT,4h,2,up,0.4449715,0.48,0.035028487,0,0.48
2025-06-29 20:00:00,ETHUSDT,4h,2,down,0.51420957,0.48,0.03420958,0,0.48
2025-06-30 00:00:00,ETHUSDT,4h,1,down,0.5917913,0.48,0.11179128,1,0.5917913
2025-06-30 04:00:00,ETHUSDT,4h,2,down,0.4934315,0.48,0.013431519,0,0.48
2025-06-30 08:00:00,ETHUSDT,4h,1,up,0.5890349,0.48,0.109034926,1,0.5890349
2025-06-30 12:00:00,ETHUSDT,4h,0,up,0.42807192,0.48,0.051928073,1,0.42807192
2025-06-30 16:00:00,ETHUSDT,4h,0,down,0.4121345,0.48,0.06786549,1,0.4121345
2025-06-30 20:00:00,ETHUSDT,4h,1,down,0.60325265,0.48,0.12325266,1,0.60325265
2025-07-01 00:00:00,ETHUSDT,4h,1,down,0.5495887,0.48,0.06958869,1,0.5495887
2025-07-01 04:00:00,ETHUSDT,4h,2,down,0.50404745,0.48,0.024047464,0,0.48
2025-07-01 08:00:00,ETHUSDT,4h,1,down,0.5402443,0.48,0.060244292,1,0.5402443
2025-07-01 12:00:00,ETHUSDT,4h,1,down,0.60534596,0.48,0.12534598,1,0.60534596
2025-07-01 16:00:00,ETHUSDT,4h,1,up,0.6571509,0.48,0.17715093,1,0.6571509
2025-07-01 20:00:00,ETHUSDT,4h,2,up,0.51270354,0.48,0.03270355,0,0.48
2025-07-02 00:00:00,ETHUSDT,4h,2,up,0.45370868,0.48,0.02629131,0,0.48
2025-07-02 04:00:00,ETHUSDT,4h,2,down,0.47724783,0.48,0.002752155,0,0.48
2025-07-02 08:00:00,ETHUSDT,4h,2,up,0.52888894,0.48,0.04888895,0,0.48
2025-07-02 12:00:00,ETHUSDT,4h,2,up,0.43966392,0.48,0.040336072,0,0.48
2025-07-02 16:00:00,ETHUSDT,4h,1,down,0.5346642,0.48,0.054664224,1,0.5346642
2025-07-02 20:00:00,ETHUSDT,4h,1,down,0.66589844,0.48,0.18589845,1,0.66589844
2025-07-03 00:00:00,ETHUSDT,4h,1,up,0.56563574,0.48,0.08563575,1,0.56563574
2025-07-03 04:00:00,ETHUSDT,4h,0,down,0.42725053,0.48,0.052749455,1,0.42725053
2025-07-03 08:00:00,ETHUSDT,4h,1,down,0.54232234,0.48,0.06232235,1,0.54232234
2025-07-03 12:00:00,ETHUSDT,4h,1,up,0.5459227,0.48,0.06592271,1,0.5459227
2025-07-03 16:00:00,ETHUSDT,4h,2,up,0.43032274,0.48,0.049677253,0,0.48
2025-07-03 20:00:00,ETHUSDT,4h,1,down,0.536308,0.48,0.056308,1,0.536308
2025-07-04 00:00:00,ETHUSDT,4h,1,down,0.5693866,0.48,0.08938661,1,0.5693866
2025-07-04 04:00:00,ETHUSDT,4h,1,up,0.6144418,0.48,0.13444182,1,0.6144418
2025-07-04 08:00:00,ETHUSDT,4h,2,down,0.4983329,0.48,0.018332899,0,0.48
2025-07-04 12:00:00,ETHUSDT,4h,1,down,0.60183054,0.48,0.12183055,1,0.60183054
2025-07-04 16:00:00,ETHUSDT,4h,1,up,0.6160661,0.48,0.13606611,1,0.6160661
2025-07-04 20:00:00,ETHUSDT,4h,2,up,0.51063263,0.48,0.030632645,0,0.48
2025-07-05 00:00:00,ETHUSDT,4h,2,up,0.49766162,0.48,0.017661631,0,0.48
2025-07-05 04:00:00,ETHUSDT,4h,2,down,0.5260181,0.48,0.046018094,0,0.48
2025-07-05 08:00:00,ETHUSDT,4h,2,down,0.5219458,0.48,0.041945785,0,0.48
2025-07-05 12:00:00,ETHUSDT,4h,1,down,0.5530874,0.48,0.073087424,1,0.5530874
2025-07-05 16:00:00,ETHUSDT,4h,2,up,0.48402432,0.48,0.004024327,0,0.48
2025-07-05 20:00:00,ETHUSDT,4h,0,down,0.42792693,0.48,0.05207306,1,0.42792693
2025-07-06 00:00:00,ETHUSDT,4h,2,up,0.4712243,0.48,0.008775681,0,0.48
2025-07-06 04:00:00,ETHUSDT,4h,2,down,0.4495969,0.48,0.030403078,0,0.48
2025-07-06 08:00:00,ETHUSDT,4h,2,up,0.4359781,0.48,0.044021875,0,0.48
2025-07-06 12:00:00,ETHUSDT,4h,2,down,0.43475446,0.48,0.04524553,0,0.48
2025-07-06 16:00:00,ETHUSDT,4h,2,up,0.51410747,0.48,0.034107476,0,0.48
2025-07-06 20:00:00,ETHUSDT,4h,2,up,0.48089993,0.48,0.00089994073,0,0.48
2025-07-07 00:00:00,ETHUSDT,4h,2,up,0.43973896,0.48,0.04026103,0,0.48
2025-07-07 04:00:00,ETHUSDT,4h,2,down,0.4680701,0.48,0.011929899,0,0.48
2025-07-07 08:00:00,ETHUSDT,4h,2,down,0.4858247,0.48,0.005824715,0,0.48
2025-07-07 12:00:00,ETHUSDT,4h,2,up,0.52415127,0.48,0.044151276,0,0.48
2025-07-07 16:00:00,ETHUSDT,4h,2,down,0.48313358,0.48,0.003133595,0,0.48
2025-07-07 20:00:00,ETHUSDT,4h,2,down,0.50576776,0.48,0.025767773,0,0.48
2025-07-08 00:00:00,ETHUSDT,4h,2,up,0.52502143,0.48,0.045021445,0,0.48
2025-07-08 04:00:00,ETHUSDT,4h,2,up,0.45280254,0.48,0.02719745,0,0.48
2025-07-08 08:00:00,ETHUSDT,4h,2,down,0.43635067,0.48,0.043649316,0,0.48
2025-07-08 12:00:00,ETHUSDT,4h,2,up,0.46877277,0.48,0.01122722,0,0.48
2025-07-08 16:00:00,ETHUSDT,4h,2,up,0.4447457,0.48,0.0352543,0,0.48
2025-07-08 20:00:00,ETHUSDT,4h,2,down,0.43993434,0.48,0.040065646,0,0.48
2025-07-09 00:00:00,ETHUSDT,4h,1,up,0.5744406,0.48,0.09444061,1,0.5744406
2025-07-09 04:00:00,ETHUSDT,4h,2,up,0.44034493,0.48,0.03965506,0,0.48
2025-07-09 08:00:00,ETHUSDT,4h,2,up,0.4692011,0.48,0.010798901,0,0.48
2025-07-09 12:00:00,ETHUSDT,4h,1,up,0.545383,0.48,0.06538299,1,0.545383
2025-07-09 16:00:00,ETHUSDT,4h,1,up,0.5483767,0.48,0.06837669,1,0.5483767
2025-07-09 20:00:00,ETHUSDT,4h,2,up,0.49066633,0.48,0.010666341,0,0.48
2025-07-10 00:00:00,ETHUSDT,4h,1,up,0.54535663,0.48,0.06535664,1,0.54535663
2025-07-10 04:00:00,ETHUSDT,4h,1,down,0.5624057,0.48,0.082405716,1,0.5624057
2025-07-10 08:00:00,ETHUSDT,4h,1,down,0.555748,0.48,0.075748,1,0.555748
2025-07-10 12:00:00,ETHUSDT,4h,1,up,0.56701183,0.48,0.087011844,1,0.56701183
2025-07-10 16:00:00,ETHUSDT,4h,0,up,0.3962855,0.48,0.083714485,1,0.3962855
2025-07-10 20:00:00,ETHUSDT,4h,2,up,0.49901715,0.48,0.01901716,0,0.48
2025-07-11 00:00:00,ETHUSDT,4h,0,down,0.41253123,0.48,0.06746876,1,0.41253123
2025-07-11 04:00:00,ETHUSDT,4h,1,up,0.60510004,0.48,0.12510005,1,0.60510004
2025-07-11 08:00:00,ETHUSDT,4h,1,down,0.56755376,0.48,0.08755377,1,0.56755376
2025-07-11 12:00:00,ETHUSDT,4h,1,up,0.5687516,0.48,0.088751584,1,0.5687516
2025-07-11 16:00:00,ETHUSDT,4h,0,down,0.37038755,0.48,0.109612435,1,0.37038755
2025-07-11 20:00:00,ETHUSDT,4h,1,up,0.5627428,0.48,0.08274284,1,0.5627428
2025-07-12 00:00:00,ETHUSDT,4h,2,down,0.46556222,0.48,0.014437765,0,0.48
2025-07-12 04:00:00,ETHUSDT,4h,2,up,0.47491273,0.48,0.0050872564,0,0.48
2025-07-12 08:00:00,ETHUSDT,4h,1,down,0.60149664,0.48,0.12149665,1,0.60149664
2025-07-12 12:00:00,ETHUSDT,4h,1,up,0.61258674,0.48,0.13258675,1,0.61258674
2025-07-12 16:00:00,ETHUSDT,4h,2,up,0.52192783,0.48,0.041927844,0,0.48
2025-07-12 20:00:00,ETHUSDT,4h,2,up,0.4993577,0.48,0.019357711,0,0.48
2025-07-13 00:00:00,ETHUSDT,4h,2,up,0.50039405,0.48,0.020394057,0,0.48
2025-07-13 04:00:00,ETHUSDT,4h,2,up,0.4600198,0.48,0.019980192,0,0.48
2025-07-13 08:00:00,ETHUSDT,4h,2,up,0.46646997,0.48,0.013530016,0,0.48
2025-07-13 12:00:00,ETHUSDT,4h,2,down,0.49175635,0.48,0.0117563605,0,0.48
2025-07-13 16:00:00,ETHUSDT,4h,2,down,0.43720776,0.48,0.04279223,0,0.48
2025-07-13 20:00:00,ETHUSDT,4h,2,up,0.5130083,0.48,0.033008307,0,0.48
2025-07-14 00:00:00,ETHUSDT,4h,2,up,0.46533737,0.48,0.014662623,0,0.48
2025-07-14 04:00:00,ETHUSDT,4h,2,up,0.5069618,0.48,0.026961833,0,0.48
2025-07-14 08:00:00,ETHUSDT,4h,2,down,0.49444568,0.48,0.014445692,0,0.48
2025-07-14 12:00:00,ETHUSDT,4h,1,down,0.5627155,0.48,0.08271548,1,0.5627155
2025-07-14 16:00:00,ETHUSDT,4h,1,up,0.59651184,0.48,0.11651185,1,0.59651184
2025-07-14 20:00:00,ETHUSDT,4h,2,down,0.44820622,0.48,0.031793773,0,0.48
2025-07-15 00:00:00,ETHUSDT,4h,1,up,0.658607,0.48,0.17860702,1,0.658607
2025-07-15 04:00:00,ETHUSDT,4h,2,up,0.5016669,0.48,0.021666914,0,0.48
2025-07-15 08:00:00,ETHUSDT,4h,2,up,0.5203486,0.48,0.04034862,0,0.48
2025-07-15 12:00:00,ETHUSDT,4h,2,up,0.43270805,0.48,0.047291934,0,0.48
2025-07-15 16:00:00,ETHUSDT,4h,2,up,0.50601023,0.48,0.026010245,0,0.48
2025-07-15 20:00:00,ETHUSDT,4h,2,down,0.43442154,0.48,0.04557845,0,0.48
2025-07-16 00:00:00,ETHUSDT,4h,1,up,0.6221271,0.48,0.14212713,1,0.6221271
2025-07-16 04:00:00,ETHUSDT,4h,2,down,0.4413155,0.48,0.038684487,0,0.48
2025-07-16 08:00:00,ETHUSDT,4h,1,up,0.59638065,0.48,0.11638066,1,0.59638065
2025-07-16 12:00:00,ETHUSDT,4h,0,up,0.40348145,0.48,0.076518536,1,0.40348145
2025-07-16 16:00:00,ETHUSDT,4h,0,down,0.39962503,0.48,0.080374956,1,0.39962503
2025-07-16 20:00:00,ETHUSDT,4h,1,down,0.68219477,0.48,0.20219478,1,0.68219477
2025-07-17 00:00:00,ETHUSDT,4h,1,up,0.7117921,0.48,0.23179212,1,0.7117921
2025-07-17 04:00:00,ETHUSDT,4h,0,down,0.41984704,0.48,0.060152948,1,0.41984704
2025-07-17 08:00:00,ETHUSDT,4h,1,down,0.58983016,0.48,0.10983017,1,0.58983016
2025-07-17 12:00:00,ETHUSDT,4h,0,down,0.3902174,0.48,0.089782596,1,0.3902174
2025-07-17 16:00:00,ETHUSDT,4h,2,up,0.51934457,0.48,0.03934458,0,0.48
2025-07-17 20:00:00,ETHUSDT,4h,0,up,0.4067404,0.48,0.07325959,1,0.4067404
2025-07-18 00:00:00,ETHUSDT,4h,2,up,0.45161676,0.48,0.028383225,0,0.48
2025-07-18 04:00:00,ETHUSDT,4h,1,up,0.61108613,0.48,0.13108614,1,0.61108613
2025-07-18 08:00:00,ETHUSDT,4h,2,down,0.4716555,0.48,0.008344501,0,0.48
2025-07-18 12:00:00,ETHUSDT,4h,1,down,0.5414486,0.48,0.061448604,1,0.5414486
2025-07-18 16:00:00,ETHUSDT,4h,1,down,0.6272621,0.48,0.14726213,1,0.6272621
2025-07-18 20:00:00,ETHUSDT,4h,0,up,0.39252728,0.48,0.08747271,1,0.39252728
2025-07-19 00:00:00,ETHUSDT,4h,0,down,0.4070755,0.48,0.072924495,1,0.4070755
2025-07-19 04:00:00,ETHUSDT,4h,1,down,0.6186784,0.48,0.1386784,1,0.6186784
2025-07-19 08:00:00,ETHUSDT,4h,1,down,0.55811095,0.48,0.07811096,1,0.55811095
2025-07-19 12:00:00,ETHUSDT,4h,2,up,0.526195,0.48,0.046195,0,0.48
2025-07-19 16:00:00,ETHUSDT,4h,2,up,0.48356426,0.48,0.0035642684,0,0.48
2025-07-19 20:00:00,ETHUSDT,4h,2,up,0.434526,0.48,0.045473993,0,0.48
2025-07-20 00:00:00,ETHUSDT,4h,0,up,0.42602596,0.48,0.053974032,1,0.42602596
2025-07-20 04:00:00,ETHUSDT,4h,0,up,0.38885552,0.48,0.09114447,1,0.38885552
2025-07-20 08:00:00,ETHUSDT,4h,0,up,0.3985277,0.48,0.08147228,1,0.3985277
2025-07-20 12:00:00,ETHUSDT,4h,2,down,0.4466004,0.48,0.033399582,0,0.48
2025-07-20 16:00:00,ETHUSDT,4h,1,up,0.5684872,0.48,0.08848724,1,0.5684872
2025-07-20 20:00:00,ETHUSDT,4h,0,up,0.39186323,0.48,0.08813676,1,0.39186323
2025-07-21 00:00:00,ETHUSDT,4h,0,up,0.3825999,0.48,0.0974001,1,0.3825999
2025-07-21 04:00:00,ETHUSDT,4h,0,up,0.31819558,0.48,0.16180441,1,0.31819558
2025-07-21 08:00:00,ETHUSDT,4h,0,up,0.3017722,0.48,0.17822778,1,0.3017722
2025-07-21 12:00:00,ETHUSDT,4h,2,down,0.48564854,0.48,0.0056485534,0,0.48
2025-07-21 16:00:00,ETHUSDT,4h,1,up,0.5985741,0.48,0.11857411,1,0.5985741
2025-07-21 20:00:00,ETHUSDT,4h,2,down,0.43671206,0.48,0.043287933,0,0.48
2025-07-22 00:00:00,ETHUSDT,4h,1,down,0.54249215,0.48,0.062492162,1,0.54249215
2025-07-22 04:00:00,ETHUSDT,4h,1,up,0.6073031,0.48,0.1273031,1,0.6073031
2025-07-22 08:00:00,ETHUSDT,4h,0,up,0.38809413,0.48,0.09190586,1,0.38809413
2025-07-22 12:00:00,ETHUSDT,4h,0,down,0.37510118,0.48,0.10489881,1,0.37510118
2025-07-22 16:00:00,ETHUSDT,4h,1,up,0.6604906,0.48,0.18049058,1,0.6604906
2025-07-22 20:00:00,ETHUSDT,4h,2,down,0.43736655,0.48,0.042633444,0,0.48
2025-07-23 00:00:00,ETHUSDT,4h,1,down,0.6157531,0.48,0.13575312,1,0.6157531
2025-07-23 04:00:00,ETHUSDT,4h,1,down,0.60968083,0.48,0.12968084,1,0.60968083
2025-07-23 08:00:00,ETHUSDT,4h,2,down,0.51974434,0.48,0.039744347,0,0.48
2025-07-23 12:00:00,ETHUSDT,4h,0,down,0.39302182,0.48,0.08697817,1,0.39302182
2025-07-23 16:00:00,ETHUSDT,4h,1,up,0.5422985,0.48,0.062298506,1,0.5422985
2025-07-23 20:00:00,ETHUSDT,4h,0,up,0.38242593,0.48,0.097574055,1,0.38242593
2025-07-24 00:00:00,ETHUSDT,4h,2,down,0.5035293,0.48,0.023529321,0,0.48
2025-07-24 04:00:00,ETHUSDT,4h,0,up,0.42652938,0.48,0.05347061,1,0.42652938
2025-07-24 08:00:00,ETHUSDT,4h,0,up,0.4127449,0.48,0.06725508,1,0.4127449
2025-07-24 12:00:00,ETHUSDT,4h,0,up,0.38786235,0.48,0.092137635,1,0.38786235
2025-07-24 16:00:00,ETHUSDT,4h,0,down,0.4084622,0.48,0.07153779,1,0.4084622
2025-07-24 20:00:00,ETHUSDT,4h,1,down,0.5888214,0.48,0.10882142,1,0.5888214
2025-07-25 00:00:00,ETHUSDT,4h,1,up,0.53162086,0.48,0.05162087,1,0.53162086
2025-07-25 04:00:00,ETHUSDT,4h,0,up,0.42034692,0.48,0.059653074,1,0.42034692
2025-07-25 08:00:00,ETHUSDT,4h,0,down,0.39008975,0.48,0.08991024,1,0.39008975
2025-07-25 12:00:00,ETHUSDT,4h,2,up,0.5174556,0.48,0.03745559,0,0.48
2025-07-25 16:00:00,ETHUSDT,4h,0,up,0.4133119,0.48,0.06668809,1,0.4133119
2025-07-25 20:00:00,ETHUSDT,4h,0,up,0.40833384,0.48,0.07166615,1,0.40833384
2025-07-26 00:00:00,ETHUSDT,4h,0,up,0.4295645,0.48,0.050435483,1,0.4295645
2025-07-26 04:00:00,ETHUSDT,4h,2,down,0.45083997,0.48,0.029160023,0,0.48
2025-07-26 08:00:00,ETHUSDT,4h,1,down,0.58210725,0.48,0.10210726,1,0.58210725
2025-07-26 12:00:00,ETHUSDT,4h,2,up,0.5156918,0.48,0.035691828,0,0.48
2025-07-26 16:00:00,ETHUSDT,4h,0,down,0.4108396,0.48,0.0691604,1,0.4108396
2025-07-26 20:00:00,ETHUSDT,4h,2,up,0.5146217,0.48,0.034621686,0,0.48
2025-07-27 00:00:00,ETHUSDT,4h,0,down,0.42256486,0.48,0.057435125,1,0.42256486
2025-07-27 04:00:00,ETHUSDT,4h,2,up,0.5066466,0.48,0.026646584,0,0.48
2025-07-27 08:00:00,ETHUSDT,4h,0,up,0.4072728,0.48,0.0727272,1,0.4072728
2025-07-27 12:00:00,ETHUSDT,4h,0,up,0.40276805,0.48,0.07723194,1,0.40276805
2025-07-27 16:00:00,ETHUSDT,4h,2,up,0.503423,0.48,0.023422986,0,0.48
2025-07-27 20:00:00,ETHUSDT,4h,0,up,0.39783567,0.48,0.08216432,1,0.39783567
2025-07-28 00:00:00,ETHUSDT,4h,0,up,0.4091667,0.48,0.070833296,1,0.4091667
2025-07-28 04:00:00,ETHUSDT,4h,2,down,0.46791595,0.48,0.012084037,0,0.48
2025-07-28 08:00:00,ETHUSDT,4h,2,down,0.43867353,0.48,0.041326463,0,0.48
2025-07-28 12:00:00,ETHUSDT,4h,2,down,0.45995864,0.48,0.020041347,0,0.48
2025-07-28 16:00:00,ETHUSDT,4h,2,up,0.4348943,0.48,0.045105696,0,0.48
2025-07-28 20:00:00,ETHUSDT,4h,0,down,0.42262182,0.48,0.057378173,1,0.42262182
2025-07-29 00:00:00,ETHUSDT,4h,0,up,0.42327705,0.48,0.05672294,1,0.42327705
2025-07-29 04:00:00,ETHUSDT,4h,0,down,0.36630955,0.48,0.113690436,1,0.36630955
2025-07-29 08:00:00,ETHUSDT,4h,1,down,0.5513148,0.48,0.07131478,1,0.5513148
2025-07-29 12:00:00,ETHUSDT,4h,1,up,0.5522609,0.48,0.07226089,1,0.5522609
2025-07-29 16:00:00,ETHUSDT,4h,2,up,0.44398305,0.48,0.03601694,0,0.48
2025-07-29 20:00:00,ETHUSDT,4h,2,up,0.47005677,0.48,0.009943217,0,0.48
2025-07-30 00:00:00,ETHUSDT,4h,0,down,0.3846591,0.48,0.09534088,1,0.3846591
2025-07-30 04:00:00,ETHUSDT,4h,2,down,0.47405297,0.48,0.0059470236,0,0.48
2025-07-30 08:00:00,ETHUSDT,4h,1,up,0.55303025,0.48,0.07303026,1,0.55303025
2025-07-30 12:00:00,ETHUSDT,4h,2,down,0.44316772,0.48,0.036832273,0,0.48
2025-07-30 16:00:00,ETHUSDT,4h,0,up,0.35750905,0.48,0.12249094,1,0.35750905
2025-07-30 20:00:00,ETHUSDT,4h,0,up,0.3943064,0.48,0.0856936,1,0.3943064
2025-07-31 00:00:00,ETHUSDT,4h,0,up,0.40218738,0.48,0.07781261,1,0.40218738
2025-07-31 04:00:00,ETHUSDT,4h,2,down,0.49179393,0.48,0.011793941,0,0.48
2025-07-31 08:00:00,ETHUSDT,4h,2,down,0.51752883,0.48,0.037528843,0,0.48
2025-07-31 12:00:00,ETHUSDT,4h,2,down,0.4999236,0.48,0.019923598,0,0.48
2025-07-31 16:00:00,ETHUSDT,4h,1,down,0.60720265,0.48,0.12720266,1,0.60720265
2025-07-31 20:00:00,ETHUSDT,4h,1,up,0.62508285,0.48,0.14508286,1,0.62508285
2025-08-01 00:00:00,ETHUSDT,4h,0,down,0.34915447,0.48,0.13084552,1,0.34915447
2025-08-01 04:00:00,ETHUSDT,4h,1,down,0.6011475,0.48,0.12114748,1,0.6011475
2025-08-01 08:00:00,ETHUSDT,4h,2,down,0.4584155,0.48,0.021584481,0,0.48
2025-08-01 12:00:00,ETHUSDT,4h,2,down,0.4610156,0.48,0.018984377,0,0.48
2025-08-01 16:00:00,ETHUSDT,4h,1,down,0.6141339,0.48,0.1341339,1,0.6141339
2025-08-01 20:00:00,ETHUSDT,4h,1,up,0.5648267,0.48,0.08482674,1,0.5648267
2025-08-02 00:00:00,ETHUSDT,4h,2,down,0.46222228,0.48,0.017777711,0,0.48
2025-08-02 04:00:00,ETHUSDT,4h,2,down,0.49522686,0.48,0.015226871,0,0.48
2025-08-02 08:00:00,ETHUSDT,4h,1,down,0.5320313,0.48,0.05203131,1,0.5320313
2025-08-02 12:00:00,ETHUSDT,4h,1,down,0.58043486,0.48,0.10043487,1,0.58043486
2025-08-02 16:00:00,ETHUSDT,4h,1,up,0.57880014,0.48,0.09880015,1,0.57880014
2025-08-02 20:00:00,ETHUSDT,4h,1,up,0.54486716,0.48,0.06486717,1,0.54486716
2025-08-03 00:00:00,ETHUSDT,4h,2,up,0.45446503,0.48,0.025534958,0,0.48
2025-08-03 04:00:00,ETHUSDT,4h,2,up,0.48280147,0.48,0.002801478,0,0.48
2025-08-03 08:00:00,ETHUSDT,4h,0,down,0.41084382,0.48,0.06915617,1,0.41084382
2025-08-03 12:00:00,ETHUSDT,4h,2,up,0.47245306,0.48,0.0075469315,0,0.48
2025-08-03 16:00:00,ETHUSDT,4h,0,down,0.3780085,0.48,0.101991475,1,0.3780085
2025-08-03 20:00:00,ETHUSDT,4h,2,up,0.4510726,0.48,0.028927386,0,0.48
2025-08-04 00:00:00,ETHUSDT,4h,0,down,0.37535483,0.48,0.10464516,1,0.37535483
2025-08-04 04:00:00,ETHUSDT,4h,0,up,0.31027442,0.48,0.16972557,1,0.31027442
2025-08-04 08:00:00,ETHUSDT,4h,0,up,0.42228493,0.48,0.05771506,1,0.42228493
2025-08-04 12:00:00,ETHUSDT,4h,0,up,0.41873747,0.48,0.06126252,1,0.41873747
2025-08-04 16:00:00,ETHUSDT,4h,1,up,0.54861116,0.48,0.068611175,1,0.54861116
2025-08-04 20:00:00,ETHUSDT,4h,0,down,0.40753677,0.48,0.072463214,1,0.40753677
2025-08-05 00:00:00,ETHUSDT,4h,1,down,0.5996059,0.48,0.11960593,1,0.5996059
2025-08-05 04:00:00,ETHUSDT,4h,1,up,0.5656556,0.48,0.0856556,1,0.5656556
2025-08-05 08:00:00,ETHUSDT,4h,0,down,0.38004497,0.48,0.09995502,1,0.38004497
2025-08-05 12:00:00,ETHUSDT,4h,2,up,0.48338082,0.48,0.003380835,0,0.48
2025-08-05 16:00:00,ETHUSDT,4h,1,up,0.57010984,0.48,0.090109855,1,0.57010984
2025-08-05 20:00:00,ETHUSDT,4h,0,down,0.41825852,0.48,0.06174147,1,0.41825852
2025-08-06 00:00:00,ETHUSDT,4h,2,up,0.51135397,0.48,0.03135398,0,0.48
2025-08-06 04:00:00,ETHUSDT,4h,2,down,0.43465763,0.48,0.045342356,0,0.48
2025-08-06 08:00:00,ETHUSDT,4h,1,up,0.5839766,0.48,0.10397664,1,0.5839766
2025-08-06 12:00:00,ETHUSDT,4h,0,up,0.40282127,0.48,0.07717872,1,0.40282127
2025-08-06 16:00:00,ETHUSDT,4h,0,down,0.36024076,0.48,0.11975923,1,0.36024076
2025-08-06 20:00:00,ETHUSDT,4h,0,down,0.39254716,0.48,0.08745283,1,0.39254716
2025-08-07 00:00:00,ETHUSDT,4h,1,up,0.543845,0.48,0.06384501,1,0.543845
2025-08-07 04:00:00,ETHUSDT,4h,0,up,0.4236853,0.48,0.056314677,1,0.4236853
2025-08-07 08:00:00,ETHUSDT,4h,2,up,0.49345532,0.48,0.013455331,0,0.48
2025-08-07 12:00:00,ETHUSDT,4h,2,up,0.48783082,0.48,0.007830828,0,0.48
2025-08-07 16:00:00,ETHUSDT,4h,0,up,0.3989235,0.48,0.0810765,1,0.3989235
2025-08-07 20:00:00,ETHUSDT,4h,0,up,0.39781904,0.48,0.08218095,1,0.39781904
2025-08-08 00:00:00,ETHUSDT,4h,0,down,0.38158342,0.48,0.09841657,1,0.38158342
2025-08-08 04:00:00,ETHUSDT,4h,2,up,0.44280908,0.48,0.037190914,0,0.48
2025-08-08 08:00:00,ETHUSDT,4h,0,up,0.3310223,0.48,0.1489777,1,0.3310223
2025-08-08 12:00:00,ETHUSDT,4h,2,up,0.49636662,0.48,0.01636663,0,0.48
2025-08-08 16:00:00,ETHUSDT,4h,0,down,0.42099348,0.48,0.059006512,1,0.42099348
2025-08-08 20:00:00,ETHUSDT,4h,1,up,0.5695615,0.48,0.08956149,1,0.5695615
2025-08-09 00:00:00,ETHUSDT,4h,0,up,0.36953485,0.48,0.11046514,1,0.36953485
2025-08-09 04:00:00,ETHUSDT,4h,0,up,0.4196186,0.48,0.060381383,1,0.4196186
2025-08-09 08:00:00,ETHUSDT,4h,1,up,0.57724917,0.48,0.09724918,1,0.57724917
2025-08-09 12:00:00,ETHUSDT,4h,0,up,0.3508928,0.48,0.12910718,1,0.3508928
2025-08-09 16:00:00,ETHUSDT,4h,0,up,0.37441456,0.48,0.105585426,1,0.37441456
2025-08-09 20:00:00,ETHUSDT,4h,2,down,0.47064853,0.48,0.009351462,0,0.48
2025-08-10 00:00:00,ETHUSDT,4h,2,down,0.44896945,0.48,0.031030536,0,0.48
2025-08-10 04:00:00,ETHUSDT,4h,1,down,0.5843896,0.48,0.10438964,1,0.5843896
2025-08-10 08:00:00,ETHUSDT,4h,1,up,0.5394545,0.48,0.05945453,1,0.5394545
2025-08-10 12:00:00,ETHUSDT,4h,0,up,0.36823395,0.48,0.11176604,1,0.36823395
2025-08-10 16:00:00,ETHUSDT,4h,2,up,0.43325907,0.48,0.04674092,0,0.48
2025-08-10 20:00:00,ETHUSDT,4h,0,up,0.34969154,0.48,0.13030845,1,0.34969154
2025-08-11 00:00:00,ETHUSDT,4h,0,down,0.34021926,0.48,0.13978073,1,0.34021926
2025-08-11 04:00:00,ETHUSDT,4h,1,down,0.59142566,0.48,0.11142567,1,0.59142566
2025-08-11 08:00:00,ETHUSDT,4h,1,up,0.5886122,0.48,0.10861221,1,0.5886122
2025-08-11 12:00:00,ETHUSDT,4h,0,down,0.3845596,0.48,0.09544039,1,0.3845596
2025-08-11 16:00:00,ETHUSDT,4h,1,down,0.55026495,0.48,0.070264965,1,0.55026495
2025-08-11 20:00:00,ETHUSDT,4h,2,up,0.47947562,0.48,0.00052437186,0,0.48
2025-08-12 00:00:00,ETHUSDT,4h,0,up,0.4162625,0.48,0.06373748,1,0.4162625
2025-08-12 04:00:00,ETHUSDT,4h,0,down,0.419695,0.48,0.060305,1,0.419695
2025-08-12 08:00:00,ETHUSDT,4h,2,up,0.43232635,0.48,0.047673643,0,0.48
2025-08-12 12:00:00,ETHUSDT,4h,2,up,0.5128721,0.48,0.03287211,0,0.48
2025-08-12 16:00:00,ETHUSDT,4h,0,up,0.41313586,0.48,0.06686413,1,0.41313586
2025-08-12 20:00:00,ETHUSDT,4h,2,up,0.4399606,0.48,0.04003939,0,0.48
2025-08-13 00:00:00,ETHUSDT,4h,0,down,0.38166413,0.48,0.09833586,1,0.38166413
2025-08-13 04:00:00,ETHUSDT,4h,1,up,0.55470645,0.48,0.074706465,1,0.55470645
2025-08-13 08:00:00,ETHUSDT,4h,0,down,0.33688405,0.48,0.14311594,1,0.33688405
2025-08-13 12:00:00,ETHUSDT,4h,2,up,0.47673813,0.48,0.0032618642,0,0.48
2025-08-13 16:00:00,ETHUSDT,4h,0,up,0.3783126,0.48,0.1016874,1,0.3783126
2025-08-13 20:00:00,ETHUSDT,4h,0,up,0.32173046,0.48,0.15826952,1,0.32173046
2025-08-14 00:00:00,ETHUSDT,4h,0,down,0.32160383,0.48,0.15839615,1,0.32160383
2025-08-14 04:00:00,ETHUSDT,4h,0,down,0.38507542,0.48,0.09492457,1,0.38507542
2025-08-14 08:00:00,ETHUSDT,4h,2,down,0.4449373,0.48,0.0350627,0,0.48
2025-08-14 12:00:00,ETHUSDT,4h,0,down,0.33727935,0.48,0.14272064,1,0.33727935
2025-08-14 16:00:00,ETHUSDT,4h,1,up,0.5899413,0.48,0.10994133,1,0.5899413
2025-08-14 20:00:00,ETHUSDT,4h,0,up,0.42125654,0.48,0.058743447,1,0.42125654
2025-08-15 00:00:00,ETHUSDT,4h,0,up,0.36871463,0.48,0.11128536,1,0.36871463
2025-08-15 04:00:00,ETHUSDT,4h,0,down,0.40092215,0.48,0.07907784,1,0.40092215
2025-08-15 08:00:00,ETHUSDT,4h,1,down,0.5343409,0.48,0.05434093,1,0.5343409
2025-08-15 12:00:00,ETHUSDT,4h,1,down,0.611466,0.48,0.131466,1,0.611466
2025-08-15 16:00:00,ETHUSDT,4h,1,up,0.7007695,0.48,0.2207695,1,0.7007695
2025-08-15 20:00:00,ETHUSDT,4h,2,down,0.4701786,0.48,0.009821385,0,0.48
2025-08-16 00:00:00,ETHUSDT,4h,1,up,0.6144157,0.48,0.13441572,1,0.6144157
2025-08-16 04:00:00,ETHUSDT,4h,2,down,0.4712089,0.48,0.008791089,0,0.48
2025-08-16 08:00:00,ETHUSDT,4h,1,up,0.58714974,0.48,0.10714975,1,0.58714974
2025-08-16 12:00:00,ETHUSDT,4h,2,up,0.5293876,0.48,0.049387604,0,0.48
2025-08-16 16:00:00,ETHUSDT,4h,2,up,0.46986175,0.48,0.010138243,0,0.48
2025-08-16 20:00:00,ETHUSDT,4h,2,up,0.5199893,0.48,0.039989322,0,0.48
2025-08-17 00:00:00,ETHUSDT,4h,0,up,0.41757712,0.48,0.06242287,1,0.41757712
2025-08-17 04:00:00,ETHUSDT,4h,2,up,0.47394502,0.48,0.0060549676,0,0.48
2025-08-17 08:00:00,ETHUSDT,4h,0,up,0.3860603,0.48,0.09393969,1,0.3860603
2025-08-17 12:00:00,ETHUSDT,4h,0,down,0.39015672,0.48,0.08984327,1,0.39015672
2025-08-17 16:00:00,ETHUSDT,4h,2,up,0.50157595,0.48,0.021575958,0,0.48
2025-08-17 20:00:00,ETHUSDT,4h,1,down,0.53109527,0.48,0.051095277,1,0.53109527
2025-08-18 00:00:00,ETHUSDT,4h,2,down,0.517436,0.48,0.03743604,0,0.48
2025-08-18 04:00:00,ETHUSDT,4h,1,up,0.66406465,0.48,0.18406466,1,0.66406465
2025-08-18 08:00:00,ETHUSDT,4h,2,up,0.47218445,0.48,0.00781554,0,0.48
2025-08-18 12:00:00,ETHUSDT,4h,0,up,0.4281924,0.48,0.051807582,1,0.4281924
2025-08-18 16:00:00,ETHUSDT,4h,2,down,0.46349296,0.48,0.01650703,0,0.48
2025-08-18 20:00:00,ETHUSDT,4h,1,down,0.59582084,0.48,0.115820855,1,0.59582084
2025-08-19 00:00:00,ETHUSDT,4h,1,up,0.57552016,0.48,0.09552017,1,0.57552016
2025-08-19 04:00:00,ETHUSDT,4h,2,up,0.43356797,0.48,0.04643202,0,0.48
2025-08-19 08:00:00,ETHUSDT,4h,0,down,0.42309022,0.48,0.05690977,1,0.42309022
2025-08-19 12:00:00,ETHUSDT,4h,2,down,0.51754785,0.48,0.037547857,0,0.48
2025-08-19 16:00:00,ETHUSDT,4h,1,down,0.5517869,0.48,0.07178691,1,0.5517869
2025-08-19 20:00:00,ETHUSDT,4h,1,up,0.6632986,0.48,0.18329862,1,0.6632986
2025-08-20 00:00:00,ETHUSDT,4h,2,up,0.4699132,0.48,0.010086775,0,0.48
2025-08-20 04:00:00,ETHUSDT,4h,2,up,0.45855296,0.48,0.021447033,0,0.48
2025-08-20 08:00:00,ETHUSDT,4h,2,up,0.49906012,0.48,0.019060135,0,0.48
2025-08-20 12:00:00,ETHUSDT,4h,0,up,0.4096015,0.48,0.07039848,1,0.4096015
2025-08-20 16:00:00,ETHUSDT,4h,2,down,0.45057988,0.48,0.029420108,0,0.48
2025-08-20 20:00:00,ETHUSDT,4h,1,down,0.5593557,0.48,0.07935569,1,0.5593557
2025-08-21 00:00:00,ETHUSDT,4h,1,up,0.5720564,0.48,0.09205642,1,0.5720564
2025-08-21 04:00:00,ETHUSDT,4h,0,down,0.4215419,0.48,0.05845809,1,0.4215419
2025-08-21 08:00:00,ETHUSDT,4h,2,down,0.47173113,0.48,0.008268863,0,0.48
2025-08-21 12:00:00,ETHUSDT,4h,1,down,0.5428574,0.48,0.06285742,1,0.5428574
2025-08-21 16:00:00,ETHUSDT,4h,1,up,0.5805361,0.48,0.10053614,1,0.5805361
2025-08-21 20:00:00,ETHUSDT,4h,2,up,0.5054906,0.48,0.025490612,0,0.48
2025-08-22 00:00:00,ETHUSDT,4h,2,up,0.43208024,0.48,0.04791975,0,0.48
2025-08-22 04:00:00,ETHUSDT,4h,2,down,0.4371163,0.48,0.042883694,0,0.48
2025-08-22 08:00:00,ETHUSDT,4h,1,up,0.58387566,0.48,0.10387567,1,0.58387566
2025-08-22 12:00:00,ETHUSDT,4h,1,up,0.53089917,0.48,0.050899178,1,0.53089917
2025-08-22 16:00:00,ETHUSDT,4h,0,down,0.40229914,0.48,0.07770085,1,0.40229914
2025-08-22 20:00:00,ETHUSDT,4h,1,down,0.5614695,0.48,0.081469506,1,0.5614695
2025-08-23 00:00:00,ETHUSDT,4h,1,up,0.596884,0.48,0.11688402,1,0.596884
2025-08-23 04:00:00,ETHUSDT,4h,1,down,0.5830246,0.48,0.10302463,1,0.5830246
2025-08-23 08:00:00,ETHUSDT,4h,1,up,0.5690843,0.48,0.0890843,1,0.5690843
2025-08-23 12:00:00,ETHUSDT,4h,0,up,0.34515905,0.48,0.13484094,1,0.34515905
2025-08-23 16:00:00,ETHUSDT,4h,0,up,0.36039197,0.48,0.119608015,1,0.36039197
2025-08-23 20:00:00,ETHUSDT,4h,0,up,0.35409543,0.48,0.12590456,1,0.35409543
2025-08-24 00:00:00,ETHUSDT,4h,0,down,0.40754992,0.48,0.07245007,1,0.40754992
2025-08-24 04:00:00,ETHUSDT,4h,1,down,0.5739654,0.48,0.09396538,1,0.5739654
2025-08-24 08:00:00,ETHUSDT,4h,2,up,0.47522148,0.48,0.0047785044,0,0.48
2025-08-24 12:00:00,ETHUSDT,4h,0,up,0.37447104,0.48,0.10552895,1,0.37447104
2025-08-24 16:00:00,ETHUSDT,4h,2,down,0.456139,0.48,0.023860991,0,0.48
2025-08-24 20:00:00,ETHUSDT,4h,0,down,0.42024794,0.48,0.059752047,1,0.42024794
2025-08-25 00:00:00,ETHUSDT,4h,2,down,0.45920414,0.48,0.020795852,0,0.48
2025-08-25 04:00:00,ETHUSDT,4h,1,up,0.6399707,0.48,0.15997073,1,0.6399707
2025-08-25 08:00:00,ETHUSDT,4h,2,up,0.46615875,0.48,0.013841242,0,0.48
2025-08-25 12:00:00,ETHUSDT,4h,1,down,0.576935,0.48,0.096935004,1,0.576935
2025-08-25 16:00:00,ETHUSDT,4h,1,down,0.66685766,0.48,0.18685767,1,0.66685766
2025-08-25 20:00:00,ETHUSDT,4h,1,up,0.558212,0.48,0.07821199,1,0.558212
2025-08-26 00:00:00,ETHUSDT,4h,2,up,0.44123194,0.48,0.038768053,0,0.48
2025-08-26 04:00:00,ETHUSDT,4h,2,down,0.5080254,0.48,0.028025419,0,0.48
2025-08-26 08:00:00,ETHUSDT,4h,2,up,0.5226983,0.48,0.042698294,0,0.48
2025-08-26 12:00:00,ETHUSDT,4h,2,up,0.46752185,0.48,0.012478143,0,0.48
2025-08-26 16:00:00,ETHUSDT,4h,2,up,0.49972227,0.48,0.019722283,0,0.48
2025-08-26 20:00:00,ETHUSDT,4h,2,up,0.46100685,0.48,0.01899314,0,0.48
2025-08-27 00:00:00,ETHUSDT,4h,0,down,0.3737981,0.48,0.10620189,1,0.3737981
2025-08-27 04:00:00,ETHUSDT,4h,1,up,0.5391639,0.48,0.0591639,1,0.5391639
2025-08-27 08:00:00,ETHUSDT,4h,0,up,0.36228415,0.48,0.117715836,1,0.36228415
2025-08-27 12:00:00,ETHUSDT,4h,0,down,0.36815283,0.48,0.11184716,1,0.36815283
2025-08-27 16:00:00,ETHUSDT,4h,1,down,0.5639261,0.48,0.08392611,1,0.5639261
2025-08-27 20:00:00,ETHUSDT,4h,1,up,0.5596373,0.48,0.07963732,1,0.5596373
2025-08-28 00:00:00,ETHUSDT,4h,2,up,0.4406899,0.48,0.039310098,0,0.48
2025-08-28 04:00:00,ETHUSDT,4h,0,down,0.399684,0.48,0.08031598,1,0.399684
2025-08-28 08:00:00,ETHUSDT,4h,2,down,0.5077029,0.48,0.027702898,0,0.48
2025-08-28 12:00:00,ETHUSDT,4h,1,down,0.53493816,0.48,0.054938167,1,0.53493816
2025-08-28 16:00:00,ETHUSDT,4h,1,up,0.62275875,0.48,0.14275876,1,0.62275875
2025-08-28 20:00:00,ETHUSDT,4h,0,down,0.41981193,0.48,0.060188055,1,0.41981193
2025-08-29 00:00:00,ETHUSDT,4h,2,down,0.47535473,0.48,0.004645258,0,0.48
2025-08-29 04:00:00,ETHUSDT,4h,1,down,0.59506315,0.48,0.11506316,1,0.59506315
2025-08-29 08:00:00,ETHUSDT,4h,1,down,0.5436763,0.48,0.06367633,1,0.5436763
2025-08-29 12:00:00,ETHUSDT,4h,1,up,0.56531394,0.48,0.085313946,1,0.56531394
2025-08-29 16:00:00,ETHUSDT,4h,2,up,0.45553693,0.48,0.024463058,0,0.48
2025-08-29 20:00:00,ETHUSDT,4h,2,down,0.5008099,0.48,0.020809919,0,0.48
2025-08-30 00:00:00,ETHUSDT,4h,2,up,0.44582844,0.48,0.03417155,0,0.48
2025-08-30 04:00:00,ETHUSDT,4h,0,down,0.4173696,0.48,0.062630385,1,0.4173696
2025-08-30 08:00:00,ETHUSDT,4h,2,down,0.4434115,0.48,0.03658849,0,0.48
2025-08-30 12:00:00,ETHUSDT,4h,0,down,0.4135309,0.48,0.0664691,1,0.4135309
2025-08-30 16:00:00,ETHUSDT,4h,2,up,0.45882034,0.48,0.021179646,0,0.48
2025-08-30 20:00:00,ETHUSDT,4h,0,up,0.40551147,0.48,0.07448852,1,0.40551147
2025-08-31 00:00:00,ETHUSDT,4h,0,down,0.3866352,0.48,0.093364775,1,0.3866352
2025-08-31 04:00:00,ETHUSDT,4h,1,up,0.5493944,0.48,0.06939444,1,0.5493944
2025-08-31 08:00:00,ETHUSDT,4h,0,up,0.3666098,0.48,0.11339018,1,0.3666098
2025-08-31 12:00:00,ETHUSDT,4h,0,down,0.36059946,0.48,0.11940053,1,0.36059946
2025-08-31 16:00:00,ETHUSDT,4h,1,down,0.57149297,0.48,0.09149298,1,0.57149297
2025-08-31 20:00:00,ETHUSDT,4h,1,up,0.5313876,0.48,0.051387638,1,0.5313876
2025-09-01 00:00:00,ETHUSDT,4h,0,up,0.38225302,0.48,0.09774697,1,0.38225302
2025-09-01 04:00:00,ETHUSDT,4h,0,down,0.3628783,0.48,0.1171217,1,0.3628783
2025-09-01 08:00:00,ETHUSDT,4h,1,down,0.5537134,0.48,0.07371339,1,0.5537134
2025-09-01 12:00:00,ETHUSDT,4h,1,up,0.5826556,0.48,0.10265562,1,0.5826556
2025-09-01 16:00:00,ETHUSDT,4h,2,down,0.44687885,0.48,0.03312114,0,0.48
2025-09-01 20:00:00,ETHUSDT,4h,0,up,0.37345314,0.48,0.10654685,1,0.37345314
2025-09-02 00:00:00,ETHUSDT,4h,0,up,0.4083216,0.48,0.0716784,1,0.4083216
2025-09-02 04:00:00,ETHUSDT,4h,2,down,0.5092937,0.48,0.029293686,0,0.48
2025-09-02 08:00:00,ETHUSDT,4h,1,down,0.5665215,0.48,0.086521536,1,0.5665215
2025-09-02 12:00:00,ETHUSDT,4h,2,down,0.50110924,0.48,0.021109253,0,0.48
2025-09-02 16:00:00,ETHUSDT,4h,1,up,0.5703726,0.48,0.09037259,1,0.5703726
2025-09-02 20:00:00,ETHUSDT,4h,0,up,0.4177412,0.48,0.06225878,1,0.4177412
2025-09-03 00:00:00,ETHUSDT,4h,0,down,0.35260576,0.48,0.12739423,1,0.35260576
2025-09-03 04:00:00,ETHUSDT,4h,2,up,0.45295882,0.48,0.027041167,0,0.48
2025-09-03 08:00:00,ETHUSDT,4h,0,up,0.40470505,0.48,0.07529494,1,0.40470505
2025-09-03 12:00:00,ETHUSDT,4h,0,down,0.3852186,0.48,0.0947814,1,0.3852186
2025-09-03 16:00:00,ETHUSDT,4h,2,down,0.45901603,0.48,0.020983964,0,0.48
2025-09-03 20:00:00,ETHUSDT,4h,1,down,0.5715902,0.48,0.091590196,1,0.5715902
2025-09-04 00:00:00,ETHUSDT,4h,1,down,0.562132,0.48,0.08213201,1,0.562132
2025-09-04 04:00:00,ETHUSDT,4h,1,up,0.5982129,0.48,0.11821291,1,0.5982129
2025-09-04 08:00:00,ETHUSDT,4h,0,down,0.41703212,0.48,0.06296787,1,0.41703212
2025-09-04 12:00:00,ETHUSDT,4h,1,down,0.5711345,0.48,0.09113452,1,0.5711345
2025-09-04 16:00:00,ETHUSDT,4h,1,up,0.6312365,0.48,0.1512365,1,0.6312365
2025-09-04 20:00:00,ETHUSDT,4h,1,up,0.5925052,0.48,0.11250523,1,0.5925052
2025-09-05 00:00:00,ETHUSDT,4h,2,up,0.46806383,0.48,0.011936158,0,0.48
2025-09-05 04:00:00,ETHUSDT,4h,0,up,0.41093546,0.48,0.06906453,1,0.41093546
2025-09-05 08:00:00,ETHUSDT,4h,0,down,0.41132653,0.48,0.06867346,1,0.41132653
2025-09-05 12:00:00,ETHUSDT,4h,2,up,0.5085989,0.48,0.028598934,0,0.48
2025-09-05 16:00:00,ETHUSDT,4h,0,down,0.40555593,0.48,0.074444056,1,0.40555593
2025-09-05 20:00:00,ETHUSDT,4h,2,up,0.51724637,0.48,0.037246376,0,0.48
2025-09-06 00:00:00,ETHUSDT,4h,2,down,0.46527165,0.48,0.0147283375,0,0.48
2025-09-06 04:00:00,ETHUSDT,4h,0,down,0.38985768,0.48,0.09014231,1,0.38985768
2025-09-06 08:00:00,ETHUSDT,4h,2,down,0.5081614,0.48,0.028161436,0,0.48
2025-09-06 12:00:00,ETHUSDT,4h,1,down,0.5625921,0.48,0.0825921,1,0.5625921
2025-09-06 16:00:00,ETHUSDT,4h,1,up,0.59392995,0.48,0.11392996,1,0.59392995
2025-09-06 20:00:00,ETHUSDT,4h,2,up,0.45719457,0.48,0.022805423,0,0.48
2025-09-07 00:00:00,ETHUSDT,4h,2,down,0.44190395,0.48,0.03809604,0,0.48
2025-09-07 04:00:00,ETHUSDT,4h,0,up,0.42209747,0.48,0.057902515,1,0.42209747
2025-09-07 08:00:00,ETHUSDT,4h,2,down,0.4481284,0.48,0.031871587,0,0.48
2025-09-07 12:00:00,ETHUSDT,4h,2,down,0.44048044,0.48,0.03951955,0,0.48
2025-09-07 16:00:00,ETHUSDT,4h,0,up,0.4135238,0.48,0.066476196,1,0.4135238
2025-09-07 20:00:00,ETHUSDT,4h,2,up,0.43259084,0.48,0.047409147,0,0.48
2025-09-08 00:00:00,ETHUSDT,4h,0,down,0.4052051,0.48,0.07479489,1,0.4052051
2025-09-08 04:00:00,ETHUSDT,4h,2,up,0.5223876,0.48,0.042387635,0,0.48
2025-09-08 08:00:00,ETHUSDT,4h,2,up,0.4412733,0.48,0.038726687,0,0.48
2025-09-08 12:00:00,ETHUSDT,4h,0,down,0.40352142,0.48,0.07647857,1,0.40352142
2025-09-08 16:00:00,ETHUSDT,4h,1,up,0.5937031,0.48,0.1137031,1,0.5937031
2025-09-08 20:00:00,ETHUSDT,4h,2,up,0.47534665,0.48,0.0046533346,0,0.48
2025-09-09 00:00:00,ETHUSDT,4h,0,up,0.38122612,0.48,0.09877387,1,0.38122612
2025-09-09 04:00:00,ETHUSDT,4h,0,down,0.4225331,0.48,0.057466894,1,0.4225331
2025-09-09 08:00:00,ETHUSDT,4h,1,down,0.5536162,0.48,0.07361624,1,0.5536162
2025-09-09 12:00:00,ETHUSDT,4h,2,up,0.510267,0.48,0.03026703,0,0.48
2025-09-09 16:00:00,ETHUSDT,4h,2,up,0.44902116,0.48,0.030978829,0,0.48
2025-09-09 20:00:00,ETHUSDT,4h,0,up,0.42216006,0.48,0.05783993,1,0.42216006
2025-09-10 00:00:00,ETHUSDT,4h,0,up,0.3956113,0.48,0.0843887,1,0.3956113
2025-09-10 04:00:00,ETHUSDT,4h,0,up,0.41056973,0.48,0.06943026,1,0.41056973
2025-09-10 08:00:00,ETHUSDT,4h,0,up,0.42610222,0.48,0.05389777,1,0.42610222
2025-09-10 12:00:00,ETHUSDT,4h,1,down,0.54629177,0.48,0.06629178,1,0.54629177
2025-09-10 16:00:00,ETHUSDT,4h,1,up,0.54715025,0.48,0.067150265,1,0.54715025
2025-09-10 20:00:00,ETHUSDT,4h,2,up,0.43052062,0.48,0.049479365,0,0.48
2025-09-11 00:00:00,ETHUSDT,4h,0,up,0.3893855,0.48,0.0906145,1,0.3893855
2025-09-11 04:00:00,ETHUSDT,4h,0,down,0.380508,0.48,0.09949198,1,0.380508
2025-09-11 08:00:00,ETHUSDT,4h,0,down,0.38001132,0.48,0.09998867,1,0.38001132
2025-09-11 12:00:00,ETHUSDT,4h,2,up,0.47392547,0.48,0.006074518,0,0.48
2025-09-11 16:00:00,ETHUSDT,4h,2,up,0.4727358,0.48,0.007264197,0,0.48
2025-09-11 20:00:00,ETHUSDT,4h,0,up,0.38574052,0.48,0.09425947,1,0.38574052
2025-09-12 00:00:00,ETHUSDT,4h,0,up,0.40139547,0.48,0.07860452,1,0.40139547
2025-09-12 04:00:00,ETHUSDT,4h,2,down,0.49021637,0.48,0.010216385,0,0.48
2025-09-12 08:00:00,ETHUSDT,4h,2,up,0.46208653,0.48,0.01791346,0,0.48
2025-09-12 12:00:00,ETHUSDT,4h,2,up,0.44091496,0.48,0.03908503,0,0.48
2025-09-12 16:00:00,ETHUSDT,4h,0,up,0.3971725,0.48,0.08282748,1,0.3971725
2025-09-12 20:00:00,ETHUSDT,4h,0,up,0.32680574,0.48,0.15319425,1,0.32680574
2025-09-13 00:00:00,ETHUSDT,4h,0,down,0.35195807,0.48,0.12804192,1,0.35195807
2025-09-13 04:00:00,ETHUSDT,4h,1,up,0.61249125,0.48,0.13249126,1,0.61249125
2025-09-13 08:00:00,ETHUSDT,4h,2,down,0.49157053,0.48,0.011570543,0,0.48
2025-09-13 12:00:00,ETHUSDT,4h,1,down,0.5661566,0.48,0.08615664,1,0.5661566
2025-09-13 16:00:00,ETHUSDT,4h,2,up,0.46781906,0.48,0.012180924,0,0.48
2025-09-13 20:00:00,ETHUSDT,4h,2,down,0.4659552,0.48,0.014044791,0,0.48
2025-09-14 00:00:00,ETHUSDT,4h,1,down,0.5565626,0.48,0.07656261,1,0.5565626
2025-09-14 04:00:00,ETHUSDT,4h,1,down,0.5412476,0.48,0.061247617,1,0.5412476
2025-09-14 08:00:00,ETHUSDT,4h,1,down,0.5743904,0.48,0.09439042,1,0.5743904
2025-09-14 12:00:00,ETHUSDT,4h,2,up,0.49146765,0.48,0.011467665,0,0.48
2025-09-14 16:00:00,ETHUSDT,4h,2,down,0.5111719,0.48,0.031171888,0,0.48
2025-09-14 20:00:00,ETHUSDT,4h,1,up,0.5670054,0.48,0.08700541,1,0.5670054
2025-09-15 00:00:00,ETHUSDT,4h,0,down,0.4165078,0.48,0.06349218,1,0.4165078
2025-09-15 04:00:00,ETHUSDT,4h,2,down,0.47345465,0.48,0.006545335,0,0.48
2025-09-15 08:00:00,ETHUSDT,4h,2,down,0.46498117,0.48,0.015018821,0,0.48
2025-09-15 12:00:00,ETHUSDT,4h,1,down,0.56718236,0.48,0.08718237,1,0.56718236
2025-09-15 16:00:00,ETHUSDT,4h,1,up,0.5679039,0.48,0.08790389,1,0.5679039
2025-09-15 20:00:00,ETHUSDT,4h,2,down,0.5021848,0.48,0.022184819,0,0.48
2025-09-16 00:00:00,ETHUSDT,4h,2,down,0.5188626,0.48,0.038862616,0,0.48
2025-09-16 04:00:00,ETHUSDT,4h,2,down,0.4502564,0.48,0.029743582,0,0.48
2025-09-16 08:00:00,ETHUSDT,4h,2,down,0.5226835,0.48,0.042683512,0,0.48
2025-09-16 12:00:00,ETHUSDT,4h,2,up,0.49004856,0.48,0.010048568,0,0.48
2025-09-16 16:00:00,ETHUSDT,4h,2,up,0.46000978,0.48,0.019990206,0,0.48
2025-09-16 20:00:00,ETHUSDT,4h,2,down,0.510972,0.48,0.030972034,0,0.48
2025-09-17 00:00:00,ETHUSDT,4h,2,up,0.49249226,0.48,0.012492269,0,0.48
2025-09-17 04:00:00,ETHUSDT,4h,0,down,0.35428247,0.48,0.12571752,1,0.35428247
2025-09-17 08:00:00,ETHUSDT,4h,1,down,0.54349196,0.48,0.06349197,1,0.54349196
2025-09-17 12:00:00,ETHUSDT,4h,2,up,0.48107773,0.48,0.0010777414,0,0.48
2025-09-17 16:00:00,ETHUSDT,4h,2,up,0.43766767,0.48,0.04233232,0,0.48
2025-09-17 20:00:00,ETHUSDT,4h,0,up,0.3694264,0.48,0.11057359,1,0.3694264
2025-09-18 00:00:00,ETHUSDT,4h,0,down,0.41573077,0.48,0.064269215,1,0.41573077
2025-09-18 04:00:00,ETHUSDT,4h,1,up,0.5437548,0.48,0.06375483,1,0.5437548
2025-09-18 08:00:00,ETHUSDT,4h,1,up,0.5599818,0.48,0.07998183,1,0.5599818
2025-09-18 12:00:00,ETHUSDT,4h,0,down,0.4209495,0.48,0.0590505,1,0.4209495
2025-09-18 16:00:00,ETHUSDT,4h,1,down,0.5434974,0.48,0.063497394,1,0.5434974
2025-09-18 20:00:00,ETHUSDT,4h,2,down,0.4620275,0.48,0.0179725,0,0.48
2025-09-19 00:00:00,ETHUSDT,4h,2,down,0.4748241,0.48,0.0051758885,0,0.48
2025-09-19 04:00:00,ETHUSDT,4h,2,down,0.45502263,0.48,0.024977356,0,0.48
2025-09-19 08:00:00,ETHUSDT,4h,1,down,0.5676762,0.48,0.0876762,1,0.5676762
2025-09-19 12:00:00,ETHUSDT,4h,2,down,0.4975668,0.48,0.0175668,0,0.48
2025-09-19 16:00:00,ETHUSDT,4h,1,up,0.63666713,0.48,0.15666714,1,0.63666713
2025-09-19 20:00:00,ETHUSDT,4h,2,down,0.4684375,0.48,0.011562496,0,0.48
2025-09-20 00:00:00,ETHUSDT,4h,2,up,0.52417356,0.48,0.04417357,0,0.48
2025-09-20 04:00:00,ETHUSDT,4h,2,down,0.4770749,0.48,0.002925098,0,0.48
2025-09-20 08:00:00,ETHUSDT,4h,2,up,0.49991614,0.48,0.019916147,0,0.48
2025-09-20 12:00:00,ETHUSDT,4h,2,down,0.45035914,0.48,0.029640853,0,0.48
2025-09-20 16:00:00,ETHUSDT,4h,2,up,0.47798696,0.48,0.0020130277,0,0.48
2025-09-20 20:00:00,ETHUSDT,4h,2,down,0.5201102,0.48,0.0401102,0,0.48
2025-09-21 00:00:00,ETHUSDT,4h,0,down,0.3888265,0.48,0.0911735,1,0.3888265
2025-09-21 04:00:00,ETHUSDT,4h,2,down,0.4647898,0.48,0.0152101815,0,0.48
2025-09-21 08:00:00,ETHUSDT,4h,2,up,0.4879685,0.48,0.007968515,0,0.48
2025-09-21 12:00:00,ETHUSDT,4h,2,up,0.44432974,0.48,0.03567025,0,0.48
2025-09-21 16:00:00,ETHUSDT,4h,0,down,0.41092122,0.48,0.06907877,1,0.41092122
2025-09-21 20:00:00,ETHUSDT,4h,1,down,0.5359779,0.48,0.05597791,1,0.5359779
2025-09-22 00:00:00,ETHUSDT,4h,2,down,0.5217179,0.48,0.041717917,0,0.48
2025-09-22 04:00:00,ETHUSDT,4h,2,down,0.48657605,0.48,0.0065760612,0,0.48
2025-09-22 08:00:00,ETHUSDT,4h,2,down,0.4540894,0.48,0.025910586,0,0.48
2025-09-22 12:00:00,ETHUSDT,4h,1,down,0.61952263,0.48,0.13952264,1,0.61952263
2025-09-22 16:00:00,ETHUSDT,4h,1,up,0.6073361,0.48,0.12733611,1,0.6073361
2025-09-22 20:00:00,ETHUSDT,4h,2,down,0.4958446,0.48,0.015844613,0,0.48
2025-09-23 00:00:00,ETHUSDT,4h,0,up,0.42733142,0.48,0.05266857,1,0.42733142
2025-09-23 04:00:00,ETHUSDT,4h,2,down,0.47684696,0.48,0.003153026,0,0.48
2025-09-23 08:00:00,ETHUSDT,4h,1,down,0.5672193,0.48,0.08721933,1,0.5672193
2025-09-23 12:00:00,ETHUSDT,4h,2,down,0.524432,0.48,0.044432014,0,0.48
2025-09-23 16:00:00,ETHUSDT,4h,1,up,0.5915876,0.48,0.111587614,1,0.5915876
2025-09-23 20:00:00,ETHUSDT,4h,2,down,0.47938147,0.48,0.0006185174,0,0.48
2025-09-24 00:00:00,ETHUSDT,4h,2,up,0.5060816,0.48,0.026081592,0,0.48
2025-09-24 04:00:00,ETHUSDT,4h,0,up,0.41533652,0.48,0.06466347,1,0.41533652
2025-09-24 08:00:00,ETHUSDT,4h,2,down,0.4921396,0.48,0.012139618,0,0.48
2025-09-24 12:00:00,ETHUSDT,4h,2,down,0.5128027,0.48,0.03280273,0,0.48
2025-09-24 16:00:00,ETHUSDT,4h,1,down,0.5583359,0.48,0.07833591,1,0.5583359
2025-09-24 20:00:00,ETHUSDT,4h,2,down,0.48467356,0.48,0.0046735704,0,0.48
2025-09-25 00:00:00,ETHUSDT,4h,2,down,0.49050048,0.48,0.010500491,0,0.48
2025-09-25 04:00:00,ETHUSDT,4h,2,down,0.50660735,0.48,0.026607364,0,0.48
2025-09-25 08:00:00,ETHUSDT,4h,1,up,0.64935124,0.48,0.16935125,1,0.64935124
2025-09-25 12:00:00,ETHUSDT,4h,2,down,0.43908158,0.48,0.04091841,0,0.48
2025-09-25 16:00:00,ETHUSDT,4h,2,down,0.47945258,0.48,0.00054740906,0,0.48
2025-09-25 20:00:00,ETHUSDT,4h,1,up,0.64232904,0.48,0.16232905,1,0.64232904
2025-09-26 00:00:00,ETHUSDT,4h,2,down,0.50500095,0.48,0.02500096,0,0.48
2025-09-26 04:00:00,ETHUSDT,4h,1,down,0.5587004,0.48,0.07870039,1,0.5587004
2025-09-26 08:00:00,ETHUSDT,4h,1,up,0.5670506,0.48,0.08705059,1,0.5670506
2025-09-26 12:00:00,ETHUSDT,4h,2,up,0.4747245,0.48,0.005275488,0,0.48
2025-09-26 16:00:00,ETHUSDT,4h,2,up,0.47268632,0.48,0.0073136687,0,0.48
2025-09-26 20:00:00,ETHUSDT,4h,0,down,0.35451305,0.48,0.12548694,1,0.35451305
2025-09-27 00:00:00,ETHUSDT,4h,0,down,0.381692,0.48,0.098308,1,0.381692
2025-09-27 04:00:00,ETHUSDT,4h,2,down,0.51686543,0.48,0.036865443,0,0.48
2025-09-27 08:00:00,ETHUSDT,4h,0,up,0.42977503,0.48,0.05022496,1,0.42977503
2025-09-27 12:00:00,ETHUSDT,4h,2,down,0.45673624,0.48,0.023263752,0,0.48
2025-09-27 16:00:00,ETHUSDT,4h,2,up,0.46157333,0.48,0.018426657,0,0.48
2025-09-27 20:00:00,ETHUSDT,4h,2,down,0.49569002,0.48,0.015690029,0,0.48
2025-09-28 00:00:00,ETHUSDT,4h,2,up,0.52752745,0.48,0.047527462,0,0.48
2025-09-28 04:00:00,ETHUSDT,4h,2,down,0.44826266,0.48,0.031737328,0,0.48
2025-09-28 08:00:00,ETHUSDT,4h,2,up,0.5099466,0.48,0.029946595,0,0.48
2025-09-28 12:00:00,ETHUSDT,4h,0,up,0.377533,0.48,0.102467,1,0.377533
2025-09-28 16:00:00,ETHUSDT,4h,2,up,0.43597305,0.48,0.04402694,0,0.48
2025-09-28 20:00:00,ETHUSDT,4h,0,down,0.4188098,0.48,0.061190188,1,0.4188098
2025-09-29 00:00:00,ETHUSDT,4h,2,down,0.4480259,0.48,0.031974077,0,0.48
2025-09-29 04:00:00,ETHUSDT,4h,0,down,0.3687919,0.48,0.11120808,1,0.3687919
2025-09-29 08:00:00,ETHUSDT,4h,1,up,0.5486464,0.48,0.0686464,1,0.5486464
2025-09-29 12:00:00,ETHUSDT,4h,0,up,0.35963243,0.48,0.12036756,1,0.35963243
2025-09-29 16:00:00,ETHUSDT,4h,0,up,0.35449094,0.48,0.12550905,1,0.35449094
2025-09-29 20:00:00,ETHUSDT,4h,0,down,0.37274313,0.48,0.10725686,1,0.37274313
2025-09-30 00:00:00,ETHUSDT,4h,1,down,0.5530937,0.48,0.07309368,1,0.5530937
2025-09-30 04:00:00,ETHUSDT,4h,2,down,0.5299078,0.48,0.049907833,0,0.48
2025-09-30 08:00:00,ETHUSDT,4h,0,down,0.38847902,0.48,0.091520965,1,0.38847902
2025-09-30 12:00:00,ETHUSDT,4h,2,up,0.4884689,0.48,0.008468896,0,0.48
2025-09-30 16:00:00,ETHUSDT,4h,0,down,0.36460224,0.48,0.11539775,1,0.36460224
2025-09-30 20:00:00,ETHUSDT,4h,2,down,0.48149502,0.48,0.0014950335,0,0.48
2025-10-01 00:00:00,ETHUSDT,4h,1,up,0.55867743,0.48,0.078677446,1,0.55867743
2025-10-01 04:00:00,ETHUSDT,4h,2,up,0.4779594,0.48,0.0020405948,0,0.48
2025-10-01 08:00:00,ETHUSDT,4h,2,up,0.5222521,0.48,0.042252094,0,0.48
2025-10-01 12:00:00,ETHUSDT,4h,0,up,0.3958536,0.48,0.08414638,1,0.3958536
2025-10-01 16:00:00,ETHUSDT,4h,0,up,0.3642005,0.48,0.11579949,1,0.3642005
2025-10-01 20:00:00,ETHUSDT,4h,0,up,0.38477042,0.48,0.095229566,1,0.38477042
2025-10-02 00:00:00,ETHUSDT,4h,0,down,0.39538783,0.48,0.08461216,1,0.39538783
2025-10-02 04:00:00,ETHUSDT,4h,1,up,0.55505395,0.48,0.07505396,1,0.55505395
2025-10-02 08:00:00,ETHUSDT,4h,2,up,0.5204548,0.48,0.040454835,0,0.48
2025-10-02 12:00:00,ETHUSDT,4h,0,up,0.36875823,0.48,0.11124176,1,0.36875823
2025-10-02 16:00:00,ETHUSDT,4h,0,down,0.37672845,0.48,0.103271544,1,0.37672845
2025-10-02 20:00:00,ETHUSDT,4h,0,up,0.39427057,0.48,0.08572942,1,0.39427057
2025-10-03 00:00:00,ETHUSDT,4h,2,down,0.43823192,0.48,0.041768074,0,0.48
2025-10-03 04:00:00,ETHUSDT,4h,1,up,0.55443335,0.48,0.07443336,1,0.55443335
2025-10-03 08:00:00,ETHUSDT,4h,0,up,0.3345965,0.48,0.14540347,1,0.3345965
2025-10-03 12:00:00,ETHUSDT,4h,0,down,0.3156707,0.48,0.16432929,1,0.3156707
2025-10-03 16:00:00,ETHUSDT,4h,2,down,0.4479506,0.48,0.032049388,0,0.48
2025-10-03 20:00:00,ETHUSDT,4h,2,down,0.46472192,0.48,0.015278071,0,0.48
2025-10-04 00:00:00,ETHUSDT,4h,2,up,0.45476067,0.48,0.025239319,0,0.48
2025-10-04 04:00:00,ETHUSDT,4h,2,down,0.48117,0.48,0.0011700094,0,0.48
2025-10-04 08:00:00,ETHUSDT,4h,2,down,0.5060531,0.48,0.0260531,0,0.48
2025-10-04 12:00:00,ETHUSDT,4h,2,up,0.5252361,0.48,0.04523614,0,0.48
2025-10-04 16:00:00,ETHUSDT,4h,2,up,0.46107483,0.48,0.01892516,0,0.48
2025-10-04 20:00:00,ETHUSDT,4h,2,up,0.48791724,0.48,0.007917255,0,0.48
2025-10-05 00:00:00,ETHUSDT,4h,0,up,0.41465932,0.48,0.06534067,1,0.41465932
2025-10-05 04:00:00,ETHUSDT,4h,2,down,0.43464285,0.48,0.045357138,0,0.48
2025-10-05 08:00:00,ETHUSDT,4h,1,down,0.53462213,0.48,0.054622144,1,0.53462213
2025-10-05 12:00:00,ETHUSDT,4h,1,down,0.53571224,0.48,0.055712253,1,0.53571224
2025-10-05 16:00:00,ETHUSDT,4h,1,up,0.5471749,0.48,0.06717488,1,0.5471749
2025-10-05 20:00:00,ETHUSDT,4h,2,up,0.44637302,0.48,0.033626974,0,0.48
2025-10-06 00:00:00,ETHUSDT,4h,0,down,0.3948974,0.48,0.08510259,1,0.3948974
2025-10-06 04:00:00,ETHUSDT,4h,2,up,0.482726,0.48,0.0027260184,0,0.48
2025-10-06 08:00:00,ETHUSDT,4h,0,up,0.381343,0.48,0.09865698,1,0.381343
2025-10-06 12:00:00,ETHUSDT,4h,0,up,0.3973018,0.48,0.082698196,1,0.3973018
2025-10-06 16:00:00,ETHUSDT,4h,0,down,0.3924218,0.48,0.08757818,1,0.3924218
2025-10-06 20:00:00,ETHUSDT,4h,1,up,0.59829277,0.48,0.11829278,1,0.59829277
2025-10-07 00:00:00,ETHUSDT,4h,0,down,0.38149107,0.48,0.098508924,1,0.38149107
2025-10-07 04:00:00,ETHUSDT,4h,1,up,0.57372814,0.48,0.093728155,1,0.57372814
2025-10-07 08:00:00,ETHUSDT,4h,0,down,0.34462324,0.48,0.13537675,1,0.34462324
2025-10-07 12:00:00,ETHUSDT,4h,1,down,0.5779695,0.48,0.0979695,1,0.5779695
2025-10-07 16:00:00,ETHUSDT,4h,1,down,0.5694412,0.48,0.08944121,1,0.5694412
2025-10-07 20:00:00,ETHUSDT,4h,1,down,0.69724005,0.48,0.21724007,1,0.69724005
2025-10-08 00:00:00,ETHUSDT,4h,1,up,0.6401957,0.48,0.16019574,1,0.6401957
2025-10-08 04:00:00,ETHUSDT,4h,2,up,0.47560608,0.48,0.0043939054,0,0.48
2025-10-08 08:00:00,ETHUSDT,4h,2,down,0.4827299,0.48,0.0027299225,0,0.48
2025-10-08 12:00:00,ETHUSDT,4h,1,up,0.5972494,0.48,0.1172494,1,0.5972494
2025-10-08 16:00:00,ETHUSDT,4h,2,up,0.44635722,0.48,0.03364277,0,0.48
2025-10-08 20:00:00,ETHUSDT,4h,2,down,0.4595606,0.48,0.020439386,0,0.48
2025-10-09 00:00:00,ETHUSDT,4h,2,down,0.4601426,0.48,0.019857377,0,0.48
2025-10-09 04:00:00,ETHUSDT,4h,1,down,0.60652953,0.48,0.12652954,1,0.60652953
2025-10-09 08:00:00,ETHUSDT,4h,2,down,0.44836423,0.48,0.03163576,0,0.48
2025-10-09 12:00:00,ETHUSDT,4h,1,up,0.62631875,0.48,0.14631876,1,0.62631875
2025-10-09 16:00:00,ETHUSDT,4h,0,up,0.41829282,0.48,0.06170717,1,0.41829282
2025-10-09 20:00:00,ETHUSDT,4h,2,down,0.43385604,0.48,0.04614395,0,0.48
2025-10-10 00:00:00,ETHUSDT,4h,1,down,0.53551495,0.48,0.05551496,1,0.53551495
2025-10-10 04:00:00,ETHUSDT,4h,1,up,0.54141647,0.48,0.061416477,1,0.54141647
2025-10-10 08:00:00,ETHUSDT,4h,2,down,0.48622075,0.48,0.006220758,0,0.48
2025-10-10 12:00:00,ETHUSDT,4h,1,down,0.5606934,0.48,0.080693394,1,0.5606934
2025-10-10 16:00:00,ETHUSDT,4h,1,down,0.59209776,0.48,0.11209777,1,0.59209776
2025-10-10 20:00:00,ETHUSDT,4h,1,down,0.56477207,0.48,0.08477208,1,0.56477207
2025-10-11 00:00:00,ETHUSDT,4h,1,down,0.5746425,0.48,0.09464249,1,0.5746425
2025-10-11 04:00:00,ETHUSDT,4h,1,up,0.6347373,0.48,0.15473732,1,0.6347373
2025-10-11 08:00:00,ETHUSDT,4h,2,down,0.5222362,0.48,0.04223624,0,0.48
2025-10-11 12:00:00,ETHUSDT,4h,2,down,0.52591026,0.48,0.04591027,0,0.48
2025-10-11 16:00:00,ETHUSDT,4h,1,down,0.55112857,0.48,0.07112858,1,0.55112857
2025-10-11 20:00:00,ETHUSDT,4h,2,up,0.47011206,0.48,0.009887934,0,0.48
2025-10-12 00:00:00,ETHUSDT,4h,2,up,0.5007968,0.48,0.020796806,0,0.48
2025-10-12 04:00:00,ETHUSDT,4h,2,down,0.44472492,0.48,0.03527507,0,0.48
2025-10-12 08:00:00,ETHUSDT,4h,1,up,0.5655636,0.48,0.08556363,1,0.5655636
2025-10-12 12:00:00,ETHUSDT,4h,2,up,0.45585474,0.48,0.024145246,0,0.48
2025-10-12 16:00:00,ETHUSDT,4h,0,up,0.42769012,0.48,0.05230987,1,0.42769012
2025-10-12 20:00:00,ETHUSDT,4h,0,down,0.36249575,0.48,0.11750424,1,0.36249575
2025-10-13 00:00:00,ETHUSDT,4h,1,up,0.5510399,0.48,0.071039885,1,0.5510399
2025-10-13 04:00:00,ETHUSDT,4h,0,down,0.33793598,0.48,0.142064,1,0.33793598
2025-10-13 08:00:00,ETHUSDT,4h,2,up,0.49647155,0.48,0.016471565,0,0.48
2025-10-13 12:00:00,ETHUSDT,4h,0,up,0.37113744,0.48,0.10886255,1,0.37113744
2025-10-13 16:00:00,ETHUSDT,4h,0,down,0.3920012,0.48,0.08799878,1,0.3920012
2025-10-13 20:00:00,ETHUSDT,4h,1,down,0.60993713,0.48,0.12993714,1,0.60993713
2025-10-14 00:00:00,ETHUSDT,4h,1,down,0.57047975,0.48,0.09047976,1,0.57047975
2025-10-14 04:00:00,ETHUSDT,4h,1,down,0.5953256,0.48,0.1153256,1,0.5953256
2025-10-14 08:00:00,ETHUSDT,4h,2,up,0.44864884,0.48,0.03135115,0,0.48
2025-10-14 12:00:00,ETHUSDT,4h,0,up,0.4071949,0.48,0.07280508,1,0.4071949
2025-10-14 16:00:00,ETHUSDT,4h,2,up,0.45723152,0.48,0.022768468,0,0.48
2025-10-14 20:00:00,ETHUSDT,4h,0,down,0.38195226,0.48,0.09804773,1,0.38195226
2025-10-15 00:00:00,ETHUSDT,4h,1,up,0.5756334,0.48,0.09563342,1,0.5756334
2025-10-15 04:00:00,ETHUSDT,4h,2,down,0.44349334,0.48,0.036506653,0,0.48
2025-10-15 08:00:00,ETHUSDT,4h,2,down,0.51411384,0.48,0.034113854,0,0.48
2025-10-15 12:00:00,ETHUSDT,4h,1,up,0.5659033,0.48,0.08590332,1,0.5659033
2025-10-15 16:00:00,ETHUSDT,4h,0,up,0.42224967,0.48,0.057750314,1,0.42224967
2025-10-15 20:00:00,ETHUSDT,4h,2,up,0.45175248,0.48,0.028247505,0,0.48
2025-10-16 00:00:00,ETHUSDT,4h,2,down,0.4491582,0.48,0.030841798,0,0.48
2025-10-16 04:00:00,ETHUSDT,4h,1,up,0.5335328,0.48,0.05353281,1,0.5335328
2025-10-16 08:00:00,ETHUSDT,4h,0,down,0.3844108,0.48,0.09558919,1,0.3844108
2025-10-16 12:00:00,ETHUSDT,4h,2,down,0.5223397,0.48,0.042339712,0,0.48
2025-10-16 16:00:00,ETHUSDT,4h,1,up,0.6235094,0.48,0.14350942,1,0.6235094
2025-10-16 20:00:00,ETHUSDT,4h,2,up,0.48950687,0.48,0.009506881,0,0.48
2025-10-17 00:00:00,ETHUSDT,4h,2,down,0.49897477,0.48,0.018974781,0,0.48
2025-10-17 04:00:00,ETHUSDT,4h,1,up,0.565646,0.48,0.085646,1,0.565646
2025-10-17 08:00:00,ETHUSDT,4h,0,up,0.41821945,0.48,0.061780542,1,0.41821945
2025-10-17 12:00:00,ETHUSDT,4h,2,up,0.48968822,0.48,0.009688228,0,0.48
2025-10-17 16:00:00,ETHUSDT,4h,2,up,0.48498914,0.48,0.004989147,0,0.48
2025-10-17 20:00:00,ETHUSDT,4h,1,up,0.6148346,0.48,0.13483462,1,0.6148346
2025-10-18 00:00:00,ETHUSDT,4h,2,up,0.4504175,0.48,0.0295825,0,0.48
2025-10-18 04:00:00,ETHUSDT,4h,0,down,0.39835474,0.48,0.08164525,1,0.39835474
2025-10-18 08:00:00,ETHUSDT,4h,2,down,0.47700295,0.48,0.0029970407,0,0.48
2025-10-18 12:00:00,ETHUSDT,4h,0,up,0.40142992,0.48,0.07857007,1,0.40142992
2025-10-18 16:00:00,ETHUSDT,4h,0,down,0.37367097,0.48,0.106329024,1,0.37367097
2025-10-18 20:00:00,ETHUSDT,4h,2,up,0.43397903,0.48,0.046020955,0,0.48
2025-10-19 00:00:00,ETHUSDT,4h,0,down,0.36372152,0.48,0.11627847,1,0.36372152
2025-10-19 04:00:00,ETHUSDT,4h,2,up,0.49148977,0.48,0.011489779,0,0.48
2025-10-19 08:00:00,ETHUSDT,4h,0,up,0.37788242,0.48,0.10211757,1,0.37788242
2025-10-19 12:00:00,ETHUSDT,4h,0,up,0.37036738,0.48,0.10963261,1,0.37036738
2025-10-19 16:00:00,ETHUSDT,4h,0,down,0.41383207,0.48,0.06616792,1,0.41383207
2025-10-19 20:00:00,ETHUSDT,4h,2,up,0.5297896,0.48,0.049789637,0,0.48
2025-10-20 00:00:00,ETHUSDT,4h,0,up,0.3734968,0.48,0.10650319,1,0.3734968
2025-10-20 04:00:00,ETHUSDT,4h,2,down,0.43486258,0.48,0.045137405,0,0.48
2025-10-20 08:00:00,ETHUSDT,4h,2,down,0.45299068,0.48,0.027009308,0,0.48
2025-10-20 12:00:00,ETHUSDT,4h,2,down,0.4615874,0.48,0.01841259,0,0.48
2025-10-20 16:00:00,ETHUSDT,4h,0,down,0.3468818,0.48,0.13311818,1,0.3468818
2025-10-20 20:00:00,ETHUSDT,4h,1,down,0.5708482,0.48,0.09084824,1,0.5708482
2025-10-21 00:00:00,ETHUSDT,4h,1,down,0.5668827,0.48,0.08688274,1,0.5668827
2025-10-21 04:00:00,ETHUSDT,4h,2,down,0.44203332,0.48,0.03796667,0,0.48
2025-10-21 08:00:00,ETHUSDT,4h,2,up,0.4688843,0.48,0.0111157,0,0.48
2025-10-21 12:00:00,ETHUSDT,4h,1,down,0.54024476,0.48,0.06024477,1,0.54024476
2025-10-21 16:00:00,ETHUSDT,4h,1,down,0.5834107,0.48,0.10341069,1,0.5834107
2025-10-21 20:00:00,ETHUSDT,4h,1,down,0.6263385,0.48,0.1463385,1,0.6263385
2025-10-22 00:00:00,ETHUSDT,4h,2,up,0.5256638,0.48,0.045663804,0,0.48
2025-10-22 04:00:00,ETHUSDT,4h,0,down,0.41096574,0.48,0.06903425,1,0.41096574
2025-10-22 08:00:00,ETHUSDT,4h,2,up,0.46028587,0.48,0.019714117,0,0.48
2025-10-22 12:00:00,ETHUSDT,4h,0,down,0.3845575,0.48,0.0954425,1,0.3845575
2025-10-22 16:00:00,ETHUSDT,4h,1,up,0.5503647,0.48,0.070364684,1,0.5503647
2025-10-22 20:00:00,ETHUSDT,4h,0,up,0.41763756,0.48,0.062362432,1,0.41763756
2025-10-23 00:00:00,ETHUSDT,4h,0,up,0.4287437,0.48,0.0512563,1,0.4287437
2025-10-23 04:00:00,ETHUSDT,4h,2,down,0.4301852,0.48,0.04981479,0,0.48
2025-10-23 08:00:00,ETHUSDT,4h,1,up,0.5407629,0.48,0.060762912,1,0.5407629
2025-10-23 12:00:00,ETHUSDT,4h,0,down,0.38056138,0.48,0.09943861,1,0.38056138
2025-10-23 16:00:00,ETHUSDT,4h,1,down,0.5580854,0.48,0.07808539,1,0.5580854
2025-10-23 20:00:00,ETHUSDT,4h,0,up,0.4057356,0.48,0.07426438,1,0.4057356
2025-10-24 00:00:00,ETHUSDT,4h,2,up,0.43227866,0.48,0.047721326,0,0.48
2025-10-24 04:00:00,ETHUSDT,4h,0,down,0.38126895,0.48,0.09873104,1,0.38126895
2025-10-24 08:00:00,ETHUSDT,4h,0,down,0.4104305,0.48,0.0695695,1,0.4104305
2025-10-24 12:00:00,ETHUSDT,4h,2,up,0.5060437,0.48,0.026043683,0,0.48
2025-10-24 16:00:00,ETHUSDT,4h,0,up,0.41744307,0.48,0.06255692,1,0.41744307
2025-10-24 20:00:00,ETHUSDT,4h,2,down,0.5092419,0.48,0.02924189,0,0.48
2025-10-25 00:00:00,ETHUSDT,4h,1,up,0.5576869,0.48,0.077686936,1,0.5576869
2025-10-25 04:00:00,ETHUSDT,4h,2,up,0.49423704,0.48,0.014237046,0,0.48
2025-10-25 08:00:00,ETHUSDT,4h,2,down,0.43719494,0.48,0.042805046,0,0.48
2025-10-25 12:00:00,ETHUSDT,4h,2,up,0.49103373,0.48,0.011033744,0,0.48
2025-10-25 16:00:00,ETHUSDT,4h,0,down,0.4167924,0.48,0.0632076,1,0.4167924
2025-10-25 20:00:00,ETHUSDT,4h,0,down,0.38455933,0.48,0.095440656,1,0.38455933
2025-10-26 00:00:00,ETHUSDT,4h,2,up,0.4637333,0.48,0.016266704,0,0.48
2025-10-26 04:00:00,ETHUSDT,4h,0,up,0.41716388,0.48,0.06283611,1,0.41716388
2025-10-26 08:00:00,ETHUSDT,4h,0,up,0.38837433,0.48,0.09162566,1,0.38837433
2025-10-26 12:00:00,ETHUSDT,4h,2,down,0.43116698,0.48,0.048833013,0,0.48
2025-10-26 16:00:00,ETHUSDT,4h,0,up,0.40386495,0.48,0.07613504,1,0.40386495
2025-10-26 20:00:00,ETHUSDT,4h,0,up,0.37666592,0.48,0.10333407,1,0.37666592
2025-10-27 00:00:00,ETHUSDT,4h,0,down,0.37640288,0.48,0.103597105,1,0.37640288
2025-10-27 04:00:00,ETHUSDT,4h,1,down,0.5585409,0.48,0.07854089,1,0.5585409
2025-10-27 08:00:00,ETHUSDT,4h,2,up,0.4411775,0.48,0.038822502,0,0.48
2025-10-27 12:00:00,ETHUSDT,4h,0,up,0.39574292,0.48,0.084257066,1,0.39574292
2025-10-27 16:00:00,ETHUSDT,4h,2,down,0.48725525,0.48,0.007255256,0,0.48
2025-10-27 20:00:00,ETHUSDT,4h,2,down,0.5116649,0.48,0.031664938,0,0.48
2025-10-28 00:00:00,ETHUSDT,4h,1,up,0.5796794,0.48,0.09967944,1,0.5796794
2025-10-28 04:00:00,ETHUSDT,4h,0,down,0.42515555,0.48,0.05484444,1,0.42515555
2025-10-28 08:00:00,ETHUSDT,4h,1,down,0.58557504,0.48,0.105575055,1,0.58557504
2025-10-28 12:00:00,ETHUSDT,4h,2,down,0.45577866,0.48,0.02422133,0,0.48
2025-10-28 16:00:00,ETHUSDT,4h,1,down,0.5776875,0.48,0.09768751,1,0.5776875
2025-10-28 20:00:00,ETHUSDT,4h,2,up,0.45851704,0.48,0.021482944,0,0.48
2025-10-29 00:00:00,ETHUSDT,4h,2,up,0.5022751,0.48,0.02227512,0,0.48
2025-10-29 04:00:00,ETHUSDT,4h,2,down,0.50434065,0.48,0.02434066,0,0.48
2025-10-29 08:00:00,ETHUSDT,4h,2,down,0.5082285,0.48,0.028228492,0,0.48
2025-10-29 12:00:00,ETHUSDT,4h,1,down,0.5676375,0.48,0.087637514,1,0.5676375
2025-10-29 16:00:00,ETHUSDT,4h,2,down,0.46002623,0.48,0.019973755,0,0.48
2025-10-29 20:00:00,ETHUSDT,4h,1,up,0.559079,0.48,0.079079,1,0.559079
2025-10-30 00:00:00,ETHUSDT,4h,2,up,0.46958324,0.48,0.010416746,0,0.48
2025-10-30 04:00:00,ETHUSDT,4h,0,down,0.42464784,0.48,0.05535215,1,0.42464784
2025-10-30 08:00:00,ETHUSDT,4h,1,down,0.5505419,0.48,0.07054189,1,0.5505419
2025-10-30 12:00:00,ETHUSDT,4h,1,down,0.53076017,0.48,0.05076018,1,0.53076017
2025-10-30 16:00:00,ETHUSDT,4h,1,up,0.6389036,0.48,0.15890363,1,0.6389036
2025-10-30 20:00:00,ETHUSDT,4h,2,up,0.4634927,0.48,0.016507298,0,0.48
2025-10-31 00:00:00,ETHUSDT,4h,2,up,0.51072323,0.48,0.030723244,0,0.48
2025-10-31 04:00:00,ETHUSDT,4h,1,up,0.5719242,0.48,0.09192422,1,0.5719242
2025-10-31 08:00:00,ETHUSDT,4h,0,down,0.3361192,0.48,0.14388078,1,0.3361192
2025-10-31 12:00:00,ETHUSDT,4h,0,up,0.42965692,0.48,0.050343066,1,0.42965692
2025-10-31 16:00:00,ETHUSDT,4h,0,down,0.36667654,0.48,0.11332345,1,0.36667654
2025-10-31 20:00:00,ETHUSDT,4h,1,up,0.60106325,0.48,0.12106326,1,0.60106325
2025-11-01 00:00:00,ETHUSDT,4h,0,down,0.41126874,0.48,0.06873125,1,0.41126874
2025-11-01 04:00:00,ETHUSDT,4h,2,up,0.5026942,0.48,0.0226942,0,0.48
2025-11-01 08:00:00,ETHUSDT,4h,2,up,0.43517765,0.48,0.044822335,0,0.48
2025-11-01 12:00:00,ETHUSDT,4h,0,down,0.41693893,0.48,0.06306106,1,0.41693893
2025-11-01 16:00:00,ETHUSDT,4h,2,down,0.4935948,0.48,0.013594806,0,0.48
2025-11-01 20:00:00,ETHUSDT,4h,2,up,0.4959406,0.48,0.015940607,0,0.48
2025-11-02 00:00:00,ETHUSDT,4h,0,up,0.42883655,0.48,0.051163435,1,0.42883655
2025-11-02 04:00:00,ETHUSDT,4h,2,down,0.45252082,0.48,0.027479172,0,0.48
2025-11-02 08:00:00,ETHUSDT,4h,0,down,0.40300673,0.48,0.07699326,1,0.40300673
2025-11-02 12:00:00,ETHUSDT,4h,1,up,0.55029625,0.48,0.07029626,1,0.55029625
2025-11-02 16:00:00,ETHUSDT,4h,2,up,0.4497722,0.48,0.03022778,0,0.48
2025-11-02 20:00:00,ETHUSDT,4h,0,down,0.41595668,0.48,0.06404331,1,0.41595668
2025-11-03 00:00:00,ETHUSDT,4h,2,down,0.5133157,0.48,0.03331569,0,0.48
2025-11-03 04:00:00,ETHUSDT,4h,1,down,0.536231,0.48,0.056230992,1,0.536231
2025-11-03 08:00:00,ETHUSDT,4h,2,down,0.44965735,0.48,0.030342638,0,0.48
2025-11-03 12:00:00,ETHUSDT,4h,1,up,0.55747557,0.48,0.07747558,1,0.55747557
2025-11-03 16:00:00,ETHUSDT,4h,2,down,0.5144918,0.48,0.034491807,0,0.48
2025-11-03 20:00:00,ETHUSDT,4h,2,up,0.5118327,0.48,0.031832725,0,0.48
2025-11-04 00:00:00,ETHUSDT,4h,2,down,0.45137644,0.48,0.028623551,0,0.48
2025-11-04 04:00:00,ETHUSDT,4h,1,up,0.5340741,0.48,0.05407414,1,0.5340741
2025-11-04 08:00:00,ETHUSDT,4h,2,down,0.48555437,0.48,0.005554378,0,0.48
2025-11-04 12:00:00,ETHUSDT,4h,1,down,0.6273715,0.48,0.1473715,1,0.6273715
2025-11-04 16:00:00,ETHUSDT,4h,1,up,0.5480086,0.48,0.06800863,1,0.5480086
2025-11-04 20:00:00,ETHUSDT,4h,2,up,0.4577385,0.48,0.0222615,0,0.48
2025-11-05 00:00:00,ETHUSDT,4h,2,down,0.47281143,0.48,0.0071885586,0,0.48
2025-11-05 04:00:00,ETHUSDT,4h,1,down,0.54226434,0.48,0.062264353,1,0.54226434
2025-11-05 08:00:00,ETHUSDT,4h,2,up,0.43195456,0.48,0.048045427,0,0.48
2025-11-05 12:00:00,ETHUSDT,4h,2,up,0.46792388,0.48,0.01207611,0,0.48
2025-11-05 16:00:00,ETHUSDT,4h,2,down,0.45586088,0.48,0.024139106,0,0.48
2025-11-05 20:00:00,ETHUSDT,4h,1,up,0.55494857,0.48,0.07494858,1,0.55494857
2025-11-06 00:00:00,ETHUSDT,4h,0,down,0.4084656,0.48,0.071534395,1,0.4084656
2025-11-06 04:00:00,ETHUSDT,4h,1,up,0.59884816,0.48,0.118848175,1,0.59884816
2025-11-06 08:00:00,ETHUSDT,4h,2,down,0.48235777,0.48,0.002357781,0,0.48
2025-11-06 12:00:00,ETHUSDT,4h,2,up,0.52483004,0.48,0.044830054,0,0.48
2025-11-06 16:00:00,ETHUSDT,4h,2,down,0.445623,0.48,0.03437698,0,0.48
2025-11-06 20:00:00,ETHUSDT,4h,1,up,0.54916495,0.48,0.06916496,1,0.54916495
2025-11-07 00:00:00,ETHUSDT,4h,2,up,0.43330017,0.48,0.046699822,0,0.48
2025-11-07 04:00:00,ETHUSDT,4h,2,down,0.47741622,0.48,0.002583772,0,0.48
2025-11-07 08:00:00,ETHUSDT,4h,1,up,0.5512112,0.48,0.07121119,1,0.5512112
2025-11-07 12:00:00,ETHUSDT,4h,2,up,0.46248886,0.48,0.01751113,0,0.48
2025-11-07 16:00:00,ETHUSDT,4h,2,down,0.43686107,0.48,0.04313892,0,0.48
2025-11-07 20:00:00,ETHUSDT,4h,1,up,0.59213734,0.48,0.11213735,1,0.59213734
2025-11-08 00:00:00,ETHUSDT,4h,0,down,0.34518197,0.48,0.13481802,1,0.34518197
2025-11-08 04:00:00,ETHUSDT,4h,2,down,0.4541163,0.48,0.025883675,0,0.48
2025-11-08 08:00:00,ETHUSDT,4h,1,down,0.62725914,0.48,0.14725915,1,0.62725914
2025-11-08 12:00:00,ETHUSDT,4h,1,up,0.574953,0.48,0.09495303,1,0.574953
2025-11-08 16:00:00,ETHUSDT,4h,2,up,0.47284874,0.48,0.007151246,0,0.48
2025-11-08 20:00:00,ETHUSDT,4h,2,down,0.49719888,0.48,0.01719889,0,0.48
2025-11-09 00:00:00,ETHUSDT,4h,1,up,0.53121364,0.48,0.051213652,1,0.53121364
2025-11-09 04:00:00,ETHUSDT,4h,2,up,0.44687057,0.48,0.033129424,0,0.48
2025-11-09 08:00:00,ETHUSDT,4h,0,up,0.4265038,0.48,0.053496182,1,0.4265038
2025-11-09 12:00:00,ETHUSDT,4h,2,up,0.45289055,0.48,0.027109444,0,0.48
2025-11-09 16:00:00,ETHUSDT,4h,0,up,0.37164515,0.48,0.10835484,1,0.37164515
2025-11-09 20:00:00,ETHUSDT,4h,1,up,0.53374267,0.48,0.053742677,1,0.53374267
2025-11-10 00:00:00,ETHUSDT,4h,0,down,0.4283649,0.48,0.051635087,1,0.4283649
2025-11-10 04:00:00,ETHUSDT,4h,2,up,0.4891068,0.48,0.009106815,0,0.48
2025-11-10 08:00:00,ETHUSDT,4h,2,down,0.50160366,0.48,0.021603674,0,0.48
2025-11-10 12:00:00,ETHUSDT,4h,2,up,0.5049473,0.48,0.024947315,0,0.48
2025-11-10 16:00:00,ETHUSDT,4h,0,up,0.38759914,0.48,0.09240085,1,0.38759914
2025-11-10 20:00:00,ETHUSDT,4h,0,up,0.3727925,0.48,0.10720748,1,0.3727925
2025-11-11 00:00:00,ETHUSDT,4h,0,down,0.3711905,0.48,0.1088095,1,0.3711905
2025-11-11 04:00:00,ETHUSDT,4h,1,up,0.5352852,0.48,0.055285186,1,0.5352852
2025-11-11 08:00:00,ETHUSDT,4h,2,down,0.43805337,0.48,0.04194662,0,0.48
2025-11-11 12:00:00,ETHUSDT,4h,1,down,0.53791136,0.48,0.057911366,1,0.53791136
2025-11-11 16:00:00,ETHUSDT,4h,1,down,0.632731,0.48,0.15273103,1,0.632731
2025-11-11 20:00:00,ETHUSDT,4h,1,up,0.6045773,0.48,0.12457731,1,0.6045773
2025-11-12 00:00:00,ETHUSDT,4h,2,down,0.4654223,0.48,0.014577687,0,0.48
2025-11-12 04:00:00,ETHUSDT,4h,1,up,0.55601925,0.48,0.07601926,1,0.55601925
2025-11-12 08:00:00,ETHUSDT,4h,0,down,0.41662133,0.48,0.06337866,1,0.41662133
2025-11-12 12:00:00,ETHUSDT,4h,1,down,0.57085764,0.48,0.090857655,1,0.57085764
2025-11-12 16:00:00,ETHUSDT,4h,2,up,0.50541425,0.48,0.025414258,0,0.48
2025-11-12 20:00:00,ETHUSDT,4h,2,up,0.49938077,0.48,0.019380778,0,0.48
2025-11-13 00:00:00,ETHUSDT,4h,0,up,0.42099172,0.48,0.05900827,1,0.42099172
2025-11-13 04:00:00,ETHUSDT,4h,0,down,0.38472873,0.48,0.09527126,1,0.38472873
2025-11-13 08:00:00,ETHUSDT,4h,1,down,0.5337749,0.48,0.053774923,1,0.5337749
2025-11-13 12:00:00,ETHUSDT,4h,2,down,0.51366943,0.48,0.033669442,0,0.48
2025-11-13 16:00:00,ETHUSDT,4h,1,up,0.6021407,0.48,0.122140735,1,0.6021407
2025-11-13 20:00:00,ETHUSDT,4h,2,down,0.4810021,0.48,0.0010021031,0,0.48
2025-11-14 00:00:00,ETHUSDT,4h,2,down,0.48757556,0.48,0.0075755715,0,0.48
2025-11-14 04:00:00,ETHUSDT,4h,2,down,0.47561413,0.48,0.004385859,0,0.48
2025-11-14 08:00:00,ETHUSDT,4h,1,up,0.62031054,0.48,0.14031056,1,0.62031054
2025-11-14 12:00:00,ETHUSDT,4h,2,up,0.47788817,0.48,0.0021118224,0,0.48
2025-11-14 16:00:00,ETHUSDT,4h,1,down,0.5389676,0.48,0.05896762,1,0.5389676
2025-11-14 20:00:00,ETHUSDT,4h,1,up,0.5996396,0.48,0.119639605,1,0.5996396
2025-11-15 00:00:00,ETHUSDT,4h,2,down,0.47835723,0.48,0.0016427636,0,0.48
2025-11-15 04:00:00,ETHUSDT,4h,2,down,0.52816415,0.48,0.04816416,0,0.48
2025-11-15 08:00:00,ETHUSDT,4h,1,up,0.5586608,0.48,0.078660816,1,0.5586608
2025-11-15 12:00:00,ETHUSDT,4h,2,up,0.46877822,0.48,0.0112217665,0,0.48
2025-11-15 16:00:00,ETHUSDT,4h,2,down,0.46964556,0.48,0.0103544295,0,0.48
2025-11-15 20:00:00,ETHUSDT,4h,1,up,0.57693505,0.48,0.09693506,1,0.57693505
2025-11-16 00:00:00,ETHUSDT,4h,2,up,0.46049884,0.48,0.01950115,0,0.48
2025-11-16 04:00:00,ETHUSDT,4h,2,down,0.47885978,0.48,0.001140207,0,0.48
2025-11-16 08:00:00,ETHUSDT,4h,1,down,0.55878603,0.48,0.078786045,1,0.55878603
2025-11-16 12:00:00,ETHUSDT,4h,1,down,0.570545,0.48,0.09054503,1,0.570545
2025-11-16 16:00:00,ETHUSDT,4h,2,up,0.46893492,0.48,0.011065066,0,0.48
2025-11-16 20:00:00,ETHUSDT,4h,2,up,0.4631502,0.48,0.016849786,0,0.48
2025-11-17 00:00:00,ETHUSDT,4h,2,up,0.4591715,0.48,0.020828485,0,0.48
2025-11-17 04:00:00,ETHUSDT,4h,2,up,0.46211642,0.48,0.017883569,0,0.48
2025-11-17 08:00:00,ETHUSDT,4h,2,down,0.44272742,0.48,0.037272573,0,0.48
2025-11-17 12:00:00,ETHUSDT,4h,2,down,0.45752743,0.48,0.02247256,0,0.48
2025-11-17 16:00:00,ETHUSDT,4h,1,up,0.61952597,0.48,0.13952598,1,0.61952597
2025-11-17 20:00:00,ETHUSDT,4h,2,down,0.49868146,0.48,0.018681467,0,0.48
2025-11-18 00:00:00,ETHUSDT,4h,2,up,0.44464558,0.48,0.035354406,0,0.48
2025-11-18 04:00:00,ETHUSDT,4h,2,up,0.47234866,0.48,0.007651329,0,0.48
2025-11-18 08:00:00,ETHUSDT,4h,2,up,0.5031254,0.48,0.02312544,0,0.48
2025-11-18 12:00:00,ETHUSDT,4h,2,up,0.46885273,0.48,0.011147261,0,0.48
2025-11-18 16:00:00,ETHUSDT,4h,2,down,0.43267885,0.48,0.04732114,0,0.48
2025-11-18 20:00:00,ETHUSDT,4h,2,down,0.5121617,0.48,0.032161683,0,0.48
2025-11-19 00:00:00,ETHUSDT,4h,1,up,0.5837195,0.48,0.1037195,1,0.5837195
2025-11-19 04:00:00,ETHUSDT,4h,2,down,0.45080537,0.48,0.029194623,0,0.48
2025-11-19 08:00:00,ETHUSDT,4h,2,down,0.50895846,0.48,0.02895847,0,0.48
2025-11-19 12:00:00,ETHUSDT,4h,1,down,0.56032485,0.48,0.08032486,1,0.56032485
2025-11-19 16:00:00,ETHUSDT,4h,1,up,0.6180474,0.48,0.13804743,1,0.6180474
2025-11-19 20:00:00,ETHUSDT,4h,2,up,0.48034123,0.48,0.0003412366,0,0.48
2025-11-20 00:00:00,ETHUSDT,4h,2,up,0.5247379,0.48,0.044737905,0,0.48
2025-11-20 04:00:00,ETHUSDT,4h,2,down,0.4672712,0.48,0.0127287805,0,0.48
2025-11-20 08:00:00,ETHUSDT,4h,2,down,0.49314758,0.48,0.013147593,0,0.48
2025-11-20 12:00:00,ETHUSDT,4h,1,down,0.60329014,0.48,0.12329015,1,0.60329014
2025-11-20 16:00:00,ETHUSDT,4h,1,down,0.5575584,0.48,0.07755843,1,0.5575584
2025-11-20 20:00:00,ETHUSDT,4h,1,down,0.67785496,0.48,0.19785497,1,0.67785496
2025-11-21 00:00:00,ETHUSDT,4h,1,down,0.6184693,0.48,0.13846931,1,0.6184693
2025-11-21 04:00:00,ETHUSDT,4h,1,down,0.5692653,0.48,0.08926532,1,0.5692653
2025-11-21 08:00:00,ETHUSDT,4h,1,up,0.60767263,0.48,0.12767264,1,0.60767263
2025-11-21 12:00:00,ETHUSDT,4h,2,up,0.49527574,0.48,0.015275747,0,0.48
2025-11-21 16:00:00,ETHUSDT,4h,2,up,0.5299051,0.48,0.04990509,0,0.48
2025-11-21 20:00:00,ETHUSDT,4h,2,down,0.47640413,0.48,0.0035958588,0,0.48
2025-11-22 00:00:00,ETHUSDT,4h,1,up,0.580981,0.48,0.10098103,1,0.580981
2025-11-22 04:00:00,ETHUSDT,4h,2,down,0.48214743,0.48,0.0021474361,0,0.48
2025-11-22 08:00:00,ETHUSDT,4h,2,up,0.44590577,0.48,0.034094214,0,0.48
2025-11-22 12:00:00,ETHUSDT,4h,2,up,0.49524334,0.48,0.015243351,0,0.48
2025-11-22 16:00:00,ETHUSDT,4h,2,up,0.46199045,0.48,0.018009543,0,0.48
2025-11-22 20:00:00,ETHUSDT,4h,2,up,0.4714233,0.48,0.008576691,0,0.48
2025-11-23 00:00:00,ETHUSDT,4h,0,down,0.40839958,0.48,0.07160041,1,0.40839958
2025-11-23 04:00:00,ETHUSDT,4h,1,up,0.55094093,0.48,0.07094094,1,0.55094093
2025-11-23 08:00:00,ETHUSDT,4h,2,up,0.43253186,0.48,0.047468126,0,0.48
2025-11-23 12:00:00,ETHUSDT,4h,0,down,0.41554505,0.48,0.06445494,1,0.41554505
2025-11-23 16:00:00,ETHUSDT,4h,2,down,0.5177494,0.48,0.03774944,0,0.48
2025-11-23 20:00:00,ETHUSDT,4h,1,up,0.54612964,0.48,0.066129655,1,0.54612964
2025-11-24 00:00:00,ETHUSDT,4h,0,down,0.38445866,0.48,0.09554133,1,0.38445866
2025-11-24 04:00:00,ETHUSDT,4h,1,down,0.54615074,0.48,0.066150755,1,0.54615074
2025-11-24 08:00:00,ETHUSDT,4h,1,up,0.557886,0.48,0.077886015,1,0.557886
2025-11-24 12:00:00,ETHUSDT,4h,2,up,0.4628541,0.48,0.017145902,0,0.48
2025-11-24 16:00:00,ETHUSDT,4h,2,down,0.44776782,0.48,0.032232165,0,0.48
2025-11-24 20:00:00,ETHUSDT,4h,1,down,0.55160487,0.48,0.07160488,1,0.55160487
2025-11-25 00:00:00,ETHUSDT,4h,1,down,0.5619612,0.48,0.081961185,1,0.5619612
2025-11-25 04:00:00,ETHUSDT,4h,1,down,0.60788316,0.48,0.12788317,1,0.60788316
2025-11-25 08:00:00,ETHUSDT,4h,2,up,0.46818912,0.48,0.011810869,0,0.48
2025-11-25 12:00:00,ETHUSDT,4h,2,up,0.5075127,0.48,0.0275127,0,0.48
2025-11-25 16:00:00,ETHUSDT,4h,2,up,0.46372172,0.48,0.016278267,0,0.48
2025-11-25 20:00:00,ETHUSDT,4h,0,down,0.4291634,0.48,0.050836593,1,0.4291634
2025-11-26 00:00:00,ETHUSDT,4h,1,up,0.5776084,0.48,0.09760842,1,0.5776084
2025-11-26 04:00:00,ETHUSDT,4h,0,down,0.4253456,0.48,0.05465439,1,0.4253456
2025-11-26 08:00:00,ETHUSDT,4h,1,up,0.5602755,0.48,0.080275506,1,0.5602755
2025-11-26 12:00:00,ETHUSDT,4h,2,up,0.4363089,0.48,0.0436911,0,0.48
2025-11-26 16:00:00,ETHUSDT,4h,2,down,0.4356862,0.48,0.04431379,0,0.48
2025-11-26 20:00:00,ETHUSDT,4h,2,up,0.47371182,0.48,0.006288171,0,0.48
2025-11-27 00:00:00,ETHUSDT,4h,2,up,0.5224598,0.48,0.042459816,0,0.48
2025-11-27 04:00:00,ETHUSDT,4h,2,down,0.50499386,0.48,0.024993867,0,0.48
2025-11-27 08:00:00,ETHUSDT,4h,2,down,0.5296262,0.48,0.0496262,0,0.48
2025-11-27 12:00:00,ETHUSDT,4h,0,up,0.42550445,0.48,0.054495543,1,0.42550445
2025-11-27 16:00:00,ETHUSDT,4h,0,down,0.4137364,0.48,0.06626359,1,0.4137364
2025-11-27 20:00:00,ETHUSDT,4h,1,down,0.58154625,0.48,0.10154626,1,0.58154625
2025-11-28 00:00:00,ETHUSDT,4h,1,down,0.536808,0.48,0.056808025,1,0.536808
2025-11-28 04:00:00,ETHUSDT,4h,1,up,0.58156717,0.48,0.10156718,1,0.58156717
2025-11-28 08:00:00,ETHUSDT,4h,2,up,0.48031527,0.48,0.00031527877,0,0.48
2025-11-28 12:00:00,ETHUSDT,4h,0,down,0.41557258,0.48,0.064427406,1,0.41557258
2025-11-28 16:00:00,ETHUSDT,4h,0,down,0.4282298,0.48,0.05177018,1,0.4282298
2025-11-28 20:00:00,ETHUSDT,4h,1,down,0.55404556,0.48,0.07404557,1,0.55404556
2025-11-29 00:00:00,ETHUSDT,4h,2,down,0.52685946,0.48,0.046859473,0,0.48
2025-11-29 04:00:00,ETHUSDT,4h,2,down,0.50678396,0.48,0.026783973,0,0.48
2025-11-29 08:00:00,ETHUSDT,4h,2,up,0.5069697,0.48,0.026969701,0,0.48
2025-11-29 12:00:00,ETHUSDT,4h,2,down,0.47859606,0.48,0.0014039278,0,0.48
2025-11-29 16:00:00,ETHUSDT,4h,2,up,0.48159778,0.48,0.0015977919,0,0.48
2025-11-29 20:00:00,ETHUSDT,4h,2,up,0.47913393,0.48,0.0008660555,0,0.48
2025-11-30 00:00:00,ETHUSDT,4h,2,up,0.49225315,0.48,0.012253165,0,0.48
2025-11-30 04:00:00,ETHUSDT,4h,2,down,0.4789371,0.48,0.0010628998,0,0.48
2025-11-30 08:00:00,ETHUSDT,4h,2,up,0.4697847,0.48,0.010215282,0,0.48
2025-11-30 12:00:00,ETHUSDT,4h,2,up,0.45612374,0.48,0.02387625,0,0.48
2025-11-30 16:00:00,ETHUSDT,4h,2,down,0.45719966,0.48,0.022800326,0,0.48
2025-11-30 20:00:00,ETHUSDT,4h,2,down,0.48369265,0.48,0.0036926568,0,0.48
2025-12-01 00:00:00,ETHUSDT,4h,1,up,0.56949323,0.48,0.089493245,1,0.56949323
2025-12-01 04:00:00,ETHUSDT,4h,2,down,0.45788735,0.48,0.022112638,0,0.48
2025-12-01 08:00:00,ETHUSDT,4h,2,down,0.49090275,0.48,0.010902762,0,0.48
2025-12-01 12:00:00,ETHUSDT,4h,1,down,0.56161165,0.48,0.08161166,1,0.56161165
2025-12-01 16:00:00,ETHUSDT,4h,2,up,0.46585396,0.48,0.01414603,0,0.48
2025-12-01 20:00:00,ETHUSDT,4h,2,up,0.44086924,0.48,0.039130747,0,0.48
2025-12-02 00:00:00,ETHUSDT,4h,2,up,0.45510727,0.48,0.024892718,0,0.48
2025-12-02 04:00:00,ETHUSDT,4h,2,up,0.46759617,0.48,0.012403816,0,0.48
2025-12-02 08:00:00,ETHUSDT,4h,0,up,0.4008445,0.48,0.079155475,1,0.4008445
2025-12-02 12:00:00,ETHUSDT,4h,0,up,0.4054308,0.48,0.074569196,1,0.4054308
2025-12-02 16:00:00,ETHUSDT,4h,2,down,0.4822782,0.48,0.0022782087,0,0.48
2025-12-02 20:00:00,ETHUSDT,4h,1,up,0.5515629,0.48,0.071562916,1,0.5515629
2025-12-03 00:00:00,ETHUSDT,4h,0,up,0.4059527,0.48,0.0740473,1,0.4059527
2025-12-03 04:00:00,ETHUSDT,4h,1,up,0.5331671,0.48,0.053167135,1,0.5331671
2025-12-03 08:00:00,ETHUSDT,4h,0,up,0.41957155,0.48,0.06042844,1,0.41957155
2025-12-03 12:00:00,ETHUSDT,4h,2,up,0.52588063,0.48,0.045880646,0,0.48
2025-12-03 16:00:00,ETHUSDT,4h,0,up,0.40015173,0.48,0.07984826,1,0.40015173
2025-12-03 20:00:00,ETHUSDT,4h,2,up,0.43283522,0.48,0.047164768,0,0.48
2025-12-04 00:00:00,ETHUSDT,4h,1,down,0.53111494,0.48,0.051114947,1,0.53111494
2025-12-04 04:00:00,ETHUSDT,4h,1,down,0.5453824,0.48,0.06538239,1,0.5453824
2025-12-04 08:00:00,ETHUSDT,4h,1,up,0.56172186,0.48,0.08172187,1,0.56172186
2025-12-04 12:00:00,ETHUSDT,4h,0,down,0.3959548,0.48,0.0840452,1,0.3959548
2025-12-04 16:00:00,ETHUSDT,4h,1,up,0.575899,0.48,0.095899016,1,0.575899
2025-12-04 20:00:00,ETHUSDT,4h,2,up,0.52061164,0.48,0.040611655,0,0.48
2025-12-05 00:00:00,ETHUSDT,4h,2,up,0.4469602,0.48,0.03303978,0,0.48
2025-12-05 04:00:00,ETHUSDT,4h,2,down,0.49314514,0.48,0.013145149,0,0.48
2025-12-05 08:00:00,ETHUSDT,4h,1,down,0.53053766,0.48,0.050537676,1,0.53053766
2025-12-05 12:00:00,ETHUSDT,4h,1,down,0.6222287,0.48,0.1422287,1,0.6222287
2025-12-05 16:00:00,ETHUSDT,4h,2,down,0.5060984,0.48,0.0260984,0,0.48
2025-12-05 20:00:00,ETHUSDT,4h,1,up,0.64051974,0.48,0.16051975,1,0.64051974
2025-12-06 00:00:00,ETHUSDT,4h,2,down,0.5203968,0.48,0.04039684,0,0.48
2025-12-06 04:00:00,ETHUSDT,4h,1,up,0.59186107,0.48,0.11186108,1,0.59186107
2025-12-06 08:00:00,ETHUSDT,4h,2,up,0.510752,0.48,0.030752033,0,0.48
2025-12-06 12:00:00,ETHUSDT,4h,2,down,0.5021779,0.48,0.022177905,0,0.48
2025-12-06 16:00:00,ETHUSDT,4h,1,up,0.55556387,0.48,0.07556388,1,0.55556387
2025-12-06 20:00:00,ETHUSDT,4h,2,up,0.5193011,0.48,0.039301127,0,0.48
2025-12-07 00:00:00,ETHUSDT,4h,2,down,0.45091102,0.48,0.029088974,0,0.48
2025-12-07 04:00:00,ETHUSDT,4h,2,down,0.50592077,0.48,0.025920779,0,0.48
2025-12-07 08:00:00,ETHUSDT,4h,2,down,0.45556727,0.48,0.024432719,0,0.48
2025-12-07 12:00:00,ETHUSDT,4h,0,up,0.39450487,0.48,0.085495114,1,0.39450487
2025-12-07 16:00:00,ETHUSDT,4h,0,down,0.41628197,0.48,0.06371802,1,0.41628197
2025-12-07 20:00:00,ETHUSDT,4h,1,up,0.56955683,0.48,0.08955684,1,0.56955683
2025-12-08 00:00:00,ETHUSDT,4h,2,up,0.4699782,0.48,0.010021776,0,0.48
2025-12-08 04:00:00,ETHUSDT,4h,2,up,0.45421058,0.48,0.02578941,0,0.48
2025-12-08 08:00:00,ETHUSDT,4h,1,down,0.59028274,0.48,0.11028275,1,0.59028274
2025-12-08 12:00:00,ETHUSDT,4h,1,up,0.5860167,0.48,0.106016725,1,0.5860167
2025-12-08 16:00:00,ETHUSDT,4h,2,up,0.44548872,0.48,0.03451127,0,0.48
2025-12-08 20:00:00,ETHUSDT,4h,1,up,0.5689621,0.48,0.08896211,1,0.5689621
2025-12-09 00:00:00,ETHUSDT,4h,0,down,0.41192746,0.48,0.06807253,1,0.41192746
2025-12-09 04:00:00,ETHUSDT,4h,2,down,0.4490696,0.48,0.0309304,0,0.48
2025-12-09 08:00:00,ETHUSDT,4h,2,up,0.44727725,0.48,0.03272274,0,0.48
2025-12-09 12:00:00,ETHUSDT,4h,2,up,0.47560316,0.48,0.004396826,0,0.48
2025-12-09 16:00:00,ETHUSDT,4h,1,down,0.54155827,0.48,0.061558276,1,0.54155827
2025-12-09 20:00:00,ETHUSDT,4h,1,down,0.61505586,0.48,0.13505587,1,0.61505586
2025-12-10 00:00:00,ETHUSDT,4h,1,up,0.5507831,0.48,0.07078311,1,0.5507831
2025-12-10 04:00:00,ETHUSDT,4h,2,down,0.4344936,0.48,0.045506388,0,0.48
2025-12-10 08:00:00,ETHUSDT,4h,1,up,0.6569128,0.48,0.17691281,1,0.6569128
2025-12-10 12:00:00,ETHUSDT,4h,2,up,0.44325593,0.48,0.036744058,0,0.48
2025-12-10 16:00:00,ETHUSDT,4h,2,down,0.47833687,0.48,0.0016631186,0,0.48
2025-12-10 20:00:00,ETHUSDT,4h,1,down,0.61502784,0.48,0.13502786,1,0.61502784
2025-12-11 00:00:00,ETHUSDT,4h,1,up,0.65103114,0.48,0.17103115,1,0.65103114
2025-12-11 04:00:00,ETHUSDT,4h,1,down,0.578488,0.48,0.098488,1,0.578488
2025-12-11 08:00:00,ETHUSDT,4h,1,down,0.6618962,0.48,0.18189624,1,0.6618962
2025-12-11 12:00:00,ETHUSDT,4h,1,up,0.53434443,0.48,0.054344445,1,0.53434443
2025-12-11 16:00:00,ETHUSDT,4h,1,up,0.53088456,0.48,0.050884575,1,0.53088456
2025-12-11 20:00:00,ETHUSDT,4h,2,up,0.47464585,0.48,0.005354136,0,0.48
2025-12-12 00:00:00,ETHUSDT,4h,2,up,0.4548156,0.48,0.025184393,0,0.48
2025-12-12 04:00:00,ETHUSDT,4h,2,down,0.5090732,0.48,0.029073209,0,0.48
2025-12-12 08:00:00,ETHUSDT,4h,2,down,0.4927564,0.48,0.012756407,0,0.48
2025-12-12 12:00:00,ETHUSDT,4h,1,up,0.6336086,0.48,0.15360859,1,0.6336086
2025-12-12 16:00:00,ETHUSDT,4h,2,up,0.5124454,0.48,0.0324454,0,0.48
2025-12-12 20:00:00,ETHUSDT,4h,1,up,0.56727666,0.48,0.08727667,1,0.56727666
2025-12-13 00:00:00,ETHUSDT,4h,2,up,0.50271815,0.48,0.022718161,0,0.48
2025-12-13 04:00:00,ETHUSDT,4h,1,up,0.556047,0.48,0.07604703,1,0.556047
2025-12-13 08:00:00,ETHUSDT,4h,2,down,0.4966985,0.48,0.01669851,0,0.48
2025-12-13 12:00:00,ETHUSDT,4h,1,down,0.53316486,0.48,0.05316487,1,0.53316486
2025-12-13 16:00:00,ETHUSDT,4h,2,up,0.4735966,0.48,0.0064033866,0,0.48
2025-12-13 20:00:00,ETHUSDT,4h,0,up,0.41678217,0.48,0.06321782,1,0.41678217
2025-12-14 00:00:00,ETHUSDT,4h,2,down,0.4407718,0.48,0.0392282,0,0.48
2025-12-14 04:00:00,ETHUSDT,4h,2,down,0.46188843,0.48,0.018111557,0,0.48
2025-12-14 08:00:00,ETHUSDT,4h,2,down,0.4979458,0.48,0.017945796,0,0.48
2025-12-14 12:00:00,ETHUSDT,4h,2,up,0.5071586,0.48,0.027158588,0,0.48
2025-12-14 16:00:00,ETHUSDT,4h,2,down,0.46115774,0.48,0.01884225,0,0.48
2025-12-14 20:00:00,ETHUSDT,4h,2,up,0.509795,0.48,0.02979502,0,0.48
2025-12-15 00:00:00,ETHUSDT,4h,2,up,0.47182518,0.48,0.008174807,0,0.48
2025-12-15 04:00:00,ETHUSDT,4h,2,up,0.45945358,0.48,0.020546407,0,0.48
2025-12-15 08:00:00,ETHUSDT,4h,0,down,0.40284657,0.48,0.077153414,1,0.40284657
2025-12-15 12:00:00,ETHUSDT,4h,2,down,0.45906246,0.48,0.020937532,0,0.48
2025-12-15 16:00:00,ETHUSDT,4h,2,up,0.50040865,0.48,0.02040866,0,0.48
2025-12-15 20:00:00,ETHUSDT,4h,2,down,0.46105206,0.48,0.01894793,0,0.48
2025-12-16 00:00:00,ETHUSDT,4h,1,down,0.64312255,0.48,0.16312256,1,0.64312255
2025-12-16 04:00:00,ETHUSDT,4h,2,up,0.4597852,0.48,0.020214796,0,0.48
2025-12-16 08:00:00,ETHUSDT,4h,2,up,0.46630642,0.48,0.013693571,0,0.48
2025-12-16 12:00:00,ETHUSDT,4h,2,down,0.44005534,0.48,0.03994465,0,0.48
2025-12-16 16:00:00,ETHUSDT,4h,2,up,0.4810871,0.48,0.0010870993,0,0.48
2025-12-16 20:00:00,ETHUSDT,4h,2,down,0.45798925,0.48,0.022010744,0,0.48
2025-12-17 00:00:00,ETHUSDT,4h,1,up,0.5855798,0.48,0.10557982,1,0.5855798
2025-12-17 04:00:00,ETHUSDT,4h,0,down,0.39126864,0.48,0.08873135,1,0.39126864
2025-12-17 08:00:00,ETHUSDT,4h,1,down,0.54700994,0.48,0.067009956,1,0.54700994
2025-12-17 12:00:00,ETHUSDT,4h,2,down,0.48010683,0.48,0.000106841326,0,0.48
2025-12-17 16:00:00,ETHUSDT,4h,1,up,0.5415089,0.48,0.061508924,1,0.5415089
2025-12-17 20:00:00,ETHUSDT,4h,2,down,0.47730577,0.48,0.0026942194,0,0.48
2025-12-18 00:00:00,ETHUSDT,4h,1,up,0.54521465,0.48,0.065214664,1,0.54521465
2025-12-18 04:00:00,ETHUSDT,4h,2,up,0.5184879,0.48,0.03848788,0,0.48
2025-12-18 08:00:00,ETHUSDT,4h,2,up,0.48270747,0.48,0.0027074814,0,0.48
2025-12-18 12:00:00,ETHUSDT,4h,2,down,0.46703422,0.48,0.012965769,0,0.48
2025-12-18 16:00:00,ETHUSDT,4h,1,up,0.5813523,0.48,0.101352304,1,0.5813523
2025-12-18 20:00:00,ETHUSDT,4h,2,up,0.46649635,0.48,0.013503641,0,0.48
2025-12-19 00:00:00,ETHUSDT,4h,2,up,0.46993127,0.48,0.010068715,0,0.48
2025-12-19 04:00:00,ETHUSDT,4h,2,up,0.45852426,0.48,0.021475732,0,0.48
2025-12-19 08:00:00,ETHUSDT,4h,2,up,0.43023232,0.48,0.049767673,0,0.48
2025-12-19 12:00:00,ETHUSDT,4h,1,up,0.5708571,0.48,0.09085712,1,0.5708571
2025-12-19 16:00:00,ETHUSDT,4h,0,down,0.4222303,0.48,0.057769686,1,0.4222303
2025-12-19 20:00:00,ETHUSDT,4h,1,up,0.60985965,0.48,0.12985966,1,0.60985965
2025-12-20 00:00:00,ETHUSDT,4h,2,down,0.4370638,0.48,0.042936176,0,0.48
2025-12-20 04:00:00,ETHUSDT,4h,2,up,0.49585688,0.48,0.015856892,0,0.48
2025-12-20 08:00:00,ETHUSDT,4h,0,down,0.42967683,0.48,0.05032316,1,0.42967683
2025-12-20 12:00:00,ETHUSDT,4h,2,up,0.51195157,0.48,0.031951576,0,0.48
2025-12-20 16:00:00,ETHUSDT,4h,2,down,0.483777,0.48,0.0037769973,0,0.48
2025-12-20 20:00:00,ETHUSDT,4h,2,down,0.5191679,0.48,0.03916791,0,0.48
2025-12-21 00:00:00,ETHUSDT,4h,2,up,0.48084155,0.48,0.000841558,0,0.48
2025-12-21 04:00:00,ETHUSDT,4h,2,up,0.46479937,0.48,0.015200615,0,0.48
2025-12-21 08:00:00,ETHUSDT,4h,2,down,0.46338737,0.48,0.01661262,0,0.48
2025-12-21 12:00:00,ETHUSDT,4h,2,up,0.5024671,0.48,0.022467107,0,0.48
2025-12-21 16:00:00,ETHUSDT,4h,0,up,0.41790017,0.48,0.062099814,1,0.41790017
2025-12-21 20:00:00,ETHUSDT,4h,2,up,0.4422453,0.48,0.037754685,0,0.48
2025-12-22 00:00:00,ETHUSDT,4h,0,up,0.40436712,0.48,0.07563287,1,0.40436712
2025-12-22 04:00:00,ETHUSDT,4h,2,up,0.4450855,0.48,0.034914494,0,0.48
2025-12-22 08:00:00,ETHUSDT,4h,0,up,0.42810833,0.48,0.051891655,1,0.42810833
2025-12-22 12:00:00,ETHUSDT,4h,2,down,0.4395105,0.48,0.040489495,0,0.48
2025-12-22 16:00:00,ETHUSDT,4h,1,up,0.59612244,0.48,0.116122454,1,0.59612244
2025-12-22 20:00:00,ETHUSDT,4h,2,down,0.4675677,0.48,0.012432277,0,0.48
2025-12-23 00:00:00,ETHUSDT,4h,1,down,0.5784003,0.48,0.098400325,1,0.5784003
2025-12-23 04:00:00,ETHUSDT,4h,1,up,0.5472783,0.48,0.067278296,1,0.5472783
2025-12-23 08:00:00,ETHUSDT,4h,2,down,0.49912137,0.48,0.019121379,0,0.48
2025-12-23 12:00:00,ETHUSDT,4h,2,up,0.43184233,0.48,0.048157662,0,0.48
2025-12-23 16:00:00,ETHUSDT,4h,1,up,0.53150094,0.48,0.051500946,1,0.53150094
2025-12-23 20:00:00,ETHUSDT,4h,2,down,0.51353014,0.48,0.033530146,0,0.48
2025-12-24 00:00:00,ETHUSDT,4h,1,down,0.5372743,0.48,0.05727431,1,0.5372743
2025-12-24 04:00:00,ETHUSDT,4h,1,down,0.5365905,0.48,0.056590527,1,0.5365905
2025-12-24 08:00:00,ETHUSDT,4h,1,up,0.5499261,0.48,0.06992611,1,0.5499261
2025-12-24 12:00:00,ETHUSDT,4h,2,up,0.46900535,0.48,0.010994643,0,0.48
2025-12-24 16:00:00,ETHUSDT,4h,2,up,0.4519579,0.48,0.028042078,0,0.48
2025-12-24 20:00:00,ETHUSDT,4h,2,down,0.5030882,0.48,0.023088187,0,0.48
2025-12-25 00:00:00,ETHUSDT,4h,2,down,0.46468326,0.48,0.015316725,0,0.48
2025-12-25 04:00:00,ETHUSDT,4h,2,down,0.52689075,0.48,0.046890765,0,0.48
2025-12-25 08:00:00,ETHUSDT,4h,2,up,0.52654576,0.48,0.046545774,0,0.48
2025-12-25 12:00:00,ETHUSDT,4h,2,down,0.4509787,0.48,0.029021293,0,0.48
2025-12-25 16:00:00,ETHUSDT,4h,2,down,0.46825778,0.48,0.011742204,0,0.48
2025-12-25 20:00:00,ETHUSDT,4h,1,up,0.5344367,0.48,0.054436713,1,0.5344367
2025-12-26 00:00:00,ETHUSDT,4h,2,down,0.47946277,0.48,0.00053721666,0,0.48
2025-12-26 04:00:00,ETHUSDT,4h,1,up,0.5987258,0.48,0.11872581,1,0.5987258
2025-12-26 08:00:00,ETHUSDT,4h,2,down,0.49816203,0.48,0.018162042,0,0.48
2025-12-26 12:00:00,ETHUSDT,4h,2,up,0.49794236,0.48,0.017942369,0,0.48
2025-12-26 16:00:00,ETHUSDT,4h,2,up,0.50190616,0.48,0.021906167,0,0.48
2025-12-26 20:00:00,ETHUSDT,4h,1,up,0.56312376,0.48,0.08312377,1,0.56312376
2025-12-27 00:00:00,ETHUSDT,4h,2,down,0.47782272,0.48,0.0021772683,0,0.48
2025-12-27 04:00:00,ETHUSDT,4h,1,down,0.55429137,0.48,0.07429138,1,0.55429137
2025-12-27 08:00:00,ETHUSDT,4h,2,down,0.4988582,0.48,0.018858224,0,0.48
2025-12-27 12:00:00,ETHUSDT,4h,1,up,0.5552896,0.48,0.07528964,1,0.5552896
2025-12-27 16:00:00,ETHUSDT,4h,0,up,0.4190454,0.48,0.0609546,1,0.4190454
2025-12-27 20:00:00,ETHUSDT,4h,2,down,0.44052994,0.48,0.039470047,0,0.48
2025-12-28 00:00:00,ETHUSDT,4h,2,down,0.50360024,0.48,0.02360025,0,0.48
2025-12-28 04:00:00,ETHUSDT,4h,2,up,0.454447,0.48,0.025552988,0,0.48
2025-12-28 08:00:00,ETHUSDT,4h,2,up,0.44816697,0.48,0.031833023,0,0.48
2025-12-28 12:00:00,ETHUSDT,4h,0,down,0.4233073,0.48,0.05669269,1,0.4233073
2025-12-28 16:00:00,ETHUSDT,4h,2,up,0.50923145,0.48,0.029231459,0,0.48
2025-12-28 20:00:00,ETHUSDT,4h,2,up,0.46635857,0.48,0.013641417,0,0.48
2025-12-29 00:00:00,ETHUSDT,4h,2,down,0.4347831,0.48,0.04521689,0,0.48
2025-12-29 04:00:00,ETHUSDT,4h,1,down,0.5815439,0.48,0.10154393,1,0.5815439
2025-12-29 08:00:00,ETHUSDT,4h,1,down,0.56416416,0.48,0.08416417,1,0.56416416
2025-12-29 12:00:00,ETHUSDT,4h,2,down,0.4788138,0.48,0.001186192,0,0.48
2025-12-29 16:00:00,ETHUSDT,4h,1,up,0.5323229,0.48,0.052322894,1,0.5323229
2025-12-29 20:00:00,ETHUSDT,4h,2,up,0.48951185,0.48,0.009511858,0,0.48
2025-12-30 00:00:00,ETHUSDT,4h,2,down,0.50421095,0.48,0.02421096,0,0.48
2025-12-30 04:00:00,ETHUSDT,4h,2,up,0.48878196,0.48,0.00878197,0,0.48
2025-12-30 08:00:00,ETHUSDT,4h,2,up,0.4773898,0.48,0.0026101768,0,0.48
2025-12-30 12:00:00,ETHUSDT,4h,2,down,0.47117418,0.48,0.008825809,0,0.48
2025-12-30 16:00:00,ETHUSDT,4h,2,up,0.50706846,0.48,0.027068466,0,0.48
2025-12-30 20:00:00,ETHUSDT,4h,2,down,0.44424194,0.48,0.03575805,0,0.48
2025-12-31 00:00:00,ETHUSDT,4h,0,up,0.42791462,0.48,0.05208537,1,0.42791462
2025-12-31 04:00:00,ETHUSDT,4h,0,up,0.42243394,0.48,0.057566047,1,0.42243394
2025-12-31 08:00:00,ETHUSDT,4h,0,down,0.4287498,0.48,0.05125019,1,0.4287498
2025-12-31 12:00:00,ETHUSDT,4h,2,down,0.45226932,0.48,0.027730674,0,0.48
2025-12-31 16:00:00,ETHUSDT,4h,2,up,0.5221252,0.48,0.042125195,0,0.48
2025-12-31 20:00:00,ETHUSDT,4h,2,up,0.46486592,0.48,0.015134066,0,0.48
2026-01-01 00:00:00,ETHUSDT,4h,2,down,0.523123,0.48,0.043123037,0,0.48
2026-01-01 04:00:00,ETHUSDT,4h,2,up,0.47444215,0.48,0.005557835,0,0.48
2026-01-01 08:00:00,ETHUSDT,4h,0,up,0.41922975,0.48,0.060770243,1,0.41922975
2026-01-01 12:00:00,ETHUSDT,4h,0,up,0.42498893,0.48,0.055011064,1,0.42498893
2026-01-01 16:00:00,ETHUSDT,4h,2,up,0.43263292,0.48,0.047367066,0,0.48
2026-01-01 20:00:00,ETHUSDT,4h,0,up,0.42215192,0.48,0.057848066,1,0.42215192
2026-01-02 00:00:00,ETHUSDT,4h,2,down,0.44133,0.48,0.038670003,0,0.48
2026-01-02 04:00:00,ETHUSDT,4h,2,up,0.48959526,0.48,0.009595275,0,0.48
2026-01-02 08:00:00,ETHUSDT,4h,0,up,0.42653787,0.48,0.053462118,1,0.42653787
2026-01-02 12:00:00,ETHUSDT,4h,0,up,0.42326972,0.48,0.05673027,1,0.42326972
2026-01-02 16:00:00,ETHUSDT,4h,2,up,0.4396733,0.48,0.040326685,0,0.48
2026-01-02 20:00:00,ETHUSDT,4h,2,up,0.4551042,0.48,0.024895787,0,0.48
2026-01-03 00:00:00,ETHUSDT,4h,2,down,0.45352545,0.48,0.026474535,0,0.48
2026-01-03 04:00:00,ETHUSDT,4h,1,up,0.53454787,0.48,0.054547876,1,0.53454787
2026-01-03 08:00:00,ETHUSDT,4h,2,up,0.4850141,0.48,0.0050141215,0,0.48
2026-01-03 12:00:00,ETHUSDT,4h,2,up,0.4917431,0.48,0.0117430985,0,0.48
2026-01-03 16:00:00,ETHUSDT,4h,2,up,0.44434953,0.48,0.035650462,0,0.48
2026-01-03 20:00:00,ETHUSDT,4h,2,up,0.44903073,0.48,0.030969262,0,0.48
2026-01-04 00:00:00,ETHUSDT,4h,2,down,0.4951462,0.48,0.015146196,0,0.48
2026-01-04 04:00:00,ETHUSDT,4h,1,down,0.54234266,0.48,0.062342674,1,0.54234266
2026-01-04 08:00:00,ETHUSDT,4h,2,down,0.49341872,0.48,0.013418734,0,0.48
2026-01-04 12:00:00,ETHUSDT,4h,2,down,0.5009547,0.48,0.020954698,0,0.48
2026-01-04 16:00:00,ETHUSDT,4h,2,up,0.48588425,0.48,0.00588426,0,0.48
2026-01-04 20:00:00,ETHUSDT,4h,2,up,0.45902753,0.48,0.02097246,0,0.48
2026-01-05 00:00:00,ETHUSDT,4h,2,down,0.47445047,0.48,0.0055495203,0,0.48
2026-01-05 04:00:00,ETHUSDT,4h,1,up,0.545434,0.48,0.06543401,1,0.545434
2026-01-05 08:00:00,ETHUSDT,4h,2,up,0.46270823,0.48,0.017291754,0,0.48
2026-01-05 12:00:00,ETHUSDT,4h,2,up,0.44139928,0.48,0.038600713,0,0.48
2026-01-05 16:00:00,ETHUSDT,4h,2,up,0.4727129,0.48,0.007287085,0,0.48
2026-01-05 20:00:00,ETHUSDT,4h,1,up,0.5564826,0.48,0.076482624,1,0.5564826
2026-01-06 00:00:00,ETHUSDT,4h,2,down,0.5272243,0.48,0.047224313,0,0.48
2026-01-06 04:00:00,ETHUSDT,4h,2,up,0.5153839,0.48,0.03538391,0,0.48
2026-01-06 08:00:00,ETHUSDT,4h,2,up,0.43796086,0.48,0.042039126,0,0.48
2026-01-06 12:00:00,ETHUSDT,4h,1,down,0.5360475,0.48,0.05604753,1,0.5360475
2026-01-06 16:00:00,ETHUSDT,4h,1,up,0.5312227,0.48,0.05122271,1,0.5312227
2026-01-06 20:00:00,ETHUSDT,4h,2,down,0.47341624,0.48,0.0065837502,0,0.48
2026-01-07 00:00:00,ETHUSDT,4h,2,down,0.50294757,0.48,0.02294758,0,0.48
2026-01-07 04:00:00,ETHUSDT,4h,1,down,0.600035,0.48,0.12003502,1,0.600035
2026-01-07 08:00:00,ETHUSDT,4h,1,down,0.55040276,0.48,0.07040277,1,0.55040276
2026-01-07 12:00:00,ETHUSDT,4h,1,down,0.6526339,0.48,0.17263392,1,0.6526339
2026-01-07 16:00:00,ETHUSDT,4h,1,up,0.65749663,0.48,0.17749664,1,0.65749663
2026-01-07 20:00:00,ETHUSDT,4h,2,down,0.5031306,0.48,0.023130625,0,0.48
2026-01-08 00:00:00,ETHUSDT,4h,1,down,0.6393511,0.48,0.15935114,1,0.6393511
2026-01-08 04:00:00,ETHUSDT,4h,1,down,0.5559254,0.48,0.07592544,1,0.5559254
2026-01-08 08:00:00,ETHUSDT,4h,2,down,0.52702206,0.48,0.047022074,0,0.48
2026-01-08 12:00:00,ETHUSDT,4h,2,up,0.44673246,0.48,0.033267528,0,0.48
2026-01-08 16:00:00,ETHUSDT,4h,2,down,0.5171656,0.48,0.037165612,0,0.48
2026-01-08 20:00:00,ETHUSDT,4h,1,up,0.5818136,0.48,0.101813585,1,0.5818136
2026-01-09 00:00:00,ETHUSDT,4h,2,down,0.43866292,0.48,0.041337073,0,0.48
2026-01-09 04:00:00,ETHUSDT,4h,1,down,0.5612576,0.48,0.08125761,1,0.5612576
2026-01-09 08:00:00,ETHUSDT,4h,2,up,0.529794,0.48,0.04979399,0,0.48
2026-01-09 12:00:00,ETHUSDT,4h,0,down,0.41385987,0.48,0.066140115,1,0.41385987
2026-01-09 16:00:00,ETHUSDT,4h,1,up,0.5758844,0.48,0.09588441,1,0.5758844
2026-01-09 20:00:00,ETHUSDT,4h,2,down,0.49602324,0.48,0.016023248,0,0.48
2026-01-10 00:00:00,ETHUSDT,4h,1,up,0.5593424,0.48,0.079342395,1,0.5593424
2026-01-10 04:00:00,ETHUSDT,4h,2,up,0.4500843,0.48,0.02991569,0,0.48
2026-01-10 08:00:00,ETHUSDT,4h,2,down,0.45327225,0.48,0.026727736,0,0.48
2026-01-10 12:00:00,ETHUSDT,4h,2,down,0.5015336,0.48,0.021533638,0,0.48
2026-01-10 16:00:00,ETHUSDT,4h,2,down,0.49942428,0.48,0.01942429,0,0.48
2026-01-10 20:00:00,ETHUSDT,4h,2,up,0.5044483,0.48,0.024448305,0,0.48
2026-01-11 00:00:00,ETHUSDT,4h,2,down,0.44949982,0.48,0.030500174,0,0.48
2026-01-11 04:00:00,ETHUSDT,4h,2,up,0.46418324,0.48,0.015816748,0,0.48
2026-01-11 08:00:00,ETHUSDT,4h,2,up,0.44339567,0.48,0.036604315,0,0.48
2026-01-11 12:00:00,ETHUSDT,4h,0,up,0.408388,0.48,0.071612,1,0.408388
2026-01-11 16:00:00,ETHUSDT,4h,0,down,0.41088837,0.48,0.069111615,1,0.41088837
2026-01-11 20:00:00,ETHUSDT,4h,0,up,0.40508497,0.48,0.07491502,1,0.40508497
2026-01-12 00:00:00,ETHUSDT,4h,0,down,0.40648594,0.48,0.073514044,1,0.40648594
2026-01-12 04:00:00,ETHUSDT,4h,2,down,0.4905025,0.48,0.010502517,0,0.48
2026-01-12 08:00:00,ETHUSDT,4h,2,up,0.4809156,0.48,0.00091561675,0,0.48
2026-01-12 12:00:00,ETHUSDT,4h,0,down,0.40067628,0.48,0.07932371,1,0.40067628
2026-01-12 16:00:00,ETHUSDT,4h,2,down,0.4460397,0.48,0.033960283,0,0.48
2026-01-12 20:00:00,ETHUSDT,4h,1,up,0.61961085,0.48,0.13961086,1,0.61961085
2026-01-13 00:00:00,ETHUSDT,4h,2,up,0.45373058,0.48,0.026269406,0,0.48
2026-01-13 04:00:00,ETHUSDT,4h,2,up,0.5167044,0.48,0.03670439,0,0.48
2026-01-13 08:00:00,ETHUSDT,4h,2,up,0.46516386,0.48,0.0148361325,0,0.48
2026-01-13 12:00:00,ETHUSDT,4h,0,up,0.428143,0.48,0.051856995,1,0.428143
2026-01-13 16:00:00,ETHUSDT,4h,2,up,0.4560656,0.48,0.023934394,0,0.48
2026-01-13 20:00:00,ETHUSDT,4h,1,up,0.57880074,0.48,0.09880075,1,0.57880074
2026-01-14 00:00:00,ETHUSDT,4h,2,down,0.4642369,0.48,0.015763104,0,0.48
2026-01-14 04:00:00,ETHUSDT,4h,1,down,0.6527595,0.48,0.1727595,1,0.6527595
2026-01-14 08:00:00,ETHUSDT,4h,1,up,0.6002724,0.48,0.12027243,1,0.6002724
2026-01-14 12:00:00,ETHUSDT,4h,2,up,0.4486197,0.48,0.031380296,0,0.48
2026-01-14 16:00:00,ETHUSDT,4h,0,down,0.4256182,0.48,0.054381788,1,0.4256182
2026-01-14 20:00:00,ETHUSDT,4h,1,down,0.59059405,0.48,0.110594064,1,0.59059405
2026-01-15 00:00:00,ETHUSDT,4h,1,up,0.63804036,0.48,0.15804037,1,0.63804036
2026-01-15 04:00:00,ETHUSDT,4h,2,up,0.45394045,0.48,0.026059538,0,0.48
2026-01-15 08:00:00,ETHUSDT,4h,2,down,0.48367363,0.48,0.0036736429,0,0.48
2026-01-15 12:00:00,ETHUSDT,4h,2,down,0.5117857,0.48,0.031785697,0,0.48
2026-01-15 16:00:00,ETHUSDT,4h,1,up,0.6390081,0.48,0.15900812,1,0.6390081
2026-01-15 20:00:00,ETHUSDT,4h,2,down,0.5104977,0.48,0.0304977,0,0.48
2026-01-16 00:00:00,ETHUSDT,4h,1,up,0.6243278,0.48,0.14432779,1,0.6243278
2026-01-16 04:00:00,ETHUSDT,4h,2,down,0.4961887,0.48,0.01618871,0,0.48
2026-01-16 08:00:00,ETHUSDT,4h,1,down,0.5755111,0.48,0.09551111,1,0.5755111
2026-01-16 12:00:00,ETHUSDT,4h,1,up,0.5540455,0.48,0.07404551,1,0.5540455
2026-01-16 16:00:00,ETHUSDT,4h,2,up,0.49964342,0.48,0.019643426,0,0.48
2026-01-16 20:00:00,ETHUSDT,4h,2,down,0.45435894,0.48,0.025641054,0,0.48
2026-01-17 00:00:00,ETHUSDT,4h,1,up,0.54467046,0.48,0.06467047,1,0.54467046
2026-01-17 04:00:00,ETHUSDT,4h,2,up,0.4540728,0.48,0.025927186,0,0.48
2026-01-17 08:00:00,ETHUSDT,4h,2,up,0.4301759,0.48,0.04982409,0,0.48
2026-01-17 12:00:00,ETHUSDT,4h,0,down,0.3818916,0.48,0.09810838,1,0.3818916
2026-01-17 16:00:00,ETHUSDT,4h,2,down,0.51436603,0.48,0.03436604,0,0.48
2026-01-17 20:00:00,ETHUSDT,4h,2,up,0.4556111,0.48,0.02438888,0,0.48
2026-01-18 00:00:00,ETHUSDT,4h,0,down,0.42755827,0.48,0.052441716,1,0.42755827
2026-01-18 04:00:00,ETHUSDT,4h,2,up,0.5010926,0.48,0.021092623,0,0.48
2026-01-18 08:00:00,ETHUSDT,4h,0,up,0.42498893,0.48,0.055011064,1,0.42498893
2026-01-18 12:00:00,ETHUSDT,4h,2,up,0.43641007,0.48,0.04358992,0,0.48
2026-01-18 16:00:00,ETHUSDT,4h,2,down,0.4629634,0.48,0.017036587,0,0.48
2026-01-18 20:00:00,ETHUSDT,4h,2,down,0.49463004,0.48,0.0146300495,0,0.48
2026-01-19 00:00:00,ETHUSDT,4h,2,down,0.47167745,0.48,0.008322537,0,0.48
2026-01-19 04:00:00,ETHUSDT,4h,2,up,0.50423026,0.48,0.024230272,0,0.48
2026-01-19 08:00:00,ETHUSDT,4h,2,down,0.50277543,0.48,0.022775441,0,0.48
2026-01-19 12:00:00,ETHUSDT,4h,1,up,0.57523113,0.48,0.095231146,1,0.57523113
2026-01-19 16:00:00,ETHUSDT,4h,2,down,0.52770615,0.48,0.047706157,0,0.48
2026-01-19 20:00:00,ETHUSDT,4h,2,down,0.518438,0.48,0.038437992,0,0.48
2026-01-20 00:00:00,ETHUSDT,4h,1,down,0.55460316,0.48,0.07460317,1,0.55460316
2026-01-20 04:00:00,ETHUSDT,4h,1,down,0.53987384,0.48,0.05987385,1,0.53987384
2026-01-20 08:00:00,ETHUSDT,4h,2,down,0.46275195,0.48,0.017248034,0,0.48
2026-01-20 12:00:00,ETHUSDT,4h,2,down,0.50670964,0.48,0.026709646,0,0.48
2026-01-20 16:00:00,ETHUSDT,4h,1,down,0.6912125,0.48,0.21121249,1,0.6912125
2026-01-20 20:00:00,ETHUSDT,4h,1,up,0.6602168,0.48,0.18021682,1,0.6602168
2026-01-21 00:00:00,ETHUSDT,4h,2,down,0.5141956,0.48,0.03419563,0,0.48
2026-01-21 04:00:00,ETHUSDT,4h,1,down,0.59479,0.48,0.11478999,1,0.59479
2026-01-21 08:00:00,ETHUSDT,4h,1,up,0.60242033,0.48,0.12242034,1,0.60242033
2026-01-21 12:00:00,ETHUSDT,4h,2,up,0.44481012,0.48,0.035189867,0,0.48
2026-01-21 16:00:00,ETHUSDT,4h,0,down,0.41438252,0.48,0.06561747,1,0.41438252
2026-01-21 20:00:00,ETHUSDT,4h,1,up,0.5725657,0.48,0.092565686,1,0.5725657
2026-01-22 00:00:00,ETHUSDT,4h,0,down,0.39455694,0.48,0.08544305,1,0.39455694
2026-01-22 04:00:00,ETHUSDT,4h,1,down,0.5375518,0.48,0.05755183,1,0.5375518
2026-01-22 08:00:00,ETHUSDT,4h,1,down,0.58452505,0.48,0.10452506,1,0.58452505
2026-01-22 12:00:00,ETHUSDT,4h,2,up,0.5256839,0.48,0.04568389,0,0.48
2026-01-22 16:00:00,ETHUSDT,4h,2,down,0.5069388,0.48,0.026938826,0,0.48
2026-01-22 20:00:00,ETHUSDT,4h,2,up,0.5116959,0.48,0.031695932,0,0.48
2026-01-23 00:00:00,ETHUSDT,4h,2,down,0.4814354,0.48,0.001435399,0,0.48
2026-01-23 04:00:00,ETHUSDT,4h,1,down,0.5529089,0.48,0.07290891,1,0.5529089
2026-01-23 08:00:00,ETHUSDT,4h,2,up,0.47753707,0.48,0.0024629235,0,0.48
2026-01-23 12:00:00,ETHUSDT,4h,2,up,0.43960026,0.48,0.04039973,0,0.48
2026-01-23 16:00:00,ETHUSDT,4h,2,down,0.45930356,0.48,0.020696431,0,0.48
2026-01-23 20:00:00,ETHUSDT,4h,0,up,0.40420875,0.48,0.07579124,1,0.40420875
2026-01-24 00:00:00,ETHUSDT,4h,0,down,0.41982597,0.48,0.06017402,1,0.41982597
2026-01-24 04:00:00,ETHUSDT,4h,2,up,0.4756698,0.48,0.004330188,0,0.48
2026-01-24 08:00:00,ETHUSDT,4h,0,down,0.41390282,0.48,0.06609717,1,0.41390282
2026-01-24 12:00:00,ETHUSDT,4h,2,down,0.47725075,0.48,0.0027492344,0,0.48
2026-01-24 16:00:00,ETHUSDT,4h,2,down,0.51119405,0.48,0.031194061,0,0.48
2026-01-24 20:00:00,ETHUSDT,4h,2,down,0.4762398,0.48,0.0037601888,0,0.48
2026-01-25 00:00:00,ETHUSDT,4h,2,down,0.51841635,0.48,0.038416356,0,0.48
2026-01-25 04:00:00,ETHUSDT,4h,2,down,0.50197625,0.48,0.021976262,0,0.48
2026-01-25 08:00:00,ETHUSDT,4h,2,down,0.47385246,0.48,0.0061475337,0,0.48
2026-01-25 12:00:00,ETHUSDT,4h,2,down,0.5185153,0.48,0.0385153,0,0.48
2026-01-25 16:00:00,ETHUSDT,4h,2,up,0.5083966,0.48,0.028396636,0,0.48
2026-01-25 20:00:00,ETHUSDT,4h,2,up,0.45033762,0.48,0.02966237,0,0.48
2026-01-26 00:00:00,ETHUSDT,4h,2,up,0.50695014,0.48,0.02695015,0,0.48
2026-01-26 04:00:00,ETHUSDT,4h,2,down,0.4950447,0.48,0.015044719,0,0.48
2026-01-26 08:00:00,ETHUSDT,4h,1,up,0.58443975,0.48,0.104439765,1,0.58443975
2026-01-26 12:00:00,ETHUSDT,4h,1,up,0.54718345,0.48,0.067183465,1,0.54718345
2026-01-26 16:00:00,ETHUSDT,4h,2,up,0.45287344,0.48,0.02712655,0,0.48
2026-01-26 20:00:00,ETHUSDT,4h,0,up,0.3178203,0.48,0.16217968,1,0.3178203
2026-01-27 00:00:00,ETHUSDT,4h,0,down,0.34232748,0.48,0.13767251,1,0.34232748
2026-01-27 04:00:00,ETHUSDT,4h,2,down,0.43525967,0.48,0.04474032,0,0.48
2026-01-27 08:00:00,ETHUSDT,4h,2,up,0.51425874,0.48,0.034258753,0,0.48
2026-01-27 12:00:00,ETHUSDT,4h,2,up,0.45739013,0.48,0.02260986,0,0.48
2026-01-27 16:00:00,ETHUSDT,4h,2,up,0.43772477,0.48,0.04227522,0,0.48
2026-01-27 20:00:00,ETHUSDT,4h,0,down,0.4026748,0.48,0.077325195,1,0.4026748
2026-01-28 00:00:00,ETHUSDT,4h,1,down,0.5526463,0.48,0.07264629,1,0.5526463
2026-01-28 04:00:00,ETHUSDT,4h,2,up,0.5040365,0.48,0.024036497,0,0.48
2026-01-28 08:00:00,ETHUSDT,4h,0,down,0.41368768,0.48,0.06631231,1,0.41368768
2026-01-28 12:00:00,ETHUSDT,4h,2,up,0.509546,0.48,0.029545993,0,0.48
2026-01-28 16:00:00,ETHUSDT,4h,2,down,0.43464717,0.48,0.045352817,0,0.48
2026-01-28 20:00:00,ETHUSDT,4h,1,down,0.60917795,0.48,0.12917796,1,0.60917795
2026-01-29 00:00:00,ETHUSDT,4h,1,up,0.605643,0.48,0.12564299,1,0.605643
2026-01-29 04:00:00,ETHUSDT,4h,2,down,0.52149826,0.48,0.041498274,0,0.48
2026-01-29 08:00:00,ETHUSDT,4h,1,down,0.6253504,0.48,0.14535043,1,0.6253504
2026-01-29 12:00:00,ETHUSDT,4h,2,down,0.49351448,0.48,0.013514489,0,0.48
2026-01-29 16:00:00,ETHUSDT,4h,2,up,0.50889695,0.48,0.028896958,0,0.48
2026-01-29 20:00:00,ETHUSDT,4h,2,down,0.48028862,0.48,0.0002886355,0,0.48
2026-01-30 00:00:00,ETHUSDT,4h,2,down,0.4649689,0.48,0.015031099,0,0.48
2026-01-30 04:00:00,ETHUSDT,4h,2,up,0.46569052,0.48,0.014309466,0,0.48
2026-01-30 08:00:00,ETHUSDT,4h,2,down,0.45807397,0.48,0.021926016,0,0.48
2026-01-30 12:00:00,ETHUSDT,4h,1,up,0.53728116,0.48,0.057281166,1,0.53728116
2026-01-30 16:00:00,ETHUSDT,4h,2,down,0.44236153,0.48,0.037638456,0,0.48
2026-01-30 20:00:00,ETHUSDT,4h,1,down,0.54447293,0.48,0.06447294,1,0.54447293
2026-01-31 00:00:00,ETHUSDT,4h,1,down,0.57781833,0.48,0.097818345,1,0.57781833
2026-01-31 04:00:00,ETHUSDT,4h,1,down,0.60499614,0.48,0.124996156,1,0.60499614
2026-01-31 08:00:00,ETHUSDT,4h,1,down,0.535099,0.48,0.05509904,1,0.535099
2026-01-31 12:00:00,ETHUSDT,4h,1,down,0.53182876,0.48,0.05182877,1,0.53182876
2026-01-31 16:00:00,ETHUSDT,4h,2,up,0.5059276,0.48,0.025927633,0,0.48
2026-01-31 20:00:00,ETHUSDT,4h,2,down,0.47121045,0.48,0.008789539,0,0.48
2026-02-01 00:00:00,ETHUSDT,4h,1,down,0.58550256,0.48,0.105502576,1,0.58550256
2026-02-01 04:00:00,ETHUSDT,4h,1,up,0.58460355,0.48,0.10460356,1,0.58460355
2026-02-01 08:00:00,ETHUSDT,4h,2,down,0.50471467,0.48,0.024714679,0,0.48
2026-02-01 12:00:00,ETHUSDT,4h,2,up,0.5052057,0.48,0.025205702,0,0.48
2026-02-01 16:00:00,ETHUSDT,4h,2,down,0.51257133,0.48,0.032571346,0,0.48
2026-02-01 20:00:00,ETHUSDT,4h,1,down,0.5396122,0.48,0.059612185,1,0.5396122
2026-02-02 00:00:00,ETHUSDT,4h,1,down,0.57081944,0.48,0.09081945,1,0.57081944
2026-02-02 04:00:00,ETHUSDT,4h,2,up,0.48531783,0.48,0.005317837,0,0.48
2026-02-02 08:00:00,ETHUSDT,4h,2,up,0.5220694,0.48,0.042069405,0,0.48
2026-02-02 12:00:00,ETHUSDT,4h,2,down,0.43674645,0.48,0.04325354,0,0.48
2026-02-02 16:00:00,ETHUSDT,4h,1,up,0.5784627,0.48,0.09846273,1,0.5784627
2026-02-02 20:00:00,ETHUSDT,4h,0,down,0.42512792,0.48,0.054872066,1,0.42512792
2026-02-03 00:00:00,ETHUSDT,4h,2,down,0.4334726,0.48,0.046527386,0,0.48
2026-02-03 04:00:00,ETHUSDT,4h,2,down,0.48559877,0.48,0.0055987835,0,0.48
2026-02-03 08:00:00,ETHUSDT,4h,1,up,0.58612424,0.48,0.10612425,1,0.58612424
2026-02-03 12:00:00,ETHUSDT,4h,2,down,0.47818315,0.48,0.001816839,0,0.48
2026-02-03 16:00:00,ETHUSDT,4h,0,up,0.42746556,0.48,0.05253443,1,0.42746556
2026-02-03 20:00:00,ETHUSDT,4h,1,up,0.64316833,0.48,0.16316834,1,0.64316833
2026-02-04 00:00:00,ETHUSDT,4h,2,up,0.48235506,0.48,0.002355069,0,0.48
2026-02-04 04:00:00,ETHUSDT,4h,2,down,0.43657154,0.48,0.04342845,0,0.48
2026-02-04 08:00:00,ETHUSDT,4h,2,down,0.50786006,0.48,0.027860075,0,0.48
2026-02-04 12:00:00,ETHUSDT,4h,1,up,0.5534369,0.48,0.073436886,1,0.5534369
2026-02-04 16:00:00,ETHUSDT,4h,2,down,0.47192487,0.48,0.008075118,0,0.48
2026-02-04 20:00:00,ETHUSDT,4h,1,down,0.54618776,0.48,0.06618777,1,0.54618776
2026-02-05 00:00:00,ETHUSDT,4h,1,down,0.56541586,0.48,0.08541587,1,0.56541586
2026-02-05 04:00:00,ETHUSDT,4h,2,down,0.5005025,0.48,0.020502537,0,0.48
2026-02-05 08:00:00,ETHUSDT,4h,1,down,0.6297055,0.48,0.1497055,1,0.6297055
2026-02-05 12:00:00,ETHUSDT,4h,1,down,0.54071057,0.48,0.06071058,1,0.54071057
2026-02-05 16:00:00,ETHUSDT,4h,1,down,0.63449156,0.48,0.15449157,1,0.63449156
2026-02-05 20:00:00,ETHUSDT,4h,1,up,0.59682995,0.48,0.11682996,1,0.59682995
2026-02-06 00:00:00,ETHUSDT,4h,2,up,0.47578284,0.48,0.004217148,0,0.48
2026-02-06 04:00:00,ETHUSDT,4h,1,up,0.56220025,0.48,0.08220026,1,0.56220025
2026-02-06 08:00:00,ETHUSDT,4h,2,up,0.4645901,0.48,0.015409887,0,0.48
2026-02-06 12:00:00,ETHUSDT,4h,0,up,0.4245596,0.48,0.055440396,1,0.4245596
2026-02-06 16:00:00,ETHUSDT,4h,0,down,0.41828388,0.48,0.06171611,1,0.41828388
2026-02-06 20:00:00,ETHUSDT,4h,2,up,0.49031243,0.48,0.010312438,0,0.48
2026-02-07 00:00:00,ETHUSDT,4h,0,down,0.4021552,0.48,0.0778448,1,0.4021552
2026-02-07 04:00:00,ETHUSDT,4h,2,down,0.48455867,0.48,0.0045586824,0,0.48
2026-02-07 08:00:00,ETHUSDT,4h,1,up,0.5648634,0.48,0.084863394,1,0.5648634
2026-02-07 12:00:00,ETHUSDT,4h,2,up,0.46696672,0.48,0.013033271,0,0.48
2026-02-07 16:00:00,ETHUSDT,4h,0,down,0.42458895,0.48,0.05541104,1,0.42458895
2026-02-07 20:00:00,ETHUSDT,4h,1,down,0.63112086,0.48,0.15112087,1,0.63112086
2026-02-08 00:00:00,ETHUSDT,4h,1,up,0.6164912,0.48,0.13649121,1,0.6164912
2026-02-08 04:00:00,ETHUSDT,4h,1,up,0.54315263,0.48,0.06315264,1,0.54315263
2026-02-08 08:00:00,ETHUSDT,4h,2,down,0.50481623,0.48,0.024816245,0,0.48
2026-02-08 12:00:00,ETHUSDT,4h,2,up,0.49449527,0.48,0.014495283,0,0.48
2026-02-08 16:00:00,ETHUSDT,4h,0,down,0.4239462,0.48,0.056053787,1,0.4239462
2026-02-08 20:00:00,ETHUSDT,4h,2,up,0.51650465,0.48,0.036504656,0,0.48
2026-02-09 00:00:00,ETHUSDT,4h,0,down,0.42414358,0.48,0.055856407,1,0.42414358
2026-02-09 04:00:00,ETHUSDT,4h,1,down,0.5548856,0.48,0.07488564,1,0.5548856
2026-02-09 08:00:00,ETHUSDT,4h,1,up,0.55938953,0.48,0.07938954,1,0.55938953
2026-02-09 12:00:00,ETHUSDT,4h,2,up,0.4853996,0.48,0.0053996146,0,0.48
2026-02-09 16:00:00,ETHUSDT,4h,0,down,0.39549258,0.48,0.084507406,1,0.39549258
2026-02-09 20:00:00,ETHUSDT,4h,1,down,0.5805949,0.48,0.10059491,1,0.5805949
2026-02-10 00:00:00,ETHUSDT,4h,1,down,0.5859802,0.48,0.10598019,1,0.5859802
2026-02-10 04:00:00,ETHUSDT,4h,2,down,0.48583782,0.48,0.005837828,0,0.48
2026-02-10 08:00:00,ETHUSDT,4h,1,up,0.61706734,0.48,0.13706735,1,0.61706734
2026-02-10 12:00:00,ETHUSDT,4h,2,down,0.4907049,0.48,0.010704905,0,0.48
2026-02-10 16:00:00,ETHUSDT,4h,1,up,0.5897526,0.48,0.109752625,1,0.5897526
2026-02-10 20:00:00,ETHUSDT,4h,2,down,0.46198758,0.48,0.018012404,0,0.48
2026-02-11 00:00:00,ETHUSDT,4h,1,down,0.57332814,0.48,0.09332815,1,0.57332814
2026-02-11 04:00:00,ETHUSDT,4h,1,up,0.5594088,0.48,0.079408795,1,0.5594088
2026-02-11 08:00:00,ETHUSDT,4h,1,down,0.5392555,0.48,0.05925551,1,0.5392555
2026-02-11 12:00:00,ETHUSDT,4h,2,up,0.5127547,0.48,0.03275469,0,0.48
2026-02-11 16:00:00,ETHUSDT,4h,2,down,0.48137155,0.48,0.0013715625,0,0.48
2026-02-11 20:00:00,ETHUSDT,4h,1,up,0.59896773,0.48,0.11896774,1,0.59896773
2026-02-12 00:00:00,ETHUSDT,4h,2,down,0.48844618,0.48,0.008446187,0,0.48
2026-02-12 04:00:00,ETHUSDT,4h,2,up,0.50694346,0.48,0.026943475,0,0.48
2026-02-12 08:00:00,ETHUSDT,4h,2,down,0.43165106,0.48,0.048348933,0,0.48
2026-02-12 12:00:00,ETHUSDT,4h,2,down,0.50520957,0.48,0.025209576,0,0.48
2026-02-12 16:00:00,ETHUSDT,4h,2,up,0.43954268,0.48,0.04045731,0,0.48
2026-02-12 20:00:00,ETHUSDT,4h,2,up,0.4851796,0.48,0.005179614,0,0.48
2026-02-13 00:00:00,ETHUSDT,4h,0,down,0.42751384,0.48,0.05248615,1,0.42751384
2026-02-13 04:00:00,ETHUSDT,4h,2,up,0.5099879,0.48,0.029987901,0,0.48
2026-02-13 08:00:00,ETHUSDT,4h,0,up,0.41811493,0.48,0.06188506,1,0.41811493
2026-02-13 12:00:00,ETHUSDT,4h,0,up,0.42988423,0.48,0.050115764,1,0.42988423
2026-02-13 16:00:00,ETHUSDT,4h,2,down,0.4597356,0.48,0.020264387,0,0.48
2026-02-13 20:00:00,ETHUSDT,4h,2,up,0.48676166,0.48,0.00676167,0,0.48
2026-02-14 00:00:00,ETHUSDT,4h,2,up,0.44641057,0.48,0.033589423,0,0.48
2026-02-14 04:00:00,ETHUSDT,4h,0,up,0.42276993,0.48,0.057230055,1,0.42276993
2026-02-14 08:00:00,ETHUSDT,4h,0,down,0.4185653,0.48,0.061434686,1,0.4185653
2026-02-14 12:00:00,ETHUSDT,4h,2,up,0.44093218,0.48,0.039067805,0,0.48
2026-02-14 16:00:00,ETHUSDT,4h,2,down,0.43148178,0.48,0.04851821,0,0.48
2026-02-14 20:00:00,ETHUSDT,4h,2,down,0.50704503,0.48,0.027045041,0,0.48
2026-02-15 00:00:00,ETHUSDT,4h,2,up,0.43615493,0.48,0.043845057,0,0.48
2026-02-15 04:00:00,ETHUSDT,4h,0,down,0.427902,0.48,0.052097976,1,0.427902
2026-02-15 08:00:00,ETHUSDT,4h,1,down,0.5992878,0.48,0.11928782,1,0.5992878
2026-02-15 12:00:00,ETHUSDT,4h,1,down,0.5810441,0.48,0.10104409,1,0.5810441
2026-02-15 16:00:00,ETHUSDT,4h,2,up,0.4906222,0.48,0.010622203,0,0.48
2026-02-15 20:00:00,ETHUSDT,4h,2,down,0.4873342,0.48,0.0073342025,0,0.48
2026-02-16 00:00:00,ETHUSDT,4h,1,up,0.61660093,0.48,0.13660094,1,0.61660093
2026-02-16 04:00:00,ETHUSDT,4h,2,up,0.49416518,0.48,0.014165193,0,0.48
2026-02-16 08:00:00,ETHUSDT,4h,2,down,0.519507,0.48,0.039507,0,0.48
2026-02-16 12:00:00,ETHUSDT,4h,1,up,0.57840055,0.48,0.09840056,1,0.57840055
2026-02-16 16:00:00,ETHUSDT,4h,1,up,0.5399237,0.48,0.05992374,1,0.5399237
2026-02-16 20:00:00,ETHUSDT,4h,2,down,0.470906,0.48,0.009094,0,0.48
2026-02-17 00:00:00,ETHUSDT,4h,1,up,0.5774919,0.48,0.09749189,1,0.5774919
2026-02-17 04:00:00,ETHUSDT,4h,2,down,0.45788556,0.48,0.022114426,0,0.48
2026-02-17 08:00:00,ETHUSDT,4h,1,up,0.56256324,0.48,0.08256325,1,0.56256324
2026-02-17 12:00:00,ETHUSDT,4h,2,up,0.48694867,0.48,0.0069486797,0,0.48
2026-02-17 16:00:00,ETHUSDT,4h,2,down,0.44558716,0.48,0.03441283,0,0.48
2026-02-17 20:00:00,ETHUSDT,4h,1,up,0.55920565,0.48,0.07920566,1,0.55920565
2026-02-18 00:00:00,ETHUSDT,4h,2,up,0.46849477,0.48,0.011505216,0,0.48
2026-02-18 04:00:00,ETHUSDT,4h,2,down,0.48515353,0.48,0.005153537,0,0.48
2026-02-18 08:00:00,ETHUSDT,4h,1,up,0.56764287,0.48,0.08764288,1,0.56764287
2026-02-18 12:00:00,ETHUSDT,4h,2,down,0.45825055,0.48,0.021749437,0,0.48
2026-02-18 16:00:00,ETHUSDT,4h,1,up,0.59491503,0.48,0.11491504,1,0.59491503
2026-02-18 20:00:00,ETHUSDT,4h,2,up,0.49290475,0.48,0.012904763,0,0.48
2026-02-19 00:00:00,ETHUSDT,4h,2,up,0.4883324,0.48,0.0083324015,0,0.48
2026-02-19 04:00:00,ETHUSDT,4h,2,down,0.4563323,0.48,0.023667693,0,0.48
2026-02-19 08:00:00,ETHUSDT,4h,1,down,0.56665534,0.48,0.08665535,1,0.56665534
2026-02-19 12:00:00,ETHUSDT,4h,1,up,0.5677606,0.48,0.0877606,1,0.5677606
2026-02-19 16:00:00,ETHUSDT,4h,2,up,0.4945859,0.48,0.014585912,0,0.48
2026-02-19 20:00:00,ETHUSDT,4h,2,up,0.46057644,0.48,0.019423544,0,0.48
2026-02-20 00:00:00,ETHUSDT,4h,2,up,0.47326094,0.48,0.00673905,0,0.48
2026-02-20 04:00:00,ETHUSDT,4h,2,down,0.436959,0.48,0.04304099,0,0.48
2026-02-20 08:00:00,ETHUSDT,4h,1,up,0.5614286,0.48,0.08142862,1,0.5614286
2026-02-20 12:00:00,ETHUSDT,4h,2,down,0.46031472,0.48,0.019685268,0,0.48
2026-02-20 16:00:00,ETHUSDT,4h,2,up,0.45235106,0.48,0.027648926,0,0.48
2026-02-20 20:00:00,ETHUSDT,4h,2,down,0.47985476,0.48,0.00014522672,0,0.48
2026-02-21 00:00:00,ETHUSDT,4h,1,up,0.54727364,0.48,0.06727365,1,0.54727364
2026-02-21 04:00:00,ETHUSDT,4h,2,up,0.4686746,0.48,0.011325389,0,0.48
2026-02-21 08:00:00,ETHUSDT,4h,2,up,0.45702118,0.48,0.022978812,0,0.48
2026-02-21 12:00:00,ETHUSDT,4h,2,up,0.4518226,0.48,0.02817738,0,0.48
2026-02-21 16:00:00,ETHUSDT,4h,2,down,0.45556223,0.48,0.024437755,0,0.48
2026-02-21 20:00:00,ETHUSDT,4h,2,up,0.48811167,0.48,0.0081116855,0,0.48
2026-02-22 00:00:00,ETHUSDT,4h,2,up,0.47006732,0.48,0.009932667,0,0.48
2026-02-22 04:00:00,ETHUSDT,4h,2,up,0.4648951,0.48,0.01510489,0,0.48
2026-02-22 08:00:00,ETHUSDT,4h,2,down,0.45946485,0.48,0.020535141,0,0.48
2026-02-22 12:00:00,ETHUSDT,4h,2,down,0.46878958,0.48,0.011210412,0,0.48
2026-02-22 16:00:00,ETHUSDT,4h,1,up,0.58481705,0.48,0.10481706,1,0.58481705
2026-02-22 20:00:00,ETHUSDT,4h,2,down,0.494919,0.48,0.014919013,0,0.48
2026-02-23 00:00:00,ETHUSDT,4h,2,up,0.4783055,0.48,0.0016945004,0,0.48
2026-02-23 04:00:00,ETHUSDT,4h,2,up,0.45039186,0.48,0.02960813,0,0.48
2026-02-23 08:00:00,ETHUSDT,4h,2,down,0.4386557,0.48,0.041344285,0,0.48
2026-02-23 12:00:00,ETHUSDT,4h,1,down,0.5853772,0.48,0.10537723,1,0.5853772
2026-02-23 16:00:00,ETHUSDT,4h,1,down,0.6019571,0.48,0.12195709,1,0.6019571
2026-02-23 20:00:00,ETHUSDT,4h,2,down,0.529175,0.48,0.049174994,0,0.48
2026-02-24 00:00:00,ETHUSDT,4h,1,down,0.5841977,0.48,0.10419771,1,0.5841977
2026-02-24 04:00:00,ETHUSDT,4h,1,up,0.5529145,0.48,0.07291451,1,0.5529145
2026-02-24 08:00:00,ETHUSDT,4h,1,up,0.5317837,0.48,0.05178371,1,0.5317837
2026-02-24 12:00:00,ETHUSDT,4h,0,up,0.36928433,0.48,0.11071566,1,0.36928433
2026-02-24 16:00:00,ETHUSDT,4h,2,down,0.48654315,0.48,0.0065431595,0,0.48
2026-02-24 20:00:00,ETHUSDT,4h,2,up,0.517651,0.48,0.037651032,0,0.48
2026-02-25 00:00:00,ETHUSDT,4h,0,down,0.41681233,0.48,0.06318766,1,0.41681233
2026-02-25 04:00:00,ETHUSDT,4h,2,up,0.52312803,0.48,0.043128043,0,0.48
2026-02-25 08:00:00,ETHUSDT,4h,0,up,0.40313604,0.48,0.076863945,1,0.40313604
2026-02-25 12:00:00,ETHUSDT,4h,0,up,0.4109626,0.48,0.06903738,1,0.4109626
2026-02-25 16:00:00,ETHUSDT,4h,2,down,0.47677234,0.48,0.0032276511,0,0.48
2026-02-25 20:00:00,ETHUSDT,4h,1,down,0.6896639,0.48,0.2096639,1,0.6896639
2026-02-26 00:00:00,ETHUSDT,4h,1,down,0.5736031,0.48,0.093603104,1,0.5736031
2026-02-26 04:00:00,ETHUSDT,4h,1,up,0.5645769,0.48,0.084576935,1,0.5645769
2026-02-26 08:00:00,ETHUSDT,4h,1,down,0.53805685,0.48,0.05805686,1,0.53805685
2026-02-26 12:00:00,ETHUSDT,4h,1,down,0.5901168,0.48,0.11011681,1,0.5901168
2026-02-26 16:00:00,ETHUSDT,4h,0,down,0.41032112,0.48,0.06967887,1,0.41032112
2026-02-26 20:00:00,ETHUSDT,4h,1,up,0.57379943,0.48,0.09379944,1,0.57379943
2026-02-27 00:00:00,ETHUSDT,4h,0,down,0.41171077,0.48,0.06828922,1,0.41171077
2026-02-27 04:00:00,ETHUSDT,4h,1,down,0.5725378,0.48,0.09253779,1,0.5725378
2026-02-27 08:00:00,ETHUSDT,4h,1,down,0.6165274,0.48,0.13652739,1,0.6165274
2026-02-27 12:00:00,ETHUSDT,4h,1,down,0.6595064,0.48,0.17950639,1,0.6595064
2026-02-27 16:00:00,ETHUSDT,4h,1,up,0.6547304,0.48,0.17473039,1,0.6547304
2026-02-27 20:00:00,ETHUSDT,4h,2,down,0.51129884,0.48,0.031298846,0,0.48
2026-02-28 00:00:00,ETHUSDT,4h,1,down,0.629762,0.48,0.149762,1,0.629762
2026-02-28 04:00:00,ETHUSDT,4h,1,down,0.56483704,0.48,0.08483705,1,0.56483704
2026-02-28 08:00:00,ETHUSDT,4h,1,up,0.57297224,0.48,0.09297225,1,0.57297224
2026-02-28 12:00:00,ETHUSDT,4h,2,up,0.462558,0.48,0.017441988,0,0.48
2026-02-28 16:00:00,ETHUSDT,4h,2,up,0.43419942,0.48,0.045800567,0,0.48
2026-02-28 20:00:00,ETHUSDT,4h,2,up,0.43359652,0.48,0.046403468,0,0.48
2026-03-01 00:00:00,ETHUSDT,4h,0,down,0.42752045,0.48,0.052479535,1,0.42752045
2026-03-01 04:00:00,ETHUSDT,4h,1,down,0.58335096,0.48,0.10335097,1,0.58335096
2026-03-01 08:00:00,ETHUSDT,4h,1,up,0.6100818,0.48,0.1300818,1,0.6100818
2026-03-01 12:00:00,ETHUSDT,4h,2,down,0.5011741,0.48,0.021174103,0,0.48
2026-03-01 16:00:00,ETHUSDT,4h,1,down,0.58305967,0.48,0.10305968,1,0.58305967
2026-03-01 20:00:00,ETHUSDT,4h,2,up,0.5074303,0.48,0.027430326,0,0.48
2026-03-02 00:00:00,ETHUSDT,4h,2,down,0.4442003,0.48,0.035799682,0,0.48
2026-03-02 04:00:00,ETHUSDT,4h,1,up,0.60792917,0.48,0.12792918,1,0.60792917
2026-03-02 08:00:00,ETHUSDT,4h,2,up,0.50072765,0.48,0.020727664,0,0.48
2026-03-02 12:00:00,ETHUSDT,4h,2,down,0.50087684,0.48,0.020876855,0,0.48
2026-03-02 16:00:00,ETHUSDT,4h,1,down,0.6514694,0.48,0.17146942,1,0.6514694
2026-03-02 20:00:00,ETHUSDT,4h,1,down,0.61048543,0.48,0.13048545,1,0.61048543
2026-03-03 00:00:00,ETHUSDT,4h,1,down,0.6130463,0.48,0.1330463,1,0.6130463
2026-03-03 04:00:00,ETHUSDT,4h,1,down,0.6535025,0.48,0.17350253,1,0.6535025
2026-03-03 08:00:00,ETHUSDT,4h,1,up,0.54450125,0.48,0.064501256,1,0.54450125
2026-03-03 12:00:00,ETHUSDT,4h,0,up,0.42947662,0.48,0.05052337,1,0.42947662
2026-03-03 16:00:00,ETHUSDT,4h,2,down,0.52980274,0.48,0.04980275,0,0.48
2026-03-03 20:00:00,ETHUSDT,4h,2,down,0.5016069,0.48,0.021606892,0,0.48
2026-03-04 00:00:00,ETHUSDT,4h,1,up,0.5751712,0.48,0.09517118,1,0.5751712
2026-03-04 04:00:00,ETHUSDT,4h,2,up,0.46965903,0.48,0.010340959,0,0.48
2026-03-04 08:00:00,ETHUSDT,4h,2,up,0.46551576,0.48,0.014484227,0,0.48
2026-03-04 12:00:00,ETHUSDT,4h,2,up,0.44403937,0.48,0.035960615,0,0.48
2026-03-04 16:00:00,ETHUSDT,4h,2,down,0.4693334,0.48,0.010666579,0,0.48
2026-03-04 20:00:00,ETHUSDT,4h,1,down,0.6519827,0.48,0.17198274,1,0.6519827
2026-03-05 00:00:00,ETHUSDT,4h,1,down,0.58298767,0.48,0.10298768,1,0.58298767
2026-03-05 04:00:00,ETHUSDT,4h,1,up,0.6449768,0.48,0.1649768,1,0.6449768
2026-03-05 08:00:00,ETHUSDT,4h,0,down,0.42506826,0.48,0.05493173,1,0.42506826
2026-03-05 12:00:00,ETHUSDT,4h,1,down,0.61476034,0.48,0.13476035,1,0.61476034
2026-03-05 16:00:00,ETHUSDT,4h,1,down,0.61190015,0.48,0.13190016,1,0.61190015
2026-03-05 20:00:00,ETHUSDT,4h,1,up,0.6403675,0.48,0.16036752,1,0.6403675
2026-03-06 00:00:00,ETHUSDT,4h,2,down,0.48993126,0.48,0.009931266,0,0.48
2026-03-06 04:00:00,ETHUSDT,4h,2,down,0.5052425,0.48,0.025242537,0,0.48
2026-03-06 08:00:00,ETHUSDT,4h,1,down,0.53818333,0.48,0.058183342,1,0.53818333
2026-03-06 12:00:00,ETHUSDT,4h,1,up,0.5724801,0.48,0.09248009,1,0.5724801
2026-03-06 16:00:00,ETHUSDT,4h,2,down,0.49362302,0.48,0.013623029,0,0.48
2026-03-06 20:00:00,ETHUSDT,4h,1,up,0.58983296,0.48,0.10983297,1,0.58983296
2026-03-07 00:00:00,ETHUSDT,4h,2,up,0.52626723,0.48,0.04626724,0,0.48
2026-03-07 04:00:00,ETHUSDT,4h,2,up,0.50446695,0.48,0.024466962,0,0.48
2026-03-07 08:00:00,ETHUSDT,4h,2,down,0.5010988,0.48,0.021098822,0,0.48
2026-03-07 12:00:00,ETHUSDT,4h,1,down,0.5530982,0.48,0.07309821,1,0.5530982
2026-03-07 16:00:00,ETHUSDT,4h,1,up,0.5764697,0.48,0.09646973,1,0.5764697
2026-03-07 20:00:00,ETHUSDT,4h,2,down,0.48579022,0.48,0.0057902336,0,0.48
2026-03-08 00:00:00,ETHUSDT,4h,1,up,0.5669863,0.48,0.08698633,1,0.5669863
2026-03-08 04:00:00,ETHUSDT,4h,2,down,0.4795092,0.48,0.00049078465,0,0.48
2026-03-08 08:00:00,ETHUSDT,4h,2,down,0.50975007,0.48,0.029750079,0,0.48
2026-03-08 12:00:00,ETHUSDT,4h,2,up,0.48519713,0.48,0.0051971376,0,0.48
2026-03-08 16:00:00,ETHUSDT,4h,2,down,0.4442328,0.48,0.035767198,0,0.48
2026-03-08 20:00:00,ETHUSDT,4h,1,up,0.547348,0.48,0.06734803,1,0.547348
2026-03-09 00:00:00,ETHUSDT,4h,2,up,0.45030013,0.48,0.029699862,0,0.48
2026-03-09 04:00:00,ETHUSDT,4h,2,up,0.50083977,0.48,0.02083978,0,0.48
2026-03-09 08:00:00,ETHUSDT,4h,2,up,0.5266185,0.48,0.04661849,0,0.48
2026-03-09 12:00:00,ETHUSDT,4h,0,up,0.42904434,0.48,0.050955653,1,0.42904434
2026-03-09 16:00:00,ETHUSDT,4h,2,down,0.48854542,0.48,0.0085454285,0,0.48
2026-03-09 20:00:00,ETHUSDT,4h,1,up,0.58218735,0.48,0.102187365,1,0.58218735
2026-03-10 00:00:00,ETHUSDT,4h,2,up,0.46108532,0.48,0.01891467,0,0.48
2026-03-10 04:00:00,ETHUSDT,4h,0,up,0.42597145,0.48,0.05402854,1,0.42597145
2026-03-10 08:00:00,ETHUSDT,4h,2,up,0.47540712,0.48,0.0045928657,0,0.48
2026-03-10 12:00:00,ETHUSDT,4h,0,down,0.42457002,0.48,0.055429965,1,0.42457002
2026-03-10 16:00:00,ETHUSDT,4h,1,down,0.65356606,0.48,0.17356607,1,0.65356606
2026-03-10 20:00:00,ETHUSDT,4h,2,down,0.5122806,0.48,0.032280594,0,0.48
2026-03-11 00:00:00,ETHUSDT,4h,1,down,0.62618124,0.48,0.14618126,1,0.62618124
2026-03-11 04:00:00,ETHUSDT,4h,1,up,0.5961052,0.48,0.11610523,1,0.5961052
2026-03-11 08:00:00,ETHUSDT,4h,2,up,0.52849513,0.48,0.048495144,0,0.48
2026-03-11 12:00:00,ETHUSDT,4h,2,up,0.5079729,0.48,0.027972907,0,0.48
2026-03-11 16:00:00,ETHUSDT,4h,0,down,0.4180684,0.48,0.06193158,1,0.4180684
2026-03-11 20:00:00,ETHUSDT,4h,1,down,0.60519344,0.48,0.12519345,1,0.60519344
2026-03-12 00:00:00,ETHUSDT,4h,1,up,0.56513304,0.48,0.085133046,1,0.56513304
2026-03-12 04:00:00,ETHUSDT,4h,1,up,0.5349001,0.48,0.05490014,1,0.5349001
2026-03-12 08:00:00,ETHUSDT,4h,0,up,0.4267709,0.48,0.053229094,1,0.4267709
2026-03-12 12:00:00,ETHUSDT,4h,0,down,0.4192482,0.48,0.060751796,1,0.4192482
2026-03-12 16:00:00,ETHUSDT,4h,2,up,0.4328208,0.48,0.047179192,0,0.48
2026-03-12 20:00:00,ETHUSDT,4h,2,up,0.52027375,0.48,0.040273756,0,0.48
2026-03-13 00:00:00,ETHUSDT,4h,0,down,0.42238036,0.48,0.05761963,1,0.42238036
2026-03-13 04:00:00,ETHUSDT,4h,1,up,0.5697382,0.48,0.08973822,1,0.5697382
2026-03-13 08:00:00,ETHUSDT,4h,2,up,0.45517573,0.48,0.024824262,0,0.48
2026-03-13 12:00:00,ETHUSDT,4h,1,down,0.55762607,0.48,0.07762608,1,0.55762607
2026-03-13 16:00:00,ETHUSDT,4h,1,down,0.6012783,0.48,0.121278316,1,0.6012783
2026-03-13 20:00:00,ETHUSDT,4h,1,up,0.5609665,0.48,0.0809665,1,0.5609665
2026-03-14 00:00:00,ETHUSDT,4h,2,down,0.45318115,0.48,0.026818842,0,0.48
2026-03-14 04:00:00,ETHUSDT,4h,1,down,0.5630941,0.48,0.08309409,1,0.5630941
2026-03-14 08:00:00,ETHUSDT,4h,1,up,0.5465739,0.48,0.06657389,1,0.5465739
2026-03-14 12:00:00,ETHUSDT,4h,2,up,0.52375966,0.48,0.043759674,0,0.48
2026-03-14 16:00:00,ETHUSDT,4h,2,up,0.5286461,0.48,0.048646122,0,0.48
2026-03-14 20:00:00,ETHUSDT,4h,2,down,0.4388357,0.48,0.04116428,0,0.48
2026-03-15 00:00:00,ETHUSDT,4h,2,up,0.46177995,0.48,0.018220037,0,0.48
2026-03-15 04:00:00,ETHUSDT,4h,2,up,0.45140266,0.48,0.028597325,0,0.48
2026-03-15 08:00:00,ETHUSDT,4h,2,down,0.44108948,0.48,0.03891051,0,0.48
2026-03-15 12:00:00,ETHUSDT,4h,2,up,0.44708082,0.48,0.03291917,0,0.48
2026-03-15 16:00:00,ETHUSDT,4h,2,up,0.430237,0.48,0.049762994,0,0.48
2026-03-15 20:00:00,ETHUSDT,4h,2,up,0.43781322,0.48,0.042186767,0,0.48
2026-03-16 00:00:00,ETHUSDT,4h,2,up,0.4463434,0.48,0.033656597,0,0.48
2026-03-16 04:00:00,ETHUSDT,4h,1,up,0.6068211,0.48,0.12682113,1,0.6068211
2026-03-16 08:00:00,ETHUSDT,4h,2,up,0.48407125,0.48,0.0040712655,0,0.48
2026-03-16 12:00:00,ETHUSDT,4h,1,up,0.6041478,0.48,0.1241478,1,0.6041478
2026-03-16 16:00:00,ETHUSDT,4h,2,up,0.44167286,0.48,0.038327128,0,0.48
2026-03-16 20:00:00,ETHUSDT,4h,1,down,0.6031802,0.48,0.12318024,1,0.6031802
2026-03-17 00:00:00,ETHUSDT,4h,1,up,0.6381917,0.48,0.15819171,1,0.6381917
2026-03-17 04:00:00,ETHUSDT,4h,2,down,0.43070823,0.48,0.04929176,0,0.48
2026-03-17 08:00:00,ETHUSDT,4h,2,down,0.45695016,0.48,0.023049831,0,0.48
2026-03-17 12:00:00,ETHUSDT,4h,1,up,0.61377513,0.48,0.13377514,1,0.61377513
2026-03-17 16:00:00,ETHUSDT,4h,1,down,0.54709333,0.48,0.06709334,1,0.54709333
2026-03-17 20:00:00,ETHUSDT,4h,1,up,0.5820868,0.48,0.10208681,1,0.5820868
2026-03-18 00:00:00,ETHUSDT,4h,0,down,0.4241115,0.48,0.055888504,1,0.4241115
