timestamp,prediction,actual_trend,p_up,decision_boundary,margin,used,probability
2024-07-04 03:00:00,2,down,0.48494714,0.46,0.024947137,0,0.46
2024-07-04 04:00:00,2,down,0.48814103,0.46,0.028141022,0,0.46
2024-07-04 05:00:00,1,down,0.5866179,0.46,0.12661788,1,0.5866179
2024-07-04 06:00:00,1,down,0.5531331,0.46,0.09313306,1,0.5531331
2024-07-04 07:00:00,1,down,0.5678642,0.46,0.10786417,1,0.5678642
2024-07-04 08:00:00,2,up,0.52884704,0.46,0.06884703,0,0.46
2024-07-04 09:00:00,2,up,0.43716642,0.46,0.022833586,0,0.46
2024-07-04 10:00:00,2,down,0.41794568,0.46,0.042054325,0,0.46
2024-07-04 11:00:00,1,down,0.562394,0.46,0.102394015,1,0.562394
2024-07-04 12:00:00,1,up,0.57167125,0.46,0.11167124,1,0.57167125
2024-07-04 13:00:00,1,up,0.5350155,0.46,0.075015515,1,0.5350155
2024-07-04 14:00:00,2,up,0.4949728,0.46,0.034972787,0,0.46
2024-07-04 15:00:00,2,up,0.44853154,0.46,0.01146847,0,0.46
2024-07-04 16:00:00,2,down,0.39135155,0.46,0.06864846,0,0.46
2024-07-04 17:00:00,2,down,0.43358186,0.46,0.02641815,0,0.46
2024-07-04 18:00:00,2,up,0.4306389,0.46,0.029361099,0,0.46
2024-07-04 19:00:00,2,up,0.45354903,0.46,0.006450981,0,0.46
2024-07-04 20:00:00,2,up,0.3963265,0.46,0.063673496,0,0.46
2024-07-04 21:00:00,2,down,0.40166795,0.46,0.058332056,0,0.46
2024-07-04 22:00:00,1,down,0.5541928,0.46,0.09419277,1,0.5541928
2024-07-04 23:00:00,1,up,0.5463413,0.46,0.08634129,1,0.5463413
2024-07-05 00:00:00,2,down,0.47503,0.46,0.015029997,0,0.46
2024-07-05 01:00:00,2,down,0.49465087,0.46,0.034650862,0,0.46
2024-07-05 02:00:00,1,down,0.58849454,0.46,0.12849453,1,0.58849454
2024-07-05 03:00:00,1,down,0.58834743,0.46,0.12834743,1,0.58834743
2024-07-05 04:00:00,1,up,0.6347286,0.46,0.1747286,1,0.6347286
2024-07-05 05:00:00,2,down,0.5261868,0.46,0.066186816,0,0.46
2024-07-05 06:00:00,2,up,0.5106332,0.46,0.050633162,0,0.46
2024-07-05 07:00:00,2,down,0.44135466,0.46,0.018645346,0,0.46
2024-07-05 08:00:00,1,up,0.57732296,0.46,0.11732295,1,0.57732296
2024-07-05 09:00:00,2,up,0.4027897,0.46,0.057210296,0,0.46
2024-07-05 10:00:00,2,up,0.40274274,0.46,0.057257265,0,0.46
2024-07-05 11:00:00,2,down,0.45742983,0.46,0.002570182,0,0.46
2024-07-05 12:00:00,2,up,0.5032056,0.46,0.04320559,0,0.46
2024-07-05 13:00:00,2,down,0.44525862,0.46,0.014741391,0,0.46
2024-07-05 14:00:00,2,up,0.4254622,0.46,0.034537822,0,0.46
2024-07-05 15:00:00,2,down,0.40434283,0.46,0.05565718,0,0.46
2024-07-05 16:00:00,2,up,0.44363815,0.46,0.016361862,0,0.46
2024-07-05 17:00:00,2,up,0.44659787,0.46,0.013402134,0,0.46
2024-07-05 18:00:00,2,down,0.4457759,0.46,0.014224112,0,0.46
2024-07-05 19:00:00,2,down,0.4513318,0.46,0.008668214,0,0.46
2024-07-05 20:00:00,1,up,0.5421597,0.46,0.08215967,1,0.5421597
2024-07-05 21:00:00,2,up,0.52275944,0.46,0.06275943,0,0.46
2024-07-05 22:00:00,2,up,0.4150127,0.46,0.04498732,0,0.46
2024-07-05 23:00:00,2,down,0.4844783,0.46,0.024478287,0,0.46
2024-07-06 00:00:00,2,down,0.43547806,0.46,0.024521947,0,0.46
2024-07-06 01:00:00,1,up,0.55191565,0.46,0.09191564,1,0.55191565
2024-07-06 02:00:00,2,down,0.51494217,0.46,0.05494216,0,0.46
2024-07-06 03:00:00,1,down,0.53827155,0.46,0.07827154,1,0.53827155
2024-07-06 04:00:00,1,up,0.5693432,0.46,0.1093432,1,0.5693432
2024-07-06 05:00:00,1,up,0.5304443,0.46,0.070444316,1,0.5304443
2024-07-06 06:00:00,2,up,0.4781576,0.46,0.018157601,0,0.46
2024-07-06 07:00:00,0,down,0.3869027,0.46,0.07309732,1,0.3869027
2024-07-06 08:00:00,2,up,0.4377967,0.46,0.022203296,0,0.46
2024-07-06 09:00:00,0,up,0.36349654,0.46,0.09650347,1,0.36349654
2024-07-06 10:00:00,2,down,0.39488196,0.46,0.065118045,0,0.46
2024-07-06 11:00:00,2,up,0.4073595,0.46,0.052640498,0,0.46
2024-07-06 12:00:00,2,up,0.41056946,0.46,0.04943055,0,0.46
2024-07-06 13:00:00,2,up,0.44189003,0.46,0.018109977,0,0.46
2024-07-06 14:00:00,0,up,0.38020352,0.46,0.07979649,1,0.38020352
2024-07-06 15:00:00,0,up,0.38237646,0.46,0.077623546,1,0.38237646
2024-07-06 16:00:00,2,up,0.4521471,0.46,0.007852912,0,0.46
2024-07-06 17:00:00,0,down,0.36685717,0.46,0.09314284,1,0.36685717
2024-07-06 18:00:00,2,up,0.49708125,0.46,0.03708124,0,0.46
2024-07-06 19:00:00,2,up,0.4369178,0.46,0.023082197,0,0.46
2024-07-06 20:00:00,2,down,0.45642918,0.46,0.0035708249,0,0.46
2024-07-06 21:00:00,2,up,0.49286503,0.46,0.032865018,0,0.46
2024-07-06 22:00:00,0,up,0.357561,0.46,0.102439016,1,0.357561
2024-07-06 23:00:00,2,down,0.4672917,0.46,0.0072917044,0,0.46
2024-07-07 00:00:00,2,up,0.52795184,0.46,0.06795183,0,0.46
2024-07-07 01:00:00,2,up,0.45740956,0.46,0.0025904477,0,0.46
2024-07-07 02:00:00,2,down,0.39786962,0.46,0.06213039,0,0.46
2024-07-07 03:00:00,1,down,0.53162146,0.46,0.07162145,1,0.53162146
2024-07-07 04:00:00,1,up,0.6276329,0.46,0.16763291,1,0.6276329
2024-07-07 05:00:00,1,down,0.54155314,0.46,0.08155313,1,0.54155314
2024-07-07 06:00:00,1,down,0.58455837,0.46,0.12455836,1,0.58455837
2024-07-07 07:00:00,2,up,0.5276053,0.46,0.06760529,0,0.46
2024-07-07 08:00:00,2,up,0.4812496,0.46,0.021249592,0,0.46
2024-07-07 09:00:00,2,down,0.44204313,0.46,0.017956883,0,0.46
2024-07-07 10:00:00,2,down,0.52960026,0.46,0.069600254,0,0.46
2024-07-07 11:00:00,2,down,0.5150229,0.46,0.055022866,0,0.46
2024-07-07 12:00:00,1,down,0.5364719,0.46,0.076471895,1,0.5364719
2024-07-07 13:00:00,1,down,0.5775708,0.46,0.11757079,1,0.5775708
2024-07-07 14:00:00,1,up,0.5381266,0.46,0.07812658,1,0.5381266
2024-07-07 15:00:00,1,up,0.6144668,0.46,0.15446678,1,0.6144668
2024-07-07 16:00:00,2,up,0.4850762,0.46,0.02507618,0,0.46
2024-07-07 17:00:00,2,down,0.50334674,0.46,0.043346733,0,0.46
2024-07-07 18:00:00,2,down,0.4707506,0.46,0.010750592,0,0.46
2024-07-07 19:00:00,2,up,0.5001927,0.46,0.040192693,0,0.46
2024-07-07 20:00:00,2,down,0.48502105,0.46,0.025021046,0,0.46
2024-07-07 21:00:00,1,down,0.5323213,0.46,0.072321266,1,0.5323213
2024-07-07 22:00:00,1,down,0.6478131,0.46,0.18781307,1,0.6478131
2024-07-07 23:00:00,1,down,0.5934045,0.46,0.13340446,1,0.5934045
2024-07-08 00:00:00,1,down,0.61748356,0.46,0.15748355,1,0.61748356
2024-07-08 01:00:00,2,up,0.46259555,0.46,0.0025955439,0,0.46
2024-07-08 02:00:00,2,down,0.46171612,0.46,0.0017161071,0,0.46
2024-07-08 03:00:00,2,up,0.5295916,0.46,0.06959161,0,0.46
2024-07-08 04:00:00,2,down,0.48016074,0.46,0.020160735,0,0.46
2024-07-08 05:00:00,2,up,0.49509367,0.46,0.035093665,0,0.46
2024-07-08 06:00:00,2,up,0.43344444,0.46,0.026555568,0,0.46
2024-07-08 07:00:00,0,up,0.38604122,0.46,0.073958784,1,0.38604122
2024-07-08 08:00:00,1,down,0.53406084,0.46,0.07406083,1,0.53406084
2024-07-08 09:00:00,1,down,0.5621212,0.46,0.102121204,1,0.5621212
2024-07-08 10:00:00,1,up,0.54191613,0.46,0.08191612,1,0.54191613
2024-07-08 11:00:00,2,down,0.4674327,0.46,0.007432699,0,0.46
2024-07-08 12:00:00,2,up,0.5045856,0.46,0.044585615,0,0.46
2024-07-08 13:00:00,2,down,0.45555887,0.46,0.004441142,0,0.46
2024-07-08 14:00:00,2,down,0.46809465,0.46,0.008094639,0,0.46
2024-07-08 15:00:00,1,up,0.5859728,0.46,0.12597278,1,0.5859728
2024-07-08 16:00:00,1,up,0.55611515,0.46,0.09611514,1,0.55611515
2024-07-08 17:00:00,2,down,0.52209055,0.46,0.062090546,0,0.46
2024-07-08 18:00:00,1,up,0.54417133,0.46,0.084171325,1,0.54417133
2024-07-08 19:00:00,2,down,0.43389446,0.46,0.026105553,0,0.46
2024-07-08 20:00:00,2,up,0.50377023,0.46,0.043770224,0,0.46
2024-07-08 21:00:00,2,up,0.42894027,0.46,0.031059742,0,0.46
2024-07-08 22:00:00,2,up,0.45875236,0.46,0.0012476444,0,0.46
2024-07-08 23:00:00,2,down,0.45338506,0.46,0.0066149533,0,0.46
2024-07-09 00:00:00,2,up,0.49354124,0.46,0.033541232,0,0.46
2024-07-09 01:00:00,2,up,0.474922,0.46,0.014921993,0,0.46
2024-07-09 02:00:00,2,down,0.39943963,0.46,0.060560375,0,0.46
2024-07-09 03:00:00,0,up,0.37112683,0.46,0.08887318,1,0.37112683
2024-07-09 04:00:00,0,up,0.3697029,0.46,0.0902971,1,0.3697029
2024-07-09 05:00:00,2,up,0.4204791,0.46,0.03952092,0,0.46
2024-07-09 06:00:00,2,down,0.43060586,0.46,0.02939415,0,0.46
2024-07-09 07:00:00,2,up,0.5220952,0.46,0.062095195,0,0.46
2024-07-09 08:00:00,2,down,0.40656316,0.46,0.053436846,0,0.46
2024-07-09 09:00:00,2,down,0.42326272,0.46,0.036737293,0,0.46
2024-07-09 10:00:00,2,up,0.4439461,0.46,0.016053915,0,0.46
2024-07-09 11:00:00,2,down,0.45474342,0.46,0.005256593,0,0.46
2024-07-09 12:00:00,2,down,0.4934585,0.46,0.0334585,0,0.46
2024-07-09 13:00:00,2,down,0.489437,0.46,0.029437006,0,0.46
2024-07-09 14:00:00,1,up,0.55174255,0.46,0.091742545,1,0.55174255
2024-07-09 15:00:00,2,up,0.41328758,0.46,0.04671243,0,0.46
2024-07-09 16:00:00,2,down,0.43697307,0.46,0.023026943,0,0.46
2024-07-09 17:00:00,2,up,0.44071746,0.46,0.01928255,0,0.46
2024-07-09 18:00:00,2,down,0.45408916,0.46,0.0059108436,0,0.46
2024-07-09 19:00:00,0,up,0.36438838,0.46,0.09561163,1,0.36438838
2024-07-09 20:00:00,2,down,0.3994557,0.46,0.060544312,0,0.46
2024-07-09 21:00:00,2,up,0.49055728,0.46,0.030557275,0,0.46
2024-07-09 22:00:00,2,up,0.46300614,0.46,0.0030061305,0,0.46
2024-07-09 23:00:00,0,down,0.38717884,0.46,0.07282117,1,0.38717884
2024-07-10 00:00:00,1,up,0.55565685,0.46,0.09565684,1,0.55565685
2024-07-10 01:00:00,2,up,0.4997475,0.46,0.039747506,0,0.46
2024-07-10 02:00:00,2,up,0.42917413,0.46,0.030825883,0,0.46
2024-07-10 03:00:00,0,up,0.36447012,0.46,0.095529884,1,0.36447012
2024-07-10 04:00:00,1,down,0.57006466,0.46,0.110064656,1,0.57006466
2024-07-10 05:00:00,1,up,0.5354893,0.46,0.07548931,1,0.5354893
2024-07-10 06:00:00,0,down,0.37720332,0.46,0.08279669,1,0.37720332
2024-07-10 07:00:00,1,down,0.53712714,0.46,0.07712713,1,0.53712714
2024-07-10 08:00:00,2,down,0.50050765,0.46,0.040507644,0,0.46
2024-07-10 09:00:00,1,up,0.54567605,0.46,0.085676044,1,0.54567605
2024-07-10 10:00:00,2,down,0.49295875,0.46,0.032958746,0,0.46
2024-07-10 11:00:00,1,down,0.5619976,0.46,0.101997584,1,0.5619976
2024-07-10 12:00:00,2,down,0.5291236,0.46,0.069123596,0,0.46
2024-07-10 13:00:00,1,down,0.54649615,0.46,0.086496145,1,0.54649615
2024-07-10 14:00:00,1,down,0.5532549,0.46,0.093254894,1,0.5532549
2024-07-10 15:00:00,1,down,0.59040356,0.46,0.13040355,1,0.59040356
2024-07-10 16:00:00,1,down,0.5653967,0.46,0.10539672,1,0.5653967
2024-07-10 17:00:00,1,up,0.546492,0.46,0.08649197,1,0.546492
2024-07-10 18:00:00,1,down,0.55128706,0.46,0.09128705,1,0.55128706
2024-07-10 19:00:00,1,up,0.5953888,0.46,0.13538882,1,0.5953888
2024-07-10 20:00:00,1,up,0.55998886,0.46,0.09998885,1,0.55998886
2024-07-10 21:00:00,1,up,0.5608035,0.46,0.100803465,1,0.5608035
2024-07-10 22:00:00,2,up,0.48951545,0.46,0.029515445,0,0.46
2024-07-10 23:00:00,2,down,0.4826419,0.46,0.022641897,0,0.46
2024-07-11 00:00:00,2,up,0.4388605,0.46,0.021139503,0,0.46
2024-07-11 01:00:00,2,down,0.40683717,0.46,0.053162843,0,0.46
2024-07-11 02:00:00,2,down,0.48607442,0.46,0.02607441,0,0.46
2024-07-11 03:00:00,2,up,0.47137043,0.46,0.01137042,0,0.46
2024-07-11 04:00:00,2,up,0.4260156,0.46,0.033984423,0,0.46
2024-07-11 05:00:00,2,up,0.40618566,0.46,0.05381435,0,0.46
2024-07-11 06:00:00,2,up,0.4558877,0.46,0.0041123033,0,0.46
2024-07-11 07:00:00,0,down,0.3853185,0.46,0.07468152,1,0.3853185
2024-07-11 08:00:00,2,up,0.42536324,0.46,0.034636766,0,0.46
2024-07-11 09:00:00,0,up,0.38524124,0.46,0.07475877,1,0.38524124
2024-07-11 10:00:00,0,up,0.38434482,0.46,0.07565519,1,0.38434482
2024-07-11 11:00:00,2,up,0.41224805,0.46,0.047751963,0,0.46
2024-07-11 12:00:00,2,down,0.50953245,0.46,0.049532443,0,0.46
2024-07-11 13:00:00,2,down,0.4744181,0.46,0.014418095,0,0.46
2024-07-11 14:00:00,1,down,0.55483,0.46,0.09483001,1,0.55483
2024-07-11 15:00:00,1,up,0.6234902,0.46,0.1634902,1,0.6234902
2024-07-11 16:00:00,2,up,0.52298445,0.46,0.06298444,0,0.46
2024-07-11 17:00:00,1,up,0.54501724,0.46,0.085017234,1,0.54501724
2024-07-11 18:00:00,2,down,0.5280995,0.46,0.06809947,0,0.46
2024-07-11 19:00:00,1,up,0.6132171,0.46,0.1532171,1,0.6132171
2024-07-11 20:00:00,2,down,0.47902286,0.46,0.019022852,0,0.46
2024-07-11 21:00:00,1,down,0.5728328,0.46,0.112832814,1,0.5728328
2024-07-11 22:00:00,1,up,0.5706151,0.46,0.110615104,1,0.5706151
2024-07-11 23:00:00,1,down,0.56101847,0.46,0.10101846,1,0.56101847
2024-07-12 00:00:00,1,down,0.5995599,0.46,0.1395599,1,0.5995599
2024-07-12 01:00:00,2,up,0.5081652,0.46,0.048165172,0,0.46
2024-07-12 02:00:00,2,down,0.5060768,0.46,0.046076804,0,0.46
2024-07-12 03:00:00,1,up,0.5804904,0.46,0.1204904,1,0.5804904
2024-07-12 04:00:00,2,up,0.5221637,0.46,0.06216368,0,0.46
2024-07-12 05:00:00,1,up,0.560827,0.46,0.10082701,1,0.560827
2024-07-12 06:00:00,2,down,0.5189129,0.46,0.058912903,0,0.46
2024-07-12 07:00:00,2,up,0.48487663,0.46,0.024876624,0,0.46
2024-07-12 08:00:00,2,down,0.41371801,0.46,0.046281993,0,0.46
2024-07-12 09:00:00,1,up,0.53337705,0.46,0.07337704,1,0.53337705
2024-07-12 10:00:00,2,up,0.43084717,0.46,0.02915284,0,0.46
2024-07-12 11:00:00,2,up,0.50987935,0.46,0.049879342,0,0.46
2024-07-12 12:00:00,2,up,0.42516765,0.46,0.03483236,0,0.46
2024-07-12 13:00:00,2,down,0.4010068,0.46,0.05899322,0,0.46
2024-07-12 14:00:00,2,up,0.44833487,0.46,0.011665136,0,0.46
2024-07-12 15:00:00,2,down,0.39144418,0.46,0.06855583,0,0.46
2024-07-12 16:00:00,2,up,0.4577799,0.46,0.0022200942,0,0.46
2024-07-12 17:00:00,2,up,0.39133635,0.46,0.06866366,0,0.46
2024-07-12 18:00:00,2,down,0.4273969,0.46,0.032603115,0,0.46
2024-07-12 19:00:00,2,down,0.52351695,0.46,0.063516945,0,0.46
2024-07-12 20:00:00,2,up,0.50970864,0.46,0.049708635,0,0.46
2024-07-12 21:00:00,1,up,0.5634055,0.46,0.103405505,1,0.5634055
2024-07-12 22:00:00,2,up,0.4700778,0.46,0.010077804,0,0.46
2024-07-12 23:00:00,2,down,0.43543467,0.46,0.02456534,0,0.46
2024-07-13 00:00:00,2,up,0.4545059,0.46,0.0054941177,0,0.46
2024-07-13 01:00:00,2,up,0.4464482,0.46,0.013551801,0,0.46
2024-07-13 02:00:00,0,down,0.3884111,0.46,0.0715889,1,0.3884111
2024-07-13 03:00:00,2,down,0.5051473,0.46,0.04514727,0,0.46
2024-07-13 04:00:00,1,up,0.56023544,0.46,0.10023543,1,0.56023544
2024-07-13 05:00:00,0,down,0.3894082,0.46,0.07059181,1,0.3894082
2024-07-13 06:00:00,2,up,0.45087835,0.46,0.009121656,0,0.46
2024-07-13 07:00:00,0,down,0.3673066,0.46,0.09269342,1,0.3673066
2024-07-13 08:00:00,2,up,0.5290068,0.46,0.06900677,0,0.46
2024-07-13 09:00:00,2,down,0.46834397,0.46,0.008343965,0,0.46
2024-07-13 10:00:00,2,up,0.49834034,0.46,0.03834033,0,0.46
2024-07-13 11:00:00,0,up,0.37726235,0.46,0.082737654,1,0.37726235
2024-07-13 12:00:00,2,down,0.39343098,0.46,0.06656903,0,0.46
2024-07-13 13:00:00,2,up,0.5041968,0.46,0.044196814,0,0.46
2024-07-13 14:00:00,0,up,0.36676627,0.46,0.093233734,1,0.36676627
2024-07-13 15:00:00,2,down,0.39971304,0.46,0.06028697,0,0.46
2024-07-13 16:00:00,2,up,0.4978868,0.46,0.0378868,0,0.46
2024-07-13 17:00:00,2,down,0.42641374,0.46,0.033586264,0,0.46
2024-07-13 18:00:00,2,down,0.5120454,0.46,0.052045375,0,0.46
2024-07-13 19:00:00,2,down,0.50553733,0.46,0.045537323,0,0.46
2024-07-13 20:00:00,1,up,0.5469774,0.46,0.08697739,1,0.5469774
2024-07-13 21:00:00,2,up,0.41966364,0.46,0.04033637,0,0.46
2024-07-13 22:00:00,2,down,0.5107703,0.46,0.050770313,0,0.46
2024-07-13 23:00:00,2,up,0.5216223,0.46,0.06162229,0,0.46
2024-07-14 00:00:00,2,down,0.42193434,0.46,0.038065672,0,0.46
2024-07-14 01:00:00,2,down,0.40918547,0.46,0.05081454,0,0.46
2024-07-14 02:00:00,2,up,0.51221687,0.46,0.052216858,0,0.46
2024-07-14 03:00:00,2,up,0.48852754,0.46,0.028527528,0,0.46
2024-07-14 04:00:00,2,up,0.40049866,0.46,0.05950135,0,0.46
2024-07-14 05:00:00,0,down,0.37482837,0.46,0.08517164,1,0.37482837
2024-07-14 06:00:00,2,up,0.5257729,0.46,0.06577292,0,0.46
2024-07-14 07:00:00,0,up,0.3883215,0.46,0.07167852,1,0.3883215
2024-07-14 08:00:00,2,down,0.49617475,0.46,0.036174744,0,0.46
2024-07-14 09:00:00,2,down,0.44806412,0.46,0.01193589,0,0.46
2024-07-14 10:00:00,1,up,0.5718585,0.46,0.11185852,1,0.5718585
2024-07-14 11:00:00,2,down,0.4097951,0.46,0.050204903,0,0.46
2024-07-14 12:00:00,1,up,0.6609992,0.46,0.20099917,1,0.6609992
2024-07-14 13:00:00,1,up,0.5401181,0.46,0.08011809,1,0.5401181
2024-07-14 14:00:00,2,up,0.4893039,0.46,0.029303879,0,0.46
2024-07-14 15:00:00,2,up,0.40032032,0.46,0.059679687,0,0.46
2024-07-14 16:00:00,2,down,0.43010002,0.46,0.029899985,0,0.46
2024-07-14 17:00:00,2,up,0.4445313,0.46,0.015468717,0,0.46
2024-07-14 18:00:00,2,down,0.46757105,0.46,0.0075710416,0,0.46
2024-07-14 19:00:00,2,up,0.5182,0.46,0.058199972,0,0.46
2024-07-14 20:00:00,2,up,0.48160228,0.46,0.021602273,0,0.46
2024-07-14 21:00:00,2,down,0.5229414,0.46,0.0629414,0,0.46
2024-07-14 22:00:00,1,down,0.5343629,0.46,0.074362904,1,0.5343629
2024-07-14 23:00:00,2,up,0.48832256,0.46,0.028322548,0,0.46
2024-07-15 00:00:00,2,up,0.4437692,0.46,0.016230822,0,0.46
2024-07-15 01:00:00,2,up,0.50750154,0.46,0.047501534,0,0.46
2024-07-15 02:00:00,2,up,0.47751674,0.46,0.017516732,0,0.46
2024-07-15 03:00:00,2,down,0.42494228,0.46,0.035057724,0,0.46
2024-07-15 04:00:00,2,up,0.4725346,0.46,0.012534589,0,0.46
2024-07-15 05:00:00,2,up,0.43538508,0.46,0.02461493,0,0.46
2024-07-15 06:00:00,2,down,0.4550173,0.46,0.00498271,0,0.46
2024-07-15 07:00:00,2,up,0.4883884,0.46,0.028388381,0,0.46
2024-07-15 08:00:00,2,down,0.4806846,0.46,0.0206846,0,0.46
2024-07-15 09:00:00,1,down,0.53859866,0.46,0.07859865,1,0.53859866
2024-07-15 10:00:00,1,down,0.5560617,0.46,0.09606168,1,0.5560617
2024-07-15 11:00:00,1,up,0.53847104,0.46,0.078471035,1,0.53847104
2024-07-15 12:00:00,2,up,0.52765375,0.46,0.067653745,0,0.46
2024-07-15 13:00:00,2,up,0.40352103,0.46,0.056478977,0,0.46
2024-07-15 14:00:00,2,down,0.39385584,0.46,0.06614417,0,0.46
2024-07-15 15:00:00,2,up,0.465955,0.46,0.005954981,0,0.46
2024-07-15 16:00:00,2,down,0.42774656,0.46,0.032253444,0,0.46
2024-07-15 17:00:00,1,up,0.59693354,0.46,0.13693354,1,0.59693354
2024-07-15 18:00:00,0,down,0.38036722,0.46,0.07963279,1,0.38036722
2024-07-15 19:00:00,1,up,0.55162984,0.46,0.09162983,1,0.55162984
2024-07-15 20:00:00,0,down,0.38495725,0.46,0.075042754,1,0.38495725
2024-07-15 21:00:00,2,up,0.5086839,0.46,0.04868391,0,0.46
2024-07-15 22:00:00,2,up,0.4827499,0.46,0.0227499,0,0.46
2024-07-15 23:00:00,2,down,0.39450225,0.46,0.065497756,0,0.46
2024-07-16 00:00:00,2,up,0.47571403,0.46,0.01571402,0,0.46
2024-07-16 01:00:00,0,down,0.36737815,0.46,0.09262186,1,0.36737815
2024-07-16 02:00:00,2,down,0.4133805,0.46,0.046619505,0,0.46
2024-07-16 03:00:00,2,down,0.41614005,0.46,0.04385996,0,0.46
2024-07-16 04:00:00,1,down,0.60155183,0.46,0.14155182,1,0.60155183
2024-07-16 05:00:00,1,down,0.5768958,0.46,0.116895765,1,0.5768958
2024-07-16 06:00:00,1,down,0.6197645,0.46,0.1597645,1,0.6197645
2024-07-16 07:00:00,1,down,0.6143582,0.46,0.15435818,1,0.6143582
2024-07-16 08:00:00,1,up,0.5628723,0.46,0.10287228,1,0.5628723
2024-07-16 09:00:00,2,up,0.51580775,0.46,0.05580774,0,0.46
2024-07-16 10:00:00,2,up,0.49704555,0.46,0.03704554,0,0.46
2024-07-16 11:00:00,2,down,0.4042345,0.46,0.05576551,0,0.46
2024-07-16 12:00:00,2,down,0.4729198,0.46,0.012919784,0,0.46
2024-07-16 13:00:00,2,up,0.5214804,0.46,0.061480373,0,0.46
2024-07-16 14:00:00,2,up,0.4029916,0.46,0.057008415,0,0.46
2024-07-16 15:00:00,2,down,0.44759458,0.46,0.012405425,0,0.46
2024-07-16 16:00:00,2,up,0.5269928,0.46,0.06699279,0,0.46
2024-07-16 17:00:00,0,up,0.35984695,0.46,0.10015306,1,0.35984695
2024-07-16 18:00:00,2,up,0.44047946,0.46,0.019520551,0,0.46
2024-07-16 19:00:00,0,down,0.3723188,0.46,0.087681204,1,0.3723188
2024-07-16 20:00:00,2,down,0.5258305,0.46,0.0658305,0,0.46
2024-07-16 21:00:00,2,up,0.5044563,0.46,0.044456273,0,0.46
2024-07-16 22:00:00,2,up,0.3997229,0.46,0.060277104,0,0.46
2024-07-16 23:00:00,2,up,0.4652487,0.46,0.0052486956,0,0.46
2024-07-17 00:00:00,0,up,0.38847622,0.46,0.071523786,1,0.38847622
2024-07-17 01:00:00,2,down,0.48891136,0.46,0.028911352,0,0.46
2024-07-17 02:00:00,2,up,0.46561286,0.46,0.00561285,0,0.46
2024-07-17 03:00:00,0,up,0.37620768,0.46,0.08379233,1,0.37620768
2024-07-17 04:00:00,0,down,0.37270826,0.46,0.08729175,1,0.37270826
2024-07-17 05:00:00,2,down,0.47056997,0.46,0.01056996,0,0.46
2024-07-17 06:00:00,2,down,0.48135188,0.46,0.021351874,0,0.46
2024-07-17 07:00:00,2,down,0.5287269,0.46,0.06872687,0,0.46
2024-07-17 08:00:00,2,up,0.5138865,0.46,0.053886503,0,0.46
2024-07-17 09:00:00,2,down,0.5039036,0.46,0.04390362,0,0.46
2024-07-17 10:00:00,1,down,0.59785444,0.46,0.13785443,1,0.59785444
2024-07-17 11:00:00,1,up,0.58376473,0.46,0.12376472,1,0.58376473
2024-07-17 12:00:00,1,up,0.5876101,0.46,0.12761012,1,0.5876101
2024-07-17 13:00:00,2,down,0.49634308,0.46,0.036343068,0,0.46
2024-07-17 14:00:00,2,down,0.45149562,0.46,0.008504391,0,0.46
2024-07-17 15:00:00,1,down,0.5385652,0.46,0.07856521,1,0.5385652
2024-07-17 16:00:00,1,up,0.5591716,0.46,0.09917161,1,0.5591716
2024-07-17 17:00:00,1,up,0.53121644,0.46,0.071216434,1,0.53121644
2024-07-17 18:00:00,1,up,0.57191074,0.46,0.11191073,1,0.57191074
2024-07-17 19:00:00,1,down,0.5617154,0.46,0.101715416,1,0.5617154
2024-07-17 20:00:00,1,down,0.58640033,0.46,0.12640032,1,0.58640033
2024-07-17 21:00:00,1,down,0.547689,0.46,0.08768901,1,0.547689
2024-07-17 22:00:00,1,down,0.5443577,0.46,0.08435771,1,0.5443577
2024-07-17 23:00:00,1,up,0.62449163,0.46,0.16449162,1,0.62449163
2024-07-18 00:00:00,2,up,0.4705766,0.46,0.010576606,0,0.46
2024-07-18 01:00:00,2,up,0.41835722,0.46,0.041642785,0,0.46
2024-07-18 02:00:00,2,up,0.45338365,0.46,0.006616354,0,0.46
2024-07-18 03:00:00,0,down,0.37652004,0.46,0.08347997,1,0.37652004
2024-07-18 04:00:00,2,up,0.51632285,0.46,0.056322843,0,0.46
2024-07-18 05:00:00,2,up,0.41169974,0.46,0.048300266,0,0.46
2024-07-18 06:00:00,2,down,0.3927407,0.46,0.06725931,0,0.46
2024-07-18 07:00:00,1,up,0.530012,0.46,0.070012,1,0.530012
2024-07-18 08:00:00,2,down,0.39077982,0.46,0.069220185,0,0.46
2024-07-18 09:00:00,2,down,0.47519764,0.46,0.015197635,0,0.46
2024-07-18 10:00:00,2,up,0.5059647,0.46,0.045964688,0,0.46
2024-07-18 11:00:00,2,up,0.43513218,0.46,0.024867833,0,0.46
2024-07-18 12:00:00,2,down,0.460545,0.46,0.00054499507,0,0.46
2024-07-18 13:00:00,2,down,0.5021658,0.46,0.042165786,0,0.46
2024-07-18 14:00:00,2,down,0.5250749,0.46,0.06507489,0,0.46
2024-07-18 15:00:00,1,up,0.58117855,0.46,0.12117854,1,0.58117855
2024-07-18 16:00:00,2,down,0.46181494,0.46,0.0018149316,0,0.46
2024-07-18 17:00:00,1,down,0.63116544,0.46,0.17116544,1,0.63116544
2024-07-18 18:00:00,1,up,0.5458842,0.46,0.08588418,1,0.5458842
2024-07-18 19:00:00,1,up,0.5770565,0.46,0.11705652,1,0.5770565
2024-07-18 20:00:00,2,up,0.47370774,0.46,0.013707727,0,0.46
2024-07-18 21:00:00,2,up,0.5006401,0.46,0.040640086,0,0.46
2024-07-18 22:00:00,2,down,0.42581567,0.46,0.034184337,0,0.46
2024-07-18 23:00:00,2,down,0.49562526,0.46,0.03562525,0,0.46
2024-07-19 00:00:00,1,up,0.5677523,0.46,0.10775229,1,0.5677523
2024-07-19 01:00:00,2,up,0.4771374,0.46,0.017137378,0,0.46
2024-07-19 02:00:00,2,up,0.5229354,0.46,0.06293538,0,0.46
2024-07-19 03:00:00,2,down,0.40011498,0.46,0.059885025,0,0.46
2024-07-19 04:00:00,2,up,0.50353396,0.46,0.04353395,0,0.46
2024-07-19 05:00:00,2,up,0.43276116,0.46,0.027238846,0,0.46
2024-07-19 06:00:00,2,down,0.49421299,0.46,0.034212977,0,0.46
2024-07-19 07:00:00,2,up,0.52399206,0.46,0.06399205,0,0.46
2024-07-19 08:00:00,2,down,0.5152706,0.46,0.055270582,0,0.46
2024-07-19 09:00:00,1,up,0.57626945,0.46,0.11626944,1,0.57626945
2024-07-19 10:00:00,2,up,0.4815745,0.46,0.021574497,0,0.46
2024-07-19 11:00:00,2,up,0.4580988,0.46,0.0019012094,0,0.46
2024-07-19 12:00:00,0,up,0.3876437,0.46,0.07235631,1,0.3876437
2024-07-19 13:00:00,2,up,0.49642545,0.46,0.03642544,0,0.46
2024-07-19 14:00:00,2,up,0.4365359,0.46,0.023464113,0,0.46
2024-07-19 15:00:00,2,up,0.4070996,0.46,0.052900404,0,0.46
2024-07-19 16:00:00,2,up,0.44342545,0.46,0.016574562,0,0.46
2024-07-19 17:00:00,0,up,0.36691913,0.46,0.09308088,1,0.36691913
2024-07-19 18:00:00,0,up,0.36852086,0.46,0.09147915,1,0.36852086
2024-07-19 19:00:00,2,down,0.40292743,0.46,0.05707258,0,0.46
2024-07-19 20:00:00,2,down,0.48875287,0.46,0.028752863,0,0.46
2024-07-19 21:00:00,2,down,0.4941393,0.46,0.034139305,0,0.46
2024-07-19 22:00:00,2,down,0.5255436,0.46,0.06554356,0,0.46
2024-07-19 23:00:00,1,down,0.5321992,0.46,0.072199196,1,0.5321992
2024-07-20 00:00:00,1,down,0.56929094,0.46,0.10929093,1,0.56929094
2024-07-20 01:00:00,1,up,0.5741944,0.46,0.11419436,1,0.5741944
2024-07-20 02:00:00,2,up,0.46699247,0.46,0.0069924593,0,0.46
2024-07-20 03:00:00,2,up,0.49738505,0.46,0.037385046,0,0.46
2024-07-20 04:00:00,2,down,0.41620398,0.46,0.043796033,0,0.46
2024-07-20 05:00:00,2,up,0.48797283,0.46,0.027972817,0,0.46
2024-07-20 06:00:00,2,down,0.43822482,0.46,0.021775186,0,0.46
2024-07-20 07:00:00,2,down,0.5040645,0.46,0.044064492,0,0.46
2024-07-20 08:00:00,2,up,0.51522905,0.46,0.055229038,0,0.46
2024-07-20 09:00:00,2,down,0.48916954,0.46,0.02916953,0,0.46
2024-07-20 10:00:00,2,down,0.48396254,0.46,0.023962528,0,0.46
2024-07-20 11:00:00,1,down,0.54151404,0.46,0.08151403,1,0.54151404
2024-07-20 12:00:00,1,up,0.56042975,0.46,0.10042974,1,0.56042975
2024-07-20 13:00:00,2,up,0.44836932,0.46,0.011630684,0,0.46
2024-07-20 14:00:00,2,up,0.46062624,0.46,0.0006262362,0,0.46
2024-07-20 15:00:00,0,down,0.36316428,0.46,0.09683573,1,0.36316428
2024-07-20 16:00:00,2,up,0.4340726,0.46,0.025927395,0,0.46
2024-07-20 17:00:00,2,up,0.45462185,0.46,0.005378157,0,0.46
2024-07-20 18:00:00,0,down,0.36521316,0.46,0.09478685,1,0.36521316
2024-07-20 19:00:00,2,up,0.49844512,0.46,0.038445115,0,0.46
2024-07-20 20:00:00,2,down,0.45690173,0.46,0.0030982792,0,0.46
2024-07-20 21:00:00,2,up,0.47911626,0.46,0.019116253,0,0.46
2024-07-20 22:00:00,2,up,0.51968527,0.46,0.05968526,0,0.46
2024-07-20 23:00:00,1,down,0.53964233,0.46,0.079642326,1,0.53964233
2024-07-21 00:00:00,2,up,0.51097995,0.46,0.050979942,0,0.46
2024-07-21 01:00:00,2,up,0.4367589,0.46,0.023241103,0,0.46
2024-07-21 02:00:00,2,down,0.48298055,0.46,0.022980541,0,0.46
2024-07-21 03:00:00,2,down,0.49111766,0.46,0.031117648,0,0.46
2024-07-21 04:00:00,1,up,0.5479218,0.46,0.08792177,1,0.5479218
2024-07-21 05:00:00,2,down,0.49501148,0.46,0.03501147,0,0.46
2024-07-21 06:00:00,1,down,0.53717345,0.46,0.07717344,1,0.53717345
2024-07-21 07:00:00,1,up,0.56950974,0.46,0.10950974,1,0.56950974
2024-07-21 08:00:00,1,up,0.5584167,0.46,0.098416716,1,0.5584167
2024-07-21 09:00:00,2,down,0.44884443,0.46,0.0111555755,0,0.46
2024-07-21 10:00:00,1,up,0.5655083,0.46,0.1055083,1,0.5655083
2024-07-21 11:00:00,2,up,0.4436986,0.46,0.016301394,0,0.46
2024-07-21 12:00:00,2,down,0.4892711,0.46,0.029271096,0,0.46
2024-07-21 13:00:00,2,up,0.5025077,0.46,0.04250768,0,0.46
2024-07-21 14:00:00,2,down,0.41815385,0.46,0.041846156,0,0.46
2024-07-21 15:00:00,2,up,0.4748536,0.46,0.014853597,0,0.46
2024-07-21 16:00:00,2,down,0.41532105,0.46,0.044678956,0,0.46
2024-07-21 17:00:00,2,up,0.5226144,0.46,0.06261441,0,0.46
2024-07-21 18:00:00,2,up,0.45871133,0.46,0.0012886822,0,0.46
2024-07-21 19:00:00,2,up,0.46127677,0.46,0.0012767613,0,0.46
2024-07-21 20:00:00,2,up,0.48644117,0.46,0.026441157,0,0.46
2024-07-21 21:00:00,2,down,0.39042437,0.46,0.06957564,0,0.46
2024-07-21 22:00:00,2,up,0.45676088,0.46,0.003239125,0,0.46
2024-07-21 23:00:00,0,up,0.36775708,0.46,0.09224293,1,0.36775708
2024-07-22 00:00:00,2,down,0.44966578,0.46,0.0103342235,0,0.46
2024-07-22 01:00:00,2,up,0.5105644,0.46,0.05056438,0,0.46
2024-07-22 02:00:00,2,down,0.45614696,0.46,0.0038530529,0,0.46
2024-07-22 03:00:00,2,up,0.51227236,0.46,0.05227235,0,0.46
2024-07-22 04:00:00,2,down,0.43793583,0.46,0.02206418,0,0.46
2024-07-22 05:00:00,1,down,0.55393517,0.46,0.09393516,1,0.55393517
2024-07-22 06:00:00,1,down,0.5350246,0.46,0.075024575,1,0.5350246
2024-07-22 07:00:00,1,down,0.5763057,0.46,0.11630568,1,0.5763057
2024-07-22 08:00:00,1,up,0.61323863,0.46,0.15323862,1,0.61323863
2024-07-22 09:00:00,2,down,0.4613264,0.46,0.0013263822,0,0.46
2024-07-22 10:00:00,2,up,0.4883893,0.46,0.028389305,0,0.46
2024-07-22 11:00:00,2,up,0.4451279,0.46,0.014872104,0,0.46
2024-07-22 12:00:00,0,down,0.36907342,0.46,0.09092659,1,0.36907342
2024-07-22 13:00:00,2,down,0.5189608,0.46,0.058960766,0,0.46
2024-07-22 14:00:00,1,up,0.59482974,0.46,0.13482973,1,0.59482974
2024-07-22 15:00:00,2,down,0.49085328,0.46,0.030853271,0,0.46
2024-07-22 16:00:00,1,up,0.53955835,0.46,0.07955834,1,0.53955835
2024-07-22 17:00:00,2,down,0.41477928,0.46,0.045220733,0,0.46
2024-07-22 18:00:00,2,up,0.465988,0.46,0.005988002,0,0.46
2024-07-22 19:00:00,2,down,0.40147078,0.46,0.058529228,0,0.46
2024-07-22 20:00:00,0,down,0.3819816,0.46,0.0780184,1,0.3819816
2024-07-22 21:00:00,2,down,0.47358644,0.46,0.013586432,0,0.46
2024-07-22 22:00:00,2,down,0.4857375,0.46,0.025737494,0,0.46
2024-07-22 23:00:00,2,down,0.46892697,0.46,0.008926958,0,0.46
2024-07-23 00:00:00,1,down,0.5679122,0.46,0.10791221,1,0.5679122
2024-07-23 01:00:00,2,up,0.5146708,0.46,0.05467078,0,0.46
2024-07-23 02:00:00,2,down,0.43480024,0.46,0.02519977,0,0.46
2024-07-23 03:00:00,1,down,0.5339988,0.46,0.07399878,1,0.5339988
2024-07-23 04:00:00,1,down,0.62276083,0.46,0.16276082,1,0.62276083
2024-07-23 05:00:00,1,up,0.5750912,0.46,0.115091175,1,0.5750912
2024-07-23 06:00:00,1,up,0.59083426,0.46,0.13083425,1,0.59083426
2024-07-23 07:00:00,2,up,0.5147026,0.46,0.05470261,0,0.46
2024-07-23 08:00:00,2,up,0.4928828,0.46,0.03288278,0,0.46
2024-07-23 09:00:00,2,down,0.5038428,0.46,0.043842763,0,0.46
2024-07-23 10:00:00,2,down,0.48883307,0.46,0.028833061,0,0.46
2024-07-23 11:00:00,1,down,0.5319528,0.46,0.07195279,1,0.5319528
2024-07-23 12:00:00,1,down,0.53279185,0.46,0.072791845,1,0.53279185
2024-07-23 13:00:00,1,up,0.56107527,0.46,0.10107526,1,0.56107527
2024-07-23 14:00:00,2,down,0.46027148,0.46,0.00027146935,0,0.46
2024-07-23 15:00:00,2,down,0.522848,0.46,0.062848,0,0.46
2024-07-23 16:00:00,1,up,0.6070034,0.46,0.14700338,1,0.6070034
2024-07-23 17:00:00,1,down,0.53946936,0.46,0.07946935,1,0.53946936
2024-07-23 18:00:00,1,down,0.55609214,0.46,0.096092135,1,0.55609214
2024-07-23 19:00:00,1,up,0.5597655,0.46,0.09976551,1,0.5597655
2024-07-23 20:00:00,2,up,0.5208735,0.46,0.06087348,0,0.46
2024-07-23 21:00:00,1,up,0.53168565,0.46,0.07168564,1,0.53168565
2024-07-23 22:00:00,2,up,0.5286583,0.46,0.06865826,0,0.46
2024-07-23 23:00:00,2,down,0.51599437,0.46,0.05599436,0,0.46
2024-07-24 00:00:00,1,down,0.6025482,0.46,0.14254817,1,0.6025482
2024-07-24 01:00:00,1,up,0.59420425,0.46,0.13420424,1,0.59420425
2024-07-24 02:00:00,2,up,0.50329006,0.46,0.04329005,0,0.46
2024-07-24 03:00:00,2,down,0.45640117,0.46,0.003598839,0,0.46
2024-07-24 04:00:00,2,down,0.52047664,0.46,0.06047663,0,0.46
2024-07-24 05:00:00,2,up,0.49475223,0.46,0.03475222,0,0.46
2024-07-24 06:00:00,1,up,0.54431593,0.46,0.084315926,1,0.54431593
2024-07-24 07:00:00,2,up,0.40881717,0.46,0.051182836,0,0.46
2024-07-24 08:00:00,0,down,0.3740647,0.46,0.085935295,1,0.3740647
2024-07-24 09:00:00,2,up,0.40969238,0.46,0.05030763,0,0.46
2024-07-24 10:00:00,2,down,0.3941946,0.46,0.065805405,0,0.46
2024-07-24 11:00:00,2,down,0.4941717,0.46,0.0341717,0,0.46
2024-07-24 12:00:00,2,up,0.4928991,0.46,0.03289908,0,0.46
2024-07-24 13:00:00,1,up,0.53313655,0.46,0.07313654,1,0.53313655
2024-07-24 14:00:00,2,down,0.43297312,0.46,0.027026892,0,0.46
2024-07-24 15:00:00,2,up,0.52126354,0.46,0.06126353,0,0.46
2024-07-24 16:00:00,2,up,0.44035336,0.46,0.019646645,0,0.46
2024-07-24 17:00:00,2,down,0.43917352,0.46,0.020826489,0,0.46
2024-07-24 18:00:00,1,down,0.56541955,0.46,0.10541955,1,0.56541955
2024-07-24 19:00:00,1,up,0.61124223,0.46,0.15124223,1,0.61124223
2024-07-24 20:00:00,2,down,0.5076059,0.46,0.047605902,0,0.46
2024-07-24 21:00:00,2,down,0.5173398,0.46,0.057339817,0,0.46
2024-07-24 22:00:00,1,up,0.5965335,0.46,0.13653347,1,0.5965335
2024-07-24 23:00:00,1,up,0.54861856,0.46,0.08861855,1,0.54861856
2024-07-25 00:00:00,1,down,0.5329789,0.46,0.072978884,1,0.5329789
2024-07-25 01:00:00,1,down,0.53337985,0.46,0.073379844,1,0.53337985
2024-07-25 02:00:00,2,down,0.5295297,0.46,0.06952968,0,0.46
2024-07-25 03:00:00,2,up,0.51263607,0.46,0.052636057,0,0.46
2024-07-25 04:00:00,2,up,0.45945078,0.46,0.000549227,0,0.46
2024-07-25 05:00:00,2,up,0.52946883,0.46,0.069468826,0,0.46
2024-07-25 06:00:00,2,down,0.49984533,0.46,0.039845318,0,0.46
2024-07-25 07:00:00,1,up,0.5731188,0.46,0.1131188,1,0.5731188
2024-07-25 08:00:00,2,down,0.44541737,0.46,0.014582634,0,0.46
2024-07-25 09:00:00,1,down,0.5410837,0.46,0.081083685,1,0.5410837
2024-07-25 10:00:00,1,down,0.5418191,0.46,0.08181909,1,0.5418191
2024-07-25 11:00:00,1,up,0.57173485,0.46,0.11173484,1,0.57173485
2024-07-25 12:00:00,1,down,0.54280245,0.46,0.082802445,1,0.54280245
2024-07-25 13:00:00,1,up,0.5458975,0.46,0.085897475,1,0.5458975
2024-07-25 14:00:00,2,down,0.45631498,0.46,0.0036850274,0,0.46
2024-07-25 15:00:00,2,up,0.4010261,0.46,0.05897391,0,0.46
2024-07-25 16:00:00,2,up,0.43080047,0.46,0.02919954,0,0.46
2024-07-25 17:00:00,0,down,0.3723012,0.46,0.08769882,1,0.3723012
2024-07-25 18:00:00,2,up,0.518775,0.46,0.058774978,0,0.46
2024-07-25 19:00:00,2,up,0.52765006,0.46,0.06765005,0,0.46
2024-07-25 20:00:00,0,up,0.38053495,0.46,0.07946506,1,0.38053495
2024-07-25 21:00:00,2,down,0.40274423,0.46,0.057255775,0,0.46
2024-07-25 22:00:00,2,up,0.5031894,0.46,0.043189377,0,0.46
2024-07-25 23:00:00,0,up,0.3817669,0.46,0.07823312,1,0.3817669
2024-07-26 00:00:00,0,up,0.37515545,0.46,0.08484456,1,0.37515545
2024-07-26 01:00:00,2,up,0.41688502,0.46,0.04311499,0,0.46
2024-07-26 02:00:00,2,up,0.39406595,0.46,0.06593406,0,0.46
2024-07-26 03:00:00,2,up,0.48509806,0.46,0.025098056,0,0.46
2024-07-26 04:00:00,0,down,0.37755707,0.46,0.08244294,1,0.37755707
2024-07-26 05:00:00,2,up,0.48940217,0.46,0.029402167,0,0.46
2024-07-26 06:00:00,2,down,0.41735622,0.46,0.042643785,0,0.46
2024-07-26 07:00:00,2,up,0.52145815,0.46,0.06145814,0,0.46
2024-07-26 08:00:00,2,up,0.39504972,0.46,0.06495029,0,0.46
2024-07-26 09:00:00,2,up,0.42679882,0.46,0.033201188,0,0.46
2024-07-26 10:00:00,2,up,0.4376324,0.46,0.022367597,0,0.46
2024-07-26 11:00:00,0,down,0.38881215,0.46,0.071187854,1,0.38881215
2024-07-26 12:00:00,2,up,0.41132426,0.46,0.048675746,0,0.46
2024-07-26 13:00:00,0,down,0.38613924,0.46,0.073860765,1,0.38613924
2024-07-26 14:00:00,2,up,0.499983,0.46,0.039983004,0,0.46
2024-07-26 15:00:00,2,down,0.4059118,0.46,0.054088205,0,0.46
2024-07-26 16:00:00,2,down,0.51545936,0.46,0.05545935,0,0.46
2024-07-26 17:00:00,2,up,0.49476984,0.46,0.034769833,0,0.46
2024-07-26 18:00:00,2,up,0.41885003,0.46,0.041149974,0,0.46
2024-07-26 19:00:00,0,down,0.38716272,0.46,0.07283729,1,0.38716272
2024-07-26 20:00:00,1,up,0.53788126,0.46,0.07788125,1,0.53788126
2024-07-26 21:00:00,2,down,0.4269242,0.46,0.03307581,0,0.46
2024-07-26 22:00:00,2,down,0.47456014,0.46,0.014560133,0,0.46
2024-07-26 23:00:00,2,down,0.42504022,0.46,0.034959793,0,0.46
2024-07-27 00:00:00,2,down,0.470989,0.46,0.0109889805,0,0.46
2024-07-27 01:00:00,2,up,0.5138471,0.46,0.053847104,0,0.46
2024-07-27 02:00:00,2,down,0.4144534,0.46,0.04554662,0,0.46
2024-07-27 03:00:00,2,up,0.5233581,0.46,0.0633581,0,0.46
2024-07-27 04:00:00,2,up,0.4241809,0.46,0.035819113,0,0.46
2024-07-27 05:00:00,1,up,0.53752965,0.46,0.07752964,1,0.53752965
2024-07-27 06:00:00,2,down,0.39287162,0.46,0.06712839,0,0.46
2024-07-27 07:00:00,2,down,0.49868312,0.46,0.038683116,0,0.46
2024-07-27 08:00:00,2,up,0.44510636,0.46,0.014893651,0,0.46
2024-07-27 09:00:00,0,down,0.36115482,0.46,0.098845184,1,0.36115482
2024-07-27 10:00:00,2,up,0.43444347,0.46,0.025556535,0,0.46
2024-07-27 11:00:00,2,up,0.39575186,0.46,0.064248145,0,0.46
2024-07-27 12:00:00,2,up,0.4004601,0.46,0.059539914,0,0.46
2024-07-27 13:00:00,2,down,0.4981102,0.46,0.038110197,0,0.46
2024-07-27 14:00:00,2,down,0.48564014,0.46,0.02564013,0,0.46
2024-07-27 15:00:00,2,down,0.43498358,0.46,0.025016427,0,0.46
2024-07-27 16:00:00,2,down,0.5137024,0.46,0.053702384,0,0.46
2024-07-27 17:00:00,2,up,0.5024848,0.46,0.04248479,0,0.46
2024-07-27 18:00:00,1,down,0.57999897,0.46,0.11999896,1,0.57999897
2024-07-27 19:00:00,2,down,0.5290825,0.46,0.06908247,0,0.46
2024-07-27 20:00:00,2,up,0.4991414,0.46,0.039141387,0,0.46
2024-07-27 21:00:00,2,down,0.50339496,0.46,0.043394953,0,0.46
2024-07-27 22:00:00,2,down,0.47087586,0.46,0.010875851,0,0.46
2024-07-27 23:00:00,1,up,0.5748316,0.46,0.1148316,1,0.5748316
2024-07-28 00:00:00,2,up,0.4924759,0.46,0.03247589,0,0.46
2024-07-28 01:00:00,1,up,0.5655154,0.46,0.10551539,1,0.5655154
2024-07-28 02:00:00,2,down,0.45805806,0.46,0.0019419491,0,0.46
2024-07-28 03:00:00,1,down,0.61197144,0.46,0.15197143,1,0.61197144
2024-07-28 04:00:00,1,up,0.605167,0.46,0.14516696,1,0.605167
2024-07-28 05:00:00,2,up,0.5215731,0.46,0.061573118,0,0.46
2024-07-28 06:00:00,1,up,0.5941839,0.46,0.13418391,1,0.5941839
2024-07-28 07:00:00,2,down,0.45836598,0.46,0.0016340315,0,0.46
2024-07-28 08:00:00,1,up,0.559024,0.46,0.09902397,1,0.559024
2024-07-28 09:00:00,1,up,0.5357601,0.46,0.0757601,1,0.5357601
2024-07-28 10:00:00,1,up,0.53521967,0.46,0.07521966,1,0.53521967
2024-07-28 11:00:00,2,up,0.47103977,0.46,0.011039764,0,0.46
2024-07-28 12:00:00,2,down,0.4061848,0.46,0.053815216,0,0.46
2024-07-28 13:00:00,0,down,0.3786591,0.46,0.08134091,1,0.3786591
2024-07-28 14:00:00,2,down,0.4814336,0.46,0.021433592,0,0.46
2024-07-28 15:00:00,2,up,0.5089095,0.46,0.048909515,0,0.46
2024-07-28 16:00:00,1,up,0.5427789,0.46,0.0827789,1,0.5427789
2024-07-28 17:00:00,2,up,0.41430852,0.46,0.04569149,0,0.46
2024-07-28 18:00:00,0,down,0.3808515,0.46,0.0791485,1,0.3808515
2024-07-28 19:00:00,2,down,0.46324372,0.46,0.0032437146,0,0.46
2024-07-28 20:00:00,2,up,0.44094118,0.46,0.019058824,0,0.46
2024-07-28 21:00:00,2,down,0.44630435,0.46,0.013695657,0,0.46
2024-07-28 22:00:00,2,up,0.49338937,0.46,0.03338936,0,0.46
2024-07-28 23:00:00,2,up,0.398319,0.46,0.061681002,0,0.46
2024-07-29 00:00:00,2,down,0.44600907,0.46,0.013990939,0,0.46
2024-07-29 01:00:00,2,up,0.46211636,0.46,0.0021163523,0,0.46
2024-07-29 02:00:00,2,down,0.49008337,0.46,0.030083358,0,0.46
2024-07-29 03:00:00,2,up,0.52167517,0.46,0.06167516,0,0.46
2024-07-29 04:00:00,2,up,0.46086892,0.46,0.0008689165,0,0.46
2024-07-29 05:00:00,0,down,0.3882801,0.46,0.071719915,1,0.3882801
2024-07-29 06:00:00,2,down,0.49273348,0.46,0.03273347,0,0.46
2024-07-29 07:00:00,2,down,0.43837833,0.46,0.021621674,0,0.46
2024-07-29 08:00:00,2,up,0.5024029,0.46,0.042402893,0,0.46
2024-07-29 09:00:00,2,up,0.4776091,0.46,0.01760909,0,0.46
2024-07-29 10:00:00,2,down,0.4260976,0.46,0.033902407,0,0.46
2024-07-29 11:00:00,2,up,0.4971021,0.46,0.037102103,0,0.46
2024-07-29 12:00:00,0,down,0.36731893,0.46,0.09268108,1,0.36731893
2024-07-29 13:00:00,2,down,0.49467525,0.46,0.03467524,0,0.46
2024-07-29 14:00:00,1,down,0.5821269,0.46,0.12212691,1,0.5821269
2024-07-29 15:00:00,2,down,0.51947016,0.46,0.059470147,0,0.46
2024-07-29 16:00:00,1,up,0.56556225,0.46,0.10556224,1,0.56556225
2024-07-29 17:00:00,2,up,0.4483531,0.46,0.011646897,0,0.46
2024-07-29 18:00:00,2,down,0.52231026,0.46,0.06231025,0,0.46
2024-07-29 19:00:00,1,up,0.59495276,0.46,0.13495275,1,0.59495276
2024-07-29 20:00:00,2,up,0.5037868,0.46,0.043786794,0,0.46
2024-07-29 21:00:00,2,down,0.4578029,0.46,0.0021971166,0,0.46
2024-07-29 22:00:00,1,down,0.5372286,0.46,0.077228576,1,0.5372286
2024-07-29 23:00:00,1,down,0.5556469,0.46,0.09564689,1,0.5556469
2024-07-30 00:00:00,2,down,0.46911192,0.46,0.009111911,0,0.46
2024-07-30 01:00:00,1,up,0.5772237,0.46,0.11722371,1,0.5772237
2024-07-30 02:00:00,2,up,0.50533974,0.46,0.045339733,0,0.46
2024-07-30 03:00:00,2,up,0.5262481,0.46,0.06624809,0,0.46
2024-07-30 04:00:00,2,down,0.47512504,0.46,0.015125036,0,0.46
2024-07-30 05:00:00,1,up,0.5331547,0.46,0.07315472,1,0.5331547
2024-07-30 06:00:00,2,up,0.46239626,0.46,0.0023962557,0,0.46
2024-07-30 07:00:00,2,down,0.43824276,0.46,0.021757245,0,0.46
2024-07-30 08:00:00,1,down,0.5354487,0.46,0.07544866,1,0.5354487
2024-07-30 09:00:00,1,down,0.5544817,0.46,0.09448168,1,0.5544817
2024-07-30 10:00:00,1,down,0.558148,0.46,0.09814802,1,0.558148
2024-07-30 11:00:00,1,up,0.53773457,0.46,0.07773456,1,0.53773457
2024-07-30 12:00:00,2,down,0.48625946,0.46,0.026259452,0,0.46
2024-07-30 13:00:00,1,down,0.568963,0.46,0.10896298,1,0.568963
2024-07-30 14:00:00,1,up,0.55365586,0.46,0.093655854,1,0.55365586
2024-07-30 15:00:00,2,down,0.47075903,0.46,0.010759026,0,0.46
2024-07-30 16:00:00,1,down,0.58017594,0.46,0.12017593,1,0.58017594
2024-07-30 17:00:00,1,down,0.54421747,0.46,0.08421746,1,0.54421747
2024-07-30 18:00:00,1,up,0.58575433,0.46,0.12575433,1,0.58575433
2024-07-30 19:00:00,2,up,0.51249146,0.46,0.052491456,0,0.46
2024-07-30 20:00:00,2,up,0.4385924,0.46,0.021407604,0,0.46
2024-07-30 21:00:00,2,down,0.42314127,0.46,0.036858737,0,0.46
2024-07-30 22:00:00,2,down,0.46160007,0.46,0.0016000569,0,0.46
2024-07-30 23:00:00,2,up,0.5012838,0.46,0.041283816,0,0.46
2024-07-31 00:00:00,2,down,0.44071916,0.46,0.01928085,0,0.46
2024-07-31 01:00:00,2,down,0.4555379,0.46,0.004462123,0,0.46
2024-07-31 02:00:00,2,down,0.52223015,0.46,0.06223014,0,0.46
2024-07-31 03:00:00,1,down,0.55910087,0.46,0.09910086,1,0.55910087
2024-07-31 04:00:00,2,up,0.50786436,0.46,0.047864348,0,0.46
2024-07-31 05:00:00,2,up,0.43865782,0.46,0.021342188,0,0.46
2024-07-31 06:00:00,2,down,0.44176266,0.46,0.018237352,0,0.46
2024-07-31 07:00:00,1,up,0.5398965,0.46,0.07989648,1,0.5398965
2024-07-31 08:00:00,2,down,0.398352,0.46,0.06164801,0,0.46
2024-07-31 09:00:00,2,down,0.5048479,0.46,0.044847876,0,0.46
2024-07-31 10:00:00,1,up,0.5447983,0.46,0.084798306,1,0.5447983
2024-07-31 11:00:00,1,up,0.53450763,0.46,0.074507624,1,0.53450763
2024-07-31 12:00:00,2,up,0.50140613,0.46,0.041406125,0,0.46
2024-07-31 13:00:00,2,down,0.4533618,0.46,0.006638199,0,0.46
2024-07-31 14:00:00,2,down,0.44173408,0.46,0.018265933,0,0.46
2024-07-31 15:00:00,2,down,0.44560364,0.46,0.014396369,0,0.46
2024-07-31 16:00:00,2,up,0.4889509,0.46,0.0289509,0,0.46
2024-07-31 17:00:00,2,down,0.39118117,0.46,0.06881884,0,0.46
2024-07-31 18:00:00,2,down,0.440003,0.46,0.019997,0,0.46
2024-07-31 19:00:00,1,down,0.5476338,0.46,0.08763382,1,0.5476338
2024-07-31 20:00:00,1,up,0.6100122,0.46,0.15001217,1,0.6100122
2024-07-31 21:00:00,2,up,0.4923805,0.46,0.03238049,0,0.46
2024-07-31 22:00:00,2,down,0.5237179,0.46,0.06371787,0,0.46
2024-07-31 23:00:00,1,up,0.6001633,0.46,0.14016327,1,0.6001633
2024-08-01 00:00:00,1,down,0.55210936,0.46,0.09210935,1,0.55210936
2024-08-01 01:00:00,1,down,0.5645361,0.46,0.10453609,1,0.5645361
2024-08-01 02:00:00,1,down,0.53258425,0.46,0.07258424,1,0.53258425
2024-08-01 03:00:00,2,down,0.5218946,0.46,0.061894566,0,0.46
2024-08-01 04:00:00,1,up,0.53801507,0.46,0.07801506,1,0.53801507
2024-08-01 05:00:00,2,down,0.44018596,0.46,0.019814044,0,0.46
2024-08-01 06:00:00,2,up,0.5205938,0.46,0.060593814,0,0.46
2024-08-01 07:00:00,2,up,0.5290002,0.46,0.069000214,0,0.46
2024-08-01 08:00:00,2,down,0.40538877,0.46,0.054611236,0,0.46
2024-08-01 09:00:00,2,up,0.48969805,0.46,0.029698044,0,0.46
2024-08-01 10:00:00,2,up,0.4074413,0.46,0.05255872,0,0.46
2024-08-01 11:00:00,2,up,0.3910512,0.46,0.068948805,0,0.46
2024-08-01 12:00:00,0,down,0.3723924,0.46,0.08760762,1,0.3723924
2024-08-01 13:00:00,2,down,0.4255748,0.46,0.0344252,0,0.46
2024-08-01 14:00:00,1,down,0.5796876,0.46,0.11968759,1,0.5796876
2024-08-01 15:00:00,1,up,0.58334005,0.46,0.12334004,1,0.58334005
2024-08-01 16:00:00,1,up,0.5567045,0.46,0.09670451,1,0.5567045
2024-08-01 17:00:00,2,down,0.41018006,0.46,0.049819946,0,0.46
2024-08-01 18:00:00,1,up,0.5716149,0.46,0.11161491,1,0.5716149
2024-08-01 19:00:00,2,up,0.5261698,0.46,0.06616977,0,0.46
2024-08-01 20:00:00,2,up,0.4572701,0.46,0.0027299225,0,0.46
2024-08-01 21:00:00,2,up,0.46430472,0.46,0.004304707,0,0.46
2024-08-01 22:00:00,2,up,0.4750572,0.46,0.015057206,0,0.46
2024-08-01 23:00:00,2,down,0.39976004,0.46,0.06023997,0,0.46
2024-08-02 00:00:00,1,down,0.53086716,0.46,0.07086715,1,0.53086716
2024-08-02 01:00:00,2,down,0.4999947,0.46,0.039994687,0,0.46
2024-08-02 02:00:00,2,up,0.5071493,0.46,0.04714927,0,0.46
2024-08-02 03:00:00,2,down,0.4797261,0.46,0.019726098,0,0.46
2024-08-02 04:00:00,1,down,0.5327295,0.46,0.0727295,1,0.5327295
2024-08-02 05:00:00,1,up,0.565199,0.46,0.10519901,1,0.565199
2024-08-02 06:00:00,2,down,0.47816014,0.46,0.018160135,0,0.46
2024-08-02 07:00:00,1,up,0.55895746,0.46,0.09895745,1,0.55895746
2024-08-02 08:00:00,2,down,0.43583667,0.46,0.024163336,0,0.46
2024-08-02 09:00:00,2,up,0.49448723,0.46,0.034487218,0,0.46
2024-08-02 10:00:00,2,down,0.39072362,0.46,0.06927639,0,0.46
2024-08-02 11:00:00,2,up,0.51616055,0.46,0.05616054,0,0.46
2024-08-02 12:00:00,0,up,0.3670952,0.46,0.092904806,1,0.3670952
2024-08-02 13:00:00,2,down,0.41207963,0.46,0.047920376,0,0.46
2024-08-02 14:00:00,2,up,0.523871,0.46,0.063870996,0,0.46
2024-08-02 15:00:00,2,down,0.45313454,0.46,0.0068654716,0,0.46
2024-08-02 16:00:00,2,down,0.51375663,0.46,0.053756624,0,0.46
2024-08-02 17:00:00,1,down,0.62291104,0.46,0.16291103,1,0.62291104
2024-08-02 18:00:00,1,down,0.5897893,0.46,0.12978926,1,0.5897893
2024-08-02 19:00:00,1,down,0.5697963,0.46,0.109796315,1,0.5697963
2024-08-02 20:00:00,1,down,0.5378256,0.46,0.077825576,1,0.5378256
2024-08-02 21:00:00,2,down,0.5232685,0.46,0.06326851,0,0.46
2024-08-02 22:00:00,1,up,0.5880188,0.46,0.12801877,1,0.5880188
2024-08-02 23:00:00,1,down,0.538259,0.46,0.07825902,1,0.538259
2024-08-03 00:00:00,1,up,0.54492486,0.46,0.08492485,1,0.54492486
2024-08-03 01:00:00,2,up,0.4559849,0.46,0.004015118,0,0.46
2024-08-03 02:00:00,1,up,0.5563284,0.46,0.09632841,1,0.5563284
2024-08-03 03:00:00,2,down,0.4232417,0.46,0.036758304,0,0.46
2024-08-03 04:00:00,2,up,0.52640754,0.46,0.06640753,0,0.46
2024-08-03 05:00:00,2,up,0.43868136,0.46,0.021318644,0,0.46
2024-08-03 06:00:00,2,down,0.5175456,0.46,0.057545573,0,0.46
2024-08-03 07:00:00,1,down,0.53948057,0.46,0.07948056,1,0.53948057
2024-08-03 08:00:00,1,up,0.553389,0.46,0.093389004,1,0.553389
2024-08-03 09:00:00,2,up,0.48843408,0.46,0.028434068,0,0.46
2024-08-03 10:00:00,2,up,0.43208572,0.46,0.027914286,0,0.46
2024-08-03 11:00:00,2,up,0.45937875,0.46,0.0006212592,0,0.46
2024-08-03 12:00:00,2,up,0.46034494,0.46,0.00034493208,0,0.46
2024-08-03 13:00:00,2,down,0.40336296,0.46,0.05663705,0,0.46
2024-08-03 14:00:00,2,down,0.48227027,0.46,0.022270262,0,0.46
2024-08-03 15:00:00,1,up,0.56878716,0.46,0.10878715,1,0.56878716
2024-08-03 16:00:00,2,down,0.48012382,0.46,0.02012381,0,0.46
2024-08-03 17:00:00,1,down,0.57772356,0.46,0.117723554,1,0.57772356
2024-08-03 18:00:00,1,up,0.631295,0.46,0.17129502,1,0.631295
2024-08-03 19:00:00,2,up,0.5254725,0.46,0.06547251,0,0.46
2024-08-03 20:00:00,1,up,0.5704991,0.46,0.110499114,1,0.5704991
2024-08-03 21:00:00,2,down,0.45946416,0.46,0.00053584576,0,0.46
2024-08-03 22:00:00,2,up,0.51223665,0.46,0.052236646,0,0.46
2024-08-03 23:00:00,2,up,0.40698576,0.46,0.05301425,0,0.46
2024-08-04 00:00:00,2,down,0.41323632,0.46,0.04676369,0,0.46
2024-08-04 01:00:00,2,up,0.3963257,0.46,0.0636743,0,0.46
2024-08-04 02:00:00,2,down,0.45036605,0.46,0.009633958,0,0.46
2024-08-04 03:00:00,2,down,0.51037425,0.46,0.05037424,0,0.46
2024-08-04 04:00:00,1,up,0.53571224,0.46,0.075712234,1,0.53571224
2024-08-04 05:00:00,2,up,0.5138761,0.46,0.053876072,0,0.46
2024-08-04 06:00:00,2,down,0.4519667,0.46,0.008033305,0,0.46
2024-08-04 07:00:00,1,up,0.5638308,0.46,0.103830785,1,0.5638308
2024-08-04 08:00:00,2,up,0.50154287,0.46,0.041542858,0,0.46
2024-08-04 09:00:00,2,up,0.50640756,0.46,0.04640755,0,0.46
2024-08-04 10:00:00,2,up,0.4352445,0.46,0.024755508,0,0.46
2024-08-04 11:00:00,2,up,0.43289277,0.46,0.027107239,0,0.46
2024-08-04 12:00:00,0,down,0.37329486,0.46,0.08670515,1,0.37329486
2024-08-04 13:00:00,2,down,0.51429677,0.46,0.05429676,0,0.46
2024-08-04 14:00:00,1,down,0.5534131,0.46,0.093413085,1,0.5534131
2024-08-04 15:00:00,1,down,0.5847804,0.46,0.12478039,1,0.5847804
2024-08-04 16:00:00,1,down,0.6529406,0.46,0.19294056,1,0.6529406
2024-08-04 17:00:00,2,up,0.5118558,0.46,0.051855773,0,0.46
2024-08-04 18:00:00,2,up,0.47905186,0.46,0.01905185,0,0.46
2024-08-04 19:00:00,2,down,0.49512863,0.46,0.035128623,0,0.46
2024-08-04 20:00:00,2,down,0.492173,0.46,0.032172978,0,0.46
2024-08-04 21:00:00,1,up,0.5547867,0.46,0.094786674,1,0.5547867
2024-08-04 22:00:00,2,down,0.521634,0.46,0.061633974,0,0.46
2024-08-04 23:00:00,1,down,0.560499,0.46,0.100499004,1,0.560499
2024-08-05 00:00:00,2,down,0.5057955,0.46,0.04579547,0,0.46
2024-08-05 01:00:00,1,up,0.55700123,0.46,0.097001225,1,0.55700123
2024-08-05 02:00:00,2,down,0.4967319,0.46,0.0367319,0,0.46
2024-08-05 03:00:00,1,down,0.6605134,0.46,0.2005134,1,0.6605134
2024-08-05 04:00:00,1,down,0.596729,0.46,0.13672897,1,0.596729
2024-08-05 05:00:00,1,down,0.60803443,0.46,0.14803442,1,0.60803443
2024-08-05 06:00:00,1,up,0.5934587,0.46,0.1334587,1,0.5934587
2024-08-05 07:00:00,1,up,0.6099436,0.46,0.14994362,1,0.6099436
2024-08-05 08:00:00,2,down,0.5194988,0.46,0.059498817,0,0.46
2024-08-05 09:00:00,1,down,0.5380089,0.46,0.07800892,1,0.5380089
2024-08-05 10:00:00,1,down,0.5741026,0.46,0.11410257,1,0.5741026
2024-08-05 11:00:00,2,down,0.508972,0.46,0.04897198,0,0.46
2024-08-05 12:00:00,1,up,0.60204065,0.46,0.14204064,1,0.60204065
2024-08-05 13:00:00,2,up,0.49162954,0.46,0.031629533,0,0.46
2024-08-05 14:00:00,2,up,0.4971383,0.46,0.037138283,0,0.46
2024-08-05 15:00:00,2,down,0.45709932,0.46,0.0029006898,0,0.46
2024-08-05 16:00:00,1,up,0.5307188,0.46,0.070718795,1,0.5307188
2024-08-05 17:00:00,2,down,0.4708894,0.46,0.010889381,0,0.46
2024-08-05 18:00:00,1,up,0.5328392,0.46,0.07283917,1,0.5328392
2024-08-05 19:00:00,1,up,0.54830706,0.46,0.08830705,1,0.54830706
2024-08-05 20:00:00,2,down,0.49802384,0.46,0.03802383,0,0.46
2024-08-05 21:00:00,2,up,0.49090877,0.46,0.030908763,0,0.46
2024-08-05 22:00:00,2,down,0.4785406,0.46,0.018540591,0,0.46
2024-08-05 23:00:00,2,up,0.50119567,0.46,0.04119566,0,0.46
2024-08-06 00:00:00,0,down,0.37603742,0.46,0.08396259,1,0.37603742
2024-08-06 01:00:00,2,up,0.5082755,0.46,0.0482755,0,0.46
2024-08-06 02:00:00,2,down,0.45750397,0.46,0.002496034,0,0.46
2024-08-06 03:00:00,2,down,0.49145752,0.46,0.031457514,0,0.46
2024-08-06 04:00:00,2,up,0.49202806,0.46,0.03202805,0,0.46
2024-08-06 05:00:00,2,down,0.4086441,0.46,0.0513559,0,0.46
2024-08-06 06:00:00,2,up,0.4494636,0.46,0.010536402,0,0.46
2024-08-06 07:00:00,2,down,0.39030382,0.46,0.06969619,0,0.46
2024-08-06 08:00:00,2,up,0.51832956,0.46,0.058329552,0,0.46
2024-08-06 09:00:00,2,down,0.49146548,0.46,0.03146547,0,0.46
2024-08-06 10:00:00,1,up,0.5323314,0.46,0.0723314,1,0.5323314
2024-08-06 11:00:00,2,down,0.46548223,0.46,0.0054822266,0,0.46
2024-08-06 12:00:00,1,up,0.5468013,0.46,0.08680132,1,0.5468013
2024-08-06 13:00:00,2,up,0.42373744,0.46,0.03626257,0,0.46
2024-08-06 14:00:00,2,up,0.4664736,0.46,0.006473601,0,0.46
2024-08-06 15:00:00,0,up,0.38654742,0.46,0.07345259,1,0.38654742
2024-08-06 16:00:00,0,down,0.36455873,0.46,0.09544128,1,0.36455873
2024-08-06 17:00:00,2,up,0.52140224,0.46,0.06140223,0,0.46
2024-08-06 18:00:00,2,up,0.42715284,0.46,0.032847166,0,0.46
2024-08-06 19:00:00,2,down,0.40617162,0.46,0.05382839,0,0.46
2024-08-06 20:00:00,2,down,0.4430268,0.46,0.016973197,0,0.46
2024-08-06 21:00:00,2,down,0.501066,0.46,0.04106602,0,0.46
2024-08-06 22:00:00,1,down,0.5481077,0.46,0.088107675,1,0.5481077
2024-08-06 23:00:00,1,up,0.5541505,0.46,0.09415051,1,0.5541505
2024-08-07 00:00:00,2,up,0.46572557,0.46,0.0057255626,0,0.46
2024-08-07 01:00:00,2,down,0.41751614,0.46,0.042483866,0,0.46
2024-08-07 02:00:00,2,up,0.44917557,0.46,0.010824442,0,0.46
2024-08-07 03:00:00,2,up,0.41034523,0.46,0.04965478,0,0.46
2024-08-07 04:00:00,2,down,0.40599498,0.46,0.054005027,0,0.46
2024-08-07 05:00:00,2,up,0.4733833,0.46,0.013383299,0,0.46
2024-08-07 06:00:00,2,up,0.46900812,0.46,0.00900811,0,0.46
2024-08-07 07:00:00,2,up,0.47751635,0.46,0.017516345,0,0.46
2024-08-07 08:00:00,2,up,0.39454812,0.46,0.06545189,0,0.46
2024-08-07 09:00:00,2,down,0.45321548,0.46,0.0067845285,0,0.46
2024-08-07 10:00:00,2,down,0.47921178,0.46,0.01921177,0,0.46
2024-08-07 11:00:00,2,up,0.52154475,0.46,0.061544746,0,0.46
2024-08-07 12:00:00,2,down,0.43923894,0.46,0.020761073,0,0.46
2024-08-07 13:00:00,1,down,0.5393881,0.46,0.07938811,1,0.5393881
2024-08-07 14:00:00,1,up,0.56578225,0.46,0.10578224,1,0.56578225
2024-08-07 15:00:00,1,up,0.55330896,0.46,0.093308955,1,0.55330896
2024-08-07 16:00:00,1,down,0.5507647,0.46,0.09076467,1,0.5507647
2024-08-07 17:00:00,1,down,0.6076063,0.46,0.14760628,1,0.6076063
2024-08-07 18:00:00,1,down,0.6117876,0.46,0.15178761,1,0.6117876
2024-08-07 19:00:00,1,up,0.6427239,0.46,0.18272391,1,0.6427239
2024-08-07 20:00:00,2,up,0.5250659,0.46,0.06506589,0,0.46
2024-08-07 21:00:00,2,down,0.50450283,0.46,0.044502825,0,0.46
2024-08-07 22:00:00,2,down,0.47189072,0.46,0.011890709,0,0.46
2024-08-07 23:00:00,2,up,0.5287241,0.46,0.068724066,0,0.46
2024-08-08 00:00:00,2,up,0.48494557,0.46,0.024945557,0,0.46
2024-08-08 01:00:00,2,up,0.51521534,0.46,0.05521533,0,0.46
2024-08-08 02:00:00,2,down,0.42224193,0.46,0.037758082,0,0.46
2024-08-08 03:00:00,1,down,0.5668128,0.46,0.106812805,1,0.5668128
2024-08-08 04:00:00,2,up,0.49536747,0.46,0.03536746,0,0.46
2024-08-08 05:00:00,2,up,0.4323817,0.46,0.027618319,0,0.46
2024-08-08 06:00:00,0,down,0.3876696,0.46,0.072330415,1,0.3876696
2024-08-08 07:00:00,2,up,0.4877852,0.46,0.027785182,0,0.46
2024-08-08 08:00:00,2,up,0.43281567,0.46,0.027184337,0,0.46
2024-08-08 09:00:00,0,up,0.38155296,0.46,0.078447044,1,0.38155296
2024-08-08 10:00:00,2,down,0.43733078,0.46,0.022669226,0,0.46
2024-08-08 11:00:00,2,up,0.4743876,0.46,0.014387578,0,0.46
2024-08-08 12:00:00,2,down,0.49227557,0.46,0.032275558,0,0.46
2024-08-08 13:00:00,2,up,0.5034838,0.46,0.043483764,0,0.46
2024-08-08 14:00:00,2,up,0.48994058,0.46,0.029940575,0,0.46
2024-08-08 15:00:00,2,up,0.44304642,0.46,0.016953588,0,0.46
2024-08-08 16:00:00,1,down,0.53218514,0.46,0.07218513,1,0.53218514
2024-08-08 17:00:00,2,down,0.498977,0.46,0.038976997,0,0.46
2024-08-08 18:00:00,1,up,0.573717,0.46,0.11371699,1,0.573717
2024-08-08 19:00:00,1,up,0.56676656,0.46,0.10676655,1,0.56676656
2024-08-08 20:00:00,2,up,0.48420334,0.46,0.02420333,0,0.46
2024-08-08 21:00:00,2,up,0.4997153,0.46,0.03971529,0,0.46
2024-08-08 22:00:00,2,down,0.43700045,0.46,0.022999555,0,0.46
2024-08-08 23:00:00,1,down,0.56579,0.46,0.10578999,1,0.56579
2024-08-09 00:00:00,1,up,0.5948211,0.46,0.13482109,1,0.5948211
2024-08-09 01:00:00,2,down,0.5088445,0.46,0.048844486,0,0.46
2024-08-09 02:00:00,1,up,0.56381357,0.46,0.10381356,1,0.56381357
2024-08-09 03:00:00,1,down,0.5407221,0.46,0.080722064,1,0.5407221
2024-08-09 04:00:00,1,up,0.6762154,0.46,0.2162154,1,0.6762154
2024-08-09 05:00:00,2,down,0.4515828,0.46,0.008417219,0,0.46
2024-08-09 06:00:00,1,down,0.5674079,0.46,0.1074079,1,0.5674079
2024-08-09 07:00:00,2,up,0.52755666,0.46,0.06755665,0,0.46
2024-08-09 08:00:00,2,down,0.43691617,0.46,0.023083836,0,0.46
2024-08-09 09:00:00,1,down,0.5496974,0.46,0.08969739,1,0.5496974
2024-08-09 10:00:00,2,up,0.4921807,0.46,0.032180697,0,0.46
2024-08-09 11:00:00,2,down,0.50008136,0.46,0.040081352,0,0.46
2024-08-09 12:00:00,2,down,0.51687056,0.46,0.05687055,0,0.46
2024-08-09 13:00:00,2,down,0.49694145,0.46,0.03694144,0,0.46
2024-08-09 14:00:00,2,down,0.5007148,0.46,0.04071477,0,0.46
2024-08-09 15:00:00,1,up,0.6590777,0.46,0.1990777,1,0.6590777
2024-08-09 16:00:00,2,down,0.49777773,0.46,0.037777722,0,0.46
2024-08-09 17:00:00,1,up,0.6080829,0.46,0.14808288,1,0.6080829
2024-08-09 18:00:00,2,up,0.43777555,0.46,0.022224456,0,0.46
2024-08-09 19:00:00,2,up,0.41356245,0.46,0.04643756,0,0.46
2024-08-09 20:00:00,2,down,0.4426972,0.46,0.017302811,0,0.46
2024-08-09 21:00:00,0,up,0.38908613,0.46,0.07091388,1,0.38908613
2024-08-09 22:00:00,2,up,0.39249474,0.46,0.06750527,0,0.46
2024-08-09 23:00:00,0,down,0.38016832,0.46,0.07983169,1,0.38016832
2024-08-10 00:00:00,2,down,0.52752656,0.46,0.06752655,0,0.46
2024-08-10 01:00:00,1,up,0.59715647,0.46,0.13715646,1,0.59715647
2024-08-10 02:00:00,1,down,0.53904456,0.46,0.07904455,1,0.53904456
2024-08-10 03:00:00,2,down,0.5257531,0.46,0.06575307,0,0.46
2024-08-10 04:00:00,1,down,0.5403406,0.46,0.080340594,1,0.5403406
2024-08-10 05:00:00,1,up,0.574042,0.46,0.114042014,1,0.574042
2024-08-10 06:00:00,2,up,0.50902843,0.46,0.049028426,0,0.46
2024-08-10 07:00:00,2,down,0.39082658,0.46,0.069173425,0,0.46
2024-08-10 08:00:00,2,up,0.45119402,0.46,0.00880599,0,0.46
2024-08-10 09:00:00,2,down,0.4792478,0.46,0.0192478,0,0.46
2024-08-10 10:00:00,2,up,0.46137604,0.46,0.0013760328,0,0.46
2024-08-10 11:00:00,2,down,0.41418427,0.46,0.045815736,0,0.46
2024-08-10 12:00:00,1,down,0.5340091,0.46,0.07400909,1,0.5340091
2024-08-10 13:00:00,1,up,0.6091785,0.46,0.14917848,1,0.6091785
2024-08-10 14:00:00,2,down,0.5260412,0.46,0.0660412,0,0.46
2024-08-10 15:00:00,1,up,0.56325305,0.46,0.10325304,1,0.56325305
2024-08-10 16:00:00,2,up,0.44247764,0.46,0.017522365,0,0.46
2024-08-10 17:00:00,2,up,0.41822293,0.46,0.041777074,0,0.46
2024-08-10 18:00:00,2,up,0.46392602,0.46,0.003926009,0,0.46
2024-08-10 19:00:00,2,down,0.40343508,0.46,0.056564927,0,0.46
2024-08-10 20:00:00,2,up,0.430428,0.46,0.02957201,0,0.46
2024-08-10 21:00:00,2,down,0.41141286,0.46,0.048587143,0,0.46
2024-08-10 22:00:00,2,down,0.48468286,0.46,0.02468285,0,0.46
2024-08-10 23:00:00,2,up,0.43676636,0.46,0.023233652,0,0.46
2024-08-11 00:00:00,2,up,0.4671458,0.46,0.0071457922,0,0.46
2024-08-11 01:00:00,0,down,0.37977833,0.46,0.08022168,1,0.37977833
2024-08-11 02:00:00,2,up,0.47860438,0.46,0.018604368,0,0.46
2024-08-11 03:00:00,2,down,0.4691826,0.46,0.009182602,0,0.46
2024-08-11 04:00:00,1,up,0.56193715,0.46,0.101937145,1,0.56193715
2024-08-11 05:00:00,2,up,0.41224113,0.46,0.047758877,0,0.46
2024-08-11 06:00:00,2,up,0.43849036,0.46,0.021509647,0,0.46
2024-08-11 07:00:00,0,up,0.388748,0.46,0.07125202,1,0.388748
2024-08-11 08:00:00,2,down,0.47098097,0.46,0.010980964,0,0.46
2024-08-11 09:00:00,2,down,0.45943135,0.46,0.0005686581,0,0.46
2024-08-11 10:00:00,2,down,0.5142805,0.46,0.05428049,0,0.46
2024-08-11 11:00:00,2,down,0.5183136,0.46,0.05831358,0,0.46
2024-08-11 12:00:00,1,down,0.5421036,0.46,0.08210358,1,0.5421036
2024-08-11 13:00:00,1,down,0.53693986,0.46,0.07693985,1,0.53693986
2024-08-11 14:00:00,1,down,0.60883933,0.46,0.14883932,1,0.60883933
2024-08-11 15:00:00,1,up,0.55837655,0.46,0.09837654,1,0.55837655
2024-08-11 16:00:00,1,up,0.5649711,0.46,0.10497108,1,0.5649711
2024-08-11 17:00:00,1,down,0.54845935,0.46,0.08845934,1,0.54845935
2024-08-11 18:00:00,2,down,0.5159887,0.46,0.0559887,0,0.46
2024-08-11 19:00:00,1,down,0.567335,0.46,0.107335,1,0.567335
2024-08-11 20:00:00,1,up,0.61297816,0.46,0.15297815,1,0.61297816
2024-08-11 21:00:00,2,down,0.4393267,0.46,0.020673305,0,0.46
2024-08-11 22:00:00,2,down,0.491379,0.46,0.031378984,0,0.46
2024-08-11 23:00:00,1,down,0.5753728,0.46,0.11537281,1,0.5753728
2024-08-12 00:00:00,1,up,0.5454438,0.46,0.085443765,1,0.5454438
2024-08-12 01:00:00,2,up,0.5144672,0.46,0.05446717,0,0.46
2024-08-12 02:00:00,2,down,0.48162228,0.46,0.02162227,0,0.46
2024-08-12 03:00:00,1,up,0.5359912,0.46,0.07599118,1,0.5359912
2024-08-12 04:00:00,1,up,0.5539398,0.46,0.09393981,1,0.5539398
2024-08-12 05:00:00,1,down,0.5375107,0.46,0.077510685,1,0.5375107
2024-08-12 06:00:00,1,up,0.5619179,0.46,0.10191789,1,0.5619179
2024-08-12 07:00:00,2,down,0.4345153,0.46,0.025484711,0,0.46
2024-08-12 08:00:00,2,down,0.52627885,0.46,0.066278845,0,0.46
2024-08-12 09:00:00,2,up,0.4993169,0.46,0.039316893,0,0.46
2024-08-12 10:00:00,0,up,0.3820576,0.46,0.0779424,1,0.3820576
2024-08-12 11:00:00,2,down,0.48357296,0.46,0.023572952,0,0.46
2024-08-12 12:00:00,2,down,0.4297404,0.46,0.03025961,0,0.46
2024-08-12 13:00:00,2,up,0.4914223,0.46,0.031422287,0,0.46
2024-08-12 14:00:00,2,down,0.5234367,0.46,0.06343672,0,0.46
2024-08-12 15:00:00,2,down,0.45783496,0.46,0.0021650493,0,0.46
2024-08-12 16:00:00,1,down,0.5315852,0.46,0.07158521,1,0.5315852
2024-08-12 17:00:00,1,down,0.5605709,0.46,0.10057089,1,0.5605709
2024-08-12 18:00:00,1,up,0.543946,0.46,0.08394602,1,0.543946
2024-08-12 19:00:00,1,down,0.56087035,0.46,0.10087034,1,0.56087035
2024-08-12 20:00:00,1,up,0.58000195,0.46,0.12000194,1,0.58000195
2024-08-12 21:00:00,2,up,0.5190455,0.46,0.059045464,0,0.46
2024-08-12 22:00:00,1,up,0.53362566,0.46,0.073625654,1,0.53362566
2024-08-12 23:00:00,2,up,0.45231506,0.46,0.007684946,0,0.46
2024-08-13 00:00:00,2,down,0.40894234,0.46,0.051057667,0,0.46
2024-08-13 01:00:00,2,down,0.4068859,0.46,0.053114116,0,0.46
2024-08-13 02:00:00,2,down,0.45273924,0.46,0.0072607696,0,0.46
2024-08-13 03:00:00,2,up,0.494723,0.46,0.034722984,0,0.46
2024-08-13 04:00:00,2,down,0.5051246,0.46,0.04512462,0,0.46
2024-08-13 05:00:00,1,up,0.5609962,0.46,0.10099617,1,0.5609962
2024-08-13 06:00:00,2,down,0.4522478,0.46,0.00775221,0,0.46
2024-08-13 07:00:00,2,down,0.49707058,0.46,0.037070572,0,0.46
2024-08-13 08:00:00,2,down,0.5070201,0.46,0.047020108,0,0.46
2024-08-13 09:00:00,2,down,0.522114,0.46,0.06211397,0,0.46
2024-08-13 10:00:00,2,up,0.49577814,0.46,0.035778135,0,0.46
2024-08-13 11:00:00,1,up,0.55324763,0.46,0.09324762,1,0.55324763
2024-08-13 12:00:00,2,up,0.45614606,0.46,0.003853947,0,0.46
2024-08-13 13:00:00,2,up,0.40888205,0.46,0.051117957,0,0.46
2024-08-13 14:00:00,0,down,0.38780925,0.46,0.07219076,1,0.38780925
2024-08-13 15:00:00,2,up,0.4458033,0.46,0.014196694,0,0.46
2024-08-13 16:00:00,2,up,0.47522807,0.46,0.015228063,0,0.46
2024-08-13 17:00:00,2,down,0.46900782,0.46,0.009007812,0,0.46
2024-08-13 18:00:00,1,up,0.5362437,0.46,0.07624367,1,0.5362437
2024-08-13 19:00:00,2,down,0.42692688,0.46,0.033073127,0,0.46
2024-08-13 20:00:00,2,up,0.52748245,0.46,0.06748244,0,0.46
2024-08-13 21:00:00,2,down,0.42200598,0.46,0.037994027,0,0.46
2024-08-13 22:00:00,1,up,0.55543226,0.46,0.09543225,1,0.55543226
2024-08-13 23:00:00,2,up,0.49738884,0.46,0.03738883,0,0.46
2024-08-14 00:00:00,2,down,0.46045297,0.46,0.0004529655,0,0.46
2024-08-14 01:00:00,1,up,0.5639174,0.46,0.10391739,1,0.5639174
2024-08-14 02:00:00,2,up,0.42394534,0.46,0.03605467,0,0.46
2024-08-14 03:00:00,2,down,0.50573736,0.46,0.045737356,0,0.46
2024-08-14 04:00:00,2,down,0.46055698,0.46,0.0005569756,0,0.46
2024-08-14 05:00:00,2,up,0.46823955,0.46,0.0082395375,0,0.46
2024-08-14 06:00:00,2,up,0.43228745,0.46,0.027712554,0,0.46
2024-08-14 07:00:00,2,down,0.43140268,0.46,0.028597325,0,0.46
2024-08-14 08:00:00,2,down,0.41651645,0.46,0.043483555,0,0.46
2024-08-14 09:00:00,2,up,0.4455511,0.46,0.014448911,0,0.46
2024-08-14 10:00:00,2,up,0.43408546,0.46,0.02591455,0,0.46
2024-08-14 11:00:00,0,down,0.38217384,0.46,0.07782617,1,0.38217384
2024-08-14 12:00:00,2,down,0.4860083,0.46,0.026008278,0,0.46
2024-08-14 13:00:00,1,down,0.5520789,0.46,0.092078894,1,0.5520789
2024-08-14 14:00:00,2,down,0.44998565,0.46,0.010014355,0,0.46
2024-08-14 15:00:00,2,down,0.50761026,0.46,0.047610253,0,0.46
2024-08-14 16:00:00,2,up,0.47597316,0.46,0.01597315,0,0.46
2024-08-14 17:00:00,1,down,0.58710533,0.46,0.12710533,1,0.58710533
2024-08-14 18:00:00,1,down,0.6196116,0.46,0.15961161,1,0.6196116
2024-08-14 19:00:00,1,up,0.59858567,0.46,0.13858566,1,0.59858567
2024-08-14 20:00:00,2,down,0.5111546,0.46,0.051154584,0,0.46
2024-08-14 21:00:00,1,up,0.5833761,0.46,0.1233761,1,0.5833761
2024-08-14 22:00:00,2,down,0.4948409,0.46,0.03484088,0,0.46
2024-08-14 23:00:00,1,up,0.57344115,0.46,0.11344114,1,0.57344115
2024-08-15 00:00:00,2,down,0.5036241,0.46,0.043624073,0,0.46
2024-08-15 01:00:00,1,up,0.54918885,0.46,0.089188844,1,0.54918885
2024-08-15 02:00:00,2,up,0.50467986,0.46,0.04467985,0,0.46
2024-08-15 03:00:00,1,down,0.5814051,0.46,0.121405095,1,0.5814051
2024-08-15 04:00:00,2,down,0.5157076,0.46,0.055707604,0,0.46
2024-08-15 05:00:00,1,down,0.582026,0.46,0.122026,1,0.582026
2024-08-15 06:00:00,1,down,0.57126653,0.46,0.11126652,1,0.57126653
2024-08-15 07:00:00,1,up,0.53994554,0.46,0.079945534,1,0.53994554
2024-08-15 08:00:00,2,up,0.47062835,0.46,0.010628343,0,0.46
2024-08-15 09:00:00,2,down,0.5208427,0.46,0.060842663,0,0.46
2024-08-15 10:00:00,2,up,0.51372707,0.46,0.05372706,0,0.46
2024-08-15 11:00:00,2,up,0.41857985,0.46,0.04142016,0,0.46
2024-08-15 12:00:00,2,up,0.45180124,0.46,0.008198768,0,0.46
2024-08-15 13:00:00,2,down,0.40187836,0.46,0.05812165,0,0.46
2024-08-15 14:00:00,2,up,0.45784533,0.46,0.002154678,0,0.46
2024-08-15 15:00:00,2,down,0.39617404,0.46,0.063825965,0,0.46
2024-08-15 16:00:00,2,down,0.4403037,0.46,0.019696295,0,0.46
2024-08-15 17:00:00,2,down,0.5122497,0.46,0.0522497,0,0.46
2024-08-15 18:00:00,1,down,0.53515613,0.46,0.07515612,1,0.53515613
2024-08-15 19:00:00,1,down,0.5571868,0.46,0.097186774,1,0.5571868
2024-08-15 20:00:00,2,up,0.51895785,0.46,0.058957845,0,0.46
2024-08-15 21:00:00,2,down,0.47354302,0.46,0.01354301,0,0.46
2024-08-15 22:00:00,1,down,0.535016,0.46,0.07501599,1,0.535016
2024-08-15 23:00:00,1,down,0.53757316,0.46,0.07757315,1,0.53757316
2024-08-16 00:00:00,1,up,0.5333083,0.46,0.07330832,1,0.5333083
2024-08-16 01:00:00,2,up,0.48779196,0.46,0.027791947,0,0.46
2024-08-16 02:00:00,2,down,0.44607908,0.46,0.013920933,0,0.46
2024-08-16 03:00:00,2,up,0.51228625,0.46,0.052286237,0,0.46
2024-08-16 04:00:00,2,down,0.39990428,0.46,0.060095727,0,0.46
2024-08-16 05:00:00,2,up,0.47438604,0.46,0.014386028,0,0.46
2024-08-16 06:00:00,0,down,0.3868411,0.46,0.07315892,1,0.3868411
2024-08-16 07:00:00,2,down,0.4119598,0.46,0.04804021,0,0.46
2024-08-16 08:00:00,2,up,0.45712996,0.46,0.002870053,0,0.46
2024-08-16 09:00:00,0,down,0.389745,0.46,0.07025501,1,0.389745
2024-08-16 10:00:00,2,down,0.44660965,0.46,0.013390362,0,0.46
2024-08-16 11:00:00,2,down,0.46857926,0.46,0.008579254,0,0.46
2024-08-16 12:00:00,2,up,0.5041139,0.46,0.044113904,0,0.46
2024-08-16 13:00:00,2,down,0.49605578,0.46,0.036055773,0,0.46
2024-08-16 14:00:00,1,up,0.5407687,0.46,0.080768675,1,0.5407687
2024-08-16 15:00:00,2,up,0.45275292,0.46,0.0072470903,0,0.46
2024-08-16 16:00:00,2,up,0.4269664,0.46,0.03303361,0,0.46
2024-08-16 17:00:00,2,up,0.40020487,0.46,0.05979514,0,0.46
2024-08-16 18:00:00,0,up,0.38218167,0.46,0.077818334,1,0.38218167
2024-08-16 19:00:00,0,down,0.3824224,0.46,0.07757762,1,0.3824224
2024-08-16 20:00:00,2,down,0.50899184,0.46,0.04899183,0,0.46
2024-08-16 21:00:00,2,down,0.45942974,0.46,0.00057026744,0,0.46
2024-08-16 22:00:00,1,down,0.5540075,0.46,0.09400746,1,0.5540075
2024-08-16 23:00:00,1,up,0.5350612,0.46,0.07506117,1,0.5350612
2024-08-17 00:00:00,2,up,0.42761686,0.46,0.032383144,0,0.46
2024-08-17 01:00:00,2,down,0.4418117,0.46,0.018188298,0,0.46
2024-08-17 02:00:00,2,up,0.45568874,0.46,0.0043112636,0,0.46
2024-08-17 03:00:00,2,up,0.4359107,0.46,0.024089307,0,0.46
2024-08-17 04:00:00,2,down,0.42873445,0.46,0.031265557,0,0.46
2024-08-17 05:00:00,2,down,0.50333065,0.46,0.04333064,0,0.46
2024-08-17 06:00:00,2,up,0.48891735,0.46,0.028917342,0,0.46
2024-08-17 07:00:00,2,up,0.39581192,0.46,0.06418809,0,0.46
2024-08-17 08:00:00,2,up,0.42164877,0.46,0.038351238,0,0.46
2024-08-17 09:00:00,2,down,0.44723475,0.46,0.012765259,0,0.46
2024-08-17 10:00:00,2,up,0.5084633,0.46,0.048463315,0,0.46
2024-08-17 11:00:00,2,up,0.4984266,0.46,0.038426578,0,0.46
2024-08-17 12:00:00,2,up,0.46103838,0.46,0.0010383725,0,0.46
2024-08-17 13:00:00,2,up,0.4341533,0.46,0.02584672,0,0.46
2024-08-17 14:00:00,0,down,0.37067494,0.46,0.08932507,1,0.37067494
2024-08-17 15:00:00,2,up,0.47579664,0.46,0.015796632,0,0.46
2024-08-17 16:00:00,2,down,0.398835,0.46,0.061165005,0,0.46
2024-08-17 17:00:00,1,down,0.5311798,0.46,0.07117978,1,0.5311798
2024-08-17 18:00:00,2,up,0.42370132,0.46,0.036298692,0,0.46
2024-08-17 19:00:00,2,down,0.47475728,0.46,0.014757276,0,0.46
2024-08-17 20:00:00,2,down,0.47299096,0.46,0.012990952,0,0.46
2024-08-17 21:00:00,2,up,0.5081772,0.46,0.048177212,0,0.46
2024-08-17 22:00:00,2,up,0.5042449,0.46,0.044244915,0,0.46
2024-08-17 23:00:00,2,up,0.40586674,0.46,0.054133266,0,0.46
2024-08-18 00:00:00,2,down,0.39047447,0.46,0.06952554,0,0.46
2024-08-18 01:00:00,2,up,0.50195646,0.46,0.041956455,0,0.46
2024-08-18 02:00:00,2,down,0.4601722,0.46,0.00017219782,0,0.46
2024-08-18 03:00:00,2,up,0.5197123,0.46,0.05971232,0,0.46
2024-08-18 04:00:00,2,up,0.45881304,0.46,0.0011869669,0,0.46
2024-08-18 05:00:00,1,up,0.5624634,0.46,0.102463394,1,0.5624634
2024-08-18 06:00:00,2,down,0.41097736,0.46,0.049022645,0,0.46
2024-08-18 07:00:00,2,up,0.5115145,0.46,0.051514477,0,0.46
2024-08-18 08:00:00,2,up,0.3990564,0.46,0.060943604,0,0.46
2024-08-18 09:00:00,2,down,0.47230637,0.46,0.012306362,0,0.46
2024-08-18 10:00:00,2,up,0.48959345,0.46,0.029593438,0,0.46
2024-08-18 11:00:00,0,down,0.3752426,0.46,0.08475742,1,0.3752426
2024-08-18 12:00:00,2,down,0.47338653,0.46,0.013386518,0,0.46
2024-08-18 13:00:00,2,down,0.51639146,0.46,0.056391448,0,0.46
2024-08-18 14:00:00,2,up,0.51986057,0.46,0.059860557,0,0.46
2024-08-18 15:00:00,2,down,0.45079365,0.46,0.009206355,0,0.46
2024-08-18 16:00:00,2,down,0.5023641,0.46,0.04236409,0,0.46
2024-08-18 17:00:00,1,up,0.54859304,0.46,0.088593036,1,0.54859304
2024-08-18 18:00:00,2,up,0.49058804,0.46,0.03058803,0,0.46
2024-08-18 19:00:00,2,up,0.51664966,0.46,0.056649655,0,0.46
2024-08-18 20:00:00,2,down,0.4379542,0.46,0.022045821,0,0.46
2024-08-18 21:00:00,2,down,0.5285681,0.46,0.06856808,0,0.46
2024-08-18 22:00:00,1,down,0.6239104,0.46,0.16391042,1,0.6239104
2024-08-18 23:00:00,1,down,0.5855876,0.46,0.12558761,1,0.5855876
2024-08-19 00:00:00,1,up,0.59958225,0.46,0.13958225,1,0.59958225
2024-08-19 01:00:00,2,up,0.49096635,0.46,0.030966341,0,0.46
2024-08-19 02:00:00,2,up,0.5053824,0.46,0.04538241,0,0.46
2024-08-19 03:00:00,2,down,0.4983681,0.46,0.038368106,0,0.46
2024-08-19 04:00:00,1,down,0.5736937,0.46,0.113693684,1,0.5736937
2024-08-19 05:00:00,1,up,0.5799201,0.46,0.119920105,1,0.5799201
2024-08-19 06:00:00,1,down,0.5458971,0.46,0.08589712,1,0.5458971
2024-08-19 07:00:00,1,up,0.6120405,0.46,0.15204051,1,0.6120405
2024-08-19 08:00:00,2,down,0.46991253,0.46,0.009912521,0,0.46
2024-08-19 09:00:00,1,up,0.5700411,0.46,0.11004111,1,0.5700411
2024-08-19 10:00:00,2,up,0.51338446,0.46,0.053384453,0,0.46
2024-08-19 11:00:00,2,up,0.50619835,0.46,0.04619834,0,0.46
2024-08-19 12:00:00,2,down,0.4919089,0.46,0.0319089,0,0.46
2024-08-19 13:00:00,1,up,0.53318816,0.46,0.073188156,1,0.53318816
2024-08-19 14:00:00,2,down,0.4192684,0.46,0.04073161,0,0.46
2024-08-19 15:00:00,2,up,0.47954962,0.46,0.019549608,0,0.46
2024-08-19 16:00:00,2,up,0.39522433,0.46,0.064775676,0,0.46
2024-08-19 17:00:00,2,down,0.45034197,0.46,0.009658039,0,0.46
2024-08-19 18:00:00,2,down,0.42885008,0.46,0.031149924,0,0.46
2024-08-19 19:00:00,2,up,0.4208402,0.46,0.039159805,0,0.46
2024-08-19 20:00:00,2,down,0.4390747,0.46,0.020925313,0,0.46
2024-08-19 21:00:00,2,up,0.494096,0.46,0.034096003,0,0.46
2024-08-19 22:00:00,0,up,0.37092355,0.46,0.08907646,1,0.37092355
2024-08-19 23:00:00,0,up,0.37003058,0.46,0.08996943,1,0.37003058
2024-08-20 00:00:00,2,down,0.5098383,0.46,0.049838275,0,0.46
2024-08-20 01:00:00,2,up,0.51751727,0.46,0.05751726,0,0.46
2024-08-20 02:00:00,2,up,0.39224464,0.46,0.06775537,0,0.46
2024-08-20 03:00:00,0,up,0.38283816,0.46,0.07716185,1,0.38283816
2024-08-20 04:00:00,0,up,0.38036352,0.46,0.079636484,1,0.38036352
2024-08-20 05:00:00,2,down,0.4667451,0.46,0.0067451,0,0.46
2024-08-20 06:00:00,2,down,0.49704468,0.46,0.037044674,0,0.46
2024-08-20 07:00:00,2,down,0.4246391,0.46,0.035360903,0,0.46
2024-08-20 08:00:00,1,up,0.5333626,0.46,0.07336262,1,0.5333626
2024-08-20 09:00:00,2,down,0.51303655,0.46,0.05303654,0,0.46
2024-08-20 10:00:00,1,down,0.562104,0.46,0.10210398,1,0.562104
2024-08-20 11:00:00,1,up,0.55713266,0.46,0.09713265,1,0.55713266
2024-08-20 12:00:00,2,up,0.47621375,0.46,0.016213745,0,0.46
2024-08-20 13:00:00,2,down,0.40405875,0.46,0.055941254,0,0.46
2024-08-20 14:00:00,1,down,0.6093541,0.46,0.14935407,1,0.6093541
2024-08-20 15:00:00,1,down,0.62760395,0.46,0.16760394,1,0.62760395
2024-08-20 16:00:00,1,up,0.5909489,0.46,0.13094887,1,0.5909489
2024-08-20 17:00:00,2,up,0.49166736,0.46,0.03166735,0,0.46
2024-08-20 18:00:00,1,up,0.56379133,0.46,0.10379133,1,0.56379133
2024-08-20 19:00:00,2,down,0.46989357,0.46,0.009893566,0,0.46
2024-08-20 20:00:00,2,down,0.529432,0.46,0.06943199,0,0.46
2024-08-20 21:00:00,2,up,0.4511789,0.46,0.0088211,0,0.46
2024-08-20 22:00:00,2,down,0.5223564,0.46,0.062356383,0,0.46
2024-08-20 23:00:00,1,down,0.5749995,0.46,0.1149995,1,0.5749995
2024-08-21 00:00:00,1,up,0.6112853,0.46,0.15128532,1,0.6112853
2024-08-21 01:00:00,2,up,0.4793243,0.46,0.019324303,0,0.46
2024-08-21 02:00:00,2,down,0.4773898,0.46,0.017389804,0,0.46
2024-08-21 03:00:00,2,up,0.433193,0.46,0.02680701,0,0.46
2024-08-21 04:00:00,2,up,0.42424035,0.46,0.035759658,0,0.46
2024-08-21 05:00:00,2,up,0.47158527,0.46,0.011585265,0,0.46
2024-08-21 06:00:00,2,up,0.39724514,0.46,0.06275487,0,0.46
2024-08-21 07:00:00,0,down,0.36630395,0.46,0.09369606,1,0.36630395
2024-08-21 08:00:00,2,down,0.48042107,0.46,0.020421058,0,0.46
2024-08-21 09:00:00,2,up,0.4997077,0.46,0.03970769,0,0.46
2024-08-21 10:00:00,2,down,0.45382345,0.46,0.006176561,0,0.46
2024-08-21 11:00:00,2,up,0.5294318,0.46,0.06943181,0,0.46
2024-08-21 12:00:00,2,up,0.46749058,0.46,0.0074905753,0,0.46
2024-08-21 13:00:00,2,down,0.4284342,0.46,0.031565815,0,0.46
2024-08-21 14:00:00,2,up,0.45976272,0.46,0.00023728609,0,0.46
2024-08-21 15:00:00,2,up,0.46459875,0.46,0.0045987368,0,0.46
2024-08-21 16:00:00,2,up,0.4106005,0.46,0.049399495,0,0.46
2024-08-21 17:00:00,2,up,0.40415698,0.46,0.055843025,0,0.46
2024-08-21 18:00:00,2,up,0.42167202,0.46,0.038327992,0,0.46
2024-08-21 19:00:00,2,down,0.4124604,0.46,0.04753962,0,0.46
2024-08-21 20:00:00,1,down,0.55845886,0.46,0.09845886,1,0.55845886
2024-08-21 21:00:00,2,down,0.43538707,0.46,0.024612933,0,0.46
2024-08-21 22:00:00,1,down,0.55439705,0.46,0.09439704,1,0.55439705
2024-08-21 23:00:00,2,down,0.4611055,0.46,0.0011054873,0,0.46
2024-08-22 00:00:00,1,up,0.6111886,0.46,0.15118858,1,0.6111886
2024-08-22 01:00:00,2,down,0.4497507,0.46,0.010249317,0,0.46
2024-08-22 02:00:00,1,up,0.56316143,0.46,0.103161424,1,0.56316143
2024-08-22 03:00:00,2,up,0.48434538,0.46,0.024345368,0,0.46
2024-08-22 04:00:00,2,down,0.4414438,0.46,0.018556207,0,0.46
2024-08-22 05:00:00,2,up,0.45998174,0.46,1.8268824e-05,0,0.46
2024-08-22 06:00:00,2,up,0.5275021,0.46,0.06750211,0,0.46
2024-08-22 07:00:00,2,down,0.39803654,0.46,0.06196347,0,0.46
2024-08-22 08:00:00,2,down,0.45074704,0.46,0.009252965,0,0.46
2024-08-22 09:00:00,2,up,0.46915627,0.46,0.009156257,0,0.46
2024-08-22 10:00:00,2,down,0.396479,0.46,0.063521,0,0.46
2024-08-22 11:00:00,0,down,0.3794573,0.46,0.08054271,1,0.3794573
2024-08-22 12:00:00,2,down,0.5230238,0.46,0.063023776,0,0.46
2024-08-22 13:00:00,2,down,0.48493448,0.46,0.02493447,0,0.46
2024-08-22 14:00:00,2,down,0.5241677,0.46,0.06416771,0,0.46
2024-08-22 15:00:00,1,down,0.54365677,0.46,0.08365676,1,0.54365677
2024-08-22 16:00:00,1,down,0.6270167,0.46,0.16701671,1,0.6270167
2024-08-22 17:00:00,1,up,0.63410646,0.46,0.17410645,1,0.63410646
2024-08-22 18:00:00,1,down,0.6043549,0.46,0.14435491,1,0.6043549
2024-08-22 19:00:00,1,up,0.5406471,0.46,0.08064708,1,0.5406471
2024-08-22 20:00:00,2,down,0.42558417,0.46,0.03441584,0,0.46
2024-08-22 21:00:00,2,down,0.46762693,0.46,0.007626921,0,0.46
2024-08-22 22:00:00,2,down,0.500565,0.46,0.040564984,0,0.46
2024-08-22 23:00:00,2,up,0.52944124,0.46,0.06944123,0,0.46
2024-08-23 00:00:00,2,up,0.43605214,0.46,0.023947865,0,0.46
2024-08-23 01:00:00,2,down,0.41926253,0.46,0.04073748,0,0.46
2024-08-23 02:00:00,2,down,0.5030718,0.46,0.043071777,0,0.46
2024-08-23 03:00:00,2,up,0.5286056,0.46,0.06860557,0,0.46
2024-08-23 04:00:00,2,up,0.45581758,0.46,0.004182428,0,0.46
2024-08-23 05:00:00,2,up,0.48591098,0.46,0.025910974,0,0.46
2024-08-23 06:00:00,2,down,0.39775255,0.46,0.062247455,0,0.46
2024-08-23 07:00:00,2,up,0.43425167,0.46,0.025748342,0,0.46
2024-08-23 08:00:00,0,down,0.35919973,0.46,0.100800276,1,0.35919973
2024-08-23 09:00:00,2,up,0.5227257,0.46,0.06272569,0,0.46
2024-08-23 10:00:00,2,down,0.45212296,0.46,0.007877052,0,0.46
2024-08-23 11:00:00,1,up,0.5548567,0.46,0.09485671,1,0.5548567
2024-08-23 12:00:00,2,down,0.43198594,0.46,0.028014064,0,0.46
2024-08-23 13:00:00,2,down,0.43903518,0.46,0.020964831,0,0.46
2024-08-23 14:00:00,2,up,0.48177344,0.46,0.021773428,0,0.46
2024-08-23 15:00:00,2,up,0.44538897,0.46,0.014611036,0,0.46
2024-08-23 16:00:00,0,up,0.3815859,0.46,0.07841411,1,0.3815859
2024-08-23 17:00:00,2,up,0.45975158,0.46,0.00024843216,0,0.46
2024-08-23 18:00:00,2,up,0.51345533,0.46,0.053455323,0,0.46
2024-08-23 19:00:00,2,down,0.43460628,0.46,0.025393724,0,0.46
2024-08-23 20:00:00,2,up,0.48288846,0.46,0.022888452,0,0.46
2024-08-23 21:00:00,2,down,0.476111,0.46,0.016110986,0,0.46
2024-08-23 22:00:00,1,down,0.5624243,0.46,0.102424294,1,0.5624243
2024-08-23 23:00:00,2,down,0.5110558,0.46,0.05105582,0,0.46
2024-08-24 00:00:00,2,down,0.5208487,0.46,0.060848683,0,0.46
2024-08-24 01:00:00,2,up,0.4988887,0.46,0.038888693,0,0.46
2024-08-24 02:00:00,2,down,0.51110744,0.46,0.051107436,0,0.46
2024-08-24 03:00:00,2,up,0.5242332,0.46,0.06423321,0,0.46
2024-08-24 04:00:00,2,up,0.51835155,0.46,0.058351547,0,0.46
2024-08-24 05:00:00,2,up,0.47516948,0.46,0.0151694715,0,0.46
2024-08-24 06:00:00,2,up,0.45864376,0.46,0.0013562441,0,0.46
2024-08-24 07:00:00,2,up,0.39346397,0.46,0.06653604,0,0.46
2024-08-24 08:00:00,0,down,0.35758257,0.46,0.10241744,1,0.35758257
2024-08-24 09:00:00,2,down,0.41137156,0.46,0.04862845,0,0.46
2024-08-24 10:00:00,2,down,0.5151621,0.46,0.055162102,0,0.46
2024-08-24 11:00:00,1,up,0.5406805,0.46,0.08068052,1,0.5406805
2024-08-24 12:00:00,2,up,0.47740602,0.46,0.017406017,0,0.46
2024-08-24 13:00:00,2,down,0.4253403,0.46,0.034659714,0,0.46
2024-08-24 14:00:00,2,down,0.43202603,0.46,0.02797398,0,0.46
2024-08-24 15:00:00,2,up,0.5029746,0.46,0.04297462,0,0.46
2024-08-24 16:00:00,2,down,0.4080097,0.46,0.0519903,0,0.46
2024-08-24 17:00:00,2,up,0.5223283,0.46,0.06232831,0,0.46
2024-08-24 18:00:00,2,down,0.43206778,0.46,0.027932227,0,0.46
2024-08-24 19:00:00,2,down,0.4939431,0.46,0.033943087,0,0.46
2024-08-24 20:00:00,2,down,0.4974692,0.46,0.03746918,0,0.46
2024-08-24 21:00:00,1,up,0.57163495,0.46,0.11163494,1,0.57163495
2024-08-24 22:00:00,2,up,0.52173287,0.46,0.06173286,0,0.46
2024-08-24 23:00:00,2,up,0.46405268,0.46,0.004052669,0,0.46
2024-08-25 00:00:00,2,down,0.47778344,0.46,0.017783433,0,0.46
2024-08-25 01:00:00,2,down,0.4785109,0.46,0.018510878,0,0.46
2024-08-25 02:00:00,2,down,0.4582368,0.46,0.0017631948,0,0.46
2024-08-25 03:00:00,2,up,0.47471666,0.46,0.014716655,0,0.46
2024-08-25 04:00:00,2,down,0.4568278,0.46,0.0031722188,0,0.46
2024-08-25 05:00:00,2,down,0.49415073,0.46,0.03415072,0,0.46
2024-08-25 06:00:00,1,down,0.55934113,0.46,0.099341124,1,0.55934113
2024-08-25 07:00:00,1,up,0.53014964,0.46,0.07014963,1,0.53014964
2024-08-25 08:00:00,2,down,0.50674343,0.46,0.046743423,0,0.46
2024-08-25 09:00:00,1,up,0.5430469,0.46,0.08304688,1,0.5430469
2024-08-25 10:00:00,2,down,0.51944584,0.46,0.05944583,0,0.46
2024-08-25 11:00:00,1,up,0.5632175,0.46,0.10321751,1,0.5632175
2024-08-25 12:00:00,2,up,0.47301084,0.46,0.01301083,0,0.46
2024-08-25 13:00:00,2,up,0.42840225,0.46,0.031597763,0,0.46
2024-08-25 14:00:00,2,down,0.5046832,0.46,0.04468319,0,0.46
2024-08-25 15:00:00,2,down,0.46446213,0.46,0.004462123,0,0.46
2024-08-25 16:00:00,2,up,0.5043822,0.46,0.044382185,0,0.46
2024-08-25 17:00:00,2,up,0.4102292,0.46,0.049770802,0,0.46
2024-08-25 18:00:00,2,up,0.45095673,0.46,0.009043276,0,0.46
2024-08-25 19:00:00,2,up,0.4337603,0.46,0.026239723,0,0.46
2024-08-25 20:00:00,2,up,0.44007465,0.46,0.019925356,0,0.46
2024-08-25 21:00:00,2,up,0.4893375,0.46,0.029337496,0,0.46
2024-08-25 22:00:00,2,down,0.40857792,0.46,0.05142209,0,0.46
2024-08-25 23:00:00,2,down,0.48007512,0.46,0.020075113,0,0.46
2024-08-26 00:00:00,2,down,0.5148578,0.46,0.05485782,0,0.46
2024-08-26 01:00:00,1,up,0.5872458,0.46,0.12724581,1,0.5872458
2024-08-26 02:00:00,2,up,0.44206482,0.46,0.017935187,0,0.46
2024-08-26 03:00:00,2,down,0.4774379,0.46,0.017437905,0,0.46
2024-08-26 04:00:00,1,down,0.5320366,0.46,0.072036594,1,0.5320366
2024-08-26 05:00:00,2,down,0.5293908,0.46,0.0693908,0,0.46
2024-08-26 06:00:00,2,down,0.5129969,0.46,0.052996904,0,0.46
2024-08-26 07:00:00,1,up,0.60075366,0.46,0.14075366,1,0.60075366
2024-08-26 08:00:00,1,up,0.54248357,0.46,0.08248356,1,0.54248357
2024-08-26 09:00:00,2,down,0.4400705,0.46,0.019929498,0,0.46
2024-08-26 10:00:00,2,up,0.5060519,0.46,0.04605189,0,0.46
2024-08-26 11:00:00,2,down,0.49664858,0.46,0.03664857,0,0.46
2024-08-26 12:00:00,1,up,0.5500181,0.46,0.090018064,1,0.5500181
2024-08-26 13:00:00,2,down,0.48997715,0.46,0.029977143,0,0.46
2024-08-26 14:00:00,2,up,0.51315296,0.46,0.05315295,0,0.46
2024-08-26 15:00:00,2,up,0.4844389,0.46,0.024438888,0,0.46
2024-08-26 16:00:00,2,down,0.4982072,0.46,0.038207203,0,0.46
2024-08-26 17:00:00,2,up,0.5202981,0.46,0.060298115,0,0.46
2024-08-26 18:00:00,2,down,0.46399745,0.46,0.003997445,0,0.46
2024-08-26 19:00:00,1,up,0.5391933,0.46,0.079193264,1,0.5391933
2024-08-26 20:00:00,2,down,0.5140737,0.46,0.05407372,0,0.46
2024-08-26 21:00:00,2,down,0.5178782,0.46,0.057878166,0,0.46
2024-08-26 22:00:00,1,down,0.5495122,0.46,0.0895122,1,0.5495122
2024-08-26 23:00:00,1,down,0.61765885,0.46,0.15765885,1,0.61765885
2024-08-27 00:00:00,1,up,0.5809202,0.46,0.12092021,1,0.5809202
2024-08-27 01:00:00,2,down,0.49242225,0.46,0.032422245,0,0.46
2024-08-27 02:00:00,1,up,0.5769037,0.46,0.11690369,1,0.5769037
2024-08-27 03:00:00,2,up,0.46135467,0.46,0.0013546646,0,0.46
2024-08-27 04:00:00,2,up,0.47790745,0.46,0.01790744,0,0.46
2024-08-27 05:00:00,2,down,0.48732635,0.46,0.027326345,0,0.46
2024-08-27 06:00:00,1,up,0.5630327,0.46,0.10303268,1,0.5630327
2024-08-27 07:00:00,2,down,0.5291483,0.46,0.06914827,0,0.46
2024-08-27 08:00:00,1,down,0.55403954,0.46,0.09403953,1,0.55403954
2024-08-27 09:00:00,2,down,0.52405226,0.46,0.064052254,0,0.46
2024-08-27 10:00:00,1,up,0.5795888,0.46,0.11958876,1,0.5795888
2024-08-27 11:00:00,1,up,0.5628353,0.46,0.10283527,1,0.5628353
2024-08-27 12:00:00,1,down,0.5317655,0.46,0.07176551,1,0.5317655
2024-08-27 13:00:00,1,down,0.53672904,0.46,0.07672903,1,0.53672904
2024-08-27 14:00:00,1,down,0.60702515,0.46,0.14702514,1,0.60702515
2024-08-27 15:00:00,1,down,0.56123614,0.46,0.101236135,1,0.56123614
2024-08-27 16:00:00,1,up,0.6167178,0.46,0.1567178,1,0.6167178
2024-08-27 17:00:00,2,up,0.48170814,0.46,0.02170813,0,0.46
2024-08-27 18:00:00,2,up,0.43665767,0.46,0.023342341,0,0.46
2024-08-27 19:00:00,2,down,0.41970798,0.46,0.040292025,0,0.46
2024-08-27 20:00:00,1,down,0.5960315,0.46,0.13603148,1,0.5960315
2024-08-27 21:00:00,2,down,0.52006686,0.46,0.06006685,0,0.46
2024-08-27 22:00:00,2,down,0.4379111,0.46,0.022088915,0,0.46
2024-08-27 23:00:00,1,down,0.5468135,0.46,0.08681348,1,0.5468135
2024-08-28 00:00:00,1,up,0.6135026,0.46,0.15350261,1,0.6135026
2024-08-28 01:00:00,2,down,0.46420923,0.46,0.0042092204,0,0.46
2024-08-28 02:00:00,1,up,0.55130464,0.46,0.09130463,1,0.55130464
2024-08-28 03:00:00,0,down,0.38230506,0.46,0.07769495,1,0.38230506
2024-08-28 04:00:00,2,down,0.5292913,0.46,0.069291264,0,0.46
2024-08-28 05:00:00,2,down,0.5028289,0.46,0.042828888,0,0.46
2024-08-28 06:00:00,1,down,0.56935894,0.46,0.10935894,1,0.56935894
2024-08-28 07:00:00,1,up,0.5623543,0.46,0.10235432,1,0.5623543
2024-08-28 08:00:00,2,up,0.5007169,0.46,0.040716916,0,0.46
2024-08-28 09:00:00,2,down,0.43409705,0.46,0.025902957,0,0.46
2024-08-28 10:00:00,1,up,0.57490444,0.46,0.11490443,1,0.57490444
2024-08-28 11:00:00,2,up,0.43215948,0.46,0.027840525,0,0.46
2024-08-28 12:00:00,2,down,0.52941865,0.46,0.06941864,0,0.46
2024-08-28 13:00:00,1,down,0.5599283,0.46,0.09992829,1,0.5599283
2024-08-28 14:00:00,1,down,0.56326693,0.46,0.103266925,1,0.56326693
2024-08-28 15:00:00,2,up,0.4777781,0.46,0.017778099,0,0.46
2024-08-28 16:00:00,2,down,0.42907935,0.46,0.030920655,0,0.46
2024-08-28 17:00:00,1,up,0.5918958,0.46,0.13189581,1,0.5918958
2024-08-28 18:00:00,2,down,0.46288586,0.46,0.0028858483,0,0.46
2024-08-28 19:00:00,1,up,0.5626912,0.46,0.1026912,1,0.5626912
2024-08-28 20:00:00,2,down,0.4545237,0.46,0.005476296,0,0.46
2024-08-28 21:00:00,1,up,0.5497232,0.46,0.0897232,1,0.5497232
2024-08-28 22:00:00,2,down,0.4476259,0.46,0.012374103,0,0.46
2024-08-28 23:00:00,1,up,0.55878437,0.46,0.09878436,1,0.55878437
2024-08-29 00:00:00,2,down,0.45149377,0.46,0.008506238,0,0.46
2024-08-29 01:00:00,1,up,0.54633987,0.46,0.08633986,1,0.54633987
2024-08-29 02:00:00,2,up,0.49261427,0.46,0.03261426,0,0.46
2024-08-29 03:00:00,2,up,0.52248144,0.46,0.062481433,0,0.46
2024-08-29 04:00:00,2,up,0.42543283,0.46,0.034567177,0,0.46
2024-08-29 05:00:00,2,up,0.40031138,0.46,0.059688628,0,0.46
2024-08-29 06:00:00,2,up,0.42277098,0.46,0.03722903,0,0.46
2024-08-29 07:00:00,2,down,0.42992565,0.46,0.030074358,0,0.46
2024-08-29 08:00:00,0,up,0.37334186,0.46,0.08665815,1,0.37334186
2024-08-29 09:00:00,2,up,0.46276808,0.46,0.0027680695,0,0.46
2024-08-29 10:00:00,2,up,0.46059152,0.46,0.0005915165,0,0.46
2024-08-29 11:00:00,2,up,0.3974982,0.46,0.06250182,0,0.46
2024-08-29 12:00:00,2,up,0.41726172,0.46,0.04273829,0,0.46
2024-08-29 13:00:00,2,up,0.41496372,0.46,0.045036286,0,0.46
2024-08-29 14:00:00,2,down,0.3951207,0.46,0.0648793,0,0.46
2024-08-29 15:00:00,2,down,0.4831863,0.46,0.023186296,0,0.46
2024-08-29 16:00:00,2,up,0.49574897,0.46,0.03574896,0,0.46
2024-08-29 17:00:00,2,down,0.42183477,0.46,0.03816524,0,0.46
2024-08-29 18:00:00,1,up,0.5549618,0.46,0.09496179,1,0.5549618
2024-08-29 19:00:00,1,up,0.5718943,0.46,0.11189428,1,0.5718943
2024-08-29 20:00:00,2,down,0.5070299,0.46,0.047029883,0,0.46
2024-08-29 21:00:00,1,down,0.55750185,0.46,0.097501844,1,0.55750185
2024-08-29 22:00:00,2,up,0.4843608,0.46,0.024360806,0,0.46
2024-08-29 23:00:00,2,down,0.5289617,0.46,0.06896171,0,0.46
2024-08-30 00:00:00,1,up,0.55804706,0.46,0.09804705,1,0.55804706
2024-08-30 01:00:00,2,down,0.5196322,0.46,0.059632212,0,0.46
2024-08-30 02:00:00,1,down,0.5709711,0.46,0.11097106,1,0.5709711
2024-08-30 03:00:00,1,down,0.5662719,0.46,0.10627189,1,0.5662719
2024-08-30 04:00:00,1,down,0.5867502,0.46,0.1267502,1,0.5867502
2024-08-30 05:00:00,2,up,0.51844096,0.46,0.058440953,0,0.46
2024-08-30 06:00:00,2,down,0.44503972,0.46,0.014960289,0,0.46
2024-08-30 07:00:00,2,up,0.50613123,0.46,0.046131223,0,0.46
2024-08-30 08:00:00,2,up,0.44092667,0.46,0.019073337,0,0.46
2024-08-30 09:00:00,2,up,0.40065143,0.46,0.059348583,0,0.46
2024-08-30 10:00:00,2,down,0.39524615,0.46,0.06475386,0,0.46
2024-08-30 11:00:00,2,up,0.50166756,0.46,0.04166755,0,0.46
2024-08-30 12:00:00,2,up,0.5111592,0.46,0.051159173,0,0.46
2024-08-30 13:00:00,0,down,0.37811217,0.46,0.08188784,1,0.37811217
2024-08-30 14:00:00,1,down,0.59020644,0.46,0.13020644,1,0.59020644
2024-08-30 15:00:00,1,up,0.60204357,0.46,0.14204356,1,0.60204357
2024-08-30 16:00:00,2,up,0.4231954,0.46,0.036804616,0,0.46
2024-08-30 17:00:00,1,up,0.5320482,0.46,0.07204822,1,0.5320482
2024-08-30 18:00:00,2,down,0.47403187,0.46,0.014031857,0,0.46
2024-08-30 19:00:00,1,up,0.5669283,0.46,0.10692832,1,0.5669283
2024-08-30 20:00:00,2,up,0.4380185,0.46,0.021981508,0,0.46
2024-08-30 21:00:00,2,up,0.49176973,0.46,0.031769723,0,0.46
2024-08-30 22:00:00,2,down,0.4281408,0.46,0.03185922,0,0.46
2024-08-30 23:00:00,2,up,0.50767595,0.46,0.047675937,0,0.46
2024-08-31 00:00:00,2,up,0.45512697,0.46,0.0048730373,0,0.46
2024-08-31 01:00:00,0,down,0.38780284,0.46,0.07219717,1,0.38780284
2024-08-31 02:00:00,2,up,0.46649608,0.46,0.006496072,0,0.46
2024-08-31 03:00:00,2,up,0.48048848,0.46,0.02048847,0,0.46
2024-08-31 04:00:00,2,down,0.4160481,0.46,0.0439519,0,0.46
2024-08-31 05:00:00,2,down,0.49481028,0.46,0.034810275,0,0.46
2024-08-31 06:00:00,2,down,0.52786934,0.46,0.067869335,0,0.46
2024-08-31 07:00:00,2,down,0.51652795,0.46,0.056527942,0,0.46
2024-08-31 08:00:00,1,down,0.59947413,0.46,0.13947412,1,0.59947413
2024-08-31 09:00:00,2,up,0.5252414,0.46,0.06524137,0,0.46
2024-08-31 10:00:00,2,down,0.4698028,0.46,0.0098027885,0,0.46
2024-08-31 11:00:00,2,up,0.5285069,0.46,0.06850687,0,0.46
2024-08-31 12:00:00,2,down,0.4344388,0.46,0.025561213,0,0.46
2024-08-31 13:00:00,2,up,0.5155007,0.46,0.055500716,0,0.46
2024-08-31 14:00:00,2,down,0.466493,0.46,0.006493002,0,0.46
2024-08-31 15:00:00,2,down,0.5046187,0.46,0.044618696,0,0.46
2024-08-31 16:00:00,2,up,0.47209334,0.46,0.012093335,0,0.46
2024-08-31 17:00:00,2,down,0.4747142,0.46,0.014714181,0,0.46
2024-08-31 18:00:00,2,down,0.49363518,0.46,0.03363517,0,0.46
2024-08-31 19:00:00,1,up,0.57322323,0.46,0.113223225,1,0.57322323
2024-08-31 20:00:00,2,up,0.5005534,0.46,0.04055342,0,0.46
2024-08-31 21:00:00,2,down,0.44954145,0.46,0.010458559,0,0.46
2024-08-31 22:00:00,2,down,0.5231756,0.46,0.06317559,0,0.46
2024-08-31 23:00:00,2,down,0.49079004,0.46,0.030790031,0,0.46
2024-09-01 00:00:00,1,down,0.5378651,0.46,0.077865094,1,0.5378651
2024-09-01 01:00:00,1,down,0.59831506,0.46,0.13831505,1,0.59831506
2024-09-01 02:00:00,2,down,0.5157016,0.46,0.055701584,0,0.46
2024-09-01 03:00:00,2,down,0.5255797,0.46,0.06557968,0,0.46
2024-09-01 04:00:00,1,down,0.57502925,0.46,0.115029246,1,0.57502925
2024-09-01 05:00:00,2,up,0.5295264,0.46,0.069526404,0,0.46
2024-09-01 06:00:00,2,up,0.50169975,0.46,0.041699737,0,0.46
2024-09-01 07:00:00,2,down,0.4807158,0.46,0.020715803,0,0.46
2024-09-01 08:00:00,1,down,0.5788524,0.46,0.11885241,1,0.5788524
2024-09-01 09:00:00,2,down,0.5139365,0.46,0.05393651,0,0.46
2024-09-01 10:00:00,1,up,0.5776159,0.46,0.11761591,1,0.5776159
2024-09-01 11:00:00,2,down,0.44479364,0.46,0.015206367,0,0.46
2024-09-01 12:00:00,2,up,0.52752185,0.46,0.06752184,0,0.46
2024-09-01 13:00:00,2,down,0.45119247,0.46,0.00880754,0,0.46
2024-09-01 14:00:00,2,up,0.4782715,0.46,0.018271506,0,0.46
2024-09-01 15:00:00,2,down,0.43912226,0.46,0.020877749,0,0.46
2024-09-01 16:00:00,2,down,0.52093977,0.46,0.06093976,0,0.46
2024-09-01 17:00:00,2,up,0.44489267,0.46,0.015107334,0,0.46
2024-09-01 18:00:00,2,down,0.45030183,0.46,0.009698182,0,0.46
2024-09-01 19:00:00,2,down,0.45196193,0.46,0.008038074,0,0.46
2024-09-01 20:00:00,2,down,0.4502366,0.46,0.00976342,0,0.46
2024-09-01 21:00:00,2,down,0.47145033,0.46,0.0114503205,0,0.46
2024-09-01 22:00:00,1,down,0.55085456,0.46,0.090854555,1,0.55085456
2024-09-01 23:00:00,1,up,0.5614444,0.46,0.10144439,1,0.5614444
2024-09-02 00:00:00,2,down,0.49612027,0.46,0.036120266,0,0.46
2024-09-02 01:00:00,2,up,0.48335397,0.46,0.023353964,0,0.46
2024-09-02 02:00:00,2,up,0.51064444,0.46,0.050644428,0,0.46
2024-09-02 03:00:00,2,down,0.46109807,0.46,0.0010980666,0,0.46
2024-09-02 04:00:00,1,up,0.59531945,0.46,0.13531944,1,0.59531945
2024-09-02 05:00:00,2,down,0.51257,0.46,0.052570015,0,0.46
2024-09-02 06:00:00,2,down,0.5278685,0.46,0.0678685,0,0.46
2024-09-02 07:00:00,2,up,0.49893498,0.46,0.038934976,0,0.46
2024-09-02 08:00:00,2,up,0.41632652,0.46,0.043673486,0,0.46
2024-09-02 09:00:00,2,up,0.39039734,0.46,0.06960267,0,0.46
2024-09-02 10:00:00,0,down,0.38052824,0.46,0.07947177,1,0.38052824
2024-09-02 11:00:00,2,down,0.45319986,0.46,0.006800145,0,0.46
2024-09-02 12:00:00,2,down,0.4325192,0.46,0.02748081,0,0.46
2024-09-02 13:00:00,2,up,0.5122631,0.46,0.05226311,0,0.46
2024-09-02 14:00:00,2,down,0.41356215,0.46,0.04643786,0,0.46
2024-09-02 15:00:00,2,down,0.442607,0.46,0.017393023,0,0.46
2024-09-02 16:00:00,2,up,0.47477555,0.46,0.014775544,0,0.46
2024-09-02 17:00:00,2,down,0.41886285,0.46,0.04113716,0,0.46
2024-09-02 18:00:00,2,down,0.45991254,0.46,8.7469816e-05,0,0.46
2024-09-02 19:00:00,2,up,0.46352682,0.46,0.0035268068,0,0.46
2024-09-02 20:00:00,2,up,0.41240874,0.46,0.04759127,0,0.46
2024-09-02 21:00:00,2,up,0.46616197,0.46,0.006161958,0,0.46
2024-09-02 22:00:00,0,down,0.37429923,0.46,0.08570078,1,0.37429923
2024-09-02 23:00:00,2,up,0.47127852,0.46,0.01127851,0,0.46
2024-09-03 00:00:00,0,up,0.36989725,0.46,0.09010276,1,0.36989725
2024-09-03 01:00:00,0,down,0.38746905,0.46,0.072530955,1,0.38746905
2024-09-03 02:00:00,2,down,0.49309975,0.46,0.03309974,0,0.46
2024-09-03 03:00:00,2,down,0.5245473,0.46,0.06454727,0,0.46
2024-09-03 04:00:00,2,up,0.49411884,0.46,0.03411883,0,0.46
2024-09-03 05:00:00,2,down,0.47810018,0.46,0.018100172,0,0.46
2024-09-03 06:00:00,1,up,0.5919414,0.46,0.13194141,1,0.5919414
2024-09-03 07:00:00,2,down,0.44794017,0.46,0.012059838,0,0.46
2024-09-03 08:00:00,1,up,0.5485435,0.46,0.088543504,1,0.5485435
2024-09-03 09:00:00,1,up,0.56495154,0.46,0.10495153,1,0.56495154
2024-09-03 10:00:00,2,down,0.46579757,0.46,0.005797565,0,0.46
2024-09-03 11:00:00,2,up,0.40783238,0.46,0.052167624,0,0.46
2024-09-03 12:00:00,2,down,0.4869819,0.46,0.02698189,0,0.46
2024-09-03 13:00:00,2,down,0.52646464,0.46,0.06646463,0,0.46
2024-09-03 14:00:00,1,up,0.5729165,0.46,0.1129165,1,0.5729165
2024-09-03 15:00:00,1,down,0.5916199,0.46,0.1316199,1,0.5916199
2024-09-03 16:00:00,1,down,0.5922756,0.46,0.13227561,1,0.5922756
2024-09-03 17:00:00,1,up,0.58959913,0.46,0.12959912,1,0.58959913
2024-09-03 18:00:00,2,up,0.48599893,0.46,0.02599892,0,0.46
2024-09-03 19:00:00,2,up,0.4994288,0.46,0.0394288,0,0.46
2024-09-03 20:00:00,2,down,0.43505004,0.46,0.024949968,0,0.46
2024-09-03 21:00:00,2,down,0.4443662,0.46,0.015633821,0,0.46
2024-09-03 22:00:00,1,down,0.5910124,0.46,0.13101241,1,0.5910124
2024-09-03 23:00:00,1,down,0.57087785,0.46,0.11087784,1,0.57087785
2024-09-04 00:00:00,1,down,0.61184615,0.46,0.15184614,1,0.61184615
2024-09-04 01:00:00,2,down,0.45929793,0.46,0.0007020831,0,0.46
2024-09-04 02:00:00,2,up,0.52964354,0.46,0.06964353,0,0.46
2024-09-04 03:00:00,1,up,0.62880504,0.46,0.16880503,1,0.62880504
2024-09-04 04:00:00,2,down,0.5249017,0.46,0.06490168,0,0.46
2024-09-04 05:00:00,1,up,0.5985439,0.46,0.13854387,1,0.5985439
2024-09-04 06:00:00,1,up,0.598577,0.46,0.13857701,1,0.598577
2024-09-04 07:00:00,2,up,0.4466139,0.46,0.0133861005,0,0.46
2024-09-04 08:00:00,2,down,0.4712198,0.46,0.0112197995,0,0.46
2024-09-04 09:00:00,1,down,0.56977403,0.46,0.10977402,1,0.56977403
2024-09-04 10:00:00,1,up,0.5841963,0.46,0.12419632,1,0.5841963
2024-09-04 11:00:00,1,up,0.55231965,0.46,0.09231964,1,0.55231965
2024-09-04 12:00:00,1,down,0.53805906,0.46,0.07805905,1,0.53805906
2024-09-04 13:00:00,2,up,0.49394357,0.46,0.033943564,0,0.46
2024-09-04 14:00:00,2,up,0.50552803,0.46,0.045528024,0,0.46
2024-09-04 15:00:00,2,up,0.4315718,0.46,0.028428197,0,0.46
2024-09-04 16:00:00,2,down,0.45035386,0.46,0.0096461475,0,0.46
2024-09-04 17:00:00,1,down,0.54730606,0.46,0.08730605,1,0.54730606
2024-09-04 18:00:00,2,up,0.49841723,0.46,0.03841722,0,0.46
2024-09-04 19:00:00,2,down,0.46018508,0.46,0.00018507242,0,0.46
2024-09-04 20:00:00,2,up,0.4267845,0.46,0.033215523,0,0.46
2024-09-04 21:00:00,2,up,0.41153207,0.46,0.048467934,0,0.46
2024-09-04 22:00:00,2,down,0.4595782,0.46,0.00042182207,0,0.46
2024-09-04 23:00:00,2,up,0.48734766,0.46,0.027347654,0,0.46
2024-09-05 00:00:00,2,up,0.524237,0.46,0.06423697,0,0.46
2024-09-05 01:00:00,2,down,0.5044697,0.46,0.044469684,0,0.46
2024-09-05 02:00:00,1,down,0.5401804,0.46,0.08018038,1,0.5401804
2024-09-05 03:00:00,1,up,0.53152335,0.46,0.07152334,1,0.53152335
2024-09-05 04:00:00,2,down,0.52892864,0.46,0.06892863,0,0.46
2024-09-05 05:00:00,1,down,0.5659047,0.46,0.10590467,1,0.5659047
2024-09-05 06:00:00,2,up,0.50579315,0.46,0.045793146,0,0.46
2024-09-05 07:00:00,1,down,0.5350382,0.46,0.075038165,1,0.5350382
2024-09-05 08:00:00,1,down,0.57542026,0.46,0.11542025,1,0.57542026
2024-09-05 09:00:00,1,down,0.5521274,0.46,0.09212741,1,0.5521274
2024-09-05 10:00:00,1,down,0.5564078,0.46,0.0964078,1,0.5564078
2024-09-05 11:00:00,1,down,0.59707326,0.46,0.13707325,1,0.59707326
2024-09-05 12:00:00,2,up,0.529906,0.46,0.06990597,0,0.46
2024-09-05 13:00:00,2,down,0.45901713,0.46,0.0009828806,0,0.46
2024-09-05 14:00:00,1,down,0.56116533,0.46,0.101165324,1,0.56116533
2024-09-05 15:00:00,1,up,0.57447267,0.46,0.11447266,1,0.57447267
2024-09-05 16:00:00,2,up,0.4748336,0.46,0.014833599,0,0.46
2024-09-05 17:00:00,2,down,0.5063029,0.46,0.046302885,0,0.46
2024-09-05 18:00:00,2,down,0.529798,0.46,0.06979796,0,0.46
2024-09-05 19:00:00,1,up,0.57257855,0.46,0.11257854,1,0.57257855
2024-09-05 20:00:00,1,up,0.58184314,0.46,0.12184313,1,0.58184314
2024-09-05 21:00:00,2,down,0.52403945,0.46,0.06403944,0,0.46
2024-09-05 22:00:00,1,up,0.53451717,0.46,0.07451716,1,0.53451717
2024-09-05 23:00:00,2,up,0.5176805,0.46,0.057680517,0,0.46
2024-09-06 00:00:00,2,up,0.5242024,0.46,0.0642024,0,0.46
2024-09-06 01:00:00,2,up,0.42582285,0.46,0.034177154,0,0.46
2024-09-06 02:00:00,2,down,0.40166593,0.46,0.058334082,0,0.46
2024-09-06 03:00:00,2,up,0.46010718,0.46,0.00010716915,0,0.46
2024-09-06 04:00:00,2,down,0.4810647,0.46,0.021064699,0,0.46
2024-09-06 05:00:00,2,down,0.5159364,0.46,0.055936366,0,0.46
2024-09-06 06:00:00,1,down,0.53209394,0.46,0.072093934,1,0.53209394
2024-09-06 07:00:00,2,down,0.5132244,0.46,0.053224415,0,0.46
2024-09-06 08:00:00,1,up,0.53509533,0.46,0.075095326,1,0.53509533
2024-09-06 09:00:00,2,up,0.48504516,0.46,0.025045156,0,0.46
2024-09-06 10:00:00,2,down,0.52423036,0.46,0.06423035,0,0.46
2024-09-06 11:00:00,2,up,0.5283722,0.46,0.06837222,0,0.46
2024-09-06 12:00:00,2,down,0.46231526,0.46,0.002315253,0,0.46
2024-09-06 13:00:00,2,down,0.51575273,0.46,0.055752724,0,0.46
2024-09-06 14:00:00,1,down,0.5300345,0.46,0.070034474,1,0.5300345
2024-09-06 15:00:00,1,up,0.5811345,0.46,0.12113449,1,0.5811345
2024-09-06 16:00:00,2,down,0.47239482,0.46,0.012394816,0,0.46
2024-09-06 17:00:00,1,down,0.56057805,0.46,0.10057804,1,0.56057805
2024-09-06 18:00:00,1,up,0.64238274,0.46,0.18238273,1,0.64238274
2024-09-06 19:00:00,1,down,0.5481769,0.46,0.08817688,1,0.5481769
2024-09-06 20:00:00,1,up,0.59334236,0.46,0.13334236,1,0.59334236
2024-09-06 21:00:00,2,down,0.49541473,0.46,0.035414726,0,0.46
2024-09-06 22:00:00,2,up,0.49580076,0.46,0.035800755,0,0.46
2024-09-06 23:00:00,0,down,0.3897752,0.46,0.07022482,1,0.3897752
2024-09-07 00:00:00,2,down,0.47875243,0.46,0.018752426,0,0.46
2024-09-07 01:00:00,2,down,0.4987369,0.46,0.03873688,0,0.46
2024-09-07 02:00:00,1,up,0.574466,0.46,0.11446598,1,0.574466
2024-09-07 03:00:00,1,up,0.5924225,0.46,0.13242248,1,0.5924225
2024-09-07 04:00:00,2,up,0.46952984,0.46,0.009529829,0,0.46
2024-09-07 05:00:00,2,up,0.47972804,0.46,0.019728035,0,0.46
2024-09-07 06:00:00,2,down,0.40820047,0.46,0.051799536,0,0.46
2024-09-07 07:00:00,2,up,0.4442977,0.46,0.015702307,0,0.46
2024-09-07 08:00:00,2,down,0.3908539,0.46,0.0691461,0,0.46
2024-09-07 09:00:00,2,up,0.48690242,0.46,0.026902407,0,0.46
2024-09-07 10:00:00,2,down,0.47733092,0.46,0.017330915,0,0.46
2024-09-07 11:00:00,2,up,0.48288742,0.46,0.022887409,0,0.46
2024-09-07 12:00:00,2,down,0.41026747,0.46,0.049732536,0,0.46
2024-09-07 13:00:00,2,up,0.4164134,0.46,0.04358661,0,0.46
2024-09-07 14:00:00,2,up,0.39299515,0.46,0.06700486,0,0.46
2024-09-07 15:00:00,0,down,0.38158703,0.46,0.07841298,1,0.38158703
2024-09-07 16:00:00,2,down,0.49237323,0.46,0.03237322,0,0.46
2024-09-07 17:00:00,2,up,0.52269316,0.46,0.06269315,0,0.46
2024-09-07 18:00:00,1,up,0.5355033,0.46,0.07550332,1,0.5355033
2024-09-07 19:00:00,2,down,0.5233053,0.46,0.06330529,0,0.46
2024-09-07 20:00:00,1,down,0.6038857,0.46,0.1438857,1,0.6038857
2024-09-07 21:00:00,1,up,0.6021376,0.46,0.14213762,1,0.6021376
2024-09-07 22:00:00,1,up,0.61378765,0.46,0.15378764,1,0.61378765
2024-09-07 23:00:00,2,down,0.50666726,0.46,0.046667248,0,0.46
2024-09-08 00:00:00,2,up,0.52340084,0.46,0.063400835,0,0.46
2024-09-08 01:00:00,2,up,0.49356285,0.46,0.03356284,0,0.46
2024-09-08 02:00:00,2,up,0.49642396,0.46,0.03642395,0,0.46
2024-09-08 03:00:00,2,up,0.40047097,0.46,0.059529036,0,0.46
2024-09-08 04:00:00,2,down,0.43649656,0.46,0.023503453,0,0.46
2024-09-08 05:00:00,2,down,0.517969,0.46,0.057969004,0,0.46
2024-09-08 06:00:00,2,up,0.50239927,0.46,0.042399257,0,0.46
2024-09-08 07:00:00,2,up,0.5022376,0.46,0.04223761,0,0.46
2024-09-08 08:00:00,2,down,0.41635472,0.46,0.043645293,0,0.46
2024-09-08 09:00:00,2,up,0.4802715,0.46,0.02027148,0,0.46
2024-09-08 10:00:00,0,down,0.37965816,0.46,0.080341846,1,0.37965816
2024-09-08 11:00:00,2,down,0.44919577,0.46,0.010804236,0,0.46
2024-09-08 12:00:00,2,up,0.52507067,0.46,0.06507066,0,0.46
2024-09-08 13:00:00,2,down,0.4356519,0.46,0.02434811,0,0.46
2024-09-08 14:00:00,1,down,0.562754,0.46,0.10275397,1,0.562754
2024-09-08 15:00:00,1,up,0.61916006,0.46,0.15916005,1,0.61916006
2024-09-08 16:00:00,2,up,0.4969598,0.46,0.036959797,0,0.46
2024-09-08 17:00:00,2,down,0.43749455,0.46,0.022505462,0,0.46
2024-09-08 18:00:00,2,down,0.43753663,0.46,0.022463381,0,0.46
2024-09-08 19:00:00,2,up,0.49849796,0.46,0.038497955,0,0.46
2024-09-08 20:00:00,2,up,0.42601705,0.46,0.033982962,0,0.46
2024-09-08 21:00:00,2,up,0.4510663,0.46,0.008933723,0,0.46
2024-09-08 22:00:00,2,up,0.45630217,0.46,0.0036978424,0,0.46
2024-09-08 23:00:00,2,up,0.40299413,0.46,0.057005882,0,0.46
2024-09-09 00:00:00,2,up,0.43090487,0.46,0.029095143,0,0.46
2024-09-09 01:00:00,2,up,0.4824497,0.46,0.022449702,0,0.46
2024-09-09 02:00:00,0,up,0.3825612,0.46,0.0774388,1,0.3825612
2024-09-09 03:00:00,0,down,0.37276512,0.46,0.087234885,1,0.37276512
2024-09-09 04:00:00,1,down,0.54303163,0.46,0.083031625,1,0.54303163
2024-09-09 05:00:00,1,up,0.5543007,0.46,0.09430072,1,0.5543007
2024-09-09 06:00:00,2,up,0.48568344,0.46,0.025683433,0,0.46
2024-09-09 07:00:00,2,up,0.41831568,0.46,0.04168433,0,0.46
2024-09-09 08:00:00,2,down,0.40189838,0.46,0.058101624,0,0.46
2024-09-09 09:00:00,2,up,0.45866197,0.46,0.0013380349,0,0.46
2024-09-09 10:00:00,0,down,0.38665468,0.46,0.07334533,1,0.38665468
2024-09-09 11:00:00,2,up,0.43095323,0.46,0.029046774,0,0.46
2024-09-09 12:00:00,0,up,0.38628042,0.46,0.07371959,1,0.38628042
2024-09-09 13:00:00,2,down,0.4016907,0.46,0.058309317,0,0.46
2024-09-09 14:00:00,1,up,0.5623032,0.46,0.10230318,1,0.5623032
2024-09-09 15:00:00,2,up,0.4382467,0.46,0.021753311,0,0.46
2024-09-09 16:00:00,2,up,0.5036601,0.46,0.043660074,0,0.46
2024-09-09 17:00:00,2,up,0.49669752,0.46,0.036697507,0,0.46
2024-09-09 18:00:00,2,up,0.399387,0.46,0.060613006,0,0.46
2024-09-09 19:00:00,2,down,0.39633718,0.46,0.06366283,0,0.46
2024-09-09 20:00:00,2,up,0.44894764,0.46,0.01105237,0,0.46
2024-09-09 21:00:00,2,down,0.5157782,0.46,0.055778176,0,0.46
2024-09-09 22:00:00,2,down,0.5126535,0.46,0.05265352,0,0.46
2024-09-09 23:00:00,2,down,0.49533904,0.46,0.035339028,0,0.46
2024-09-10 00:00:00,2,down,0.5167014,0.46,0.056701392,0,0.46
2024-09-10 01:00:00,2,down,0.5278179,0.46,0.0678179,0,0.46
2024-09-10 02:00:00,1,down,0.54205775,0.46,0.082057744,1,0.54205775
2024-09-10 03:00:00,1,up,0.65801406,0.46,0.19801405,1,0.65801406
2024-09-10 04:00:00,1,up,0.538442,0.46,0.07844201,1,0.538442
2024-09-10 05:00:00,2,down,0.43563092,0.46,0.02436909,0,0.46
2024-09-10 06:00:00,2,up,0.49258134,0.46,0.03258133,0,0.46
2024-09-10 07:00:00,2,down,0.4006935,0.46,0.059306502,0,0.46
2024-09-10 08:00:00,2,up,0.4765659,0.46,0.01656589,0,0.46
2024-09-10 09:00:00,2,up,0.42105737,0.46,0.038942635,0,0.46
2024-09-10 10:00:00,2,up,0.41369092,0.46,0.046309084,0,0.46
2024-09-10 11:00:00,0,down,0.36724913,0.46,0.09275088,1,0.36724913
2024-09-10 12:00:00,2,down,0.47037408,0.46,0.010374069,0,0.46
2024-09-10 13:00:00,1,up,0.53080285,0.46,0.07080284,1,0.53080285
2024-09-10 14:00:00,2,down,0.507997,0.46,0.047996968,0,0.46
2024-09-10 15:00:00,1,up,0.6599597,0.46,0.19995967,1,0.6599597
2024-09-10 16:00:00,2,up,0.47390786,0.46,0.01390785,0,0.46
2024-09-10 17:00:00,2,up,0.45930114,0.46,0.00069886446,0,0.46
2024-09-10 18:00:00,2,up,0.48129892,0.46,0.021298915,0,0.46
2024-09-10 19:00:00,0,down,0.3666538,0.46,0.09334621,1,0.3666538
2024-09-10 20:00:00,2,down,0.5252487,0.46,0.0652487,0,0.46
2024-09-10 21:00:00,2,up,0.4765152,0.46,0.016515195,0,0.46
2024-09-10 22:00:00,2,up,0.4284497,0.46,0.031550318,0,0.46
2024-09-10 23:00:00,2,up,0.45681354,0.46,0.0031864643,0,0.46
2024-09-11 00:00:00,2,down,0.44531354,0.46,0.014686465,0,0.46
2024-09-11 01:00:00,1,up,0.5784169,0.46,0.118416876,1,0.5784169
2024-09-11 02:00:00,1,down,0.5699545,0.46,0.109954506,1,0.5699545
2024-09-11 03:00:00,1,down,0.5419763,0.46,0.081976265,1,0.5419763
2024-09-11 04:00:00,1,down,0.5349551,0.46,0.074955076,1,0.5349551
2024-09-11 05:00:00,1,up,0.54911923,0.46,0.089119226,1,0.54911923
2024-09-11 06:00:00,1,up,0.55208343,0.46,0.092083424,1,0.55208343
2024-09-11 07:00:00,1,down,0.5329102,0.46,0.07291022,1,0.5329102
2024-09-11 08:00:00,1,up,0.59980124,0.46,0.13980123,1,0.59980124
2024-09-11 09:00:00,2,down,0.4819493,0.46,0.021949291,0,0.46
2024-09-11 10:00:00,2,up,0.5187773,0.46,0.058777303,0,0.46
2024-09-11 11:00:00,2,down,0.43851253,0.46,0.021487474,0,0.46
2024-09-11 12:00:00,2,down,0.44000947,0.46,0.019990534,0,0.46
2024-09-11 13:00:00,1,up,0.5954631,0.46,0.13546309,1,0.5954631
2024-09-11 14:00:00,2,up,0.47292045,0.46,0.012920439,0,0.46
2024-09-11 15:00:00,2,up,0.51725906,0.46,0.057259053,0,0.46
2024-09-11 16:00:00,2,up,0.4324703,0.46,0.027529716,0,0.46
2024-09-11 17:00:00,2,down,0.40962657,0.46,0.050373435,0,0.46
2024-09-11 18:00:00,2,up,0.4835625,0.46,0.023562491,0,0.46
2024-09-11 19:00:00,2,down,0.41795737,0.46,0.042042643,0,0.46
2024-09-11 20:00:00,2,down,0.4733459,0.46,0.013345897,0,0.46
2024-09-11 21:00:00,2,up,0.47252044,0.46,0.0125204325,0,0.46
2024-09-11 22:00:00,2,down,0.41385233,0.46,0.046147674,0,0.46
2024-09-11 23:00:00,2,up,0.51666194,0.46,0.056661934,0,0.46
2024-09-12 00:00:00,2,up,0.4497538,0.46,0.010246217,0,0.46
2024-09-12 01:00:00,0,down,0.38797545,0.46,0.072024554,1,0.38797545
2024-09-12 02:00:00,2,up,0.48812512,0.46,0.028125107,0,0.46
2024-09-12 03:00:00,0,down,0.37955722,0.46,0.080442786,1,0.37955722
2024-09-12 04:00:00,2,down,0.46560448,0.46,0.0056044757,0,0.46
2024-09-12 05:00:00,2,down,0.4795963,0.46,0.019596279,0,0.46
2024-09-12 06:00:00,2,up,0.514583,0.46,0.054582983,0,0.46
2024-09-12 07:00:00,0,up,0.37961468,0.46,0.08038533,1,0.37961468
2024-09-12 08:00:00,2,down,0.46532968,0.46,0.0053296685,0,0.46
2024-09-12 09:00:00,2,down,0.4709908,0.46,0.0109907985,0,0.46
2024-09-12 10:00:00,1,up,0.539708,0.46,0.07970801,1,0.539708
2024-09-12 11:00:00,2,down,0.48948947,0.46,0.029489458,0,0.46
2024-09-12 12:00:00,1,down,0.54321694,0.46,0.083216935,1,0.54321694
2024-09-12 13:00:00,2,down,0.50350845,0.46,0.04350844,0,0.46
2024-09-12 14:00:00,1,down,0.6487962,0.46,0.18879619,1,0.6487962
2024-09-12 15:00:00,1,up,0.5531928,0.46,0.093192786,1,0.5531928
2024-09-12 16:00:00,2,up,0.42997968,0.46,0.030020326,0,0.46
2024-09-12 17:00:00,0,down,0.36152768,0.46,0.09847233,1,0.36152768
2024-09-12 18:00:00,2,up,0.45618573,0.46,0.00381428,0,0.46
2024-09-12 19:00:00,0,down,0.38944653,0.46,0.07055348,1,0.38944653
2024-09-12 20:00:00,2,down,0.4830726,0.46,0.0230726,0,0.46
2024-09-12 21:00:00,2,up,0.5088902,0.46,0.048890203,0,0.46
2024-09-12 22:00:00,2,down,0.48500094,0.46,0.02500093,0,0.46
2024-09-12 23:00:00,2,down,0.47113365,0.46,0.011133641,0,0.46
2024-09-13 00:00:00,2,up,0.501736,0.46,0.041735977,0,0.46
2024-09-13 01:00:00,2,down,0.47054368,0.46,0.010543674,0,0.46
2024-09-13 02:00:00,2,down,0.50160676,0.46,0.041606754,0,0.46
2024-09-13 03:00:00,1,down,0.5522197,0.46,0.09221968,1,0.5522197
2024-09-13 04:00:00,1,up,0.5617809,0.46,0.10178092,1,0.5617809
2024-09-13 05:00:00,2,down,0.52160686,0.46,0.061606854,0,0.46
2024-09-13 06:00:00,1,up,0.5526222,0.46,0.09262219,1,0.5526222
2024-09-13 07:00:00,2,down,0.41489008,0.46,0.045109928,0,0.46
2024-09-13 08:00:00,2,up,0.5050397,0.46,0.045039684,0,0.46
2024-09-13 09:00:00,2,up,0.42315271,0.46,0.036847293,0,0.46
2024-09-13 10:00:00,0,down,0.38724765,0.46,0.07275236,1,0.38724765
2024-09-13 11:00:00,2,up,0.52387446,0.46,0.06387445,0,0.46
2024-09-13 12:00:00,2,up,0.45466247,0.46,0.0053375363,0,0.46
2024-09-13 13:00:00,2,up,0.47093645,0.46,0.010936439,0,0.46
2024-09-13 14:00:00,2,up,0.43305054,0.46,0.026949465,0,0.46
2024-09-13 15:00:00,2,down,0.4907987,0.46,0.030798703,0,0.46
2024-09-13 16:00:00,2,up,0.5224928,0.46,0.062492818,0,0.46
2024-09-13 17:00:00,2,up,0.50840944,0.46,0.048409432,0,0.46
2024-09-13 18:00:00,2,down,0.40482137,0.46,0.055178642,0,0.46
2024-09-13 19:00:00,2,up,0.4777042,0.46,0.017704189,0,0.46
2024-09-13 20:00:00,2,up,0.41965714,0.46,0.040342867,0,0.46
2024-09-13 21:00:00,2,up,0.41000748,0.46,0.04999253,0,0.46
2024-09-13 22:00:00,2,down,0.4074899,0.46,0.052510113,0,0.46
2024-09-13 23:00:00,2,down,0.39427176,0.46,0.06572825,0,0.46
2024-09-14 00:00:00,2,down,0.45472172,0.46,0.0052782893,0,0.46
2024-09-14 01:00:00,2,down,0.50621855,0.46,0.046218544,0,0.46
2024-09-14 02:00:00,2,up,0.5062388,0.46,0.04623881,0,0.46
2024-09-14 03:00:00,1,down,0.5398156,0.46,0.0798156,1,0.5398156
2024-09-14 04:00:00,1,down,0.5347338,0.46,0.074733764,1,0.5347338
2024-09-14 05:00:00,1,up,0.5872223,0.46,0.12722227,1,0.5872223
2024-09-14 06:00:00,2,up,0.4675701,0.46,0.007570088,0,0.46
2024-09-14 07:00:00,2,down,0.47003314,0.46,0.010033131,0,0.46
2024-09-14 08:00:00,1,up,0.57248753,0.46,0.112487525,1,0.57248753
2024-09-14 09:00:00,2,down,0.43806046,0.46,0.021939546,0,0.46
2024-09-14 10:00:00,1,down,0.5595723,0.46,0.09957227,1,0.5595723
2024-09-14 11:00:00,1,up,0.54808,0.46,0.08808002,1,0.54808
2024-09-14 12:00:00,2,down,0.5262324,0.46,0.06623241,0,0.46
2024-09-14 13:00:00,2,up,0.5256263,0.46,0.06562629,0,0.46
2024-09-14 14:00:00,2,down,0.44618076,0.46,0.0138192475,0,0.46
2024-09-14 15:00:00,2,up,0.48350802,0.46,0.023508012,0,0.46
2024-09-14 16:00:00,2,down,0.3941234,0.46,0.0658766,0,0.46
2024-09-14 17:00:00,2,down,0.49618483,0.46,0.036184818,0,0.46
2024-09-14 18:00:00,2,up,0.5028291,0.46,0.042829067,0,0.46
2024-09-14 19:00:00,2,up,0.51227784,0.46,0.052277833,0,0.46
2024-09-14 20:00:00,2,up,0.41559538,0.46,0.044404626,0,0.46
2024-09-14 21:00:00,0,down,0.37195778,0.46,0.08804223,1,0.37195778
2024-09-14 22:00:00,2,down,0.45303598,0.46,0.006964028,0,0.46
2024-09-14 23:00:00,2,up,0.4775157,0.46,0.01751569,0,0.46
2024-09-15 00:00:00,2,up,0.48375425,0.46,0.02375424,0,0.46
2024-09-15 01:00:00,0,up,0.38183525,0.46,0.07816476,1,0.38183525
2024-09-15 02:00:00,0,down,0.3553063,0.46,0.10469371,1,0.3553063
2024-09-15 03:00:00,2,down,0.494378,0.46,0.034377992,0,0.46
2024-09-15 04:00:00,2,up,0.4946294,0.46,0.034629405,0,0.46
2024-09-15 05:00:00,2,up,0.48373973,0.46,0.023739725,0,0.46
2024-09-15 06:00:00,2,up,0.47438067,0.46,0.014380664,0,0.46
2024-09-15 07:00:00,2,down,0.4069122,0.46,0.0530878,0,0.46
2024-09-15 08:00:00,1,down,0.5328248,0.46,0.072824806,1,0.5328248
2024-09-15 09:00:00,1,down,0.61999196,0.46,0.15999195,1,0.61999196
2024-09-15 10:00:00,2,up,0.50240904,0.46,0.042409033,0,0.46
2024-09-15 11:00:00,2,up,0.487097,0.46,0.027096987,0,0.46
2024-09-15 12:00:00,2,up,0.44025794,0.46,0.019742072,0,0.46
2024-09-15 13:00:00,2,up,0.48038766,0.46,0.02038765,0,0.46
2024-09-15 14:00:00,0,up,0.3608849,0.46,0.0991151,1,0.3608849
2024-09-15 15:00:00,0,down,0.38291886,0.46,0.077081144,1,0.38291886
2024-09-15 16:00:00,1,down,0.5875923,0.46,0.1275923,1,0.5875923
2024-09-15 17:00:00,2,up,0.52106977,0.46,0.061069757,0,0.46
2024-09-15 18:00:00,2,down,0.52286935,0.46,0.06286934,0,0.46
2024-09-15 19:00:00,1,down,0.55117136,0.46,0.091171354,1,0.55117136
2024-09-15 20:00:00,1,down,0.5377221,0.46,0.0777221,1,0.5377221
2024-09-15 21:00:00,2,down,0.5192318,0.46,0.059231788,0,0.46
2024-09-15 22:00:00,1,down,0.6187195,0.46,0.15871951,1,0.6187195
2024-09-15 23:00:00,2,down,0.501983,0.46,0.04198298,0,0.46
2024-09-16 00:00:00,1,down,0.61200213,0.46,0.15200213,1,0.61200213
2024-09-16 01:00:00,1,down,0.5505742,0.46,0.090574175,1,0.5505742
2024-09-16 02:00:00,1,up,0.565377,0.46,0.10537699,1,0.565377
2024-09-16 03:00:00,2,down,0.4728937,0.46,0.012893677,0,0.46
2024-09-16 04:00:00,1,up,0.59529436,0.46,0.13529435,1,0.59529436
2024-09-16 05:00:00,2,up,0.43019298,0.46,0.029807031,0,0.46
2024-09-16 06:00:00,2,up,0.4419102,0.46,0.018089801,0,0.46
2024-09-16 07:00:00,0,up,0.35982144,0.46,0.10017857,1,0.35982144
2024-09-16 08:00:00,2,down,0.41519016,0.46,0.044809848,0,0.46
2024-09-16 09:00:00,2,up,0.52614516,0.46,0.06614515,0,0.46
2024-09-16 10:00:00,2,down,0.44237843,0.46,0.017621577,0,0.46
2024-09-16 11:00:00,1,down,0.57250726,0.46,0.112507254,1,0.57250726
2024-09-16 12:00:00,2,down,0.52781475,0.46,0.06781474,0,0.46
2024-09-16 13:00:00,2,down,0.5060851,0.46,0.04608509,0,0.46
2024-09-16 14:00:00,1,up,0.5915518,0.46,0.13155177,1,0.5915518
2024-09-16 15:00:00,2,down,0.48302543,0.46,0.023025423,0,0.46
2024-09-16 16:00:00,1,up,0.56240344,0.46,0.10240343,1,0.56240344
2024-09-16 17:00:00,2,down,0.44311592,0.46,0.016884089,0,0.46
2024-09-16 18:00:00,1,up,0.54202956,0.46,0.08202955,1,0.54202956
2024-09-16 19:00:00,2,down,0.4849032,0.46,0.024903178,0,0.46
2024-09-16 20:00:00,1,up,0.56805664,0.46,0.108056635,1,0.56805664
2024-09-16 21:00:00,2,down,0.43860412,0.46,0.021395892,0,0.46
2024-09-16 22:00:00,2,up,0.5166407,0.46,0.056640714,0,0.46
2024-09-16 23:00:00,2,down,0.47851732,0.46,0.018517315,0,0.46
2024-09-17 00:00:00,1,up,0.5776158,0.46,0.11761579,1,0.5776158
2024-09-17 01:00:00,2,up,0.5221442,0.46,0.06214419,0,0.46
2024-09-17 02:00:00,2,down,0.50765574,0.46,0.04765573,0,0.46
2024-09-17 03:00:00,2,up,0.5246486,0.46,0.0646486,0,0.46
2024-09-17 04:00:00,2,up,0.423829,0.46,0.03617102,0,0.46
2024-09-17 05:00:00,2,down,0.4029229,0.46,0.05707711,0,0.46
2024-09-17 06:00:00,2,up,0.49064782,0.46,0.030647814,0,0.46
2024-09-17 07:00:00,0,up,0.3734382,0.46,0.0865618,1,0.3734382
2024-09-17 08:00:00,2,up,0.39319476,0.46,0.06680524,0,0.46
2024-09-17 09:00:00,2,up,0.39300328,0.46,0.06699672,0,0.46
2024-09-17 10:00:00,0,down,0.37248856,0.46,0.08751145,1,0.37248856
2024-09-17 11:00:00,2,up,0.47500497,0.46,0.015004963,0,0.46
2024-09-17 12:00:00,0,down,0.3771458,0.46,0.08285421,1,0.3771458
2024-09-17 13:00:00,2,up,0.48952407,0.46,0.029524058,0,0.46
2024-09-17 14:00:00,1,up,0.5372846,0.46,0.077284604,1,0.5372846
2024-09-17 15:00:00,2,down,0.4965782,0.46,0.03657818,0,0.46
2024-09-17 16:00:00,1,up,0.55433506,0.46,0.09433505,1,0.55433506
2024-09-17 17:00:00,2,down,0.4121961,0.46,0.04780391,0,0.46
2024-09-17 18:00:00,1,down,0.5473821,0.46,0.08738211,1,0.5473821
2024-09-17 19:00:00,1,up,0.56676114,0.46,0.10676113,1,0.56676114
2024-09-17 20:00:00,1,up,0.5699974,0.46,0.10999736,1,0.5699974
2024-09-17 21:00:00,2,down,0.52264136,0.46,0.06264135,0,0.46
2024-09-17 22:00:00,2,up,0.4565869,0.46,0.003413111,0,0.46
2024-09-17 23:00:00,2,down,0.4278759,0.46,0.032124102,0,0.46
2024-09-18 00:00:00,2,down,0.45638856,0.46,0.0036114454,0,0.46
2024-09-18 01:00:00,2,up,0.51602316,0.46,0.05602315,0,0.46
2024-09-18 02:00:00,2,up,0.40237686,0.46,0.057623148,0,0.46
2024-09-18 03:00:00,2,down,0.46579963,0.46,0.0057996213,0,0.46
2024-09-18 04:00:00,2,down,0.45407593,0.46,0.005924076,0,0.46
2024-09-18 05:00:00,2,up,0.47614694,0.46,0.016146928,0,0.46
2024-09-18 06:00:00,2,down,0.41169402,0.46,0.04830599,0,0.46
2024-09-18 07:00:00,2,down,0.4523012,0.46,0.007698804,0,0.46
2024-09-18 08:00:00,2,down,0.5071806,0.46,0.047180563,0,0.46
2024-09-18 09:00:00,1,up,0.6309464,0.46,0.17094639,1,0.6309464
2024-09-18 10:00:00,2,down,0.4521366,0.46,0.007863402,0,0.46
2024-09-18 11:00:00,1,up,0.5871793,0.46,0.1271793,1,0.5871793
2024-09-18 12:00:00,2,down,0.44141945,0.46,0.018580556,0,0.46
2024-09-18 13:00:00,1,down,0.56350636,0.46,0.10350636,1,0.56350636
2024-09-18 14:00:00,1,down,0.54924613,0.46,0.089246124,1,0.54924613
2024-09-18 15:00:00,1,up,0.5881588,0.46,0.12815878,1,0.5881588
2024-09-18 16:00:00,2,up,0.439703,0.46,0.02029702,0,0.46
2024-09-18 17:00:00,2,up,0.44100878,0.46,0.018991232,0,0.46
2024-09-18 18:00:00,2,down,0.51186764,0.46,0.051867634,0,0.46
2024-09-18 19:00:00,2,up,0.50363123,0.46,0.043631226,0,0.46
2024-09-18 20:00:00,0,down,0.37178165,0.46,0.08821836,1,0.37178165
2024-09-18 21:00:00,2,up,0.5165764,0.46,0.0565764,0,0.46
2024-09-18 22:00:00,0,up,0.3732329,0.46,0.08676711,1,0.3732329
2024-09-18 23:00:00,2,up,0.43680492,0.46,0.023195088,0,0.46
2024-09-19 00:00:00,2,down,0.48182732,0.46,0.02182731,0,0.46
2024-09-19 01:00:00,2,up,0.4562308,0.46,0.003769219,0,0.46
2024-09-19 02:00:00,2,down,0.39612755,0.46,0.06387246,0,0.46
2024-09-19 03:00:00,2,down,0.5044645,0.46,0.0444645,0,0.46
2024-09-19 04:00:00,0,down,0.3688502,0.46,0.09114981,1,0.3688502
2024-09-19 05:00:00,1,up,0.5338135,0.46,0.07381347,1,0.5338135
2024-09-19 06:00:00,2,up,0.44334176,0.46,0.016658247,0,0.46
2024-09-19 07:00:00,2,down,0.45443538,0.46,0.00556463,0,0.46
2024-09-19 08:00:00,2,up,0.5278263,0.46,0.0678263,0,0.46
2024-09-19 09:00:00,0,up,0.3886117,0.46,0.071388304,1,0.3886117
2024-09-19 10:00:00,2,up,0.4896001,0.46,0.029600084,0,0.46
2024-09-19 11:00:00,0,up,0.37652865,0.46,0.08347136,1,0.37652865
2024-09-19 12:00:00,2,up,0.43309292,0.46,0.026907086,0,0.46
2024-09-19 13:00:00,2,down,0.46762976,0.46,0.007629752,0,0.46
2024-09-19 14:00:00,2,up,0.5012682,0.46,0.0412682,0,0.46
2024-09-19 15:00:00,2,up,0.43508512,0.46,0.02491489,0,0.46
2024-09-19 16:00:00,0,up,0.37227592,0.46,0.08772409,1,0.37227592
2024-09-19 17:00:00,0,down,0.3578456,0.46,0.102154404,1,0.3578456
2024-09-19 18:00:00,2,down,0.4107433,0.46,0.049256712,0,0.46
2024-09-19 19:00:00,1,down,0.541694,0.46,0.08169398,1,0.541694
2024-09-19 20:00:00,1,down,0.5590801,0.46,0.099080116,1,0.5590801
2024-09-19 21:00:00,1,up,0.6430574,0.46,0.1830574,1,0.6430574
2024-09-19 22:00:00,2,up,0.4916399,0.46,0.031639904,0,0.46
2024-09-19 23:00:00,1,down,0.5640807,0.46,0.10408071,1,0.5640807
2024-09-20 00:00:00,1,up,0.58926517,0.46,0.12926516,1,0.58926517
2024-09-20 01:00:00,2,up,0.4525129,0.46,0.0074871182,0,0.46
2024-09-20 02:00:00,2,up,0.3967275,0.46,0.063272506,0,0.46
2024-09-20 03:00:00,2,up,0.40537986,0.46,0.054620147,0,0.46
2024-09-20 04:00:00,2,down,0.49406248,0.46,0.034062475,0,0.46
2024-09-20 05:00:00,2,down,0.43695664,0.46,0.023043364,0,0.46
2024-09-20 06:00:00,2,down,0.40232894,0.46,0.05767107,0,0.46
2024-09-20 07:00:00,2,down,0.48042044,0.46,0.020420432,0,0.46
2024-09-20 08:00:00,1,up,0.53128725,0.46,0.071287245,1,0.53128725
2024-09-20 09:00:00,2,up,0.48442918,0.46,0.024429172,0,0.46
2024-09-20 10:00:00,2,down,0.39411104,0.46,0.06588897,0,0.46
2024-09-20 11:00:00,2,down,0.5257127,0.46,0.06571272,0,0.46
2024-09-20 12:00:00,2,down,0.5154263,0.46,0.05542627,0,0.46
2024-09-20 13:00:00,1,up,0.57188237,0.46,0.11188236,1,0.57188237
2024-09-20 14:00:00,2,up,0.51867986,0.46,0.05867985,0,0.46
2024-09-20 15:00:00,2,down,0.508104,0.46,0.048104018,0,0.46
2024-09-20 16:00:00,1,down,0.56301755,0.46,0.10301754,1,0.56301755
2024-09-20 17:00:00,1,up,0.58515996,0.46,0.12515995,1,0.58515996
2024-09-20 18:00:00,2,down,0.50912756,0.46,0.04912755,0,0.46
2024-09-20 19:00:00,1,up,0.5839299,0.46,0.12392989,1,0.5839299
2024-09-20 20:00:00,1,up,0.5518807,0.46,0.09188071,1,0.5518807
2024-09-20 21:00:00,2,up,0.48472112,0.46,0.024721116,0,0.46
2024-09-20 22:00:00,2,up,0.49590132,0.46,0.035901308,0,0.46
2024-09-20 23:00:00,2,down,0.40999213,0.46,0.05000788,0,0.46
2024-09-21 00:00:00,2,down,0.43140095,0.46,0.028599054,0,0.46
2024-09-21 01:00:00,1,up,0.5558643,0.46,0.095864266,1,0.5558643
2024-09-21 02:00:00,1,down,0.5566834,0.46,0.09668341,1,0.5566834
2024-09-21 03:00:00,1,down,0.5644103,0.46,0.10441032,1,0.5644103
2024-09-21 04:00:00,2,up,0.5113841,0.46,0.05138412,0,0.46
2024-09-21 05:00:00,2,up,0.48385423,0.46,0.023854226,0,0.46
2024-09-21 06:00:00,2,up,0.47593406,0.46,0.01593405,0,0.46
2024-09-21 07:00:00,2,down,0.4213314,0.46,0.038668603,0,0.46
2024-09-21 08:00:00,2,up,0.5087188,0.46,0.04871878,0,0.46
2024-09-21 09:00:00,2,down,0.40656197,0.46,0.053438038,0,0.46
2024-09-21 10:00:00,1,up,0.5558863,0.46,0.09588632,1,0.5558863
2024-09-21 11:00:00,2,up,0.4235382,0.46,0.0364618,0,0.46
2024-09-21 12:00:00,2,up,0.40765393,0.46,0.05234608,0,0.46
2024-09-21 13:00:00,0,up,0.38233465,0.46,0.07766536,1,0.38233465
2024-09-21 14:00:00,0,down,0.3747677,0.46,0.08523232,1,0.3747677
2024-09-21 15:00:00,2,up,0.46725175,0.46,0.0072517395,0,0.46
2024-09-21 16:00:00,2,up,0.41869575,0.46,0.04130426,0,0.46
2024-09-21 17:00:00,2,down,0.46504346,0.46,0.005043447,0,0.46
2024-09-21 18:00:00,2,down,0.4538028,0.46,0.006197214,0,0.46
2024-09-21 19:00:00,2,down,0.49720076,0.46,0.03720075,0,0.46
2024-09-21 20:00:00,1,down,0.58733517,0.46,0.12733516,1,0.58733517
2024-09-21 21:00:00,1,up,0.5519278,0.46,0.0919278,1,0.5519278
2024-09-21 22:00:00,2,up,0.44716406,0.46,0.01283595,0,0.46
2024-09-21 23:00:00,2,down,0.48609188,0.46,0.026091874,0,0.46
2024-09-22 00:00:00,2,down,0.48683256,0.46,0.02683255,0,0.46
2024-09-22 01:00:00,1,down,0.56335896,0.46,0.103358954,1,0.56335896
2024-09-22 02:00:00,2,up,0.51077557,0.46,0.050775558,0,0.46
2024-09-22 03:00:00,2,down,0.46937972,0.46,0.009379715,0,0.46
2024-09-22 04:00:00,1,down,0.57698965,0.46,0.11698964,1,0.57698965
2024-09-22 05:00:00,1,down,0.57992023,0.46,0.119920224,1,0.57992023
2024-09-22 06:00:00,1,up,0.5825797,0.46,0.122579664,1,0.5825797
2024-09-22 07:00:00,1,up,0.54864705,0.46,0.08864704,1,0.54864705
2024-09-22 08:00:00,2,down,0.48913595,0.46,0.029135942,0,0.46
2024-09-22 09:00:00,1,down,0.5696241,0.46,0.10962412,1,0.5696241
2024-09-22 10:00:00,2,up,0.5101023,0.46,0.050102264,0,0.46
2024-09-22 11:00:00,2,down,0.4949224,0.46,0.03492239,0,0.46
2024-09-22 12:00:00,2,down,0.5101241,0.46,0.05012408,0,0.46
2024-09-22 13:00:00,1,up,0.57633907,0.46,0.11633906,1,0.57633907
2024-09-22 14:00:00,2,down,0.4762955,0.46,0.016295493,0,0.46
2024-09-22 15:00:00,2,up,0.52479553,0.46,0.064795524,0,0.46
2024-09-22 16:00:00,2,up,0.4457748,0.46,0.014225215,0,0.46
2024-09-22 17:00:00,2,down,0.42652583,0.46,0.033474177,0,0.46
2024-09-22 18:00:00,2,up,0.44866294,0.46,0.011337072,0,0.46
2024-09-22 19:00:00,0,up,0.36890885,0.46,0.091091156,1,0.36890885
2024-09-22 20:00:00,2,down,0.44260493,0.46,0.01739508,0,0.46
2024-09-22 21:00:00,2,up,0.5058331,0.46,0.04583308,0,0.46
2024-09-22 22:00:00,2,down,0.5221824,0.46,0.062182397,0,0.46
2024-09-22 23:00:00,2,down,0.49570444,0.46,0.035704434,0,0.46
2024-09-23 00:00:00,2,up,0.41679808,0.46,0.043201923,0,0.46
2024-09-23 01:00:00,2,up,0.42929327,0.46,0.030706733,0,0.46
2024-09-23 02:00:00,0,up,0.38753313,0.46,0.07246688,1,0.38753313
2024-09-23 03:00:00,2,down,0.46647584,0.46,0.006475836,0,0.46
2024-09-23 04:00:00,2,down,0.4854585,0.46,0.025458485,0,0.46
2024-09-23 05:00:00,2,down,0.5079329,0.46,0.047932893,0,0.46
2024-09-23 06:00:00,2,down,0.5105002,0.46,0.050500184,0,0.46
2024-09-23 07:00:00,2,down,0.51724017,0.46,0.05724016,0,0.46
2024-09-23 08:00:00,1,up,0.54346794,0.46,0.08346793,1,0.54346794
2024-09-23 09:00:00,2,down,0.49504274,0.46,0.035042733,0,0.46
2024-09-23 10:00:00,2,down,0.5184552,0.46,0.0584552,0,0.46
2024-09-23 11:00:00,1,down,0.54698795,0.46,0.08698794,1,0.54698795
2024-09-23 12:00:00,1,down,0.547667,0.46,0.08766702,1,0.547667
2024-09-23 13:00:00,2,up,0.52380836,0.46,0.06380835,0,0.46
2024-09-23 14:00:00,2,up,0.488722,0.46,0.028721988,0,0.46
2024-09-23 15:00:00,2,down,0.4054391,0.46,0.0545609,0,0.46
2024-09-23 16:00:00,2,up,0.5018951,0.46,0.04189512,0,0.46
2024-09-23 17:00:00,2,up,0.50724965,0.46,0.047249645,0,0.46
2024-09-23 18:00:00,1,down,0.53458714,0.46,0.07458714,1,0.53458714
2024-09-23 19:00:00,2,up,0.50980264,0.46,0.04980263,0,0.46
2024-09-23 20:00:00,2,up,0.5172765,0.46,0.057276517,0,0.46
2024-09-23 21:00:00,2,down,0.4913026,0.46,0.0313026,0,0.46
2024-09-23 22:00:00,1,up,0.5360617,0.46,0.076061696,1,0.5360617
2024-09-23 23:00:00,2,down,0.48889324,0.46,0.028893232,0,0.46
2024-09-24 00:00:00,1,up,0.5598153,0.46,0.09981528,1,0.5598153
2024-09-24 01:00:00,2,up,0.5181377,0.46,0.058137685,0,0.46
2024-09-24 02:00:00,2,up,0.4783869,0.46,0.0183869,0,0.46
2024-09-24 03:00:00,2,down,0.4847387,0.46,0.0247387,0,0.46
2024-09-24 04:00:00,2,up,0.4879552,0.46,0.027955204,0,0.46
2024-09-24 05:00:00,2,up,0.42366385,0.46,0.036336154,0,0.46
2024-09-24 06:00:00,2,up,0.49830547,0.46,0.03830546,0,0.46
2024-09-24 07:00:00,2,up,0.390859,0.46,0.069141,0,0.46
2024-09-24 08:00:00,2,down,0.40275985,0.46,0.05724016,0,0.46
2024-09-24 09:00:00,2,up,0.52529776,0.46,0.06529775,0,0.46
2024-09-24 10:00:00,2,down,0.48312292,0.46,0.023122907,0,0.46
2024-09-24 11:00:00,2,down,0.47902116,0.46,0.019021153,0,0.46
2024-09-24 12:00:00,2,up,0.5045977,0.46,0.044597715,0,0.46
2024-09-24 13:00:00,2,down,0.50087607,0.46,0.04087606,0,0.46
2024-09-24 14:00:00,2,down,0.49165627,0.46,0.031656265,0,0.46
2024-09-24 15:00:00,2,up,0.5278857,0.46,0.06788567,0,0.46
2024-09-24 16:00:00,2,up,0.52456075,0.46,0.06456074,0,0.46
2024-09-24 17:00:00,2,down,0.42703313,0.46,0.032966882,0,0.46
2024-09-24 18:00:00,2,up,0.42170414,0.46,0.038295865,0,0.46
2024-09-24 19:00:00,2,down,0.4060007,0.46,0.053999305,0,0.46
2024-09-24 20:00:00,2,down,0.4802137,0.46,0.020213693,0,0.46
2024-09-24 21:00:00,2,up,0.467168,0.46,0.007167995,0,0.46
2024-09-24 22:00:00,2,down,0.3947312,0.46,0.065268815,0,0.46
2024-09-24 23:00:00,1,down,0.5317795,0.46,0.07177952,1,0.5317795
2024-09-25 00:00:00,2,up,0.48819262,0.46,0.02819261,0,0.46
2024-09-25 01:00:00,2,up,0.5264185,0.46,0.0664185,0,0.46
2024-09-25 02:00:00,2,up,0.45159027,0.46,0.008409739,0,0.46
2024-09-25 03:00:00,2,down,0.42116886,0.46,0.038831145,0,0.46
2024-09-25 04:00:00,1,down,0.552092,0.46,0.09209201,1,0.552092
2024-09-25 05:00:00,2,down,0.52420795,0.46,0.06420794,0,0.46
2024-09-25 06:00:00,1,up,0.57721007,0.46,0.11721006,1,0.57721007
2024-09-25 07:00:00,2,down,0.51254255,0.46,0.052542537,0,0.46
2024-09-25 08:00:00,1,down,0.5669076,0.46,0.10690758,1,0.5669076
2024-09-25 09:00:00,1,up,0.64666426,0.46,0.18666425,1,0.64666426
2024-09-25 10:00:00,2,up,0.5140775,0.46,0.054077476,0,0.46
2024-09-25 11:00:00,2,down,0.48018527,0.46,0.020185262,0,0.46
2024-09-25 12:00:00,1,up,0.58759457,0.46,0.12759456,1,0.58759457
2024-09-25 13:00:00,2,up,0.45301494,0.46,0.0069850683,0,0.46
2024-09-25 14:00:00,2,down,0.41553172,0.46,0.044468284,0,0.46
2024-09-25 15:00:00,2,down,0.5297598,0.46,0.069759816,0,0.46
2024-09-25 16:00:00,1,down,0.5603291,0.46,0.10032907,1,0.5603291
2024-09-25 17:00:00,1,up,0.5302892,0.46,0.070289165,1,0.5302892
2024-09-25 18:00:00,1,down,0.5375976,0.46,0.07759759,1,0.5375976
2024-09-25 19:00:00,1,up,0.59561974,0.46,0.13561973,1,0.59561974
2024-09-25 20:00:00,2,down,0.49352255,0.46,0.033522546,0,0.46
2024-09-25 21:00:00,1,down,0.539877,0.46,0.07987699,1,0.539877
2024-09-25 22:00:00,2,down,0.52533317,0.46,0.06533316,0,0.46
2024-09-25 23:00:00,1,down,0.5336078,0.46,0.07360777,1,0.5336078
2024-09-26 00:00:00,1,up,0.53719854,0.46,0.077198535,1,0.53719854
2024-09-26 01:00:00,2,up,0.4621249,0.46,0.0021249056,0,0.46
2024-09-26 02:00:00,2,up,0.44413906,0.46,0.015860945,0,0.46
2024-09-26 03:00:00,2,down,0.4085747,0.46,0.051425308,0,0.46
2024-09-26 04:00:00,2,up,0.47548947,0.46,0.015489459,0,0.46
2024-09-26 05:00:00,2,up,0.41526154,0.46,0.04473847,0,0.46
2024-09-26 06:00:00,0,up,0.38201243,0.46,0.07798758,1,0.38201243
2024-09-26 07:00:00,0,down,0.37477884,0.46,0.08522117,1,0.37477884
2024-09-26 08:00:00,2,up,0.49154335,0.46,0.031543344,0,0.46
2024-09-26 09:00:00,2,up,0.42293382,0.46,0.03706619,0,0.46
2024-09-26 10:00:00,2,up,0.42915267,0.46,0.03084734,0,0.46
2024-09-26 11:00:00,2,up,0.44517457,0.46,0.0148254335,0,0.46
2024-09-26 12:00:00,2,down,0.47351757,0.46,0.013517559,0,0.46
2024-09-26 13:00:00,2,down,0.40396068,0.46,0.056039333,0,0.46
2024-09-26 14:00:00,2,up,0.4648268,0.46,0.004826784,0,0.46
2024-09-26 15:00:00,2,up,0.47527084,0.46,0.015270829,0,0.46
2024-09-26 16:00:00,2,down,0.4634765,0.46,0.0034765005,0,0.46
2024-09-26 17:00:00,1,up,0.53831446,0.46,0.07831445,1,0.53831446
2024-09-26 18:00:00,0,down,0.35750327,0.46,0.10249674,1,0.35750327
2024-09-26 19:00:00,1,down,0.58950806,0.46,0.12950805,1,0.58950806
2024-09-26 20:00:00,1,up,0.6206993,0.46,0.16069928,1,0.6206993
2024-09-26 21:00:00,2,up,0.47975823,0.46,0.019758224,0,0.46
2024-09-26 22:00:00,2,up,0.49116126,0.46,0.031161249,0,0.46
2024-09-26 23:00:00,2,up,0.44558784,0.46,0.014412165,0,0.46
2024-09-27 00:00:00,2,down,0.40497404,0.46,0.055025965,0,0.46
2024-09-27 01:00:00,2,down,0.45385897,0.46,0.0061410367,0,0.46
2024-09-27 02:00:00,1,up,0.5450192,0.46,0.0850192,1,0.5450192
2024-09-27 03:00:00,2,down,0.41389745,0.46,0.046102554,0,0.46
2024-09-27 04:00:00,2,up,0.4593438,0.46,0.00065621734,0,0.46
2024-09-27 05:00:00,2,down,0.39451197,0.46,0.06548804,0,0.46
2024-09-27 06:00:00,2,up,0.44362575,0.46,0.01637426,0,0.46
2024-09-27 07:00:00,2,up,0.4043645,0.46,0.055635512,0,0.46
2024-09-27 08:00:00,0,up,0.38249877,0.46,0.07750124,1,0.38249877
2024-09-27 09:00:00,2,down,0.4542148,0.46,0.005785197,0,0.46
2024-09-27 10:00:00,1,down,0.53897077,0.46,0.07897076,1,0.53897077
2024-09-27 11:00:00,2,up,0.5020136,0.46,0.042013615,0,0.46
2024-09-27 12:00:00,2,down,0.43171144,0.46,0.028288573,0,0.46
2024-09-27 13:00:00,2,up,0.43387666,0.46,0.026123345,0,0.46
2024-09-27 14:00:00,2,down,0.41930473,0.46,0.04069528,0,0.46
2024-09-27 15:00:00,2,up,0.485834,0.46,0.025833994,0,0.46
2024-09-27 16:00:00,0,down,0.3701823,0.46,0.0898177,1,0.3701823
2024-09-27 17:00:00,1,down,0.5304536,0.46,0.070453614,1,0.5304536
2024-09-27 18:00:00,2,down,0.4419874,0.46,0.018012613,0,0.46
2024-09-27 19:00:00,1,up,0.5954577,0.46,0.13545766,1,0.5954577
2024-09-27 20:00:00,2,up,0.49427617,0.46,0.034276158,0,0.46
2024-09-27 21:00:00,1,up,0.55641633,0.46,0.096416324,1,0.55641633
2024-09-27 22:00:00,2,down,0.4603107,0.46,0.0003106892,0,0.46
2024-09-27 23:00:00,2,up,0.5065571,0.46,0.0465571,0,0.46
2024-09-28 00:00:00,2,up,0.409811,0.46,0.05018902,0,0.46
2024-09-28 01:00:00,0,up,0.3880726,0.46,0.0719274,1,0.3880726
2024-09-28 02:00:00,0,down,0.36924034,0.46,0.090759665,1,0.36924034
2024-09-28 03:00:00,2,down,0.44445047,0.46,0.0155495405,0,0.46
2024-09-28 04:00:00,2,down,0.4542638,0.46,0.005736202,0,0.46
2024-09-28 05:00:00,2,down,0.50872743,0.46,0.048727423,0,0.46
2024-09-28 06:00:00,1,up,0.56401384,0.46,0.10401383,1,0.56401384
2024-09-28 07:00:00,1,down,0.57430154,0.46,0.11430153,1,0.57430154
2024-09-28 08:00:00,1,down,0.597924,0.46,0.13792399,1,0.597924
2024-09-28 09:00:00,2,up,0.48801938,0.46,0.028019369,0,0.46
2024-09-28 10:00:00,2,up,0.4664235,0.46,0.006423503,0,0.46
2024-09-28 11:00:00,2,down,0.46828562,0.46,0.008285612,0,0.46
2024-09-28 12:00:00,2,down,0.52758586,0.46,0.067585856,0,0.46
2024-09-28 13:00:00,1,up,0.53353184,0.46,0.073531836,1,0.53353184
2024-09-28 14:00:00,2,down,0.52017903,0.46,0.060179025,0,0.46
2024-09-28 15:00:00,1,down,0.57089573,0.46,0.11089572,1,0.57089573
2024-09-28 16:00:00,1,up,0.55760777,0.46,0.09760776,1,0.55760777
2024-09-28 17:00:00,2,up,0.5269835,0.46,0.06698349,0,0.46
2024-09-28 18:00:00,2,up,0.48212785,0.46,0.022127837,0,0.46
2024-09-28 19:00:00,2,down,0.5084703,0.46,0.04847029,0,0.46
2024-09-28 20:00:00,1,up,0.58648247,0.46,0.12648246,1,0.58648247
2024-09-28 21:00:00,2,down,0.45502293,0.46,0.0049770772,0,0.46
2024-09-28 22:00:00,2,up,0.5157234,0.46,0.0557234,0,0.46
2024-09-28 23:00:00,2,down,0.43744382,0.46,0.022556186,0,0.46
2024-09-29 00:00:00,2,up,0.5018745,0.46,0.041874498,0,0.46
2024-09-29 01:00:00,0,down,0.36946645,0.46,0.090533555,1,0.36946645
2024-09-29 02:00:00,1,down,0.55098325,0.46,0.09098324,1,0.55098325
2024-09-29 03:00:00,2,down,0.43873912,0.46,0.021260887,0,0.46
2024-09-29 04:00:00,2,down,0.5237087,0.46,0.06370869,0,0.46
2024-09-29 05:00:00,1,down,0.53038514,0.46,0.07038513,1,0.53038514
2024-09-29 06:00:00,1,down,0.6600763,0.46,0.20007631,1,0.6600763
2024-09-29 07:00:00,1,up,0.5808664,0.46,0.12086639,1,0.5808664
2024-09-29 08:00:00,2,up,0.48368287,0.46,0.023682863,0,0.46
2024-09-29 09:00:00,1,down,0.57130885,0.46,0.11130884,1,0.57130885
2024-09-29 10:00:00,1,up,0.5329524,0.46,0.07295242,1,0.5329524
2024-09-29 11:00:00,2,down,0.44070444,0.46,0.019295573,0,0.46
2024-09-29 12:00:00,1,up,0.54313076,0.46,0.08313075,1,0.54313076
2024-09-29 13:00:00,2,down,0.39468625,0.46,0.06531376,0,0.46
2024-09-29 14:00:00,1,up,0.5302804,0.46,0.0702804,1,0.5302804
2024-09-29 15:00:00,2,up,0.40524152,0.46,0.05475849,0,0.46
2024-09-29 16:00:00,2,up,0.4613196,0.46,0.0013195872,0,0.46
2024-09-29 17:00:00,2,down,0.4750866,0.46,0.015086591,0,0.46
2024-09-29 18:00:00,2,up,0.48152664,0.46,0.021526635,0,0.46
2024-09-29 19:00:00,0,down,0.3592071,0.46,0.100792915,1,0.3592071
2024-09-29 20:00:00,2,up,0.5263267,0.46,0.06632671,0,0.46
2024-09-29 21:00:00,2,down,0.47653633,0.46,0.016536325,0,0.46
2024-09-29 22:00:00,2,down,0.51829064,0.46,0.05829063,0,0.46
2024-09-29 23:00:00,2,down,0.5103111,0.46,0.05031112,0,0.46
2024-09-30 00:00:00,2,down,0.474701,0.46,0.014700979,0,0.46
2024-09-30 01:00:00,1,down,0.54466796,0.46,0.08466795,1,0.54466796
2024-09-30 02:00:00,1,up,0.6187396,0.46,0.1587396,1,0.6187396
2024-09-30 03:00:00,2,down,0.44956818,0.46,0.010431826,0,0.46
2024-09-30 04:00:00,2,up,0.5104628,0.46,0.050462812,0,0.46
2024-09-30 05:00:00,2,down,0.5067273,0.46,0.04672727,0,0.46
2024-09-30 06:00:00,1,up,0.6489706,0.46,0.1889706,1,0.6489706
2024-09-30 07:00:00,2,down,0.5261659,0.46,0.066165894,0,0.46
2024-09-30 08:00:00,1,down,0.54188776,0.46,0.08188775,1,0.54188776
2024-09-30 09:00:00,1,up,0.62229925,0.46,0.16229925,1,0.62229925
2024-09-30 10:00:00,2,up,0.43774855,0.46,0.022251457,0,0.46
2024-09-30 11:00:00,2,up,0.49354288,0.46,0.03354287,0,0.46
2024-09-30 12:00:00,2,down,0.42950544,0.46,0.03049457,0,0.46
2024-09-30 13:00:00,2,down,0.5201056,0.46,0.060105592,0,0.46
2024-09-30 14:00:00,2,down,0.51637447,0.46,0.05637446,0,0.46
2024-09-30 15:00:00,1,down,0.5518283,0.46,0.09182832,1,0.5518283
2024-09-30 16:00:00,1,up,0.5768381,0.46,0.11683807,1,0.5768381
2024-09-30 17:00:00,2,down,0.4586752,0.46,0.0013248026,0,0.46
2024-09-30 18:00:00,1,up,0.54631525,0.46,0.086315244,1,0.54631525
2024-09-30 19:00:00,1,up,0.5365017,0.46,0.0765017,1,0.5365017
2024-09-30 20:00:00,2,down,0.44525737,0.46,0.014742643,0,0.46
2024-09-30 21:00:00,2,down,0.48127607,0.46,0.021276057,0,0.46
2024-09-30 22:00:00,1,down,0.602716,0.46,0.14271602,1,0.602716
2024-09-30 23:00:00,1,up,0.5570496,0.46,0.097049564,1,0.5570496
2024-10-01 00:00:00,2,down,0.49039572,0.46,0.030395716,0,0.46
2024-10-01 01:00:00,1,down,0.53291863,0.46,0.07291862,1,0.53291863
2024-10-01 02:00:00,2,up,0.5062964,0.46,0.046296388,0,0.46
2024-10-01 03:00:00,2,up,0.40343812,0.46,0.056561887,0,0.46
2024-10-01 04:00:00,0,down,0.38374174,0.46,0.07625827,1,0.38374174
2024-10-01 05:00:00,2,up,0.45568883,0.46,0.004311174,0,0.46
2024-10-01 06:00:00,0,up,0.38842896,0.46,0.07157105,1,0.38842896
2024-10-01 07:00:00,2,down,0.41494423,0.46,0.045055777,0,0.46
2024-10-01 08:00:00,2,down,0.4429541,0.46,0.017045915,0,0.46
2024-10-01 09:00:00,1,up,0.53694904,0.46,0.07694903,1,0.53694904
2024-10-01 10:00:00,2,down,0.48031047,0.46,0.020310462,0,0.46
2024-10-01 11:00:00,1,down,0.5859277,0.46,0.12592772,1,0.5859277
2024-10-01 12:00:00,1,down,0.55777633,0.46,0.09777632,1,0.55777633
2024-10-01 13:00:00,2,down,0.5204391,0.46,0.06043908,0,0.46
2024-10-01 14:00:00,1,up,0.59983516,0.46,0.13983515,1,0.59983516
2024-10-01 15:00:00,2,down,0.44709742,0.46,0.012902588,0,0.46
2024-10-01 16:00:00,2,down,0.49070984,0.46,0.030709833,0,0.46
2024-10-01 17:00:00,2,down,0.46662495,0.46,0.006624937,0,0.46
2024-10-01 18:00:00,1,down,0.6136553,0.46,0.15365532,1,0.6136553
2024-10-01 19:00:00,1,down,0.59314007,0.46,0.13314006,1,0.59314007
2024-10-01 20:00:00,1,up,0.533911,0.46,0.07391098,1,0.533911
2024-10-01 21:00:00,2,down,0.4814281,0.46,0.021428078,0,0.46
2024-10-01 22:00:00,1,up,0.5831401,0.46,0.12314007,1,0.5831401
2024-10-01 23:00:00,1,up,0.5368,0.46,0.07680002,1,0.5368
2024-10-02 00:00:00,1,up,0.53266805,0.46,0.072668046,1,0.53266805
2024-10-02 01:00:00,2,up,0.40055668,0.46,0.059443325,0,0.46
2024-10-02 02:00:00,0,down,0.3797772,0.46,0.080222815,1,0.3797772
2024-10-02 03:00:00,2,down,0.4167932,0.46,0.04320681,0,0.46
2024-10-02 04:00:00,2,down,0.51249295,0.46,0.052492946,0,0.46
2024-10-02 05:00:00,2,up,0.48371184,0.46,0.02371183,0,0.46
2024-10-02 06:00:00,2,up,0.4640739,0.46,0.004073888,0,0.46
2024-10-02 07:00:00,2,up,0.48124772,0.46,0.021247715,0,0.46
2024-10-02 08:00:00,2,down,0.43323183,0.46,0.026768178,0,0.46
2024-10-02 09:00:00,1,down,0.5486184,0.46,0.08861837,1,0.5486184
2024-10-02 10:00:00,1,down,0.578619,0.46,0.118618995,1,0.578619
2024-10-02 11:00:00,1,down,0.55638385,0.46,0.09638384,1,0.55638385
2024-10-02 12:00:00,1,up,0.5703697,0.46,0.11036971,1,0.5703697
2024-10-02 13:00:00,2,down,0.47468072,0.46,0.014680713,0,0.46
2024-10-02 14:00:00,1,up,0.5555242,0.46,0.09552416,1,0.5555242
2024-10-02 15:00:00,2,down,0.42343253,0.46,0.03656748,0,0.46
2024-10-02 16:00:00,2,down,0.49967012,0.46,0.03967011,0,0.46
2024-10-02 17:00:00,2,down,0.42909536,0.46,0.03090465,0,0.46
2024-10-02 18:00:00,1,down,0.60633516,0.46,0.14633515,1,0.60633516
2024-10-02 19:00:00,1,up,0.55426896,0.46,0.09426895,1,0.55426896
2024-10-02 20:00:00,2,down,0.47277576,0.46,0.012775749,0,0.46
2024-10-02 21:00:00,2,up,0.5163106,0.46,0.056310564,0,0.46
2024-10-02 22:00:00,2,down,0.47139543,0.46,0.011395425,0,0.46
2024-10-02 23:00:00,1,up,0.5595477,0.46,0.099547714,1,0.5595477
2024-10-03 00:00:00,2,up,0.43332657,0.46,0.026673436,0,0.46
2024-10-03 01:00:00,2,up,0.49490172,0.46,0.03490171,0,0.46
2024-10-03 02:00:00,2,up,0.43495128,0.46,0.025048733,0,0.46
2024-10-03 03:00:00,0,down,0.38445732,0.46,0.07554269,1,0.38445732
2024-10-03 04:00:00,2,down,0.4768923,0.46,0.016892284,0,0.46
2024-10-03 05:00:00,2,up,0.4562134,0.46,0.0037865937,0,0.46
2024-10-03 06:00:00,2,down,0.47238526,0.46,0.012385249,0,0.46
2024-10-03 07:00:00,2,down,0.51366323,0.46,0.053663224,0,0.46
2024-10-03 08:00:00,1,up,0.5730523,0.46,0.11305228,1,0.5730523
2024-10-03 09:00:00,2,up,0.4867876,0.46,0.026787579,0,0.46
2024-10-03 10:00:00,2,down,0.47782707,0.46,0.017827064,0,0.46
2024-10-03 11:00:00,2,down,0.52841824,0.46,0.068418235,0,0.46
2024-10-03 12:00:00,1,down,0.55461586,0.46,0.09461585,1,0.55461586
2024-10-03 13:00:00,2,down,0.49460578,0.46,0.03460577,0,0.46
2024-10-03 14:00:00,1,up,0.5919812,0.46,0.13198116,1,0.5919812
2024-10-03 15:00:00,2,down,0.44522476,0.46,0.014775246,0,0.46
2024-10-03 16:00:00,1,up,0.55011076,0.46,0.09011075,1,0.55011076
2024-10-03 17:00:00,2,up,0.42777246,0.46,0.032227546,0,0.46
2024-10-03 18:00:00,2,up,0.4556324,0.46,0.0043676198,0,0.46
2024-10-03 19:00:00,0,down,0.3691233,0.46,0.0908767,1,0.3691233
2024-10-03 20:00:00,2,up,0.48002055,0.46,0.020020545,0,0.46
2024-10-03 21:00:00,2,up,0.4327209,0.46,0.027279109,0,0.46
2024-10-03 22:00:00,2,down,0.48976317,0.46,0.029763162,0,0.46
2024-10-03 23:00:00,2,down,0.47589993,0.46,0.015899926,0,0.46
2024-10-04 00:00:00,1,up,0.5545878,0.46,0.09458777,1,0.5545878
2024-10-04 01:00:00,2,down,0.40490162,0.46,0.055098385,0,0.46
2024-10-04 02:00:00,2,down,0.44472504,0.46,0.015274972,0,0.46
2024-10-04 03:00:00,2,up,0.45319688,0.46,0.006803125,0,0.46
2024-10-04 04:00:00,2,up,0.507533,0.46,0.047533005,0,0.46
2024-10-04 05:00:00,0,down,0.37291768,0.46,0.08708233,1,0.37291768
2024-10-04 06:00:00,2,up,0.45790094,0.46,0.002099067,0,0.46
2024-10-04 07:00:00,0,up,0.381029,0.46,0.078971,1,0.381029
2024-10-04 08:00:00,2,down,0.45339027,0.46,0.006609738,0,0.46
2024-10-04 09:00:00,2,down,0.45337304,0.46,0.0066269636,0,0.46
2024-10-04 10:00:00,2,up,0.50468546,0.46,0.044685453,0,0.46
2024-10-04 11:00:00,2,up,0.4199523,0.46,0.040047705,0,0.46
2024-10-04 12:00:00,0,down,0.3893524,0.46,0.0706476,1,0.3893524
2024-10-04 13:00:00,2,down,0.503995,0.46,0.043994993,0,0.46
2024-10-04 14:00:00,2,up,0.4811656,0.46,0.02116558,0,0.46
2024-10-04 15:00:00,2,up,0.40900254,0.46,0.050997466,0,0.46
2024-10-04 16:00:00,2,down,0.4037205,0.46,0.05627951,0,0.46
2024-10-04 17:00:00,2,up,0.47416475,0.46,0.014164746,0,0.46
2024-10-04 18:00:00,0,up,0.37773904,0.46,0.08226097,1,0.37773904
2024-10-04 19:00:00,2,up,0.41905296,0.46,0.04094705,0,0.46
2024-10-04 20:00:00,0,down,0.37266088,0.46,0.08733913,1,0.37266088
2024-10-04 21:00:00,2,down,0.5259101,0.46,0.06591007,0,0.46
2024-10-04 22:00:00,2,down,0.5131312,0.46,0.053131193,0,0.46
2024-10-04 23:00:00,2,up,0.5207048,0.46,0.060704798,0,0.46
2024-10-05 00:00:00,2,down,0.45771605,0.46,0.0022839606,0,0.46
2024-10-05 01:00:00,2,down,0.52937496,0.46,0.06937495,0,0.46
2024-10-05 02:00:00,1,up,0.5991363,0.46,0.13913628,1,0.5991363
2024-10-05 03:00:00,1,up,0.54474825,0.46,0.08474824,1,0.54474825
2024-10-05 04:00:00,2,up,0.514281,0.46,0.054280967,0,0.46
2024-10-05 05:00:00,2,up,0.42498747,0.46,0.035012543,0,0.46
2024-10-05 06:00:00,0,down,0.37770176,0.46,0.08229825,1,0.37770176
2024-10-05 07:00:00,2,up,0.52109617,0.46,0.06109616,0,0.46
2024-10-05 08:00:00,2,up,0.4639903,0.46,0.0039902925,0,0.46
2024-10-05 09:00:00,2,down,0.4650117,0.46,0.0050116777,0,0.46
2024-10-05 10:00:00,2,down,0.47065246,0.46,0.010652453,0,0.46
2024-10-05 11:00:00,2,up,0.5082963,0.46,0.048296303,0,0.46
2024-10-05 12:00:00,2,down,0.39600706,0.46,0.06399295,0,0.46
2024-10-05 13:00:00,2,up,0.5186933,0.46,0.05869332,0,0.46
2024-10-05 14:00:00,2,down,0.46929505,0.46,0.009295046,0,0.46
2024-10-05 15:00:00,2,down,0.5149177,0.46,0.054917663,0,0.46
2024-10-05 16:00:00,1,up,0.6369606,0.46,0.17696062,1,0.6369606
2024-10-05 17:00:00,2,down,0.46930194,0.46,0.009301931,0,0.46
2024-10-05 18:00:00,1,down,0.614197,0.46,0.154197,1,0.614197
2024-10-05 19:00:00,1,down,0.54674923,0.46,0.086749226,1,0.54674923
2024-10-05 20:00:00,1,up,0.62066615,0.46,0.16066614,1,0.62066615
2024-10-05 21:00:00,2,up,0.52532107,0.46,0.06532106,0,0.46
2024-10-05 22:00:00,2,up,0.446099,0.46,0.013900995,0,0.46
2024-10-05 23:00:00,2,down,0.43832675,0.46,0.021673262,0,0.46
2024-10-06 00:00:00,1,up,0.55008715,0.46,0.090087146,1,0.55008715
2024-10-06 01:00:00,2,down,0.4594277,0.46,0.000572294,0,0.46
2024-10-06 02:00:00,1,down,0.57637227,0.46,0.11637226,1,0.57637227
2024-10-06 03:00:00,1,down,0.6143436,0.46,0.15434358,1,0.6143436
2024-10-06 04:00:00,2,up,0.5262777,0.46,0.06627771,0,0.46
2024-10-06 05:00:00,2,up,0.5176191,0.46,0.057619065,0,0.46
2024-10-06 06:00:00,2,down,0.49158552,0.46,0.031585515,0,0.46
2024-10-06 07:00:00,1,up,0.53141814,0.46,0.07141814,1,0.53141814
2024-10-06 08:00:00,2,up,0.47469237,0.46,0.014692366,0,0.46
2024-10-06 09:00:00,2,down,0.45939118,0.46,0.00060883164,0,0.46
2024-10-06 10:00:00,2,up,0.48677868,0.46,0.026778668,0,0.46
2024-10-06 11:00:00,2,up,0.39593723,0.46,0.064062774,0,0.46
2024-10-06 12:00:00,0,up,0.37319428,0.46,0.08680573,1,0.37319428
2024-10-06 13:00:00,2,up,0.44942787,0.46,0.010572135,0,0.46
2024-10-06 14:00:00,2,up,0.4225254,0.46,0.037474602,0,0.46
2024-10-06 15:00:00,0,down,0.38592282,0.46,0.07407719,1,0.38592282
2024-10-06 16:00:00,1,down,0.53739005,0.46,0.077390045,1,0.53739005
2024-10-06 17:00:00,2,up,0.52696484,0.46,0.066964835,0,0.46
2024-10-06 18:00:00,2,down,0.42255157,0.46,0.037448436,0,0.46
2024-10-06 19:00:00,2,down,0.4945903,0.46,0.034590304,0,0.46
2024-10-06 20:00:00,2,down,0.46966985,0.46,0.00966984,0,0.46
2024-10-06 21:00:00,1,up,0.63863593,0.46,0.17863593,1,0.63863593
2024-10-06 22:00:00,2,up,0.40293157,0.46,0.057068437,0,0.46
2024-10-06 23:00:00,2,up,0.42729247,0.46,0.032707542,0,0.46
2024-10-07 00:00:00,2,up,0.45939893,0.46,0.00060108304,0,0.46
2024-10-07 01:00:00,2,down,0.44216725,0.46,0.017832756,0,0.46
2024-10-07 02:00:00,2,down,0.5113927,0.46,0.051392704,0,0.46
2024-10-07 03:00:00,2,down,0.49430802,0.46,0.034308016,0,0.46
2024-10-07 04:00:00,1,down,0.5350145,0.46,0.0750145,1,0.5350145
2024-10-07 05:00:00,1,up,0.55783635,0.46,0.097836345,1,0.55783635
2024-10-07 06:00:00,2,down,0.40343028,0.46,0.056569725,0,0.46
2024-10-07 07:00:00,2,up,0.51707476,0.46,0.057074755,0,0.46
2024-10-07 08:00:00,2,down,0.5006753,0.46,0.040675312,0,0.46
2024-10-07 09:00:00,1,down,0.58070153,0.46,0.12070152,1,0.58070153
2024-10-07 10:00:00,1,up,0.6222273,0.46,0.1622273,1,0.6222273
2024-10-07 11:00:00,2,down,0.46529147,0.46,0.005291462,0,0.46
2024-10-07 12:00:00,1,up,0.58177716,0.46,0.12177715,1,0.58177716
2024-10-07 13:00:00,2,up,0.44981214,0.46,0.010187864,0,0.46
2024-10-07 14:00:00,2,down,0.50066394,0.46,0.040663928,0,0.46
2024-10-07 15:00:00,2,up,0.50518197,0.46,0.04518196,0,0.46
2024-10-07 16:00:00,0,up,0.37496686,0.46,0.08503315,1,0.37496686
2024-10-07 17:00:00,2,down,0.41937923,0.46,0.040620774,0,0.46
2024-10-07 18:00:00,1,up,0.56140363,0.46,0.101403624,1,0.56140363
2024-10-07 19:00:00,2,down,0.45766932,0.46,0.0023306906,0,0.46
2024-10-07 20:00:00,1,up,0.6087464,0.46,0.1487464,1,0.6087464
2024-10-07 21:00:00,2,down,0.43830892,0.46,0.021691084,0,0.46
2024-10-07 22:00:00,1,down,0.5835764,0.46,0.12357637,1,0.5835764
2024-10-07 23:00:00,1,up,0.6059042,0.46,0.14590421,1,0.6059042
2024-10-08 00:00:00,2,up,0.5064383,0.46,0.046438307,0,0.46
2024-10-08 01:00:00,2,up,0.48458588,0.46,0.024585873,0,0.46
2024-10-08 02:00:00,2,down,0.45343277,0.46,0.0065672398,0,0.46
2024-10-08 03:00:00,2,up,0.49391168,0.46,0.033911675,0,0.46
2024-10-08 04:00:00,2,down,0.4792822,0.46,0.019282192,0,0.46
2024-10-08 05:00:00,1,down,0.5376232,0.46,0.07762322,1,0.5376232
2024-10-08 06:00:00,2,down,0.5276715,0.46,0.06767151,0,0.46
2024-10-08 07:00:00,1,up,0.55402815,0.46,0.094028145,1,0.55402815
2024-10-08 08:00:00,2,up,0.47721982,0.46,0.017219812,0,0.46
2024-10-08 09:00:00,2,down,0.48599246,0.46,0.025992453,0,0.46
2024-10-08 10:00:00,2,up,0.5079339,0.46,0.047933906,0,0.46
2024-10-08 11:00:00,2,down,0.45974246,0.46,0.00025755167,0,0.46
2024-10-08 12:00:00,1,up,0.553996,0.46,0.09399602,1,0.553996
2024-10-08 13:00:00,0,down,0.38332433,0.46,0.07667568,1,0.38332433
2024-10-08 14:00:00,2,down,0.44755116,0.46,0.012448847,0,0.46
2024-10-08 15:00:00,2,up,0.49923632,0.46,0.039236307,0,0.46
2024-10-08 16:00:00,2,down,0.4544218,0.46,0.00557822,0,0.46
2024-10-08 17:00:00,2,down,0.5074957,0.46,0.047495693,0,0.46
2024-10-08 18:00:00,1,up,0.56526035,0.46,0.10526034,1,0.56526035
2024-10-08 19:00:00,1,up,0.5469183,0.46,0.086918265,1,0.5469183
2024-10-08 20:00:00,2,up,0.48564672,0.46,0.025646716,0,0.46
2024-10-08 21:00:00,2,down,0.5037154,0.46,0.043715388,0,0.46
2024-10-08 22:00:00,1,down,0.60562396,0.46,0.14562395,1,0.60562396
2024-10-08 23:00:00,1,down,0.54085994,0.46,0.08085993,1,0.54085994
2024-10-09 00:00:00,1,up,0.5359375,0.46,0.07593748,1,0.5359375
2024-10-09 01:00:00,2,down,0.44155765,0.46,0.018442363,0,0.46
2024-10-09 02:00:00,1,up,0.54824215,0.46,0.08824214,1,0.54824215
2024-10-09 03:00:00,2,down,0.4163678,0.46,0.04363221,0,0.46
2024-10-09 04:00:00,2,up,0.5085718,0.46,0.048571795,0,0.46
2024-10-09 05:00:00,2,down,0.3980942,0.46,0.0619058,0,0.46
2024-10-09 06:00:00,2,down,0.4696609,0.46,0.0096609,0,0.46
2024-10-09 07:00:00,2,down,0.49526584,0.46,0.035265833,0,0.46
2024-10-09 08:00:00,1,up,0.5363085,0.46,0.07630852,1,0.5363085
2024-10-09 09:00:00,2,down,0.46855524,0.46,0.0085552335,0,0.46
2024-10-09 10:00:00,1,up,0.566491,0.46,0.106491,1,0.566491
2024-10-09 11:00:00,2,down,0.5107575,0.46,0.050757498,0,0.46
2024-10-09 12:00:00,2,down,0.52682143,0.46,0.066821426,0,0.46
2024-10-09 13:00:00,1,up,0.6076458,0.46,0.1476458,1,0.6076458
2024-10-09 14:00:00,2,up,0.4985391,0.46,0.03853908,0,0.46
2024-10-09 15:00:00,2,down,0.45061234,0.46,0.009387672,0,0.46
2024-10-09 16:00:00,1,down,0.5834576,0.46,0.12345758,1,0.5834576
2024-10-09 17:00:00,1,down,0.55439574,0.46,0.09439573,1,0.55439574
2024-10-09 18:00:00,1,down,0.5995953,0.46,0.1395953,1,0.5995953
2024-10-09 19:00:00,1,down,0.55319667,0.46,0.09319666,1,0.55319667
2024-10-09 20:00:00,1,up,0.59996545,0.46,0.13996544,1,0.59996545
2024-10-09 21:00:00,2,down,0.48722696,0.46,0.027226955,0,0.46
2024-10-09 22:00:00,1,down,0.57190585,0.46,0.11190584,1,0.57190585
2024-10-09 23:00:00,1,down,0.5977749,0.46,0.13777491,1,0.5977749
2024-10-10 00:00:00,1,up,0.5707063,0.46,0.1107063,1,0.5707063
2024-10-10 01:00:00,2,up,0.4844088,0.46,0.024408787,0,0.46
2024-10-10 02:00:00,2,down,0.46573943,0.46,0.0057394207,0,0.46
2024-10-10 03:00:00,2,up,0.5188304,0.46,0.05883041,0,0.46
2024-10-10 04:00:00,2,up,0.5064827,0.46,0.046482712,0,0.46
2024-10-10 05:00:00,2,up,0.50772136,0.46,0.047721356,0,0.46
2024-10-10 06:00:00,2,down,0.39132315,0.46,0.06867686,0,0.46
2024-10-10 07:00:00,1,down,0.59433633,0.46,0.13433632,1,0.59433633
2024-10-10 08:00:00,1,up,0.54958683,0.46,0.089586824,1,0.54958683
2024-10-10 09:00:00,2,up,0.46980336,0.46,0.009803355,0,0.46
2024-10-10 10:00:00,2,up,0.4730473,0.46,0.013047278,0,0.46
2024-10-10 11:00:00,2,down,0.41052914,0.46,0.04947087,0,0.46
2024-10-10 12:00:00,2,down,0.49660096,0.46,0.036600947,0,0.46
2024-10-10 13:00:00,2,down,0.50902414,0.46,0.049024135,0,0.46
2024-10-10 14:00:00,1,up,0.5505731,0.46,0.0905731,1,0.5505731
2024-10-10 15:00:00,2,down,0.46993938,0.46,0.009939373,0,0.46
2024-10-10 16:00:00,1,down,0.61035395,0.46,0.15035394,1,0.61035395
2024-10-10 17:00:00,1,down,0.6265902,0.46,0.16659018,1,0.6265902
2024-10-10 18:00:00,2,up,0.46556997,0.46,0.0055699646,0,0.46
2024-10-10 19:00:00,2,up,0.49225992,0.46,0.03225991,0,0.46
2024-10-10 20:00:00,1,up,0.5581527,0.46,0.09815267,1,0.5581527
2024-10-10 21:00:00,2,down,0.43730462,0.46,0.022695392,0,0.46
2024-10-10 22:00:00,2,up,0.43026632,0.46,0.029733688,0,0.46
2024-10-10 23:00:00,2,down,0.41613382,0.46,0.043866187,0,0.46
2024-10-11 00:00:00,2,up,0.5125654,0.46,0.052565366,0,0.46
2024-10-11 01:00:00,2,down,0.41359076,0.46,0.04640925,0,0.46
2024-10-11 02:00:00,2,up,0.40784538,0.46,0.05215463,0,0.46
2024-10-11 03:00:00,2,up,0.4496376,0.46,0.0103624165,0,0.46
2024-10-11 04:00:00,0,down,0.37688777,0.46,0.08311224,1,0.37688777
2024-10-11 05:00:00,2,up,0.48026252,0.46,0.02026251,0,0.46
2024-10-11 06:00:00,2,down,0.43257943,0.46,0.02742058,0,0.46
2024-10-11 07:00:00,2,down,0.46408564,0.46,0.00408563,0,0.46
2024-10-11 08:00:00,2,up,0.4630769,0.46,0.0030768812,0,0.46
2024-10-11 09:00:00,0,up,0.38763967,0.46,0.07236034,1,0.38763967
2024-10-11 10:00:00,2,up,0.4152412,0.46,0.044758797,0,0.46
2024-10-11 11:00:00,2,up,0.39800742,0.46,0.061992586,0,0.46
2024-10-11 12:00:00,0,up,0.36166224,0.46,0.09833777,1,0.36166224
2024-10-11 13:00:00,2,up,0.4211179,0.46,0.038882107,0,0.46
2024-10-11 14:00:00,2,up,0.4620795,0.46,0.0020794868,0,0.46
2024-10-11 15:00:00,2,up,0.40577847,0.46,0.05422154,0,0.46
2024-10-11 16:00:00,2,up,0.47527987,0.46,0.015279859,0,0.46
2024-10-11 17:00:00,0,up,0.36224177,0.46,0.09775823,1,0.36224177
2024-10-11 18:00:00,0,up,0.37306643,0.46,0.08693358,1,0.37306643
2024-10-11 19:00:00,2,down,0.44362754,0.46,0.016372472,0,0.46
2024-10-11 20:00:00,2,down,0.4058991,0.46,0.0541009,0,0.46
2024-10-11 21:00:00,2,down,0.49751014,0.46,0.037510127,0,0.46
2024-10-11 22:00:00,1,up,0.6011884,0.46,0.14118841,1,0.6011884
2024-10-11 23:00:00,2,up,0.52944833,0.46,0.06944832,0,0.46
2024-10-12 00:00:00,2,down,0.46038142,0.46,0.00038141012,0,0.46
2024-10-12 01:00:00,2,down,0.5299154,0.46,0.069915384,0,0.46
2024-10-12 02:00:00,1,up,0.55699027,0.46,0.09699026,1,0.55699027
2024-10-12 03:00:00,2,up,0.48728254,0.46,0.027282536,0,0.46
2024-10-12 04:00:00,1,up,0.5715057,0.46,0.11150572,1,0.5715057
2024-10-12 05:00:00,2,down,0.4376905,0.46,0.022309512,0,0.46
2024-10-12 06:00:00,1,up,0.53033334,0.46,0.07033333,1,0.53033334
2024-10-12 07:00:00,0,down,0.38757542,0.46,0.07242459,1,0.38757542
2024-10-12 08:00:00,2,up,0.47444183,0.46,0.014441818,0,0.46
2024-10-12 09:00:00,0,up,0.3730935,0.46,0.08690652,1,0.3730935
2024-10-12 10:00:00,0,down,0.36668208,0.46,0.093317926,1,0.36668208
2024-10-12 11:00:00,2,up,0.47885156,0.46,0.018851548,0,0.46
2024-10-12 12:00:00,0,up,0.3685746,0.46,0.09142542,1,0.3685746
2024-10-12 13:00:00,2,up,0.43124938,0.46,0.028750628,0,0.46
2024-10-12 14:00:00,2,down,0.3952881,0.46,0.0647119,0,0.46
2024-10-12 15:00:00,2,down,0.47365963,0.46,0.013659626,0,0.46
2024-10-12 16:00:00,2,up,0.5195819,0.46,0.059581906,0,0.46
2024-10-12 17:00:00,2,down,0.5225463,0.46,0.06254628,0,0.46
2024-10-12 18:00:00,1,up,0.60642433,0.46,0.14642432,1,0.60642433
2024-10-12 19:00:00,2,up,0.48308963,0.46,0.023089617,0,0.46
2024-10-12 20:00:00,1,up,0.5713931,0.46,0.111393064,1,0.5713931
2024-10-12 21:00:00,0,up,0.37955356,0.46,0.08044645,1,0.37955356
2024-10-12 22:00:00,0,down,0.35546526,0.46,0.104534745,1,0.35546526
2024-10-12 23:00:00,2,down,0.46771964,0.46,0.007719636,0,0.46
2024-10-13 00:00:00,2,down,0.47498503,0.46,0.014985025,0,0.46
2024-10-13 01:00:00,2,down,0.52022034,0.46,0.06022033,0,0.46
2024-10-13 02:00:00,2,down,0.46968794,0.46,0.00968793,0,0.46
2024-10-13 03:00:00,1,up,0.60410047,0.46,0.14410046,1,0.60410047
2024-10-13 04:00:00,1,up,0.5479773,0.46,0.08797732,1,0.5479773
2024-10-13 05:00:00,1,up,0.5912536,0.46,0.13125357,1,0.5912536
2024-10-13 06:00:00,1,down,0.5511437,0.46,0.0911437,1,0.5511437
2024-10-13 07:00:00,2,down,0.49850821,0.46,0.038508207,0,0.46
2024-10-13 08:00:00,1,up,0.54678804,0.46,0.08678803,1,0.54678804
2024-10-13 09:00:00,2,down,0.48358023,0.46,0.023580223,0,0.46
2024-10-13 10:00:00,1,down,0.5986919,0.46,0.13869187,1,0.5986919
2024-10-13 11:00:00,1,up,0.5967917,0.46,0.13679168,1,0.5967917
2024-10-13 12:00:00,1,down,0.5387408,0.46,0.078740805,1,0.5387408
2024-10-13 13:00:00,1,down,0.53868544,0.46,0.07868543,1,0.53868544
2024-10-13 14:00:00,1,down,0.587066,0.46,0.12706599,1,0.587066
2024-10-13 15:00:00,2,up,0.5220485,0.46,0.062048465,0,0.46
2024-10-13 16:00:00,2,down,0.4686578,0.46,0.008657783,0,0.46
2024-10-13 17:00:00,2,down,0.49156344,0.46,0.03156343,0,0.46
2024-10-13 18:00:00,2,up,0.50675577,0.46,0.04675576,0,0.46
2024-10-13 19:00:00,2,up,0.4450457,0.46,0.014954299,0,0.46
2024-10-13 20:00:00,2,up,0.42592362,0.46,0.034076393,0,0.46
2024-10-13 21:00:00,2,down,0.4279366,0.46,0.032063395,0,0.46
2024-10-13 22:00:00,2,up,0.47231492,0.46,0.012314916,0,0.46
2024-10-13 23:00:00,2,down,0.3928186,0.46,0.06718141,0,0.46
2024-10-14 00:00:00,2,up,0.5267528,0.46,0.06675282,0,0.46
2024-10-14 01:00:00,1,down,0.5330985,0.46,0.07309851,1,0.5330985
2024-10-14 02:00:00,2,up,0.5251521,0.46,0.06515208,0,0.46
2024-10-14 03:00:00,2,down,0.5196736,0.46,0.059673578,0,0.46
2024-10-14 04:00:00,1,down,0.55878353,0.46,0.09878352,1,0.55878353
2024-10-14 05:00:00,2,up,0.4917342,0.46,0.0317342,0,0.46
2024-10-14 06:00:00,2,up,0.43632844,0.46,0.023671567,0,0.46
2024-10-14 07:00:00,2,down,0.41764602,0.46,0.042353988,0,0.46
2024-10-14 08:00:00,2,up,0.5210169,0.46,0.061016887,0,0.46
2024-10-14 09:00:00,0,up,0.37316662,0.46,0.08683339,1,0.37316662
2024-10-14 10:00:00,2,up,0.42558447,0.46,0.034415543,0,0.46
2024-10-14 11:00:00,2,down,0.48099056,0.46,0.02099055,0,0.46
2024-10-14 12:00:00,2,up,0.45350745,0.46,0.006492555,0,0.46
2024-10-14 13:00:00,0,up,0.38573757,0.46,0.07426244,1,0.38573757
2024-10-14 14:00:00,2,down,0.47769457,0.46,0.017694563,0,0.46
2024-10-14 15:00:00,2,down,0.47641852,0.46,0.016418517,0,0.46
2024-10-14 16:00:00,2,down,0.47478873,0.46,0.014788717,0,0.46
2024-10-14 17:00:00,2,up,0.4820887,0.46,0.022088706,0,0.46
2024-10-14 18:00:00,2,up,0.46337217,0.46,0.0033721626,0,0.46
2024-10-14 19:00:00,2,down,0.409777,0.46,0.050223023,0,0.46
2024-10-14 20:00:00,2,down,0.43738908,0.46,0.022610933,0,0.46
2024-10-14 21:00:00,2,up,0.4991618,0.46,0.0391618,0,0.46
2024-10-14 22:00:00,0,down,0.3843473,0.46,0.07565272,1,0.3843473
2024-10-14 23:00:00,1,down,0.5379846,0.46,0.0779846,1,0.5379846
2024-10-15 00:00:00,2,down,0.5212514,0.46,0.061251372,0,0.46
2024-10-15 01:00:00,2,down,0.50495344,0.46,0.044953436,0,0.46
2024-10-15 02:00:00,1,down,0.55026394,0.46,0.09026393,1,0.55026394
2024-10-15 03:00:00,1,up,0.6123725,0.46,0.15237251,1,0.6123725
2024-10-15 04:00:00,2,down,0.48603165,0.46,0.026031643,0,0.46
2024-10-15 05:00:00,1,up,0.6041307,0.46,0.14413068,1,0.6041307
2024-10-15 06:00:00,2,up,0.4310683,0.46,0.028931707,0,0.46
2024-10-15 07:00:00,1,up,0.5566588,0.46,0.096658796,1,0.5566588
2024-10-15 08:00:00,2,down,0.42918772,0.46,0.030812293,0,0.46
2024-10-15 09:00:00,2,up,0.4957682,0.46,0.03576818,0,0.46
2024-10-15 10:00:00,2,down,0.45313865,0.46,0.006861359,0,0.46
2024-10-15 11:00:00,1,up,0.5357173,0.46,0.0757173,1,0.5357173
2024-10-15 12:00:00,2,up,0.41754544,0.46,0.04245457,0,0.46
2024-10-15 13:00:00,2,down,0.5250579,0.46,0.0650579,0,0.46
2024-10-15 14:00:00,2,up,0.4881014,0.46,0.028101385,0,0.46
2024-10-15 15:00:00,2,up,0.46797034,0.46,0.007970333,0,0.46
2024-10-15 16:00:00,1,down,0.53060395,0.46,0.07060394,1,0.53060395
2024-10-15 17:00:00,2,up,0.46044448,0.46,0.00044447184,0,0.46
2024-10-15 18:00:00,2,up,0.5164704,0.46,0.056470364,0,0.46
2024-10-15 19:00:00,2,down,0.42050302,0.46,0.039496988,0,0.46
2024-10-15 20:00:00,1,down,0.5378909,0.46,0.0778909,1,0.5378909
2024-10-15 21:00:00,1,up,0.5486129,0.46,0.088612884,1,0.5486129
2024-10-15 22:00:00,2,up,0.4974263,0.46,0.037426293,0,0.46
2024-10-15 23:00:00,2,down,0.40637887,0.46,0.053621143,0,0.46
2024-10-16 00:00:00,2,up,0.4468958,0.46,0.0131042,0,0.46
2024-10-16 01:00:00,2,down,0.39807224,0.46,0.061927766,0,0.46
2024-10-16 02:00:00,2,down,0.4498645,0.46,0.010135502,0,0.46
2024-10-16 03:00:00,2,down,0.46984085,0.46,0.009840846,0,0.46
2024-10-16 04:00:00,2,up,0.48923942,0.46,0.029239416,0,0.46
2024-10-16 05:00:00,2,down,0.4391032,0.46,0.020896822,0,0.46
2024-10-16 06:00:00,2,down,0.4783763,0.46,0.01837629,0,0.46
2024-10-16 07:00:00,2,up,0.4545064,0.46,0.005493611,0,0.46
2024-10-16 08:00:00,2,up,0.47419843,0.46,0.014198422,0,0.46
2024-10-16 09:00:00,0,up,0.3745515,0.46,0.0854485,1,0.3745515
2024-10-16 10:00:00,0,up,0.37773952,0.46,0.08226049,1,0.37773952
2024-10-16 11:00:00,2,down,0.47213948,0.46,0.012139469,0,0.46
2024-10-16 12:00:00,2,down,0.44527724,0.46,0.0147227645,0,0.46
2024-10-16 13:00:00,2,up,0.48923117,0.46,0.02923116,0,0.46
2024-10-16 14:00:00,2,up,0.5034091,0.46,0.04340908,0,0.46
2024-10-16 15:00:00,2,up,0.4723195,0.46,0.012319505,0,0.46
2024-10-16 16:00:00,2,up,0.42157498,0.46,0.03842503,0,0.46
2024-10-16 17:00:00,2,down,0.41535032,0.46,0.04464969,0,0.46
2024-10-16 18:00:00,2,down,0.44194028,0.46,0.01805973,0,0.46
2024-10-16 19:00:00,2,down,0.45916316,0.46,0.0008368492,0,0.46
2024-10-16 20:00:00,1,down,0.5653546,0.46,0.10535458,1,0.5653546
2024-10-16 21:00:00,1,up,0.5406467,0.46,0.080646664,1,0.5406467
2024-10-16 22:00:00,2,down,0.46314383,0.46,0.0031438172,0,0.46
2024-10-16 23:00:00,1,up,0.53060764,0.46,0.07060763,1,0.53060764
2024-10-17 00:00:00,2,up,0.46809554,0.46,0.008095533,0,0.46
2024-10-17 01:00:00,2,down,0.39160964,0.46,0.06839037,0,0.46
2024-10-17 02:00:00,2,up,0.5213973,0.46,0.061397284,0,0.46
2024-10-17 03:00:00,2,down,0.499578,0.46,0.03957799,0,0.46
2024-10-17 04:00:00,1,up,0.6268138,0.46,0.16681382,1,0.6268138
2024-10-17 05:00:00,1,down,0.59035814,0.46,0.13035813,1,0.59035814
2024-10-17 06:00:00,1,up,0.5747833,0.46,0.11478332,1,0.5747833
2024-10-17 07:00:00,2,up,0.45359245,0.46,0.006407559,0,0.46
2024-10-17 08:00:00,2,down,0.45276457,0.46,0.0072354376,0,0.46
2024-10-17 09:00:00,1,up,0.5445687,0.46,0.08456871,1,0.5445687
2024-10-17 10:00:00,2,down,0.47212195,0.46,0.012121946,0,0.46
2024-10-17 11:00:00,1,up,0.5530933,0.46,0.093093306,1,0.5530933
2024-10-17 12:00:00,2,down,0.47019923,0.46,0.010199219,0,0.46
2024-10-17 13:00:00,2,up,0.5189486,0.46,0.058948606,0,0.46
2024-10-17 14:00:00,2,up,0.4669487,0.46,0.0069486797,0,0.46
2024-10-17 15:00:00,2,down,0.416603,0.46,0.04339701,0,0.46
2024-10-17 16:00:00,2,down,0.4467575,0.46,0.013242513,0,0.46
2024-10-17 17:00:00,2,down,0.4646963,0.46,0.0046962798,0,0.46
2024-10-17 18:00:00,1,down,0.5363292,0.46,0.0763292,1,0.5363292
2024-10-17 19:00:00,1,up,0.56092256,0.46,0.100922555,1,0.56092256
2024-10-17 20:00:00,1,up,0.60783696,0.46,0.14783695,1,0.60783696
2024-10-17 21:00:00,2,up,0.52670264,0.46,0.066702634,0,0.46
2024-10-17 22:00:00,2,down,0.4166611,0.46,0.043338895,0,0.46
2024-10-17 23:00:00,2,down,0.3942564,0.46,0.065743595,0,0.46
2024-10-18 00:00:00,2,up,0.5114358,0.46,0.0514358,0,0.46
2024-10-18 01:00:00,2,up,0.47808316,0.46,0.018083155,0,0.46
2024-10-18 02:00:00,2,down,0.39492464,0.46,0.06507537,0,0.46
2024-10-18 03:00:00,1,up,0.5437884,0.46,0.083788365,1,0.5437884
2024-10-18 04:00:00,2,up,0.48702577,0.46,0.02702576,0,0.46
2024-10-18 05:00:00,2,up,0.42887074,0.46,0.03112927,0,0.46
2024-10-18 06:00:00,2,down,0.4809947,0.46,0.020994693,0,0.46
2024-10-18 07:00:00,2,down,0.4801392,0.46,0.020139188,0,0.46
2024-10-18 08:00:00,2,down,0.46817574,0.46,0.008175731,0,0.46
2024-10-18 09:00:00,2,up,0.51150906,0.46,0.051509053,0,0.46
2024-10-18 10:00:00,2,down,0.49017712,0.46,0.030177116,0,0.46
2024-10-18 11:00:00,1,down,0.5427965,0.46,0.082796484,1,0.5427965
2024-10-18 12:00:00,1,up,0.57163626,0.46,0.11163625,1,0.57163626
2024-10-18 13:00:00,2,up,0.39859748,0.46,0.06140253,0,0.46
2024-10-18 14:00:00,2,up,0.3946423,0.46,0.065357715,0,0.46
2024-10-18 15:00:00,2,up,0.42697653,0.46,0.033023477,0,0.46
2024-10-18 16:00:00,0,down,0.3781649,0.46,0.08183512,1,0.3781649
2024-10-18 17:00:00,2,up,0.43666294,0.46,0.023337066,0,0.46
2024-10-18 18:00:00,0,down,0.36464295,0.46,0.09535706,1,0.36464295
2024-10-18 19:00:00,2,down,0.5016193,0.46,0.04161927,0,0.46
2024-10-18 20:00:00,2,down,0.52565855,0.46,0.06565854,0,0.46
2024-10-18 21:00:00,2,down,0.5168155,0.46,0.056815475,0,0.46
2024-10-18 22:00:00,1,up,0.6293639,0.46,0.16936389,1,0.6293639
2024-10-18 23:00:00,2,down,0.46879885,0.46,0.008798838,0,0.46
2024-10-19 00:00:00,1,up,0.5623678,0.46,0.10236779,1,0.5623678
2024-10-19 01:00:00,1,up,0.53056306,0.46,0.07056305,1,0.53056306
2024-10-19 02:00:00,2,down,0.45408174,0.46,0.0059182644,0,0.46
2024-10-19 03:00:00,2,down,0.4765272,0.46,0.016527206,0,0.46
2024-10-19 04:00:00,2,up,0.51058793,0.46,0.050587922,0,0.46
2024-10-19 05:00:00,2,down,0.49310583,0.46,0.03310582,0,0.46
2024-10-19 06:00:00,1,up,0.5499591,0.46,0.089959115,1,0.5499591
2024-10-19 07:00:00,2,up,0.4785551,0.46,0.018555105,0,0.46
2024-10-19 08:00:00,2,down,0.47473934,0.46,0.014739335,0,0.46
2024-10-19 09:00:00,1,down,0.5516512,0.46,0.09165117,1,0.5516512
2024-10-19 10:00:00,1,down,0.57647735,0.46,0.11647734,1,0.57647735
2024-10-19 11:00:00,1,up,0.64121044,0.46,0.18121043,1,0.64121044
2024-10-19 12:00:00,2,down,0.51857525,0.46,0.058575243,0,0.46
2024-10-19 13:00:00,1,up,0.6268828,0.46,0.16688278,1,0.6268828
2024-10-19 14:00:00,2,down,0.4804606,0.46,0.020460606,0,0.46
2024-10-19 15:00:00,2,down,0.5091546,0.46,0.04915461,0,0.46
2024-10-19 16:00:00,1,up,0.60691696,0.46,0.14691696,1,0.60691696
2024-10-19 17:00:00,2,up,0.5232288,0.46,0.063228816,0,0.46
2024-10-19 18:00:00,2,up,0.5151848,0.46,0.05518481,0,0.46
2024-10-19 19:00:00,2,up,0.5069827,0.46,0.046982676,0,0.46
2024-10-19 20:00:00,2,down,0.4620124,0.46,0.0020124018,0,0.46
2024-10-19 21:00:00,2,up,0.5124946,0.46,0.052494615,0,0.46
2024-10-19 22:00:00,2,up,0.4346883,0.46,0.025311708,0,0.46
2024-10-19 23:00:00,2,down,0.3958512,0.46,0.06414881,0,0.46
2024-10-20 00:00:00,1,down,0.55805993,0.46,0.09805992,1,0.55805993
2024-10-20 01:00:00,1,up,0.59538215,0.46,0.13538215,1,0.59538215
2024-10-20 02:00:00,2,up,0.5275192,0.46,0.06751922,0,0.46
2024-10-20 03:00:00,2,up,0.52561986,0.46,0.065619856,0,0.46
2024-10-20 04:00:00,2,down,0.5147801,0.46,0.054780096,0,0.46
2024-10-20 05:00:00,2,up,0.48413506,0.46,0.024135053,0,0.46
2024-10-20 06:00:00,0,down,0.38329062,0.46,0.07670939,1,0.38329062
2024-10-20 07:00:00,2,up,0.5151002,0.46,0.055100173,0,0.46
2024-10-20 08:00:00,2,up,0.47567552,0.46,0.015675515,0,0.46
2024-10-20 09:00:00,0,down,0.38213947,0.46,0.077860534,1,0.38213947
2024-10-20 10:00:00,2,up,0.52949005,0.46,0.069490045,0,0.46
2024-10-20 11:00:00,2,down,0.4415347,0.46,0.01846531,0,0.46
2024-10-20 12:00:00,1,up,0.5731654,0.46,0.11316541,1,0.5731654
2024-10-20 13:00:00,2,up,0.40220416,0.46,0.057795852,0,0.46
2024-10-20 14:00:00,2,down,0.43905285,0.46,0.020947158,0,0.46
2024-10-20 15:00:00,0,down,0.36636513,0.46,0.09363487,1,0.36636513
2024-10-20 16:00:00,1,up,0.54934824,0.46,0.08934823,1,0.54934824
2024-10-20 17:00:00,2,up,0.41687754,0.46,0.04312247,0,0.46
2024-10-20 18:00:00,2,down,0.45618406,0.46,0.003815949,0,0.46
2024-10-20 19:00:00,1,up,0.543971,0.46,0.083970994,1,0.543971
2024-10-20 20:00:00,2,down,0.4298851,0.46,0.030114919,0,0.46
2024-10-20 21:00:00,2,up,0.44798994,0.46,0.012010068,0,0.46
2024-10-20 22:00:00,2,down,0.4616788,0.46,0.0016787946,0,0.46
2024-10-20 23:00:00,2,up,0.49589995,0.46,0.035899937,0,0.46
2024-10-21 00:00:00,2,up,0.47856757,0.46,0.018567562,0,0.46
2024-10-21 01:00:00,2,down,0.4729403,0.46,0.012940288,0,0.46
2024-10-21 02:00:00,1,up,0.556527,0.46,0.09652701,1,0.556527
2024-10-21 03:00:00,2,up,0.39138854,0.46,0.06861147,0,0.46
2024-10-21 04:00:00,0,down,0.38756067,0.46,0.07243934,1,0.38756067
2024-10-21 05:00:00,2,down,0.4912769,0.46,0.03127688,0,0.46
2024-10-21 06:00:00,1,down,0.5526462,0.46,0.09264621,1,0.5526462
2024-10-21 07:00:00,1,down,0.5496853,0.46,0.08968529,1,0.5496853
2024-10-21 08:00:00,1,up,0.6428368,0.46,0.1828368,1,0.6428368
2024-10-21 09:00:00,2,down,0.45140028,0.46,0.008599728,0,0.46
2024-10-21 10:00:00,1,down,0.63759345,0.46,0.17759344,1,0.63759345
2024-10-21 11:00:00,1,down,0.5604136,0.46,0.10041359,1,0.5604136
2024-10-21 12:00:00,1,down,0.53611684,0.46,0.07611683,1,0.53611684
2024-10-21 13:00:00,1,down,0.53697294,0.46,0.07697293,1,0.53697294
2024-10-21 14:00:00,1,up,0.5729122,0.46,0.11291221,1,0.5729122
2024-10-21 15:00:00,2,down,0.44148734,0.46,0.018512666,0,0.46
2024-10-21 16:00:00,2,up,0.48895708,0.46,0.028957069,0,0.46
2024-10-21 17:00:00,2,down,0.47902587,0.46,0.019025862,0,0.46
2024-10-21 18:00:00,1,up,0.53777564,0.46,0.07777563,1,0.53777564
2024-10-21 19:00:00,2,down,0.46072996,0.46,0.0007299483,0,0.46
2024-10-21 20:00:00,2,up,0.44012514,0.46,0.01987487,0,0.46
2024-10-21 21:00:00,2,down,0.45276222,0.46,0.007237792,0,0.46
2024-10-21 22:00:00,2,down,0.48584908,0.46,0.025849074,0,0.46
2024-10-21 23:00:00,1,down,0.56637555,0.46,0.106375545,1,0.56637555
2024-10-22 00:00:00,2,up,0.5036969,0.46,0.04369691,0,0.46
2024-10-22 01:00:00,2,down,0.48494714,0.46,0.024947137,0,0.46
2024-10-22 02:00:00,1,up,0.5586403,0.46,0.09864029,1,0.5586403
2024-10-22 03:00:00,1,up,0.54393315,0.46,0.083933145,1,0.54393315
2024-10-22 04:00:00,2,up,0.46823668,0.46,0.008236676,0,0.46
2024-10-22 05:00:00,2,down,0.44064423,0.46,0.019355774,0,0.46
2024-10-22 06:00:00,2,down,0.5118374,0.46,0.051837415,0,0.46
2024-10-22 07:00:00,1,down,0.5505698,0.46,0.090569764,1,0.5505698
2024-10-22 08:00:00,1,up,0.56124216,0.46,0.101242155,1,0.56124216
2024-10-22 09:00:00,2,up,0.5173938,0.46,0.05739382,0,0.46
2024-10-22 10:00:00,2,up,0.493926,0.46,0.03392598,0,0.46
2024-10-22 11:00:00,1,down,0.5478202,0.46,0.0878202,1,0.5478202
2024-10-22 12:00:00,2,up,0.51610786,0.46,0.05610785,0,0.46
2024-10-22 13:00:00,2,up,0.5157187,0.46,0.05571869,0,0.46
2024-10-22 14:00:00,2,down,0.42498806,0.46,0.035011947,0,0.46
2024-10-22 15:00:00,2,down,0.4853053,0.46,0.025305301,0,0.46
2024-10-22 16:00:00,1,up,0.54357696,0.46,0.08357695,1,0.54357696
2024-10-22 17:00:00,2,up,0.49990347,0.46,0.039903462,0,0.46
2024-10-22 18:00:00,2,up,0.46032727,0.46,0.0003272593,0,0.46
2024-10-22 19:00:00,2,up,0.4779792,0.46,0.017979205,0,0.46
2024-10-22 20:00:00,2,up,0.40584514,0.46,0.054154873,0,0.46
2024-10-22 21:00:00,2,up,0.42109686,0.46,0.038903147,0,0.46
2024-10-22 22:00:00,2,down,0.3930701,0.46,0.06692991,0,0.46
2024-10-22 23:00:00,2,down,0.5139031,0.46,0.053903073,0,0.46
2024-10-23 00:00:00,1,up,0.543042,0.46,0.083041996,1,0.543042
2024-10-23 01:00:00,1,down,0.53112036,0.46,0.07112035,1,0.53112036
2024-10-23 02:00:00,1,down,0.55937874,0.46,0.099378735,1,0.55937874
2024-10-23 03:00:00,1,up,0.5514018,0.46,0.091401786,1,0.5514018
2024-10-23 04:00:00,2,down,0.49020252,0.46,0.030202508,0,0.46
2024-10-23 05:00:00,1,down,0.5519688,0.46,0.091968805,1,0.5519688
2024-10-23 06:00:00,1,down,0.6074692,0.46,0.1474692,1,0.6074692
2024-10-23 07:00:00,1,down,0.5877682,0.46,0.12776819,1,0.5877682
2024-10-23 08:00:00,1,down,0.5794851,0.46,0.11948511,1,0.5794851
2024-10-23 09:00:00,2,down,0.5149287,0.46,0.05492869,0,0.46
2024-10-23 10:00:00,1,up,0.65801954,0.46,0.19801953,1,0.65801954
2024-10-23 11:00:00,1,up,0.57551694,0.46,0.11551693,1,0.57551694
2024-10-23 12:00:00,2,up,0.525205,0.46,0.06520501,0,0.46
2024-10-23 13:00:00,2,down,0.43400517,0.46,0.025994837,0,0.46
2024-10-23 14:00:00,1,down,0.54334843,0.46,0.08334842,1,0.54334843
2024-10-23 15:00:00,1,down,0.53152746,0.46,0.07152745,1,0.53152746
2024-10-23 16:00:00,1,down,0.54249686,0.46,0.08249685,1,0.54249686
2024-10-23 17:00:00,1,up,0.57002926,0.46,0.11002925,1,0.57002926
2024-10-23 18:00:00,2,up,0.4418331,0.46,0.0181669,0,0.46
2024-10-23 19:00:00,2,up,0.4464929,0.46,0.013507098,0,0.46
2024-10-23 20:00:00,2,down,0.40215573,0.46,0.05784428,0,0.46
2024-10-23 21:00:00,2,up,0.496989,0.46,0.036989003,0,0.46
2024-10-23 22:00:00,2,up,0.47667313,0.46,0.016673118,0,0.46
2024-10-23 23:00:00,2,up,0.48475915,0.46,0.024759144,0,0.46
2024-10-24 00:00:00,2,down,0.41809326,0.46,0.041906744,0,0.46
2024-10-24 01:00:00,2,up,0.4519471,0.46,0.008052915,0,0.46
2024-10-24 02:00:00,0,down,0.38405508,0.46,0.07594493,1,0.38405508
2024-10-24 03:00:00,2,up,0.5243853,0.46,0.064385265,0,0.46
2024-10-24 04:00:00,2,down,0.4011144,0.46,0.058885604,0,0.46
2024-10-24 05:00:00,2,down,0.51292574,0.46,0.052925736,0,0.46
2024-10-24 06:00:00,2,up,0.52997917,0.46,0.06997916,0,0.46
2024-10-24 07:00:00,2,down,0.5237514,0.46,0.06375137,0,0.46
2024-10-24 08:00:00,1,up,0.59327114,0.46,0.13327113,1,0.59327114
2024-10-24 09:00:00,2,up,0.48755863,0.46,0.027558625,0,0.46
2024-10-24 10:00:00,2,up,0.49005303,0.46,0.03005302,0,0.46
2024-10-24 11:00:00,2,up,0.40088996,0.46,0.059110045,0,0.46
2024-10-24 12:00:00,0,up,0.38631722,0.46,0.073682785,1,0.38631722
2024-10-24 13:00:00,2,down,0.40390623,0.46,0.056093782,0,0.46
2024-10-24 14:00:00,2,down,0.41425997,0.46,0.04574004,0,0.46
2024-10-24 15:00:00,2,down,0.45716572,0.46,0.0028342903,0,0.46
2024-10-24 16:00:00,2,up,0.47011247,0.46,0.010112464,0,0.46
2024-10-24 17:00:00,2,up,0.48477685,0.46,0.024776846,0,0.46
2024-10-24 18:00:00,2,up,0.41799384,0.46,0.042006165,0,0.46
2024-10-24 19:00:00,0,down,0.3872875,0.46,0.07271251,1,0.3872875
2024-10-24 20:00:00,2,up,0.40375623,0.46,0.056243777,0,0.46
2024-10-24 21:00:00,2,down,0.48882416,0.46,0.02882415,0,0.46
2024-10-24 22:00:00,1,up,0.53588504,0.46,0.07588503,1,0.53588504
2024-10-24 23:00:00,2,down,0.42495292,0.46,0.035047084,0,0.46
2024-10-25 00:00:00,2,down,0.51331794,0.46,0.053317934,0,0.46
2024-10-25 01:00:00,2,up,0.4886141,0.46,0.028614104,0,0.46
2024-10-25 02:00:00,2,down,0.43059918,0.46,0.029400826,0,0.46
2024-10-25 03:00:00,2,down,0.48326468,0.46,0.023264676,0,0.46
2024-10-25 04:00:00,1,up,0.56210613,0.46,0.102106124,1,0.56210613
2024-10-25 05:00:00,1,down,0.5372075,0.46,0.077207476,1,0.5372075
2024-10-25 06:00:00,1,down,0.58577573,0.46,0.12577572,1,0.58577573
2024-10-25 07:00:00,2,up,0.5098836,0.46,0.049883574,0,0.46
2024-10-25 08:00:00,2,up,0.47870144,0.46,0.018701434,0,0.46
2024-10-25 09:00:00,2,up,0.43615118,0.46,0.023848832,0,0.46
2024-10-25 10:00:00,2,up,0.45039493,0.46,0.00960508,0,0.46
2024-10-25 11:00:00,2,down,0.3919228,0.46,0.06807721,0,0.46
2024-10-25 12:00:00,2,up,0.46400785,0.46,0.004007846,0,0.46
2024-10-25 13:00:00,2,down,0.3945734,0.46,0.06542662,0,0.46
2024-10-25 14:00:00,2,down,0.47390705,0.46,0.013907045,0,0.46
2024-10-25 15:00:00,2,down,0.51389337,0.46,0.053893358,0,0.46
2024-10-25 16:00:00,2,down,0.52326477,0.46,0.06326476,0,0.46
2024-10-25 17:00:00,1,up,0.56198543,0.46,0.101985425,1,0.56198543
2024-10-25 18:00:00,2,down,0.46518508,0.46,0.0051850677,0,0.46
2024-10-25 19:00:00,1,up,0.5829021,0.46,0.122902066,1,0.5829021
2024-10-25 20:00:00,2,up,0.50453407,0.46,0.044534057,0,0.46
2024-10-25 21:00:00,2,down,0.49705273,0.46,0.03705272,0,0.46
2024-10-25 22:00:00,1,up,0.6259607,0.46,0.1659607,1,0.6259607
2024-10-25 23:00:00,2,up,0.49184534,0.46,0.03184533,0,0.46
2024-10-26 00:00:00,1,down,0.5398866,0.46,0.079886585,1,0.5398866
2024-10-26 01:00:00,2,up,0.51754826,0.46,0.057548255,0,0.46
2024-10-26 02:00:00,2,up,0.46735364,0.46,0.0073536336,0,0.46
2024-10-26 03:00:00,2,up,0.42923605,0.46,0.030763954,0,0.46
2024-10-26 04:00:00,2,up,0.43245357,0.46,0.027546436,0,0.46
2024-10-26 05:00:00,2,up,0.4547932,0.46,0.0052067935,0,0.46
2024-10-26 06:00:00,2,down,0.43420178,0.46,0.025798231,0,0.46
2024-10-26 07:00:00,2,up,0.5110188,0.46,0.051018804,0,0.46
2024-10-26 08:00:00,2,down,0.49789035,0.46,0.037890345,0,0.46
2024-10-26 09:00:00,1,down,0.5328576,0.46,0.07285759,1,0.5328576
2024-10-26 10:00:00,2,up,0.50244576,0.46,0.04244575,0,0.46
2024-10-26 11:00:00,2,down,0.45004615,0.46,0.0099538565,0,0.46
2024-10-26 12:00:00,2,down,0.4934337,0.46,0.033433706,0,0.46
2024-10-26 13:00:00,1,down,0.53715634,0.46,0.077156335,1,0.53715634
2024-10-26 14:00:00,1,up,0.55047274,0.46,0.09047273,1,0.55047274
2024-10-26 15:00:00,2,up,0.5293996,0.46,0.069399565,0,0.46
2024-10-26 16:00:00,2,up,0.48097104,0.46,0.02097103,0,0.46
2024-10-26 17:00:00,2,down,0.44672292,0.46,0.013277084,0,0.46
2024-10-26 18:00:00,2,up,0.4998015,0.46,0.03980148,0,0.46
2024-10-26 19:00:00,2,up,0.42011485,0.46,0.039885163,0,0.46
2024-10-26 20:00:00,2,down,0.41586754,0.46,0.04413247,0,0.46
2024-10-26 21:00:00,2,down,0.4635946,0.46,0.0035945773,0,0.46
2024-10-26 22:00:00,2,down,0.5127818,0.46,0.05278179,0,0.46
2024-10-26 23:00:00,1,down,0.5505943,0.46,0.09059426,1,0.5505943
2024-10-27 00:00:00,1,up,0.55315256,0.46,0.09315255,1,0.55315256
2024-10-27 01:00:00,2,down,0.50946146,0.46,0.049461454,0,0.46
2024-10-27 02:00:00,2,up,0.52379936,0.46,0.06379935,0,0.46
2024-10-27 03:00:00,0,down,0.36292338,0.46,0.097076625,1,0.36292338
2024-10-27 04:00:00,2,up,0.5012289,0.46,0.04122892,0,0.46
2024-10-27 05:00:00,2,up,0.48600164,0.46,0.026001632,0,0.46
2024-10-27 06:00:00,2,up,0.5064758,0.46,0.046475798,0,0.46
2024-10-27 07:00:00,2,up,0.49076313,0.46,0.03076312,0,0.46
2024-10-27 08:00:00,2,down,0.46383083,0.46,0.0038308203,0,0.46
2024-10-27 09:00:00,2,down,0.49340898,0.46,0.03340897,0,0.46
2024-10-27 10:00:00,1,up,0.56349856,0.46,0.10349855,1,0.56349856
2024-10-27 11:00:00,2,up,0.4656348,0.46,0.0056347847,0,0.46
2024-10-27 12:00:00,2,up,0.41645488,0.46,0.043545127,0,0.46
2024-10-27 13:00:00,2,up,0.44865564,0.46,0.011344373,0,0.46
2024-10-27 14:00:00,2,up,0.42843157,0.46,0.031568438,0,0.46
2024-10-27 15:00:00,2,up,0.43257275,0.46,0.027427256,0,0.46
2024-10-27 16:00:00,2,down,0.4064901,0.46,0.05350992,0,0.46
2024-10-27 17:00:00,2,down,0.50261253,0.46,0.042612523,0,0.46
2024-10-27 18:00:00,1,up,0.56740344,0.46,0.10740343,1,0.56740344
2024-10-27 19:00:00,0,down,0.38344353,0.46,0.076556474,1,0.38344353
2024-10-27 20:00:00,2,up,0.47466508,0.46,0.014665067,0,0.46
2024-10-27 21:00:00,2,up,0.46864888,0.46,0.008648872,0,0.46
2024-10-27 22:00:00,2,down,0.4624605,0.46,0.0024604797,0,0.46
2024-10-27 23:00:00,2,down,0.48150274,0.46,0.021502733,0,0.46
2024-10-28 00:00:00,1,down,0.56120557,0.46,0.10120556,1,0.56120557
2024-10-28 01:00:00,1,up,0.60099906,0.46,0.14099905,1,0.60099906
2024-10-28 02:00:00,2,down,0.47982815,0.46,0.01982814,0,0.46
2024-10-28 03:00:00,1,up,0.5873775,0.46,0.12737748,1,0.5873775
2024-10-28 04:00:00,2,up,0.48164243,0.46,0.021642417,0,0.46
2024-10-28 05:00:00,2,up,0.40006414,0.46,0.059935868,0,0.46
2024-10-28 06:00:00,2,up,0.3941461,0.46,0.065853894,0,0.46
2024-10-28 07:00:00,2,down,0.48901972,0.46,0.029019713,0,0.46
2024-10-28 08:00:00,2,up,0.50821954,0.46,0.04821953,0,0.46
2024-10-28 09:00:00,0,up,0.38163087,0.46,0.07836914,1,0.38163087
2024-10-28 10:00:00,2,up,0.4794082,0.46,0.019408196,0,0.46
2024-10-28 11:00:00,0,up,0.36485794,0.46,0.09514207,1,0.36485794
2024-10-28 12:00:00,0,down,0.38342938,0.46,0.07657063,1,0.38342938
2024-10-28 13:00:00,2,up,0.5063734,0.46,0.046373397,0,0.46
2024-10-28 14:00:00,2,down,0.47049448,0.46,0.010494471,0,0.46
2024-10-28 15:00:00,1,up,0.5348438,0.46,0.074843794,1,0.5348438
2024-10-28 16:00:00,1,up,0.54386234,0.46,0.083862334,1,0.54386234
2024-10-28 17:00:00,2,up,0.4279793,0.46,0.032020718,0,0.46
2024-10-28 18:00:00,0,up,0.36987323,0.46,0.09012678,1,0.36987323
2024-10-28 19:00:00,2,up,0.42726263,0.46,0.032737374,0,0.46
2024-10-28 20:00:00,0,up,0.3513826,0.46,0.108617395,1,0.3513826
2024-10-28 21:00:00,0,up,0.33996516,0.46,0.12003484,1,0.33996516
2024-10-28 22:00:00,2,up,0.4689797,0.46,0.008979678,0,0.46
2024-10-28 23:00:00,2,down,0.3912243,0.46,0.06877571,0,0.46
2024-10-29 00:00:00,0,up,0.35752204,0.46,0.10247797,1,0.35752204
2024-10-29 01:00:00,0,up,0.3384375,0.46,0.12156251,1,0.3384375
2024-10-29 02:00:00,2,down,0.48162228,0.46,0.02162227,0,0.46
2024-10-29 03:00:00,2,up,0.52263856,0.46,0.06263855,0,0.46
2024-10-29 04:00:00,2,down,0.4377938,0.46,0.022206217,0,0.46
2024-10-29 05:00:00,2,up,0.43751252,0.46,0.022487491,0,0.46
2024-10-29 06:00:00,2,down,0.39747608,0.46,0.06252393,0,0.46
2024-10-29 07:00:00,2,up,0.5169163,0.46,0.056916267,0,0.46
2024-10-29 08:00:00,2,up,0.4349182,0.46,0.025081813,0,0.46
2024-10-29 09:00:00,2,down,0.42335105,0.46,0.03664896,0,0.46
2024-10-29 10:00:00,2,up,0.4763525,0.46,0.016352504,0,0.46
2024-10-29 11:00:00,0,down,0.36142012,0.46,0.09857988,1,0.36142012
2024-10-29 12:00:00,1,up,0.5488767,0.46,0.088876694,1,0.5488767
2024-10-29 13:00:00,0,up,0.3745569,0.46,0.08544311,1,0.3745569
2024-10-29 14:00:00,0,up,0.38264936,0.46,0.077350646,1,0.38264936
2024-10-29 15:00:00,0,up,0.3798179,0.46,0.080182105,1,0.3798179
2024-10-29 16:00:00,2,down,0.39598018,0.46,0.06401983,0,0.46
2024-10-29 17:00:00,2,up,0.44256637,0.46,0.017433643,0,0.46
2024-10-29 18:00:00,0,down,0.36349922,0.46,0.096500784,1,0.36349922
2024-10-29 19:00:00,1,down,0.5794832,0.46,0.1194832,1,0.5794832
2024-10-29 20:00:00,2,down,0.4731789,0.46,0.013178885,0,0.46
2024-10-29 21:00:00,1,up,0.5457968,0.46,0.0857968,1,0.5457968
2024-10-29 22:00:00,2,up,0.44285747,0.46,0.017142534,0,0.46
2024-10-29 23:00:00,2,down,0.40389925,0.46,0.056100756,0,0.46
2024-10-30 00:00:00,1,up,0.5491506,0.46,0.08915058,1,0.5491506
2024-10-30 01:00:00,0,down,0.38480523,0.46,0.075194776,1,0.38480523
2024-10-30 02:00:00,1,down,0.54759157,0.46,0.08759156,1,0.54759157
2024-10-30 03:00:00,2,up,0.51519287,0.46,0.055192858,0,0.46
2024-10-30 04:00:00,2,up,0.49549842,0.46,0.03549841,0,0.46
2024-10-30 05:00:00,0,down,0.3841775,0.46,0.0758225,1,0.3841775
2024-10-30 06:00:00,2,down,0.49981368,0.46,0.039813668,0,0.46
2024-10-30 07:00:00,2,up,0.46969268,0.46,0.009692669,0,0.46
2024-10-30 08:00:00,2,up,0.4936479,0.46,0.033647895,0,0.46
2024-10-30 09:00:00,0,down,0.3552935,0.46,0.104706496,1,0.3552935
2024-10-30 10:00:00,2,down,0.49011555,0.46,0.030115545,0,0.46
2024-10-30 11:00:00,1,down,0.53348595,0.46,0.07348594,1,0.53348595
2024-10-30 12:00:00,2,up,0.5069251,0.46,0.046925098,0,0.46
2024-10-30 13:00:00,2,up,0.45686293,0.46,0.0031370819,0,0.46
2024-10-30 14:00:00,2,down,0.42178038,0.46,0.03821963,0,0.46
2024-10-30 15:00:00,2,up,0.4814068,0.46,0.0214068,0,0.46
2024-10-30 16:00:00,2,down,0.4035395,0.46,0.0564605,0,0.46
2024-10-30 17:00:00,2,up,0.49883235,0.46,0.038832337,0,0.46
2024-10-30 18:00:00,2,down,0.49922538,0.46,0.03922537,0,0.46
2024-10-30 19:00:00,1,up,0.5526527,0.46,0.09265271,1,0.5526527
2024-10-30 20:00:00,2,down,0.3985271,0.46,0.061472923,0,0.46
2024-10-30 21:00:00,2,up,0.47753984,0.46,0.017539829,0,0.46
2024-10-30 22:00:00,2,down,0.42288303,0.46,0.037116975,0,0.46
2024-10-30 23:00:00,2,down,0.5200309,0.46,0.060030907,0,0.46
2024-10-31 00:00:00,2,up,0.47427842,0.46,0.014278412,0,0.46
2024-10-31 01:00:00,2,up,0.4209202,0.46,0.039079815,0,0.46
2024-10-31 02:00:00,0,down,0.34170875,0.46,0.11829126,1,0.34170875
2024-10-31 03:00:00,2,down,0.46625188,0.46,0.0062518716,0,0.46
2024-10-31 04:00:00,2,up,0.49165028,0.46,0.031650275,0,0.46
2024-10-31 05:00:00,2,down,0.5008575,0.46,0.040857464,0,0.46
2024-10-31 06:00:00,2,up,0.5005643,0.46,0.04056427,0,0.46
2024-10-31 07:00:00,2,down,0.4010624,0.46,0.05893761,0,0.46
2024-10-31 08:00:00,2,up,0.4526277,0.46,0.0073723197,0,0.46
2024-10-31 09:00:00,2,up,0.46776655,0.46,0.007766545,0,0.46
2024-10-31 10:00:00,0,down,0.36979014,0.46,0.09020987,1,0.36979014
2024-10-31 11:00:00,2,down,0.51962674,0.46,0.05962673,0,0.46
2024-10-31 12:00:00,2,down,0.49008164,0.46,0.03008163,0,0.46
2024-10-31 13:00:00,1,down,0.5351332,0.46,0.075133175,1,0.5351332
2024-10-31 14:00:00,1,down,0.5948473,0.46,0.13484731,1,0.5948473
2024-10-31 15:00:00,1,down,0.56175,0.46,0.10174999,1,0.56175
2024-10-31 16:00:00,1,up,0.6471274,0.46,0.18712738,1,0.6471274
2024-10-31 17:00:00,2,down,0.45936653,0.46,0.00063347816,0,0.46
2024-10-31 18:00:00,2,down,0.47803658,0.46,0.018036574,0,0.46
2024-10-31 19:00:00,1,down,0.59179276,0.46,0.13179275,1,0.59179276
2024-10-31 20:00:00,1,up,0.54260796,0.46,0.082607955,1,0.54260796
2024-10-31 21:00:00,2,up,0.524572,0.46,0.06457201,0,0.46
2024-10-31 22:00:00,2,down,0.45102215,0.46,0.00897786,0,0.46
2024-10-31 23:00:00,1,down,0.55431587,0.46,0.09431586,1,0.55431587
2024-11-01 00:00:00,1,down,0.5413763,0.46,0.081376284,1,0.5413763
2024-11-01 01:00:00,1,up,0.54627824,0.46,0.08627823,1,0.54627824
2024-11-01 02:00:00,2,down,0.40873373,0.46,0.051266283,0,0.46
2024-11-01 03:00:00,1,up,0.5546659,0.46,0.094665915,1,0.5546659
2024-11-01 04:00:00,2,up,0.4781996,0.46,0.018199593,0,0.46
2024-11-01 05:00:00,1,down,0.54609936,0.46,0.08609936,1,0.54609936
2024-11-01 06:00:00,1,up,0.5837889,0.46,0.12378886,1,0.5837889
2024-11-01 07:00:00,1,up,0.55515796,0.46,0.09515795,1,0.55515796
2024-11-01 08:00:00,1,up,0.54678607,0.46,0.08678606,1,0.54678607
2024-11-01 09:00:00,2,up,0.4927228,0.46,0.0327228,0,0.46
2024-11-01 10:00:00,2,up,0.47486624,0.46,0.014866233,0,0.46
2024-11-01 11:00:00,2,up,0.4802188,0.46,0.02021879,0,0.46
2024-11-01 12:00:00,2,up,0.39383638,0.46,0.06616363,0,0.46
2024-11-01 13:00:00,2,up,0.4270208,0.46,0.03297922,0,0.46
2024-11-01 14:00:00,2,down,0.47767165,0.46,0.017671645,0,0.46
2024-11-01 15:00:00,2,up,0.50064594,0.46,0.040645927,0,0.46
2024-11-01 16:00:00,2,down,0.47888842,0.46,0.018888414,0,0.46
2024-11-01 17:00:00,1,down,0.5521939,0.46,0.09219387,1,0.5521939
2024-11-01 18:00:00,1,up,0.56045735,0.46,0.10045734,1,0.56045735
2024-11-01 19:00:00,2,down,0.5133054,0.46,0.053305417,0,0.46
2024-11-01 20:00:00,1,up,0.5427118,0.46,0.082711786,1,0.5427118
2024-11-01 21:00:00,2,up,0.51296675,0.46,0.052966744,0,0.46
2024-11-01 22:00:00,2,up,0.5159718,0.46,0.05597177,0,0.46
2024-11-01 23:00:00,2,up,0.47870454,0.46,0.018704534,0,0.46
2024-11-02 00:00:00,2,up,0.4420217,0.46,0.01797831,0,0.46
2024-11-02 01:00:00,2,down,0.43029746,0.46,0.029702544,0,0.46
2024-11-02 02:00:00,2,down,0.51831377,0.46,0.058313757,0,0.46
2024-11-02 03:00:00,2,down,0.49559128,0.46,0.035591274,0,0.46
2024-11-02 04:00:00,1,up,0.5444293,0.46,0.084429294,1,0.5444293
2024-11-02 05:00:00,2,up,0.46765915,0.46,0.0076591372,0,0.46
2024-11-02 06:00:00,2,up,0.44587564,0.46,0.014124364,0,0.46
2024-11-02 07:00:00,0,down,0.38836557,0.46,0.07163444,1,0.38836557
2024-11-02 08:00:00,1,down,0.5323819,0.46,0.072381884,1,0.5323819
2024-11-02 09:00:00,2,up,0.52816004,0.46,0.06816003,0,0.46
2024-11-02 10:00:00,2,down,0.47869822,0.46,0.018698215,0,0.46
2024-11-02 11:00:00,1,down,0.5333651,0.46,0.07336506,1,0.5333651
2024-11-02 12:00:00,1,down,0.56780434,0.46,0.10780433,1,0.56780434
2024-11-02 13:00:00,1,down,0.5944188,0.46,0.13441882,1,0.5944188
2024-11-02 14:00:00,2,up,0.50247264,0.46,0.04247263,0,0.46
2024-11-02 15:00:00,2,up,0.47113565,0.46,0.011135638,0,0.46
2024-11-02 16:00:00,2,down,0.41955864,0.46,0.040441364,0,0.46
2024-11-02 17:00:00,2,up,0.5293447,0.46,0.06934467,0,0.46
2024-11-02 18:00:00,2,up,0.50023675,0.46,0.04023674,0,0.46
2024-11-02 19:00:00,2,up,0.4965782,0.46,0.03657818,0,0.46
2024-11-02 20:00:00,2,down,0.46125,0.46,0.0012499988,0,0.46
2024-11-02 21:00:00,1,down,0.5714894,0.46,0.111489385,1,0.5714894
2024-11-02 22:00:00,2,down,0.5204344,0.46,0.06043437,0,0.46
2024-11-02 23:00:00,2,down,0.5001553,0.46,0.04015532,0,0.46
2024-11-03 00:00:00,1,down,0.63166124,0.46,0.17166123,1,0.63166124
2024-11-03 01:00:00,1,down,0.64789844,0.46,0.18789843,1,0.64789844
2024-11-03 02:00:00,2,up,0.49059784,0.46,0.030597836,0,0.46
2024-11-03 03:00:00,2,up,0.44424108,0.46,0.015758932,0,0.46
2024-11-03 04:00:00,2,down,0.507503,0.46,0.047502965,0,0.46
2024-11-03 05:00:00,1,up,0.5801785,0.46,0.12017849,1,0.5801785
2024-11-03 06:00:00,1,down,0.5414882,0.46,0.08148816,1,0.5414882
2024-11-03 07:00:00,1,up,0.5743145,0.46,0.11431447,1,0.5743145
2024-11-03 08:00:00,2,down,0.5131454,0.46,0.05314538,0,0.46
2024-11-03 09:00:00,1,up,0.5490705,0.46,0.08907047,1,0.5490705
2024-11-03 10:00:00,2,down,0.51515913,0.46,0.05515912,0,0.46
2024-11-03 11:00:00,1,up,0.54696256,0.46,0.08696255,1,0.54696256
2024-11-03 12:00:00,2,down,0.4599725,0.46,2.7507544e-05,0,0.46
2024-11-03 13:00:00,1,down,0.5466974,0.46,0.08669737,1,0.5466974
2024-11-03 14:00:00,2,up,0.516663,0.46,0.056663007,0,0.46
2024-11-03 15:00:00,2,up,0.47402307,0.46,0.014023066,0,0.46
2024-11-03 16:00:00,2,up,0.52501494,0.46,0.06501493,0,0.46
2024-11-03 17:00:00,2,down,0.45510948,0.46,0.0048905313,0,0.46
2024-11-03 18:00:00,2,up,0.524648,0.46,0.064648,0,0.46
2024-11-03 19:00:00,2,up,0.39474866,0.46,0.06525135,0,0.46
2024-11-03 20:00:00,2,up,0.3926767,0.46,0.0673233,0,0.46
2024-11-03 21:00:00,2,down,0.4666963,0.46,0.006696284,0,0.46
2024-11-03 22:00:00,2,down,0.46910223,0.46,0.009102225,0,0.46
2024-11-03 23:00:00,2,down,0.44805178,0.46,0.011948228,0,0.46
2024-11-04 00:00:00,2,up,0.47614703,0.46,0.016147017,0,0.46
2024-11-04 01:00:00,2,up,0.41617772,0.46,0.04382229,0,0.46
2024-11-04 02:00:00,0,down,0.37561154,0.46,0.084388465,1,0.37561154
2024-11-04 03:00:00,2,up,0.48916006,0.46,0.029160053,0,0.46
2024-11-04 04:00:00,2,down,0.48387778,0.46,0.02387777,0,0.46
2024-11-04 05:00:00,2,up,0.50763214,0.46,0.047632128,0,0.46
2024-11-04 06:00:00,2,down,0.4004215,0.46,0.05957851,0,0.46
2024-11-04 07:00:00,1,up,0.5938489,0.46,0.13384888,1,0.5938489
2024-11-04 08:00:00,2,down,0.48198414,0.46,0.02198413,0,0.46
2024-11-04 09:00:00,1,up,0.5366227,0.46,0.076622695,1,0.5366227
2024-11-04 10:00:00,2,down,0.4506354,0.46,0.009364605,0,0.46
2024-11-04 11:00:00,2,up,0.5146756,0.46,0.05467561,0,0.46
2024-11-04 12:00:00,0,down,0.386649,0.46,0.073350996,1,0.386649
2024-11-04 13:00:00,1,down,0.5356845,0.46,0.07568452,1,0.5356845
2024-11-04 14:00:00,2,up,0.50124705,0.46,0.04124704,0,0.46
2024-11-04 15:00:00,2,down,0.48762846,0.46,0.027628452,0,0.46
2024-11-04 16:00:00,1,up,0.5626428,0.46,0.102642804,1,0.5626428
2024-11-04 17:00:00,2,down,0.42968634,0.46,0.03031367,0,0.46
2024-11-04 18:00:00,1,up,0.59783256,0.46,0.13783255,1,0.59783256
2024-11-04 19:00:00,1,down,0.59545064,0.46,0.13545063,1,0.59545064
2024-11-04 20:00:00,1,down,0.6040382,0.46,0.14403817,1,0.6040382
2024-11-04 21:00:00,1,up,0.58998305,0.46,0.12998304,1,0.58998305
2024-11-04 22:00:00,2,down,0.46935222,0.46,0.009352207,0,0.46
2024-11-04 23:00:00,2,up,0.45721093,0.46,0.0027890801,0,0.46
2024-11-05 00:00:00,2,down,0.4635968,0.46,0.0035967827,0,0.46
2024-11-05 01:00:00,2,down,0.40189636,0.46,0.05810365,0,0.46
2024-11-05 02:00:00,2,up,0.4656921,0.46,0.0056920946,0,0.46
2024-11-05 03:00:00,2,up,0.43082008,0.46,0.02917993,0,0.46
2024-11-05 04:00:00,2,up,0.43700153,0.46,0.022998482,0,0.46
2024-11-05 05:00:00,0,up,0.38552734,0.46,0.074472666,1,0.38552734
2024-11-05 06:00:00,0,up,0.38906536,0.46,0.07093465,1,0.38906536
2024-11-05 07:00:00,0,up,0.36359873,0.46,0.096401274,1,0.36359873
2024-11-05 08:00:00,0,down,0.35053638,0.46,0.10946363,1,0.35053638
2024-11-05 09:00:00,2,down,0.47235695,0.46,0.012356937,0,0.46
2024-11-05 10:00:00,2,up,0.44546062,0.46,0.014539391,0,0.46
2024-11-05 11:00:00,2,up,0.49576727,0.46,0.035767257,0,0.46
2024-11-05 12:00:00,2,down,0.41361246,0.46,0.046387553,0,0.46
2024-11-05 13:00:00,2,up,0.44158062,0.46,0.018419385,0,0.46
2024-11-05 14:00:00,2,down,0.52109134,0.46,0.061091334,0,0.46
2024-11-05 15:00:00,2,up,0.5077761,0.46,0.047776073,0,0.46
2024-11-05 16:00:00,2,down,0.48703912,0.46,0.02703911,0,0.46
2024-11-05 17:00:00,2,up,0.5247917,0.46,0.06479171,0,0.46
2024-11-05 18:00:00,0,down,0.37287584,0.46,0.08712417,1,0.37287584
2024-11-05 19:00:00,1,up,0.56453997,0.46,0.10453996,1,0.56453997
2024-11-05 20:00:00,2,down,0.4990832,0.46,0.039083183,0,0.46
2024-11-05 21:00:00,1,up,0.56931335,0.46,0.10931334,1,0.56931335
2024-11-05 22:00:00,2,down,0.43432748,0.46,0.025672525,0,0.46
2024-11-05 23:00:00,1,up,0.5407322,0.46,0.0807322,1,0.5407322
2024-11-06 00:00:00,1,up,0.5422311,0.46,0.082231075,1,0.5422311
2024-11-06 01:00:00,2,up,0.44611123,0.46,0.013888776,0,0.46
2024-11-06 02:00:00,1,up,0.5424897,0.46,0.0824897,1,0.5424897
2024-11-06 03:00:00,1,down,0.55724365,0.46,0.09724364,1,0.55724365
2024-11-06 04:00:00,2,up,0.5095577,0.46,0.049557716,0,0.46
2024-11-06 05:00:00,2,down,0.39411423,0.46,0.06588578,0,0.46
2024-11-06 06:00:00,1,down,0.5668008,0.46,0.106800765,1,0.5668008
2024-11-06 07:00:00,1,up,0.5770059,0.46,0.117005914,1,0.5770059
2024-11-06 08:00:00,1,up,0.53547037,0.46,0.07547036,1,0.53547037
2024-11-06 09:00:00,1,up,0.601092,0.46,0.14109197,1,0.601092
2024-11-06 10:00:00,2,up,0.43949446,0.46,0.020505548,0,0.46
2024-11-06 11:00:00,2,down,0.4342648,0.46,0.0257352,0,0.46
2024-11-06 12:00:00,2,down,0.49632245,0.46,0.036322445,0,0.46
2024-11-06 13:00:00,2,down,0.4152952,0.46,0.044704795,0,0.46
2024-11-06 14:00:00,1,up,0.53754514,0.46,0.077545136,1,0.53754514
2024-11-06 15:00:00,2,up,0.40605974,0.46,0.053940266,0,0.46
2024-11-06 16:00:00,2,up,0.4161025,0.46,0.04389751,0,0.46
2024-11-06 17:00:00,2,up,0.4036342,0.46,0.056365818,0,0.46
2024-11-06 18:00:00,0,up,0.37545884,0.46,0.08454117,1,0.37545884
2024-11-06 19:00:00,0,up,0.36934507,0.46,0.09065494,1,0.36934507
2024-11-06 20:00:00,0,down,0.38039914,0.46,0.07960087,1,0.38039914
2024-11-06 21:00:00,2,down,0.4293727,0.46,0.03062731,0,0.46
2024-11-06 22:00:00,2,down,0.49475333,0.46,0.034753323,0,0.46
2024-11-06 23:00:00,2,down,0.4883029,0.46,0.028302878,0,0.46
2024-11-07 00:00:00,2,up,0.5254654,0.46,0.06546542,0,0.46
2024-11-07 01:00:00,1,down,0.56284356,0.46,0.10284355,1,0.56284356
2024-11-07 02:00:00,2,down,0.49079543,0.46,0.030795425,0,0.46
2024-11-07 03:00:00,1,down,0.54774326,0.46,0.08774325,1,0.54774326
2024-11-07 04:00:00,1,up,0.5629778,0.46,0.10297778,1,0.5629778
2024-11-07 05:00:00,1,up,0.53487724,0.46,0.07487723,1,0.53487724
2024-11-07 06:00:00,2,down,0.45156512,0.46,0.008434892,0,0.46
2024-11-07 07:00:00,2,up,0.49547362,0.46,0.035473615,0,0.46
2024-11-07 08:00:00,0,down,0.3866446,0.46,0.07335541,1,0.3866446
2024-11-07 09:00:00,2,up,0.40761423,0.46,0.052385777,0,0.46
2024-11-07 10:00:00,0,down,0.37645596,0.46,0.083544046,1,0.37645596
2024-11-07 11:00:00,2,up,0.47112903,0.46,0.011129022,0,0.46
2024-11-07 12:00:00,2,down,0.3923451,0.46,0.06765491,0,0.46
2024-11-07 13:00:00,2,up,0.49060526,0.46,0.030605257,0,0.46
2024-11-07 14:00:00,2,up,0.42322093,0.46,0.036779076,0,0.46
2024-11-07 15:00:00,2,down,0.42714497,0.46,0.032855034,0,0.46
2024-11-07 16:00:00,2,up,0.41008312,0.46,0.049916893,0,0.46
2024-11-07 17:00:00,2,up,0.41222107,0.46,0.047778934,0,0.46
2024-11-07 18:00:00,0,down,0.3810972,0.46,0.07890281,1,0.3810972
2024-11-07 19:00:00,0,down,0.34380245,0.46,0.116197556,1,0.34380245
2024-11-07 20:00:00,2,down,0.45379925,0.46,0.0062007606,0,0.46
2024-11-07 21:00:00,2,down,0.51239663,0.46,0.052396625,0,0.46
2024-11-07 22:00:00,2,down,0.4717668,0.46,0.011766791,0,0.46
2024-11-07 23:00:00,2,up,0.505703,0.46,0.045702964,0,0.46
2024-11-08 00:00:00,1,down,0.53392774,0.46,0.07392773,1,0.53392774
2024-11-08 01:00:00,2,down,0.5011056,0.46,0.0411056,0,0.46
2024-11-08 02:00:00,2,up,0.48847145,0.46,0.02847144,0,0.46
2024-11-08 03:00:00,2,down,0.40233818,0.46,0.05766183,0,0.46
2024-11-08 04:00:00,2,up,0.49247983,0.46,0.032479823,0,0.46
2024-11-08 05:00:00,2,down,0.40623084,0.46,0.05376917,0,0.46
2024-11-08 06:00:00,2,up,0.46136594,0.46,0.0013659298,0,0.46
2024-11-08 07:00:00,0,down,0.37089553,0.46,0.08910447,1,0.37089553
2024-11-08 08:00:00,2,up,0.481087,0.46,0.02108699,0,0.46
2024-11-08 09:00:00,2,up,0.4142852,0.46,0.045714796,0,0.46
2024-11-08 10:00:00,0,down,0.36178038,0.46,0.09821963,1,0.36178038
2024-11-08 11:00:00,2,up,0.4965354,0.46,0.036535382,0,0.46
2024-11-08 12:00:00,2,up,0.42828685,0.46,0.031713158,0,0.46
2024-11-08 13:00:00,0,down,0.36425355,0.46,0.09574646,1,0.36425355
2024-11-08 14:00:00,2,up,0.5044436,0.46,0.044443578,0,0.46
2024-11-08 15:00:00,2,down,0.4153191,0.46,0.044680923,0,0.46
2024-11-08 16:00:00,2,up,0.49891186,0.46,0.03891185,0,0.46
2024-11-08 17:00:00,2,up,0.39585525,0.46,0.06414476,0,0.46
2024-11-08 18:00:00,0,up,0.38451344,0.46,0.07548657,1,0.38451344
2024-11-08 19:00:00,2,down,0.45736533,0.46,0.0026346743,0,0.46
2024-11-08 20:00:00,2,down,0.46020153,0.46,0.0002015233,0,0.46
2024-11-08 21:00:00,2,down,0.42892653,0.46,0.03107348,0,0.46
2024-11-08 22:00:00,2,up,0.46950042,0.46,0.009500414,0,0.46
2024-11-08 23:00:00,2,down,0.42247438,0.46,0.037525624,0,0.46
2024-11-09 00:00:00,2,down,0.4878706,0.46,0.027870595,0,0.46
2024-11-09 01:00:00,2,up,0.52081424,0.46,0.06081423,0,0.46
2024-11-09 02:00:00,2,down,0.4080049,0.46,0.0519951,0,0.46
2024-11-09 03:00:00,2,up,0.49989733,0.46,0.039897323,0,0.46
2024-11-09 04:00:00,2,up,0.4651338,0.46,0.005133778,0,0.46
2024-11-09 05:00:00,2,down,0.42174816,0.46,0.038251847,0,0.46
2024-11-09 06:00:00,2,up,0.42669278,0.46,0.033307225,0,0.46
2024-11-09 07:00:00,2,up,0.395206,0.46,0.064794004,0,0.46
2024-11-09 08:00:00,2,up,0.42757607,0.46,0.032423943,0,0.46
2024-11-09 09:00:00,2,down,0.4303872,0.46,0.02961281,0,0.46
2024-11-09 10:00:00,2,up,0.45269844,0.46,0.007301569,0,0.46
2024-11-09 11:00:00,2,down,0.43673876,0.46,0.023261249,0,0.46
2024-11-09 12:00:00,1,up,0.57696444,0.46,0.11696443,1,0.57696444
2024-11-09 13:00:00,2,down,0.48264632,0.46,0.022646308,0,0.46
2024-11-09 14:00:00,2,down,0.5149703,0.46,0.054970294,0,0.46
2024-11-09 15:00:00,1,down,0.54054344,0.46,0.08054343,1,0.54054344
2024-11-09 16:00:00,1,up,0.56283927,0.46,0.10283926,1,0.56283927
2024-11-09 17:00:00,2,up,0.42515525,0.46,0.034844756,0,0.46
2024-11-09 18:00:00,2,down,0.46488225,0.46,0.0048822463,0,0.46
2024-11-09 19:00:00,2,up,0.47455168,0.46,0.014551669,0,0.46
2024-11-09 20:00:00,2,up,0.4773808,0.46,0.017380804,0,0.46
2024-11-09 21:00:00,2,up,0.42102888,0.46,0.038971126,0,0.46
2024-11-09 22:00:00,2,up,0.40503365,0.46,0.05496636,0,0.46
2024-11-09 23:00:00,2,up,0.43042678,0.46,0.029573232,0,0.46
2024-11-10 00:00:00,2,down,0.4266955,0.46,0.033304513,0,0.46
2024-11-10 01:00:00,2,up,0.49076495,0.46,0.030764937,0,0.46
2024-11-10 02:00:00,2,up,0.47141126,0.46,0.01141125,0,0.46
2024-11-10 03:00:00,2,up,0.41066062,0.46,0.049339384,0,0.46
2024-11-10 04:00:00,1,down,0.5335342,0.46,0.07353422,1,0.5335342
2024-11-10 05:00:00,1,down,0.5359404,0.46,0.0759404,1,0.5359404
2024-11-10 06:00:00,2,down,0.48880714,0.46,0.028807133,0,0.46
2024-11-10 07:00:00,2,up,0.5050689,0.46,0.04506889,0,0.46
2024-11-10 08:00:00,0,up,0.35801667,0.46,0.10198334,1,0.35801667
2024-11-10 09:00:00,2,up,0.3913939,0.46,0.06860611,0,0.46
2024-11-10 10:00:00,2,up,0.4351716,0.46,0.024828404,0,0.46
2024-11-10 11:00:00,2,down,0.4429845,0.46,0.017015517,0,0.46
2024-11-10 12:00:00,2,up,0.4715647,0.46,0.011564702,0,0.46
2024-11-10 13:00:00,2,down,0.3920088,0.46,0.0679912,0,0.46
2024-11-10 14:00:00,2,up,0.51268095,0.46,0.05268094,0,0.46
2024-11-10 15:00:00,2,up,0.39702776,0.46,0.06297225,0,0.46
2024-11-10 16:00:00,2,up,0.42028108,0.46,0.039718926,0,0.46
2024-11-10 17:00:00,2,up,0.42405,0.46,0.035950005,0,0.46
2024-11-10 18:00:00,2,down,0.4679695,0.46,0.007969499,0,0.46
2024-11-10 19:00:00,2,down,0.52160406,0.46,0.061604053,0,0.46
2024-11-10 20:00:00,1,up,0.58980036,0.46,0.12980035,1,0.58980036
2024-11-10 21:00:00,2,up,0.42444497,0.46,0.035555035,0,0.46
2024-11-10 22:00:00,2,down,0.4801746,0.46,0.020174593,0,0.46
2024-11-10 23:00:00,2,up,0.41049996,0.46,0.04950005,0,0.46
2024-11-11 00:00:00,2,up,0.41332144,0.46,0.046678573,0,0.46
2024-11-11 01:00:00,2,up,0.4516765,0.46,0.00832352,0,0.46
2024-11-11 02:00:00,0,up,0.35713875,0.46,0.102861255,1,0.35713875
2024-11-11 03:00:00,0,down,0.383307,0.46,0.076693,1,0.383307
2024-11-11 04:00:00,2,down,0.40108755,0.46,0.058912456,0,0.46
2024-11-11 05:00:00,1,up,0.54120463,0.46,0.08120462,1,0.54120463
2024-11-11 06:00:00,1,up,0.54606265,0.46,0.08606264,1,0.54606265
2024-11-11 07:00:00,2,up,0.4126436,0.46,0.047356397,0,0.46
2024-11-11 08:00:00,2,up,0.4042712,0.46,0.055728823,0,0.46
2024-11-11 09:00:00,0,up,0.37624425,0.46,0.08375576,1,0.37624425
2024-11-11 10:00:00,2,up,0.44880208,0.46,0.011197925,0,0.46
2024-11-11 11:00:00,0,up,0.3411964,0.46,0.11880362,1,0.3411964
2024-11-11 12:00:00,2,down,0.40192997,0.46,0.058070034,0,0.46
2024-11-11 13:00:00,2,up,0.45741385,0.46,0.0025861561,0,0.46
2024-11-11 14:00:00,0,up,0.35968772,0.46,0.10031229,1,0.35968772
2024-11-11 15:00:00,2,up,0.47951618,0.46,0.01951617,0,0.46
2024-11-11 16:00:00,2,up,0.49666932,0.46,0.036669314,0,0.46
2024-11-11 17:00:00,2,up,0.46144325,0.46,0.0014432371,0,0.46
2024-11-11 18:00:00,2,up,0.3900258,0.46,0.069974214,0,0.46
2024-11-11 19:00:00,2,up,0.44409353,0.46,0.015906483,0,0.46
2024-11-11 20:00:00,2,up,0.4624814,0.46,0.002481401,0,0.46
2024-11-11 21:00:00,2,up,0.40241936,0.46,0.05758065,0,0.46
2024-11-11 22:00:00,0,up,0.38535294,0.46,0.07464707,1,0.38535294
2024-11-11 23:00:00,2,up,0.4492714,0.46,0.010728598,0,0.46
2024-11-12 00:00:00,2,down,0.40207288,0.46,0.05792713,0,0.46
2024-11-12 01:00:00,2,down,0.5216287,0.46,0.06162867,0,0.46
2024-11-12 02:00:00,1,up,0.588093,0.46,0.12809297,1,0.588093
2024-11-12 03:00:00,2,up,0.4946162,0.46,0.034616202,0,0.46
2024-11-12 04:00:00,2,down,0.5118888,0.46,0.051888794,0,0.46
2024-11-12 05:00:00,2,up,0.519325,0.46,0.05932501,0,0.46
2024-11-12 06:00:00,2,down,0.440116,0.46,0.01988402,0,0.46
2024-11-12 07:00:00,1,up,0.56829923,0.46,0.108299226,1,0.56829923
2024-11-12 08:00:00,2,down,0.40667844,0.46,0.05332157,0,0.46
2024-11-12 09:00:00,1,down,0.61983675,0.46,0.15983674,1,0.61983675
2024-11-12 10:00:00,2,up,0.48939317,0.46,0.029393166,0,0.46
2024-11-12 11:00:00,1,down,0.5818878,0.46,0.12188777,1,0.5818878
2024-11-12 12:00:00,1,down,0.62923944,0.46,0.16923943,1,0.62923944
2024-11-12 13:00:00,2,up,0.49016434,0.46,0.030164331,0,0.46
2024-11-12 14:00:00,2,down,0.4874576,0.46,0.027457595,0,0.46
2024-11-12 15:00:00,2,up,0.5117138,0.46,0.051713794,0,0.46
2024-11-12 16:00:00,2,down,0.45442,0.46,0.005580008,0,0.46
2024-11-12 17:00:00,2,up,0.48936954,0.46,0.029369533,0,0.46
2024-11-12 18:00:00,2,down,0.4089263,0.46,0.0510737,0,0.46
2024-11-12 19:00:00,2,up,0.49665958,0.46,0.03665957,0,0.46
2024-11-12 20:00:00,2,down,0.42180312,0.46,0.03819689,0,0.46
2024-11-12 21:00:00,2,up,0.49557343,0.46,0.035573423,0,0.46
2024-11-12 22:00:00,0,down,0.3887771,0.46,0.0712229,1,0.3887771
2024-11-12 23:00:00,2,up,0.502013,0.46,0.04201302,0,0.46
2024-11-13 00:00:00,2,up,0.49802643,0.46,0.038026422,0,0.46
2024-11-13 01:00:00,2,down,0.4778311,0.46,0.017831087,0,0.46
2024-11-13 02:00:00,2,down,0.4803093,0.46,0.0203093,0,0.46
2024-11-13 03:00:00,1,up,0.56638795,0.46,0.10638794,1,0.56638795
2024-11-13 04:00:00,2,down,0.50490564,0.46,0.044905633,0,0.46
2024-11-13 05:00:00,1,down,0.6071165,0.46,0.14711651,1,0.6071165
2024-11-13 06:00:00,1,up,0.54318887,0.46,0.08318886,1,0.54318887
2024-11-13 07:00:00,1,down,0.53164333,0.46,0.07164332,1,0.53164333
2024-11-13 08:00:00,2,up,0.48961055,0.46,0.029610544,0,0.46
2024-11-13 09:00:00,2,up,0.42247713,0.46,0.037522882,0,0.46
2024-11-13 10:00:00,0,up,0.37785235,0.46,0.08214766,1,0.37785235
2024-11-13 11:00:00,2,down,0.43855333,0.46,0.021446675,0,0.46
2024-11-13 12:00:00,2,up,0.44453564,0.46,0.0154643655,0,0.46
2024-11-13 13:00:00,2,up,0.5060476,0.46,0.046047598,0,0.46
2024-11-13 14:00:00,2,up,0.47504863,0.46,0.015048623,0,0.46
2024-11-13 15:00:00,2,down,0.40958676,0.46,0.05041325,0,0.46
2024-11-13 16:00:00,2,down,0.44814482,0.46,0.011855185,0,0.46
2024-11-13 17:00:00,2,up,0.45413435,0.46,0.0058656633,0,0.46
2024-11-13 18:00:00,2,down,0.41361535,0.46,0.046384662,0,0.46
2024-11-13 19:00:00,1,down,0.5326828,0.46,0.07268277,1,0.5326828
2024-11-13 20:00:00,1,down,0.5673839,0.46,0.10738388,1,0.5673839
2024-11-13 21:00:00,1,up,0.55384916,0.46,0.09384915,1,0.55384916
2024-11-13 22:00:00,1,up,0.58598286,0.46,0.12598285,1,0.58598286
2024-11-13 23:00:00,2,down,0.45118198,0.46,0.00881803,0,0.46
2024-11-14 00:00:00,2,up,0.4328859,0.46,0.027114123,0,0.46
2024-11-14 01:00:00,0,down,0.37283385,0.46,0.08716616,1,0.37283385
2024-11-14 02:00:00,2,down,0.47618812,0.46,0.016188115,0,0.46
2024-11-14 03:00:00,2,up,0.44688696,0.46,0.013113052,0,0.46
2024-11-14 04:00:00,2,down,0.42789114,0.46,0.032108873,0,0.46
2024-11-14 05:00:00,2,down,0.45239273,0.46,0.007607281,0,0.46
2024-11-14 06:00:00,1,up,0.5768699,0.46,0.1168699,1,0.5768699
2024-11-14 07:00:00,2,down,0.4251639,0.46,0.034836113,0,0.46
2024-11-14 08:00:00,2,up,0.44183272,0.46,0.018167287,0,0.46
2024-11-14 09:00:00,0,up,0.3619645,0.46,0.098035514,1,0.3619645
2024-11-14 10:00:00,2,up,0.40679708,0.46,0.053202927,0,0.46
2024-11-14 11:00:00,0,down,0.36453888,0.46,0.09546113,1,0.36453888
2024-11-14 12:00:00,2,down,0.40922034,0.46,0.05077967,0,0.46
2024-11-14 13:00:00,2,down,0.47569418,0.46,0.015694171,0,0.46
2024-11-14 14:00:00,2,down,0.5194573,0.46,0.059457272,0,0.46
2024-11-14 15:00:00,1,up,0.59989053,0.46,0.13989052,1,0.59989053
2024-11-14 16:00:00,2,up,0.4503969,0.46,0.009603113,0,0.46
2024-11-14 17:00:00,2,down,0.4685705,0.46,0.008570492,0,0.46
2024-11-14 18:00:00,1,up,0.54382026,0.46,0.08382025,1,0.54382026
2024-11-14 19:00:00,1,down,0.5399589,0.46,0.079958886,1,0.5399589
2024-11-14 20:00:00,1,up,0.5977401,0.46,0.1377401,1,0.5977401
2024-11-14 21:00:00,2,down,0.48508573,0.46,0.025085717,0,0.46
2024-11-14 22:00:00,2,down,0.5249061,0.46,0.06490609,0,0.46
2024-11-14 23:00:00,2,up,0.4517678,0.46,0.008232206,0,0.46
2024-11-15 00:00:00,1,up,0.5535294,0.46,0.09352937,1,0.5535294
2024-11-15 01:00:00,2,up,0.42419213,0.46,0.035807878,0,0.46
2024-11-15 02:00:00,2,down,0.46386835,0.46,0.0038683414,0,0.46
2024-11-15 03:00:00,2,down,0.47512928,0.46,0.015129268,0,0.46
2024-11-15 04:00:00,2,up,0.519481,0.46,0.059480995,0,0.46
2024-11-15 05:00:00,1,up,0.5509269,0.46,0.090926915,1,0.5509269
2024-11-15 06:00:00,2,down,0.5022761,0.46,0.042276114,0,0.46
2024-11-15 07:00:00,2,up,0.52812153,0.46,0.06812152,0,0.46
2024-11-15 08:00:00,2,up,0.46571532,0.46,0.0057153106,0,0.46
2024-11-15 09:00:00,2,up,0.40344962,0.46,0.056550384,0,0.46
2024-11-15 10:00:00,0,up,0.3696895,0.46,0.090310514,1,0.3696895
2024-11-15 11:00:00,0,up,0.3627357,0.46,0.09726432,1,0.3627357
2024-11-15 12:00:00,2,up,0.4718532,0.46,0.011853188,0,0.46
2024-11-15 13:00:00,0,down,0.38149667,0.46,0.07850334,1,0.38149667
2024-11-15 14:00:00,2,down,0.47750717,0.46,0.017507166,0,0.46
2024-11-15 15:00:00,2,up,0.47082648,0.46,0.0108264685,0,0.46
2024-11-15 16:00:00,2,up,0.5001308,0.46,0.040130764,0,0.46
2024-11-15 17:00:00,2,down,0.5008561,0.46,0.040856093,0,0.46
2024-11-15 18:00:00,2,up,0.46625417,0.46,0.0062541664,0,0.46
2024-11-15 19:00:00,2,up,0.42177123,0.46,0.03822878,0,0.46
2024-11-15 20:00:00,0,up,0.38531166,0.46,0.074688345,1,0.38531166
2024-11-15 21:00:00,0,down,0.37657994,0.46,0.08342007,1,0.37657994
2024-11-15 22:00:00,2,down,0.50262254,0.46,0.042622536,0,0.46
2024-11-15 23:00:00,2,down,0.4677693,0.46,0.0077692866,0,0.46
2024-11-16 00:00:00,2,up,0.4719032,0.46,0.011903197,0,0.46
2024-11-16 01:00:00,2,up,0.42685798,0.46,0.03314203,0,0.46
2024-11-16 02:00:00,2,down,0.46266347,0.46,0.0026634634,0,0.46
2024-11-16 03:00:00,2,up,0.43306646,0.46,0.02693355,0,0.46
2024-11-16 04:00:00,2,up,0.4161401,0.46,0.0438599,0,0.46
2024-11-16 05:00:00,2,down,0.46982896,0.46,0.009828955,0,0.46
2024-11-16 06:00:00,2,down,0.45323992,0.46,0.0067600906,0,0.46
2024-11-16 07:00:00,2,up,0.49674833,0.46,0.03674832,0,0.46
2024-11-16 08:00:00,0,down,0.36133927,0.46,0.09866074,1,0.36133927
2024-11-16 09:00:00,2,up,0.4523055,0.46,0.0076945126,0,0.46
2024-11-16 10:00:00,2,down,0.42218792,0.46,0.037812084,0,0.46
2024-11-16 11:00:00,2,down,0.4615749,0.46,0.0015749037,0,0.46
2024-11-16 12:00:00,2,down,0.4924012,0.46,0.032401204,0,0.46
2024-11-16 13:00:00,1,up,0.5450857,0.46,0.08508572,1,0.5450857
2024-11-16 14:00:00,2,down,0.44577366,0.46,0.014226347,0,0.46
2024-11-16 15:00:00,2,up,0.49895144,0.46,0.038951427,0,0.46
2024-11-16 16:00:00,2,up,0.5200654,0.46,0.06006542,0,0.46
2024-11-16 17:00:00,2,up,0.48628125,0.46,0.026281238,0,0.46
2024-11-16 18:00:00,0,down,0.38860923,0.46,0.07139078,1,0.38860923
2024-11-16 19:00:00,2,down,0.42478928,0.46,0.03521073,0,0.46
2024-11-16 20:00:00,2,up,0.48597687,0.46,0.025976866,0,0.46
2024-11-16 21:00:00,2,down,0.43766153,0.46,0.02233848,0,0.46
2024-11-16 22:00:00,1,up,0.564819,0.46,0.10481897,1,0.564819
2024-11-16 23:00:00,1,up,0.5302514,0.46,0.070251375,1,0.5302514
2024-11-17 00:00:00,1,down,0.54424953,0.46,0.084249526,1,0.54424953
2024-11-17 01:00:00,2,down,0.500994,0.46,0.04099402,0,0.46
2024-11-17 02:00:00,2,up,0.45440206,0.46,0.005597949,0,0.46
2024-11-17 03:00:00,2,up,0.4243978,0.46,0.035602212,0,0.46
2024-11-17 04:00:00,2,down,0.44846213,0.46,0.01153788,0,0.46
2024-11-17 05:00:00,2,up,0.4890176,0.46,0.029017597,0,0.46
2024-11-17 06:00:00,2,down,0.41053602,0.46,0.049463987,0,0.46
2024-11-17 07:00:00,2,up,0.48857114,0.46,0.028571129,0,0.46
2024-11-17 08:00:00,0,up,0.38784721,0.46,0.07215279,1,0.38784721
2024-11-17 09:00:00,2,down,0.39969206,0.46,0.06030795,0,0.46
2024-11-17 10:00:00,2,down,0.43773362,0.46,0.022266388,0,0.46
2024-11-17 11:00:00,2,up,0.48516604,0.46,0.025166035,0,0.46
2024-11-17 12:00:00,2,down,0.42695087,0.46,0.033049136,0,0.46
2024-11-17 13:00:00,2,down,0.50992036,0.46,0.04992035,0,0.46
2024-11-17 14:00:00,2,down,0.51310414,0.46,0.053104132,0,0.46
2024-11-17 15:00:00,1,up,0.534169,0.46,0.07416901,1,0.534169
2024-11-17 16:00:00,2,up,0.47936085,0.46,0.01936084,0,0.46
2024-11-17 17:00:00,2,down,0.46647096,0.46,0.0064709485,0,0.46
2024-11-17 18:00:00,1,up,0.5593296,0.46,0.09932962,1,0.5593296
2024-11-17 19:00:00,2,down,0.4938028,0.46,0.033802778,0,0.46
2024-11-17 20:00:00,1,down,0.5415833,0.46,0.08158329,1,0.5415833
2024-11-17 21:00:00,1,up,0.56973255,0.46,0.10973254,1,0.56973255
2024-11-17 22:00:00,2,up,0.4472967,0.46,0.0127032995,0,0.46
2024-11-17 23:00:00,2,up,0.4454051,0.46,0.0145949125,0,0.46
2024-11-18 00:00:00,2,up,0.46687213,0.46,0.0068721175,0,0.46
2024-11-18 01:00:00,2,down,0.43541753,0.46,0.024582475,0,0.46
2024-11-18 02:00:00,2,up,0.42199156,0.46,0.03800845,0,0.46
2024-11-18 03:00:00,0,down,0.3815031,0.46,0.0784969,1,0.3815031
2024-11-18 04:00:00,2,up,0.52208436,0.46,0.062084347,0,0.46
2024-11-18 05:00:00,2,up,0.4429018,0.46,0.017098218,0,0.46
2024-11-18 06:00:00,2,down,0.4478286,0.46,0.0121714175,0,0.46
2024-11-18 07:00:00,2,up,0.5121685,0.46,0.05216852,0,0.46
2024-11-18 08:00:00,2,down,0.46439648,0.46,0.0043964684,0,0.46
2024-11-18 09:00:00,2,up,0.5215792,0.46,0.061579198,0,0.46
2024-11-18 10:00:00,2,down,0.4565054,0.46,0.0034946203,0,0.46
2024-11-18 11:00:00,1,up,0.5423316,0.46,0.08233157,1,0.5423316
2024-11-18 12:00:00,2,down,0.52801883,0.46,0.068018824,0,0.46
2024-11-18 13:00:00,1,up,0.5762509,0.46,0.1162509,1,0.5762509
2024-11-18 14:00:00,2,up,0.48783115,0.46,0.027831137,0,0.46
2024-11-18 15:00:00,2,down,0.50141853,0.46,0.041418523,0,0.46
2024-11-18 16:00:00,2,up,0.51926136,0.46,0.05926135,0,0.46
2024-11-18 17:00:00,2,down,0.45489323,0.46,0.005106777,0,0.46
2024-11-18 18:00:00,2,up,0.48967576,0.46,0.029675752,0,0.46
2024-11-18 19:00:00,2,up,0.45701823,0.46,0.002981782,0,0.46
2024-11-18 20:00:00,2,down,0.50273263,0.46,0.042732626,0,0.46
2024-11-18 21:00:00,2,down,0.46565917,0.46,0.005659163,0,0.46
2024-11-18 22:00:00,2,down,0.4580503,0.46,0.0019496977,0,0.46
2024-11-18 23:00:00,2,up,0.50589794,0.46,0.04589793,0,0.46
2024-11-19 00:00:00,2,down,0.504537,0.46,0.044536978,0,0.46
2024-11-19 01:00:00,2,up,0.5217951,0.46,0.061795086,0,0.46
2024-11-19 02:00:00,2,up,0.46172017,0.46,0.0017201602,0,0.46
2024-11-19 03:00:00,0,up,0.3817934,0.46,0.0782066,1,0.3817934
2024-11-19 04:00:00,2,up,0.41216597,0.46,0.04783404,0,0.46
2024-11-19 05:00:00,0,up,0.37034103,0.46,0.089658976,1,0.37034103
2024-11-19 06:00:00,0,down,0.3415952,0.46,0.118404806,1,0.3415952
2024-11-19 07:00:00,2,up,0.45524597,0.46,0.0047540367,0,0.46
2024-11-19 08:00:00,0,down,0.37082878,0.46,0.08917123,1,0.37082878
2024-11-19 09:00:00,2,up,0.42972818,0.46,0.030271828,0,0.46
2024-11-19 10:00:00,2,down,0.4047607,0.46,0.05523932,0,0.46
2024-11-19 11:00:00,2,up,0.47738993,0.46,0.017389923,0,0.46
2024-11-19 12:00:00,2,down,0.39525762,0.46,0.06474239,0,0.46
2024-11-19 13:00:00,2,up,0.5258703,0.46,0.065870315,0,0.46
2024-11-19 14:00:00,2,up,0.45393902,0.46,0.0060609877,0,0.46
2024-11-19 15:00:00,2,up,0.40701774,0.46,0.05298227,0,0.46
2024-11-19 16:00:00,0,up,0.3673271,0.46,0.092672914,1,0.3673271
2024-11-19 17:00:00,2,up,0.4416243,0.46,0.018375695,0,0.46
2024-11-19 18:00:00,0,down,0.3790349,0.46,0.0809651,1,0.3790349
2024-11-19 19:00:00,2,down,0.48084894,0.46,0.02084893,0,0.46
2024-11-19 20:00:00,2,down,0.504048,0.46,0.04404798,0,0.46
2024-11-19 21:00:00,2,down,0.5020873,0.46,0.042087287,0,0.46
2024-11-19 22:00:00,2,up,0.51310915,0.46,0.05310914,0,0.46
2024-11-19 23:00:00,2,down,0.45216927,0.46,0.007830739,0,0.46
2024-11-20 00:00:00,1,down,0.53075254,0.46,0.07075253,1,0.53075254
2024-11-20 01:00:00,2,down,0.52077717,0.46,0.060777158,0,0.46
2024-11-20 02:00:00,1,up,0.53169554,0.46,0.07169554,1,0.53169554
2024-11-20 03:00:00,2,up,0.4508519,0.46,0.009148121,0,0.46
2024-11-20 04:00:00,2,up,0.46003306,0.46,3.3050776e-05,0,0.46
2024-11-20 05:00:00,2,down,0.39566395,0.46,0.06433606,0,0.46
2024-11-20 06:00:00,2,up,0.46179917,0.46,0.0017991662,0,0.46
2024-11-20 07:00:00,0,up,0.35297135,0.46,0.10702866,1,0.35297135
2024-11-20 08:00:00,0,down,0.36291572,0.46,0.097084284,1,0.36291572
2024-11-20 09:00:00,2,up,0.45165294,0.46,0.008347064,0,0.46
2024-11-20 10:00:00,2,up,0.40336692,0.46,0.056633085,0,0.46
2024-11-20 11:00:00,0,up,0.35998574,0.46,0.10001427,1,0.35998574
2024-11-20 12:00:00,2,up,0.39617443,0.46,0.06382558,0,0.46
2024-11-20 13:00:00,0,up,0.38884747,0.46,0.07115254,1,0.38884747
2024-11-20 14:00:00,0,up,0.349401,0.46,0.11059901,1,0.349401
2024-11-20 15:00:00,0,down,0.37735152,0.46,0.082648486,1,0.37735152
2024-11-20 16:00:00,2,down,0.43872097,0.46,0.021279037,0,0.46
2024-11-20 17:00:00,2,down,0.4940923,0.46,0.034092277,0,0.46
2024-11-20 18:00:00,2,up,0.5101927,0.46,0.050192684,0,0.46
2024-11-20 19:00:00,2,up,0.42239374,0.46,0.03760627,0,0.46
2024-11-20 20:00:00,2,up,0.46279606,0.46,0.002796054,0,0.46
2024-11-20 21:00:00,0,down,0.3801895,0.46,0.0798105,1,0.3801895
2024-11-20 22:00:00,2,up,0.44197157,0.46,0.018028438,0,0.46
2024-11-20 23:00:00,0,up,0.36367792,0.46,0.09632209,1,0.36367792
2024-11-21 00:00:00,2,down,0.39004523,0.46,0.06995478,0,0.46
2024-11-21 01:00:00,2,down,0.42166886,0.46,0.03833115,0,0.46
2024-11-21 02:00:00,2,up,0.43370587,0.46,0.026294142,0,0.46
2024-11-21 03:00:00,2,up,0.45127603,0.46,0.008723974,0,0.46
2024-11-21 04:00:00,2,down,0.49375203,0.46,0.033752024,0,0.46
2024-11-21 05:00:00,2,down,0.4391315,0.46,0.02086851,0,0.46
2024-11-21 06:00:00,2,down,0.48543388,0.46,0.025433868,0,0.46
2024-11-21 07:00:00,2,up,0.52935815,0.46,0.06935814,0,0.46
2024-11-21 08:00:00,0,up,0.38769013,0.46,0.07230988,1,0.38769013
2024-11-21 09:00:00,2,up,0.3997195,0.46,0.0602805,0,0.46
2024-11-21 10:00:00,0,up,0.3767216,0.46,0.08327842,1,0.3767216
2024-11-21 11:00:00,2,down,0.48368818,0.46,0.023688167,0,0.46
2024-11-21 12:00:00,1,up,0.6120324,0.46,0.1520324,1,0.6120324
2024-11-21 13:00:00,2,down,0.43836784,0.46,0.021632165,0,0.46
2024-11-21 14:00:00,2,down,0.49205866,0.46,0.032058656,0,0.46
2024-11-21 15:00:00,2,up,0.47877112,0.46,0.018771112,0,0.46
2024-11-21 16:00:00,2,up,0.44642463,0.46,0.013575375,0,0.46
2024-11-21 17:00:00,0,up,0.37923115,0.46,0.08076885,1,0.37923115
2024-11-21 18:00:00,0,down,0.3525478,0.46,0.107452214,1,0.3525478
2024-11-21 19:00:00,2,up,0.50092584,0.46,0.04092583,0,0.46
2024-11-21 20:00:00,2,down,0.43842113,0.46,0.021578878,0,0.46
2024-11-21 21:00:00,2,up,0.41174796,0.46,0.048252046,0,0.46
2024-11-21 22:00:00,0,down,0.36331353,0.46,0.09668648,1,0.36331353
2024-11-21 23:00:00,2,down,0.4673326,0.46,0.007332593,0,0.46
2024-11-22 00:00:00,2,up,0.4550852,0.46,0.00491482,0,0.46
2024-11-22 01:00:00,2,up,0.48029888,0.46,0.020298868,0,0.46
2024-11-22 02:00:00,0,up,0.3824624,0.46,0.077537596,1,0.3824624
2024-11-22 03:00:00,2,down,0.41961658,0.46,0.04038343,0,0.46
2024-11-22 04:00:00,2,down,0.42323342,0.46,0.03676659,0,0.46
2024-11-22 05:00:00,0,up,0.37441286,0.46,0.085587144,1,0.37441286
2024-11-22 06:00:00,0,up,0.33073768,0.46,0.12926233,1,0.33073768
2024-11-22 07:00:00,2,down,0.40532854,0.46,0.054671466,0,0.46
2024-11-22 08:00:00,2,down,0.44451585,0.46,0.015484154,0,0.46
2024-11-22 09:00:00,2,down,0.4596216,0.46,0.0003784001,0,0.46
2024-11-22 10:00:00,2,up,0.49542537,0.46,0.035425365,0,0.46
2024-11-22 11:00:00,2,down,0.43461344,0.46,0.025386572,0,0.46
2024-11-22 12:00:00,2,down,0.46986812,0.46,0.009868115,0,0.46
2024-11-22 13:00:00,1,down,0.5339391,0.46,0.073939115,1,0.5339391
2024-11-22 14:00:00,1,up,0.59630454,0.46,0.13630453,1,0.59630454
2024-11-22 15:00:00,2,up,0.43667814,0.46,0.023321867,0,0.46
2024-11-22 16:00:00,0,down,0.3850212,0.46,0.0749788,1,0.3850212
2024-11-22 17:00:00,2,up,0.46863052,0.46,0.008630514,0,0.46
2024-11-22 18:00:00,0,down,0.35716534,0.46,0.10283467,1,0.35716534
2024-11-22 19:00:00,2,up,0.45972055,0.46,0.00027945638,0,0.46
2024-11-22 20:00:00,2,up,0.43928996,0.46,0.020710051,0,0.46
2024-11-22 21:00:00,0,down,0.35976917,0.46,0.10023084,1,0.35976917
2024-11-22 22:00:00,2,up,0.4899139,0.46,0.029913902,0,0.46
2024-11-22 23:00:00,0,down,0.3823227,0.46,0.07767731,1,0.3823227
2024-11-23 00:00:00,2,down,0.506676,0.46,0.04667601,0,0.46
2024-11-23 01:00:00,2,down,0.49372983,0.46,0.03372982,0,0.46
2024-11-23 02:00:00,2,up,0.5224006,0.46,0.06240061,0,0.46
2024-11-23 03:00:00,2,down,0.48686454,0.46,0.026864529,0,0.46
2024-11-23 04:00:00,2,up,0.46269557,0.46,0.0026955605,0,0.46
2024-11-23 05:00:00,2,down,0.42332673,0.46,0.036673278,0,0.46
2024-11-23 06:00:00,2,down,0.4714835,0.46,0.0114834905,0,0.46
2024-11-23 07:00:00,2,down,0.47628063,0.46,0.016280621,0,0.46
2024-11-23 08:00:00,2,down,0.50744295,0.46,0.047442943,0,0.46
2024-11-23 09:00:00,2,down,0.51405835,0.46,0.054058343,0,0.46
2024-11-23 10:00:00,2,up,0.50993764,0.46,0.049937636,0,0.46
2024-11-23 11:00:00,2,up,0.5193139,0.46,0.059313864,0,0.46
2024-11-23 12:00:00,2,down,0.4415236,0.46,0.018476397,0,0.46
2024-11-23 13:00:00,2,up,0.5046604,0.46,0.04466042,0,0.46
2024-11-23 14:00:00,0,down,0.3667447,0.46,0.09325531,1,0.3667447
2024-11-23 15:00:00,2,down,0.5145015,0.46,0.054501504,0,0.46
2024-11-23 16:00:00,2,up,0.4990744,0.46,0.03907439,0,0.46
2024-11-23 17:00:00,2,down,0.4386727,0.46,0.021327317,0,0.46
2024-11-23 18:00:00,1,down,0.5416101,0.46,0.08161011,1,0.5416101
2024-11-23 19:00:00,1,up,0.5712698,0.46,0.1112698,1,0.5712698
2024-11-23 20:00:00,2,up,0.46830046,0.46,0.008300453,0,0.46
2024-11-23 21:00:00,2,down,0.44178954,0.46,0.01821047,0,0.46
2024-11-23 22:00:00,1,up,0.53564084,0.46,0.07564083,1,0.53564084
2024-11-23 23:00:00,2,up,0.4910161,0.46,0.031016082,0,0.46
2024-11-24 00:00:00,2,up,0.4353463,0.46,0.024653703,0,0.46
2024-11-24 01:00:00,2,up,0.45550948,0.46,0.0044905245,0,0.46
2024-11-24 02:00:00,2,down,0.39281404,0.46,0.06718597,0,0.46
2024-11-24 03:00:00,2,down,0.4524978,0.46,0.007502198,0,0.46
2024-11-24 04:00:00,2,up,0.40704003,0.46,0.05295998,0,0.46
2024-11-24 05:00:00,2,up,0.41965777,0.46,0.04034224,0,0.46
2024-11-24 06:00:00,0,up,0.37430328,0.46,0.08569673,1,0.37430328
2024-11-24 07:00:00,0,down,0.38868573,0.46,0.071314275,1,0.38868573
2024-11-24 08:00:00,2,down,0.4886736,0.46,0.02867359,0,0.46
2024-11-24 09:00:00,2,down,0.47687635,0.46,0.01687634,0,0.46
2024-11-24 10:00:00,1,down,0.5578422,0.46,0.09784219,1,0.5578422
2024-11-24 11:00:00,1,down,0.6377056,0.46,0.17770562,1,0.6377056
2024-11-24 12:00:00,2,up,0.48935878,0.46,0.029358774,0,0.46
2024-11-24 13:00:00,2,down,0.5125302,0.46,0.0525302,0,0.46
2024-11-24 14:00:00,2,down,0.48323992,0.46,0.02323991,0,0.46
2024-11-24 15:00:00,1,up,0.6248045,0.46,0.16480449,1,0.6248045
2024-11-24 16:00:00,2,down,0.49873215,0.46,0.03873214,0,0.46
2024-11-24 17:00:00,1,up,0.5312509,0.46,0.071250886,1,0.5312509
2024-11-24 18:00:00,2,down,0.47959897,0.46,0.01959896,0,0.46
2024-11-24 19:00:00,2,up,0.5236526,0.46,0.063652605,0,0.46
2024-11-24 20:00:00,2,up,0.41791692,0.46,0.042083085,0,0.46
2024-11-24 21:00:00,0,up,0.38108268,0.46,0.078917325,1,0.38108268
2024-11-24 22:00:00,2,down,0.42495024,0.46,0.035049766,0,0.46
2024-11-24 23:00:00,2,down,0.45877925,0.46,0.0012207627,0,0.46
2024-11-25 00:00:00,2,down,0.43686026,0.46,0.023139745,0,0.46
2024-11-25 01:00:00,2,up,0.47894737,0.46,0.018947363,0,0.46
2024-11-25 02:00:00,2,up,0.52652895,0.46,0.066528946,0,0.46
2024-11-25 03:00:00,2,down,0.41184726,0.46,0.048152745,0,0.46
2024-11-25 04:00:00,2,up,0.40277228,0.46,0.05722773,0,0.46
2024-11-25 05:00:00,0,up,0.3671615,0.46,0.092838496,1,0.3671615
2024-11-25 06:00:00,2,down,0.4682692,0.46,0.008269191,0,0.46
2024-11-25 07:00:00,2,up,0.39570078,0.46,0.064299226,0,0.46
2024-11-25 08:00:00,0,up,0.34843588,0.46,0.11156413,1,0.34843588
2024-11-25 09:00:00,2,down,0.46307975,0.46,0.0030797422,0,0.46
2024-11-25 10:00:00,2,down,0.43497065,0.46,0.025029361,0,0.46
2024-11-25 11:00:00,2,down,0.4438851,0.46,0.01611492,0,0.46
2024-11-25 12:00:00,2,down,0.47088948,0.46,0.010889471,0,0.46
2024-11-25 13:00:00,2,down,0.4949426,0.46,0.034942597,0,0.46
2024-11-25 14:00:00,1,up,0.5920363,0.46,0.1320363,1,0.5920363
2024-11-25 15:00:00,2,down,0.43447065,0.46,0.025529355,0,0.46
2024-11-25 16:00:00,1,down,0.57979727,0.46,0.11979726,1,0.57979727
2024-11-25 17:00:00,1,down,0.5352667,0.46,0.07526669,1,0.5352667
2024-11-25 18:00:00,1,down,0.5759568,0.46,0.11595681,1,0.5759568
2024-11-25 19:00:00,1,up,0.56390524,0.46,0.10390523,1,0.56390524
2024-11-25 20:00:00,2,down,0.5253938,0.46,0.065393776,0,0.46
2024-11-25 21:00:00,1,up,0.5996577,0.46,0.1396577,1,0.5996577
2024-11-25 22:00:00,2,down,0.4776464,0.46,0.017646402,0,0.46
2024-11-25 23:00:00,1,up,0.5603659,0.46,0.10036591,1,0.5603659
2024-11-26 00:00:00,2,up,0.52552027,0.46,0.06552026,0,0.46
2024-11-26 01:00:00,2,down,0.49680218,0.46,0.036802173,0,0.46
2024-11-26 02:00:00,2,down,0.477481,0.46,0.017481,0,0.46
2024-11-26 03:00:00,2,down,0.50389725,0.46,0.04389724,0,0.46
2024-11-26 04:00:00,2,up,0.5183396,0.46,0.058339566,0,0.46
2024-11-26 05:00:00,2,down,0.46826157,0.46,0.008261561,0,0.46
2024-11-26 06:00:00,2,down,0.5267616,0.46,0.06676158,0,0.46
2024-11-26 07:00:00,1,down,0.5356433,0.46,0.07564327,1,0.5356433
2024-11-26 08:00:00,2,up,0.45940658,0.46,0.00059342384,0,0.46
2024-11-26 09:00:00,2,down,0.48747718,0.46,0.027477175,0,0.46
2024-11-26 10:00:00,1,up,0.59938747,0.46,0.13938746,1,0.59938747
2024-11-26 11:00:00,2,down,0.450208,0.46,0.009792,0,0.46
2024-11-26 12:00:00,1,up,0.5380083,0.46,0.078008264,1,0.5380083
2024-11-26 13:00:00,1,up,0.54734397,0.46,0.08734396,1,0.54734397
2024-11-26 14:00:00,2,down,0.48167506,0.46,0.02167505,0,0.46
2024-11-26 15:00:00,2,up,0.48227432,0.46,0.022274315,0,0.46
2024-11-26 16:00:00,2,down,0.48697048,0.46,0.026970476,0,0.46
2024-11-26 17:00:00,2,down,0.488488,0.46,0.02848798,0,0.46
2024-11-26 18:00:00,1,down,0.5478159,0.46,0.08781591,1,0.5478159
2024-11-26 19:00:00,1,down,0.5612717,0.46,0.10127172,1,0.5612717
2024-11-26 20:00:00,1,up,0.5667559,0.46,0.10675588,1,0.5667559
2024-11-26 21:00:00,1,up,0.56641805,0.46,0.10641804,1,0.56641805
2024-11-26 22:00:00,1,up,0.54208905,0.46,0.08208904,1,0.54208905
2024-11-26 23:00:00,2,down,0.52605605,0.46,0.06605604,0,0.46
2024-11-27 00:00:00,2,up,0.5159262,0.46,0.055926174,0,0.46
2024-11-27 01:00:00,2,up,0.44898945,0.46,0.011010557,0,0.46
2024-11-27 02:00:00,2,down,0.42608923,0.46,0.03391078,0,0.46
2024-11-27 03:00:00,2,down,0.44527057,0.46,0.01472944,0,0.46
2024-11-27 04:00:00,2,up,0.49682912,0.46,0.036829114,0,0.46
2024-11-27 05:00:00,2,up,0.47429323,0.46,0.014293224,0,0.46
2024-11-27 06:00:00,2,up,0.4518997,0.46,0.008100301,0,0.46
2024-11-27 07:00:00,0,down,0.3639648,0.46,0.09603521,1,0.3639648
2024-11-27 08:00:00,0,down,0.37670368,0.46,0.08329633,1,0.37670368
2024-11-27 09:00:00,0,up,0.3653066,0.46,0.09469342,1,0.3653066
2024-11-27 10:00:00,0,down,0.37823245,0.46,0.08176756,1,0.37823245
2024-11-27 11:00:00,2,up,0.47184741,0.46,0.011847407,0,0.46
2024-11-27 12:00:00,0,up,0.36471218,0.46,0.09528783,1,0.36471218
2024-11-27 13:00:00,0,up,0.3572263,0.46,0.102773696,1,0.3572263
2024-11-27 14:00:00,0,up,0.38717428,0.46,0.07282573,1,0.38717428
2024-11-27 15:00:00,2,up,0.41591656,0.46,0.044083446,0,0.46
2024-11-27 16:00:00,2,up,0.50133616,0.46,0.04133615,0,0.46
2024-11-27 17:00:00,0,down,0.35612312,0.46,0.10387689,1,0.35612312
2024-11-27 18:00:00,2,up,0.46625695,0.46,0.006256938,0,0.46
2024-11-27 19:00:00,0,down,0.33387774,0.46,0.12612227,1,0.33387774
2024-11-27 20:00:00,2,down,0.474805,0.46,0.014804989,0,0.46
2024-11-27 21:00:00,2,down,0.4145331,0.46,0.0454669,0,0.46
2024-11-27 22:00:00,1,down,0.5378616,0.46,0.07786158,1,0.5378616
2024-11-27 23:00:00,2,up,0.48897734,0.46,0.028977334,0,0.46
2024-11-28 00:00:00,0,down,0.3841654,0.46,0.0758346,1,0.3841654
2024-11-28 01:00:00,2,down,0.4375525,0.46,0.022447497,0,0.46
2024-11-28 02:00:00,1,down,0.546976,0.46,0.08697596,1,0.546976
2024-11-28 03:00:00,2,up,0.47627032,0.46,0.01627031,0,0.46
2024-11-28 04:00:00,2,down,0.4547545,0.46,0.0052455068,0,0.46
2024-11-28 05:00:00,2,up,0.5277053,0.46,0.0677053,0,0.46
2024-11-28 06:00:00,2,down,0.47328272,0.46,0.013282716,0,0.46
2024-11-28 07:00:00,1,up,0.5354968,0.46,0.07549676,1,0.5354968
2024-11-28 08:00:00,2,down,0.49006453,0.46,0.030064523,0,0.46
2024-11-28 09:00:00,1,down,0.56742144,0.46,0.10742143,1,0.56742144
2024-11-28 10:00:00,2,up,0.51410943,0.46,0.054109424,0,0.46
2024-11-28 11:00:00,2,up,0.5119127,0.46,0.051912695,0,0.46
2024-11-28 12:00:00,2,up,0.45460185,0.46,0.0053981543,0,0.46
2024-11-28 13:00:00,0,down,0.36433077,0.46,0.09566924,1,0.36433077
2024-11-28 14:00:00,2,down,0.48924416,0.46,0.029244155,0,0.46
2024-11-28 15:00:00,2,down,0.48814693,0.46,0.028146923,0,0.46
2024-11-28 16:00:00,1,down,0.5452647,0.46,0.08526471,1,0.5452647
2024-11-28 17:00:00,1,up,0.56228703,0.46,0.102287024,1,0.56228703
2024-11-28 18:00:00,2,down,0.5018555,0.46,0.041855484,0,0.46
2024-11-28 19:00:00,2,down,0.45984378,0.46,0.00015622377,0,0.46
2024-11-28 20:00:00,2,up,0.48709115,0.46,0.027091146,0,0.46
2024-11-28 21:00:00,2,up,0.5084529,0.46,0.048452884,0,0.46
2024-11-28 22:00:00,2,down,0.39043882,0.46,0.06956118,0,0.46
2024-11-28 23:00:00,2,down,0.45152926,0.46,0.008470744,0,0.46
2024-11-29 00:00:00,2,up,0.42165902,0.46,0.038340986,0,0.46
2024-11-29 01:00:00,0,up,0.3718346,0.46,0.0881654,1,0.3718346
2024-11-29 02:00:00,2,down,0.4070206,0.46,0.05297941,0,0.46
2024-11-29 03:00:00,2,down,0.40631655,0.46,0.05368346,0,0.46
2024-11-29 04:00:00,2,down,0.46462947,0.46,0.004629463,0,0.46
2024-11-29 05:00:00,2,up,0.52423364,0.46,0.06423363,0,0.46
2024-11-29 06:00:00,2,down,0.4271597,0.46,0.03284031,0,0.46
2024-11-29 07:00:00,1,up,0.56657946,0.46,0.10657945,1,0.56657946
2024-11-29 08:00:00,2,up,0.43704396,0.46,0.022956043,0,0.46
2024-11-29 09:00:00,2,up,0.4078092,0.46,0.05219081,0,0.46
2024-11-29 10:00:00,0,up,0.38071683,0.46,0.07928318,1,0.38071683
2024-11-29 11:00:00,0,down,0.36589855,0.46,0.09410146,1,0.36589855
2024-11-29 12:00:00,2,up,0.48493773,0.46,0.02493772,0,0.46
2024-11-29 13:00:00,0,up,0.3542373,0.46,0.10576272,1,0.3542373
2024-11-29 14:00:00,2,up,0.40237018,0.46,0.057629824,0,0.46
2024-11-29 15:00:00,2,down,0.4906336,0.46,0.030633599,0,0.46
2024-11-29 16:00:00,2,down,0.48299396,0.46,0.022993952,0,0.46
2024-11-29 17:00:00,1,up,0.5409093,0.46,0.08090928,1,0.5409093
2024-11-29 18:00:00,2,up,0.45446104,0.46,0.00553897,0,0.46
2024-11-29 19:00:00,2,down,0.4696175,0.46,0.009617478,0,0.46
2024-11-29 20:00:00,2,up,0.485986,0.46,0.025985986,0,0.46
2024-11-29 21:00:00,2,down,0.39927113,0.46,0.060728878,0,0.46
2024-11-29 22:00:00,2,up,0.4826842,0.46,0.022684187,0,0.46
2024-11-29 23:00:00,0,down,0.37149933,0.46,0.08850068,1,0.37149933
2024-11-30 00:00:00,1,down,0.553641,0.46,0.09364101,1,0.553641
2024-11-30 01:00:00,1,up,0.6289484,0.46,0.16894838,1,0.6289484
2024-11-30 02:00:00,2,up,0.4994262,0.46,0.039426178,0,0.46
2024-11-30 03:00:00,2,up,0.5155193,0.46,0.055519313,0,0.46
2024-11-30 04:00:00,2,up,0.5013676,0.46,0.04136762,0,0.46
2024-11-30 05:00:00,2,down,0.46096206,0.46,0.00096204877,0,0.46
2024-11-30 06:00:00,2,up,0.46116012,0.46,0.001160115,0,0.46
2024-11-30 07:00:00,2,up,0.4616731,0.46,0.0016731024,0,0.46
2024-11-30 08:00:00,2,down,0.44445425,0.46,0.015545756,0,0.46
2024-11-30 09:00:00,2,down,0.46991518,0.46,0.009915173,0,0.46
2024-11-30 10:00:00,1,up,0.59930176,0.46,0.13930175,1,0.59930176
2024-11-30 11:00:00,1,up,0.55790555,0.46,0.09790555,1,0.55790555
2024-11-30 12:00:00,2,down,0.49109167,0.46,0.03109166,0,0.46
2024-11-30 13:00:00,1,up,0.5501676,0.46,0.09016761,1,0.5501676
2024-11-30 14:00:00,2,up,0.5060677,0.46,0.046067685,0,0.46
2024-11-30 15:00:00,2,up,0.4264434,0.46,0.03355661,0,0.46
2024-11-30 16:00:00,0,down,0.3721374,0.46,0.08786261,1,0.3721374
2024-11-30 17:00:00,2,up,0.48595446,0.46,0.025954455,0,0.46
2024-11-30 18:00:00,2,up,0.40895924,0.46,0.05104077,0,0.46
2024-11-30 19:00:00,2,down,0.40108532,0.46,0.05891469,0,0.46
2024-11-30 20:00:00,0,down,0.38938585,0.46,0.07061416,1,0.38938585
2024-11-30 21:00:00,2,down,0.51625586,0.46,0.056255847,0,0.46
2024-11-30 22:00:00,2,down,0.5208885,0.46,0.0608885,0,0.46
2024-11-30 23:00:00,1,down,0.55601215,0.46,0.096012145,1,0.55601215
2024-12-01 00:00:00,1,down,0.56303304,0.46,0.103033036,1,0.56303304
2024-12-01 01:00:00,1,down,0.58529365,0.46,0.12529364,1,0.58529365
2024-12-01 02:00:00,1,up,0.5598354,0.46,0.099835366,1,0.5598354
2024-12-01 03:00:00,2,up,0.52603066,0.46,0.06603065,0,0.46
2024-12-01 04:00:00,2,down,0.42618978,0.46,0.033810228,0,0.46
2024-12-01 05:00:00,2,up,0.500048,0.46,0.040047973,0,0.46
2024-12-01 06:00:00,2,up,0.47789752,0.46,0.017897516,0,0.46
2024-12-01 07:00:00,2,up,0.4708607,0.46,0.0108606815,0,0.46
2024-12-01 08:00:00,2,down,0.39528978,0.46,0.06471023,0,0.46
2024-12-01 09:00:00,0,down,0.36634633,0.46,0.09365368,1,0.36634633
2024-12-01 10:00:00,2,up,0.4146085,0.46,0.0453915,0,0.46
2024-12-01 11:00:00,2,down,0.39617726,0.46,0.06382275,0,0.46
2024-12-01 12:00:00,2,up,0.51947933,0.46,0.059479326,0,0.46
2024-12-01 13:00:00,2,up,0.42941904,0.46,0.030580968,0,0.46
2024-12-01 14:00:00,0,down,0.37471104,0.46,0.08528897,1,0.37471104
2024-12-01 15:00:00,2,up,0.48615593,0.46,0.026155919,0,0.46
2024-12-01 16:00:00,2,up,0.43210045,0.46,0.027899563,0,0.46
2024-12-01 17:00:00,0,down,0.37848935,0.46,0.08151066,1,0.37848935
2024-12-01 18:00:00,2,up,0.45018956,0.46,0.009810448,0,0.46
2024-12-01 19:00:00,2,down,0.44719857,0.46,0.012801439,0,0.46
2024-12-01 20:00:00,2,up,0.4132991,0.46,0.046700895,0,0.46
2024-12-01 21:00:00,0,down,0.3563674,0.46,0.1036326,1,0.3563674
2024-12-01 22:00:00,2,down,0.43014276,0.46,0.029857248,0,0.46
2024-12-01 23:00:00,2,up,0.4875716,0.46,0.027571589,0,0.46
2024-12-02 00:00:00,2,up,0.41530484,0.46,0.04469517,0,0.46
2024-12-02 01:00:00,2,down,0.39305043,0.46,0.066949576,0,0.46
2024-12-02 02:00:00,2,down,0.4731995,0.46,0.013199478,0,0.46
2024-12-02 03:00:00,1,up,0.55197966,0.46,0.09197965,1,0.55197966
2024-12-02 04:00:00,2,down,0.46424258,0.46,0.004242569,0,0.46
2024-12-02 05:00:00,1,down,0.63782656,0.46,0.17782655,1,0.63782656
2024-12-02 06:00:00,1,down,0.5681985,0.46,0.10819849,1,0.5681985
2024-12-02 07:00:00,1,down,0.53731906,0.46,0.077319056,1,0.53731906
2024-12-02 08:00:00,1,up,0.5743309,0.46,0.11433092,1,0.5743309
2024-12-02 09:00:00,2,down,0.48933303,0.46,0.029333025,0,0.46
2024-12-02 10:00:00,1,up,0.54631686,0.46,0.086316854,1,0.54631686
2024-12-02 11:00:00,2,down,0.50123715,0.46,0.041237146,0,0.46
2024-12-02 12:00:00,1,up,0.5656947,0.46,0.10569468,1,0.5656947
2024-12-02 13:00:00,2,up,0.43895724,0.46,0.021042764,0,0.46
2024-12-02 14:00:00,2,up,0.4630348,0.46,0.0030348003,0,0.46
2024-12-02 15:00:00,2,down,0.40743828,0.46,0.05256173,0,0.46
2024-12-02 16:00:00,2,down,0.51932627,0.46,0.05932626,0,0.46
2024-12-02 17:00:00,1,up,0.53432006,0.46,0.07432005,1,0.53432006
2024-12-02 18:00:00,2,up,0.4682327,0.46,0.008232683,0,0.46
2024-12-02 19:00:00,2,down,0.46960106,0.46,0.009601057,0,0.46
2024-12-02 20:00:00,2,down,0.49641845,0.46,0.036418438,0,0.46
2024-12-02 21:00:00,2,down,0.5126474,0.46,0.052647382,0,0.46
2024-12-02 22:00:00,2,up,0.5073341,0.46,0.047334105,0,0.46
2024-12-02 23:00:00,2,down,0.4616413,0.46,0.0016413033,0,0.46
2024-12-03 00:00:00,2,down,0.50608927,0.46,0.04608926,0,0.46
2024-12-03 01:00:00,2,up,0.45594722,0.46,0.004052788,0,0.46
2024-12-03 02:00:00,2,up,0.44516012,0.46,0.014839888,0,0.46
2024-12-03 03:00:00,2,down,0.4153831,0.46,0.044616908,0,0.46
2024-12-03 04:00:00,2,up,0.46487933,0.46,0.0048793256,0,0.46
2024-12-03 05:00:00,0,down,0.3869879,0.46,0.07301211,1,0.3869879
2024-12-03 06:00:00,2,down,0.4854929,0.46,0.025492877,0,0.46
2024-12-03 07:00:00,2,down,0.49481148,0.46,0.034811467,0,0.46
2024-12-03 08:00:00,2,down,0.5019649,0.46,0.04196492,0,0.46
2024-12-03 09:00:00,2,down,0.50770795,0.46,0.047707945,0,0.46
2024-12-03 10:00:00,1,up,0.5851008,0.46,0.12510082,1,0.5851008
2024-12-03 11:00:00,2,down,0.49113157,0.46,0.031131566,0,0.46
2024-12-03 12:00:00,1,down,0.5330299,0.46,0.073029906,1,0.5330299
2024-12-03 13:00:00,1,up,0.56445074,0.46,0.10445073,1,0.56445074
2024-12-03 14:00:00,2,up,0.48740578,0.46,0.027405769,0,0.46
2024-12-03 15:00:00,2,down,0.49207518,0.46,0.032075167,0,0.46
2024-12-03 16:00:00,2,up,0.5108685,0.46,0.05086848,0,0.46
2024-12-03 17:00:00,2,down,0.3921048,0.46,0.067895204,0,0.46
2024-12-03 18:00:00,2,down,0.47396222,0.46,0.013962209,0,0.46
2024-12-03 19:00:00,0,up,0.3705668,0.46,0.08943322,1,0.3705668
2024-12-03 20:00:00,2,up,0.4278828,0.46,0.032117218,0,0.46
2024-12-03 21:00:00,0,up,0.3780522,0.46,0.0819478,1,0.3780522
2024-12-03 22:00:00,0,down,0.3795013,0.46,0.080498695,1,0.3795013
2024-12-03 23:00:00,2,down,0.46993434,0.46,0.009934336,0,0.46
2024-12-04 00:00:00,2,up,0.44257337,0.46,0.01742664,0,0.46
2024-12-04 01:00:00,2,down,0.44136956,0.46,0.018630445,0,0.46
2024-12-04 02:00:00,2,down,0.44662514,0.46,0.013374865,0,0.46
2024-12-04 03:00:00,2,up,0.48543286,0.46,0.025432855,0,0.46
2024-12-04 04:00:00,2,up,0.4316605,0.46,0.028339505,0,0.46
2024-12-04 05:00:00,0,up,0.35208297,0.46,0.10791704,1,0.35208297
2024-12-04 06:00:00,0,up,0.37234434,0.46,0.08765566,1,0.37234434
2024-12-04 07:00:00,0,up,0.38776326,0.46,0.07223675,1,0.38776326
2024-12-04 08:00:00,2,up,0.39681795,0.46,0.063182056,0,0.46
2024-12-04 09:00:00,2,down,0.39425796,0.46,0.065742046,0,0.46
2024-12-04 10:00:00,2,down,0.4494808,0.46,0.0105192065,0,0.46
2024-12-04 11:00:00,2,down,0.5287536,0.46,0.06875357,0,0.46
2024-12-04 12:00:00,2,down,0.49522305,0.46,0.035223037,0,0.46
2024-12-04 13:00:00,2,up,0.50707257,0.46,0.04707256,0,0.46
2024-12-04 14:00:00,2,down,0.51085854,0.46,0.050858527,0,0.46
2024-12-04 15:00:00,2,down,0.50408745,0.46,0.04408744,0,0.46
2024-12-04 16:00:00,1,up,0.55599797,0.46,0.09599796,1,0.55599797
2024-12-04 17:00:00,2,up,0.4768692,0.46,0.016869187,0,0.46
2024-12-04 18:00:00,2,up,0.4266652,0.46,0.03333482,0,0.46
2024-12-04 19:00:00,2,up,0.40022194,0.46,0.059778064,0,0.46
2024-12-04 20:00:00,2,down,0.5072885,0.46,0.047288507,0,0.46
2024-12-04 21:00:00,1,up,0.53226376,0.46,0.07226375,1,0.53226376
2024-12-04 22:00:00,2,up,0.43869168,0.46,0.021308333,0,0.46
2024-12-04 23:00:00,2,down,0.4937948,0.46,0.03379479,0,0.46
2024-12-05 00:00:00,2,down,0.4612676,0.46,0.0012675822,0,0.46
2024-12-05 01:00:00,2,up,0.4978153,0.46,0.037815303,0,0.46
2024-12-05 02:00:00,1,up,0.5468783,0.46,0.08687827,1,0.5468783
2024-12-05 03:00:00,1,up,0.5472346,0.46,0.08723459,1,0.5472346
2024-12-05 04:00:00,2,down,0.42224365,0.46,0.037756354,0,0.46
2024-12-05 05:00:00,2,down,0.5119164,0.46,0.05191639,0,0.46
2024-12-05 06:00:00,1,up,0.53426427,0.46,0.07426426,1,0.53426427
2024-12-05 07:00:00,2,up,0.5079072,0.46,0.047907203,0,0.46
2024-12-05 08:00:00,2,down,0.4617824,0.46,0.0017823875,0,0.46
2024-12-05 09:00:00,2,down,0.50838107,0.46,0.04838106,0,0.46
2024-12-05 10:00:00,2,up,0.50990117,0.46,0.049901158,0,0.46
2024-12-05 11:00:00,2,up,0.44800624,0.46,0.011993766,0,0.46
2024-12-05 12:00:00,2,down,0.4510172,0.46,0.008982807,0,0.46
2024-12-05 13:00:00,2,up,0.45743382,0.46,0.0025661886,0,0.46
2024-12-05 14:00:00,0,down,0.36216763,0.46,0.09783238,1,0.36216763
2024-12-05 15:00:00,2,down,0.5062114,0.46,0.04621139,0,0.46
2024-12-05 16:00:00,1,up,0.5441499,0.46,0.08414987,1,0.5441499
2024-12-05 17:00:00,2,down,0.4682446,0.46,0.008244604,0,0.46
2024-12-05 18:00:00,1,down,0.64158106,0.46,0.18158105,1,0.64158106
2024-12-05 19:00:00,1,up,0.5638211,0.46,0.10382107,1,0.5638211
2024-12-05 20:00:00,2,down,0.47239068,0.46,0.012390673,0,0.46
2024-12-05 21:00:00,1,down,0.6312341,0.46,0.1712341,1,0.6312341
2024-12-05 22:00:00,2,up,0.4951906,0.46,0.035190582,0,0.46
2024-12-05 23:00:00,2,up,0.4915249,0.46,0.031524897,0,0.46
2024-12-06 00:00:00,2,up,0.49051327,0.46,0.030513257,0,0.46
2024-12-06 01:00:00,1,down,0.5605795,0.46,0.10057947,1,0.5605795
2024-12-06 02:00:00,1,up,0.55359465,0.46,0.09359464,1,0.55359465
2024-12-06 03:00:00,2,up,0.4473648,0.46,0.012635201,0,0.46
2024-12-06 04:00:00,2,down,0.4869758,0.46,0.02697578,0,0.46
2024-12-06 05:00:00,2,up,0.49460444,0.46,0.03460443,0,0.46
2024-12-06 06:00:00,2,up,0.4965762,0.46,0.03657618,0,0.46
2024-12-06 07:00:00,2,up,0.44282338,0.46,0.017176628,0,0.46
2024-12-06 08:00:00,2,down,0.4655321,0.46,0.005532086,0,0.46
2024-12-06 09:00:00,2,up,0.47512504,0.46,0.015125036,0,0.46
2024-12-06 10:00:00,2,down,0.44177684,0.46,0.018223166,0,0.46
2024-12-06 11:00:00,2,down,0.51563567,0.46,0.05563566,0,0.46
2024-12-06 12:00:00,2,up,0.50621665,0.46,0.046216637,0,0.46
2024-12-06 13:00:00,2,up,0.43671152,0.46,0.023288488,0,0.46
2024-12-06 14:00:00,0,down,0.37498614,0.46,0.08501387,1,0.37498614
2024-12-06 15:00:00,0,down,0.35961148,0.46,0.10038853,1,0.35961148
2024-12-06 16:00:00,2,up,0.42186582,0.46,0.038134187,0,0.46
2024-12-06 17:00:00,2,up,0.48243296,0.46,0.022432953,0,0.46
2024-12-06 18:00:00,2,up,0.44661996,0.46,0.013380051,0,0.46
2024-12-06 19:00:00,2,down,0.4352235,0.46,0.024776518,0,0.46
2024-12-06 20:00:00,2,down,0.4399149,0.46,0.020085096,0,0.46
2024-12-06 21:00:00,2,up,0.51326513,0.46,0.053265125,0,0.46
2024-12-06 22:00:00,2,down,0.52125335,0.46,0.06125334,0,0.46
2024-12-06 23:00:00,2,up,0.51839256,0.46,0.058392555,0,0.46
2024-12-07 00:00:00,2,down,0.4597181,0.46,0.00028190017,0,0.46
2024-12-07 01:00:00,2,down,0.5283692,0.46,0.06836918,0,0.46
2024-12-07 02:00:00,2,down,0.5249182,0.46,0.06491819,0,0.46
2024-12-07 03:00:00,1,up,0.613504,0.46,0.15350398,1,0.613504
2024-12-07 04:00:00,1,down,0.5364055,0.46,0.076405495,1,0.5364055
2024-12-07 05:00:00,1,up,0.5439661,0.46,0.083966106,1,0.5439661
2024-12-07 06:00:00,2,up,0.49328828,0.46,0.03328827,0,0.46
2024-12-07 07:00:00,2,up,0.49862722,0.46,0.038627207,0,0.46
2024-12-07 08:00:00,2,up,0.49897537,0.46,0.038975358,0,0.46
2024-12-07 09:00:00,2,down,0.49498156,0.46,0.03498155,0,0.46
2024-12-07 10:00:00,2,up,0.47145614,0.46,0.011456132,0,0.46
2024-12-07 11:00:00,2,down,0.45827657,0.46,0.0017234385,0,0.46
2024-12-07 12:00:00,2,down,0.4988401,0.46,0.038840085,0,0.46
2024-12-07 13:00:00,2,up,0.50321805,0.46,0.043218046,0,0.46
2024-12-07 14:00:00,2,up,0.47968334,0.46,0.019683331,0,0.46
2024-12-07 15:00:00,2,down,0.39255917,0.46,0.06744084,0,0.46
2024-12-07 16:00:00,2,up,0.4680176,0.46,0.0080176,0,0.46
2024-12-07 17:00:00,2,up,0.4447108,0.46,0.015289217,0,0.46
2024-12-07 18:00:00,0,down,0.3704399,0.46,0.08956012,1,0.3704399
2024-12-07 19:00:00,2,up,0.41495243,0.46,0.04504758,0,0.46
2024-12-07 20:00:00,0,down,0.36967734,0.46,0.09032267,1,0.36967734
2024-12-07 21:00:00,2,down,0.47840053,0.46,0.01840052,0,0.46
2024-12-07 22:00:00,2,up,0.4830386,0.46,0.023038596,0,0.46
2024-12-07 23:00:00,2,up,0.52801234,0.46,0.06801233,0,0.46
2024-12-08 00:00:00,2,down,0.4337366,0.46,0.026263416,0,0.46
2024-12-08 01:00:00,2,up,0.45479104,0.46,0.005208969,0,0.46
2024-12-08 02:00:00,2,down,0.41194713,0.46,0.048052877,0,0.46
2024-12-08 03:00:00,2,down,0.4625126,0.46,0.002512604,0,0.46
2024-12-08 04:00:00,2,down,0.4939781,0.46,0.033978105,0,0.46
2024-12-08 05:00:00,2,up,0.50867915,0.46,0.048679143,0,0.46
2024-12-08 06:00:00,2,down,0.4836439,0.46,0.023643881,0,0.46
2024-12-08 07:00:00,2,down,0.5189573,0.46,0.05895731,0,0.46
2024-12-08 08:00:00,1,down,0.5862633,0.46,0.12626329,1,0.5862633
2024-12-08 09:00:00,1,up,0.5466295,0.46,0.08662948,1,0.5466295
2024-12-08 10:00:00,2,up,0.5187813,0.46,0.058781296,0,0.46
2024-12-08 11:00:00,2,up,0.43051404,0.46,0.02948597,0,0.46
2024-12-08 12:00:00,2,up,0.42081892,0.46,0.039181083,0,0.46
2024-12-08 13:00:00,0,down,0.3834148,0.46,0.0765852,1,0.3834148
2024-12-08 14:00:00,1,up,0.5669785,0.46,0.106978506,1,0.5669785
2024-12-08 15:00:00,2,down,0.42946476,0.46,0.03053525,0,0.46
2024-12-08 16:00:00,2,up,0.47013545,0.46,0.010135442,0,0.46
2024-12-08 17:00:00,2,down,0.40664756,0.46,0.053352445,0,0.46
2024-12-08 18:00:00,2,up,0.5040876,0.46,0.04408762,0,0.46
2024-12-08 19:00:00,0,down,0.38622957,0.46,0.07377043,1,0.38622957
2024-12-08 20:00:00,2,up,0.52069443,0.46,0.060694426,0,0.46
2024-12-08 21:00:00,2,up,0.40587044,0.46,0.05412957,0,0.46
2024-12-08 22:00:00,0,up,0.36156085,0.46,0.09843916,1,0.36156085
2024-12-08 23:00:00,2,down,0.4422255,0.46,0.017774522,0,0.46
2024-12-09 00:00:00,2,down,0.49615327,0.46,0.036153257,0,0.46
2024-12-09 01:00:00,2,down,0.47716597,0.46,0.017165959,0,0.46
2024-12-09 02:00:00,1,down,0.54241663,0.46,0.082416624,1,0.54241663
2024-12-09 03:00:00,2,up,0.47025648,0.46,0.010256469,0,0.46
2024-12-09 04:00:00,2,up,0.46362725,0.46,0.0036272407,0,0.46
2024-12-09 05:00:00,2,down,0.5113546,0.46,0.051354617,0,0.46
2024-12-09 06:00:00,1,up,0.53135675,0.46,0.07135674,1,0.53135675
2024-12-09 07:00:00,2,down,0.42307895,0.46,0.036921054,0,0.46
2024-12-09 08:00:00,2,down,0.5167371,0.46,0.056737095,0,0.46
2024-12-09 09:00:00,1,up,0.60494107,0.46,0.14494106,1,0.60494107
2024-12-09 10:00:00,2,down,0.4996864,0.46,0.03968638,0,0.46
2024-12-09 11:00:00,1,up,0.57673055,0.46,0.11673054,1,0.57673055
2024-12-09 12:00:00,2,up,0.47266218,0.46,0.012662172,0,0.46
2024-12-09 13:00:00,2,up,0.46274695,0.46,0.0027469397,0,0.46
2024-12-09 14:00:00,2,down,0.43293503,0.46,0.02706498,0,0.46
2024-12-09 15:00:00,2,up,0.4922789,0.46,0.032278895,0,0.46
2024-12-09 16:00:00,1,down,0.53190017,0.46,0.07190016,1,0.53190017
2024-12-09 17:00:00,1,up,0.5959208,0.46,0.1359208,1,0.5959208
2024-12-09 18:00:00,1,down,0.5929295,0.46,0.13292947,1,0.5929295
2024-12-09 19:00:00,1,down,0.55904126,0.46,0.09904125,1,0.55904126
2024-12-09 20:00:00,1,up,0.5654331,0.46,0.10543308,1,0.5654331
2024-12-09 21:00:00,2,up,0.47299805,0.46,0.0129980445,0,0.46
2024-12-09 22:00:00,2,up,0.45372286,0.46,0.006277144,0,0.46
2024-12-09 23:00:00,2,up,0.4904405,0.46,0.03044048,0,0.46
2024-12-10 00:00:00,2,up,0.4623052,0.46,0.0023051798,0,0.46
2024-12-10 01:00:00,0,down,0.38551596,0.46,0.07448405,1,0.38551596
2024-12-10 02:00:00,1,up,0.5594688,0.46,0.0994688,1,0.5594688
2024-12-10 03:00:00,2,up,0.4539706,0.46,0.0060293972,0,0.46
2024-12-10 04:00:00,2,down,0.4845786,0.46,0.024578601,0,0.46
2024-12-10 05:00:00,2,up,0.5072721,0.46,0.047272116,0,0.46
2024-12-10 06:00:00,2,down,0.4996227,0.46,0.039622694,0,0.46
2024-12-10 07:00:00,2,up,0.4850737,0.46,0.025073677,0,0.46
2024-12-10 08:00:00,2,up,0.4364059,0.46,0.023594111,0,0.46
2024-12-10 09:00:00,2,up,0.46752155,0.46,0.00752154,0,0.46
2024-12-10 10:00:00,2,up,0.45373267,0.46,0.006267339,0,0.46
2024-12-10 11:00:00,2,down,0.42537177,0.46,0.034628242,0,0.46
2024-12-10 12:00:00,2,up,0.49440098,0.46,0.03440097,0,0.46
2024-12-10 13:00:00,2,up,0.42998368,0.46,0.030016333,0,0.46
2024-12-10 14:00:00,2,down,0.4170732,0.46,0.042926818,0,0.46
2024-12-10 15:00:00,1,up,0.5798938,0.46,0.11989382,1,0.5798938
2024-12-10 16:00:00,2,down,0.43349802,0.46,0.026501983,0,0.46
2024-12-10 17:00:00,1,up,0.5955958,0.46,0.13559577,1,0.5955958
2024-12-10 18:00:00,2,up,0.52357095,0.46,0.06357095,0,0.46
2024-12-10 19:00:00,1,up,0.5569257,0.46,0.096925706,1,0.5569257
2024-12-10 20:00:00,2,up,0.48496825,0.46,0.024968237,0,0.46
2024-12-10 21:00:00,2,down,0.46046603,0.46,0.00046601892,0,0.46
2024-12-10 22:00:00,2,down,0.4276578,0.46,0.032342196,0,0.46
2024-12-10 23:00:00,2,down,0.45029053,0.46,0.009709477,0,0.46
2024-12-11 00:00:00,2,down,0.502324,0.46,0.042323977,0,0.46
2024-12-11 01:00:00,1,up,0.54966635,0.46,0.08966634,1,0.54966635
2024-12-11 02:00:00,2,up,0.4617819,0.46,0.0017818809,0,0.46
2024-12-11 03:00:00,2,up,0.41023353,0.46,0.04976648,0,0.46
2024-12-11 04:00:00,0,down,0.37010378,0.46,0.08989623,1,0.37010378
2024-12-11 05:00:00,2,up,0.40874887,0.46,0.051251143,0,0.46
2024-12-11 06:00:00,0,down,0.35635868,0.46,0.10364133,1,0.35635868
2024-12-11 07:00:00,2,up,0.45919377,0.46,0.0008062422,0,0.46
2024-12-11 08:00:00,2,down,0.4161777,0.46,0.04382232,0,0.46
2024-12-11 09:00:00,0,up,0.37924787,0.46,0.080752134,1,0.37924787
2024-12-11 10:00:00,0,up,0.3501611,0.46,0.1098389,1,0.3501611
2024-12-11 11:00:00,2,down,0.4122641,0.46,0.0477359,0,0.46
2024-12-11 12:00:00,2,up,0.44870555,0.46,0.011294454,0,0.46
2024-12-11 13:00:00,0,up,0.37347528,0.46,0.086524725,1,0.37347528
2024-12-11 14:00:00,0,up,0.37351924,0.46,0.08648077,1,0.37351924
2024-12-11 15:00:00,2,up,0.46909967,0.46,0.009099662,0,0.46
2024-12-11 16:00:00,2,down,0.5155653,0.46,0.055565268,0,0.46
2024-12-11 17:00:00,1,up,0.5420361,0.46,0.08203611,1,0.5420361
2024-12-11 18:00:00,2,up,0.43323803,0.46,0.026761979,0,0.46
2024-12-11 19:00:00,0,up,0.35039684,0.46,0.10960317,1,0.35039684
2024-12-11 20:00:00,2,up,0.43192807,0.46,0.02807194,0,0.46
2024-12-11 21:00:00,0,down,0.33976772,0.46,0.120232284,1,0.33976772
2024-12-11 22:00:00,2,down,0.4799858,0.46,0.019985795,0,0.46
2024-12-11 23:00:00,2,down,0.49213544,0.46,0.032135427,0,0.46
2024-12-12 00:00:00,2,down,0.5204738,0.46,0.06047377,0,0.46
2024-12-12 01:00:00,2,up,0.5230308,0.46,0.06303081,0,0.46
2024-12-12 02:00:00,2,down,0.41582593,0.46,0.044174075,0,0.46
2024-12-12 03:00:00,2,down,0.49427304,0.46,0.03427303,0,0.46
2024-12-12 04:00:00,2,down,0.48188114,0.46,0.021881133,0,0.46
2024-12-12 05:00:00,1,down,0.58828926,0.46,0.12828925,1,0.58828926
2024-12-12 06:00:00,2,down,0.4490538,0.46,0.010946214,0,0.46
2024-12-12 07:00:00,1,up,0.6028219,0.46,0.14282188,1,0.6028219
2024-12-12 08:00:00,0,down,0.3887957,0.46,0.071204305,1,0.3887957
2024-12-12 09:00:00,2,down,0.4639303,0.46,0.0039303005,0,0.46
2024-12-12 10:00:00,2,down,0.4711583,0.46,0.0111582875,0,0.46
2024-12-12 11:00:00,2,up,0.49187353,0.46,0.031873524,0,0.46
2024-12-12 12:00:00,2,up,0.4495994,0.46,0.010400623,0,0.46
2024-12-12 13:00:00,2,up,0.47719944,0.46,0.017199427,0,0.46
2024-12-12 14:00:00,2,up,0.39310893,0.46,0.066891074,0,0.46
2024-12-12 15:00:00,0,down,0.38597104,0.46,0.07402897,1,0.38597104
2024-12-12 16:00:00,2,up,0.48991987,0.46,0.029919863,0,0.46
2024-12-12 17:00:00,0,down,0.3863273,0.46,0.07367271,1,0.3863273
2024-12-12 18:00:00,2,down,0.52219087,0.46,0.06219086,0,0.46
2024-12-12 19:00:00,1,up,0.5736673,0.46,0.11366728,1,0.5736673
2024-12-12 20:00:00,1,down,0.5670361,0.46,0.107036084,1,0.5670361
2024-12-12 21:00:00,1,up,0.6343355,0.46,0.17433551,1,0.6343355
2024-12-12 22:00:00,2,down,0.49556494,0.46,0.03556493,0,0.46
2024-12-12 23:00:00,1,up,0.5675126,0.46,0.10751256,1,0.5675126
2024-12-13 00:00:00,2,down,0.49839228,0.46,0.038392276,0,0.46
2024-12-13 01:00:00,1,up,0.57265276,0.46,0.11265275,1,0.57265276
2024-12-13 02:00:00,2,up,0.51305616,0.46,0.05305615,0,0.46
2024-12-13 03:00:00,1,up,0.5423027,0.46,0.08230272,1,0.5423027
2024-12-13 04:00:00,2,down,0.4521129,0.46,0.007887095,0,0.46
2024-12-13 05:00:00,2,down,0.501361,0.46,0.041361004,0,0.46
2024-12-13 06:00:00,1,up,0.5366074,0.46,0.07660738,1,0.5366074
2024-12-13 07:00:00,2,up,0.43904927,0.46,0.020950735,0,0.46
2024-12-13 08:00:00,0,down,0.3893515,0.46,0.07064852,1,0.3893515
2024-12-13 09:00:00,2,up,0.43066487,0.46,0.029335141,0,0.46
2024-12-13 10:00:00,0,down,0.3846311,0.46,0.07536891,1,0.3846311
2024-12-13 11:00:00,2,down,0.42387688,0.46,0.036123127,0,0.46
2024-12-13 12:00:00,2,down,0.44813573,0.46,0.011864275,0,0.46
2024-12-13 13:00:00,2,up,0.47724283,0.46,0.01724282,0,0.46
2024-12-13 14:00:00,0,down,0.3546733,0.46,0.10532671,1,0.3546733
2024-12-13 15:00:00,2,up,0.5098899,0.46,0.049889892,0,0.46
2024-12-13 16:00:00,2,up,0.41746664,0.46,0.042533368,0,0.46
2024-12-13 17:00:00,2,down,0.4157804,0.46,0.044219613,0,0.46
2024-12-13 18:00:00,2,down,0.4190159,0.46,0.040984094,0,0.46
2024-12-13 19:00:00,0,up,0.37146628,0.46,0.08853373,1,0.37146628
2024-12-13 20:00:00,2,down,0.42231548,0.46,0.03768453,0,0.46
2024-12-13 21:00:00,2,down,0.46886414,0.46,0.008864135,0,0.46
2024-12-13 22:00:00,2,up,0.49234998,0.46,0.032349974,0,0.46
2024-12-13 23:00:00,2,down,0.4196996,0.46,0.0403004,0,0.46
2024-12-14 00:00:00,2,up,0.46125406,0.46,0.0012540519,0,0.46
2024-12-14 01:00:00,2,down,0.47422543,0.46,0.014225423,0,0.46
2024-12-14 02:00:00,0,up,0.3600098,0.46,0.09999022,1,0.3600098
2024-12-14 03:00:00,2,down,0.45944634,0.46,0.00055366755,0,0.46
2024-12-14 04:00:00,2,up,0.46002704,0.46,2.7030706e-05,0,0.46
2024-12-14 05:00:00,2,up,0.46444398,0.46,0.0044439733,0,0.46
2024-12-14 06:00:00,2,down,0.44395572,0.46,0.016044289,0,0.46
2024-12-14 07:00:00,2,down,0.42769605,0.46,0.03230396,0,0.46
2024-12-14 08:00:00,2,down,0.45927635,0.46,0.00072366,0,0.46
2024-12-14 09:00:00,2,down,0.50429237,0.46,0.04429236,0,0.46
2024-12-14 10:00:00,2,up,0.48493594,0.46,0.024935931,0,0.46
2024-12-14 11:00:00,2,down,0.52807224,0.46,0.06807223,0,0.46
2024-12-14 12:00:00,1,down,0.53314805,0.46,0.07314804,1,0.53314805
2024-12-14 13:00:00,2,up,0.4758955,0.46,0.015895486,0,0.46
2024-12-14 14:00:00,2,up,0.496351,0.46,0.036350995,0,0.46
2024-12-14 15:00:00,2,up,0.4042028,0.46,0.05579722,0,0.46
2024-12-14 16:00:00,2,down,0.3918359,0.46,0.06816411,0,0.46
2024-12-14 17:00:00,2,down,0.5009001,0.46,0.04090008,0,0.46
2024-12-14 18:00:00,1,up,0.53493,0.46,0.07492998,1,0.53493
2024-12-14 19:00:00,2,down,0.5003922,0.46,0.04039219,0,0.46
2024-12-14 20:00:00,1,up,0.5397794,0.46,0.07977942,1,0.5397794
2024-12-14 21:00:00,2,up,0.5248814,0.46,0.064881414,0,0.46
2024-12-14 22:00:00,2,up,0.5013237,0.46,0.04132369,0,0.46
2024-12-14 23:00:00,2,up,0.39054096,0.46,0.06945905,0,0.46
2024-12-15 00:00:00,2,up,0.4243674,0.46,0.03563261,0,0.46
2024-12-15 01:00:00,2,down,0.4050548,0.46,0.0549452,0,0.46
2024-12-15 02:00:00,2,down,0.4978586,0.46,0.037858605,0,0.46
2024-12-15 03:00:00,2,up,0.4563243,0.46,0.0036756992,0,0.46
2024-12-15 04:00:00,2,down,0.47031805,0.46,0.010318041,0,0.46
2024-12-15 05:00:00,2,down,0.4094764,0.46,0.05052361,0,0.46
2024-12-15 06:00:00,2,down,0.51085824,0.46,0.05085823,0,0.46
2024-12-15 07:00:00,2,up,0.47550187,0.46,0.015501857,0,0.46
2024-12-15 08:00:00,0,up,0.37485874,0.46,0.08514127,1,0.37485874
2024-12-15 09:00:00,0,up,0.38805306,0.46,0.07194695,1,0.38805306
2024-12-15 10:00:00,2,up,0.44652167,0.46,0.013478339,0,0.46
2024-12-15 11:00:00,0,up,0.35778338,0.46,0.10221663,1,0.35778338
2024-12-15 12:00:00,2,down,0.46577725,0.46,0.00577724,0,0.46
2024-12-15 13:00:00,2,up,0.39577612,0.46,0.064223886,0,0.46
2024-12-15 14:00:00,0,down,0.35353148,0.46,0.10646853,1,0.35353148
2024-12-15 15:00:00,2,up,0.51046556,0.46,0.050465554,0,0.46
2024-12-15 16:00:00,2,up,0.4429521,0.46,0.017047912,0,0.46
2024-12-15 17:00:00,2,up,0.44085062,0.46,0.019149393,0,0.46
2024-12-15 18:00:00,0,up,0.38145232,0.46,0.07854769,1,0.38145232
2024-12-15 19:00:00,2,down,0.43689337,0.46,0.023106635,0,0.46
2024-12-15 20:00:00,2,down,0.42534637,0.46,0.034653634,0,0.46
2024-12-15 21:00:00,2,up,0.48545173,0.46,0.02545172,0,0.46
2024-12-15 22:00:00,2,up,0.40563065,0.46,0.05436936,0,0.46
2024-12-15 23:00:00,2,up,0.47229505,0.46,0.0122950375,0,0.46
2024-12-16 00:00:00,2,up,0.51460236,0.46,0.054602355,0,0.46
2024-12-16 01:00:00,2,down,0.41266388,0.46,0.04733613,0,0.46
2024-12-16 02:00:00,2,down,0.5207218,0.46,0.060721785,0,0.46
2024-12-16 03:00:00,2,up,0.50682324,0.46,0.046823233,0,0.46
2024-12-16 04:00:00,2,up,0.47405806,0.46,0.0140580535,0,0.46
2024-12-16 05:00:00,2,up,0.3996233,0.46,0.060376704,0,0.46
2024-12-16 06:00:00,2,down,0.4679295,0.46,0.007929504,0,0.46
2024-12-16 07:00:00,2,down,0.44434744,0.46,0.015652567,0,0.46
2024-12-16 08:00:00,2,up,0.51747,0.46,0.057469994,0,0.46
2024-12-16 09:00:00,2,up,0.49723622,0.46,0.037236214,0,0.46
2024-12-16 10:00:00,2,down,0.4684983,0.46,0.008498281,0,0.46
2024-12-16 11:00:00,2,down,0.5236667,0.46,0.06366667,0,0.46
2024-12-16 12:00:00,1,up,0.53420526,0.46,0.07420525,1,0.53420526
2024-12-16 13:00:00,2,up,0.51625544,0.46,0.05625543,0,0.46
2024-12-16 14:00:00,2,up,0.48135594,0.46,0.021355927,0,0.46
2024-12-16 15:00:00,2,up,0.42478946,0.46,0.03521055,0,0.46
2024-12-16 16:00:00,2,up,0.45487395,0.46,0.005126059,0,0.46
2024-12-16 17:00:00,0,up,0.3744664,0.46,0.08553362,1,0.3744664
2024-12-16 18:00:00,2,down,0.4857143,0.46,0.025714278,0,0.46
2024-12-16 19:00:00,2,down,0.42905214,0.46,0.030947864,0,0.46
2024-12-16 20:00:00,2,up,0.5138384,0.46,0.053838402,0,0.46
2024-12-16 21:00:00,2,down,0.4960826,0.46,0.036082596,0,0.46
2024-12-16 22:00:00,1,up,0.5639809,0.46,0.10398087,1,0.5639809
2024-12-16 23:00:00,0,down,0.3728815,0.46,0.08711851,1,0.3728815
2024-12-17 00:00:00,2,up,0.49495685,0.46,0.034956843,0,0.46
2024-12-17 01:00:00,0,down,0.3730784,0.46,0.0869216,1,0.3730784
2024-12-17 02:00:00,2,up,0.45511645,0.46,0.0048835576,0,0.46
2024-12-17 03:00:00,0,down,0.35994837,0.46,0.10005164,1,0.35994837
2024-12-17 04:00:00,2,up,0.42159486,0.46,0.03840515,0,0.46
2024-12-17 05:00:00,0,down,0.33644584,0.46,0.12355417,1,0.33644584
2024-12-17 06:00:00,2,up,0.41742784,0.46,0.04257217,0,0.46
2024-12-17 07:00:00,2,up,0.42520803,0.46,0.034791976,0,0.46
2024-12-17 08:00:00,0,down,0.35905108,0.46,0.10094893,1,0.35905108
2024-12-17 09:00:00,2,down,0.3953642,0.46,0.06463581,0,0.46
2024-12-17 10:00:00,0,down,0.3447073,0.46,0.1152927,1,0.3447073
2024-12-17 11:00:00,2,up,0.465957,0.46,0.0059569776,0,0.46
2024-12-17 12:00:00,2,up,0.39954823,0.46,0.060451776,0,0.46
2024-12-17 13:00:00,2,up,0.4453753,0.46,0.014624715,0,0.46
2024-12-17 14:00:00,0,down,0.38879073,0.46,0.07120928,1,0.38879073
2024-12-17 15:00:00,2,up,0.48526236,0.46,0.025262356,0,0.46
2024-12-17 16:00:00,0,up,0.37958932,0.46,0.08041069,1,0.37958932
2024-12-17 17:00:00,2,down,0.41190276,0.46,0.048097253,0,0.46
2024-12-17 18:00:00,2,down,0.50501585,0.46,0.04501584,0,0.46
2024-12-17 19:00:00,1,up,0.55664545,0.46,0.096645445,1,0.55664545
2024-12-17 20:00:00,2,down,0.48102862,0.46,0.021028608,0,0.46
2024-12-17 21:00:00,1,down,0.5490892,0.46,0.089089185,1,0.5490892
2024-12-17 22:00:00,2,up,0.49889523,0.46,0.03889522,0,0.46
2024-12-17 23:00:00,2,down,0.5211309,0.46,0.06113091,0,0.46
2024-12-18 00:00:00,1,down,0.5417389,0.46,0.08173892,1,0.5417389
2024-12-18 01:00:00,1,down,0.5413422,0.46,0.08134219,1,0.5413422
2024-12-18 02:00:00,1,down,0.5397406,0.46,0.07974061,1,0.5397406
2024-12-18 03:00:00,1,down,0.55478805,0.46,0.094788045,1,0.55478805
2024-12-18 04:00:00,2,down,0.51036733,0.46,0.050367326,0,0.46
2024-12-18 05:00:00,1,up,0.54357684,0.46,0.08357683,1,0.54357684
2024-12-18 06:00:00,1,up,0.53655714,0.46,0.07655713,1,0.53655714
2024-12-18 07:00:00,2,down,0.5126653,0.46,0.052665263,0,0.46
2024-12-18 08:00:00,2,up,0.52178097,0.46,0.06178096,0,0.46
2024-12-18 09:00:00,1,up,0.57858783,0.46,0.11858782,1,0.57858783
2024-12-18 10:00:00,2,up,0.47752243,0.46,0.017522424,0,0.46
2024-12-18 11:00:00,2,down,0.41392136,0.46,0.046078652,0,0.46
2024-12-18 12:00:00,2,down,0.44980666,0.46,0.010193348,0,0.46
2024-12-18 13:00:00,2,down,0.48754877,0.46,0.02754876,0,0.46
2024-12-18 14:00:00,1,up,0.53430855,0.46,0.074308544,1,0.53430855
2024-12-18 15:00:00,2,down,0.47199008,0.46,0.01199007,0,0.46
2024-12-18 16:00:00,2,up,0.46322995,0.46,0.003229946,0,0.46
2024-12-18 17:00:00,2,up,0.45304477,0.46,0.006955236,0,0.46
2024-12-18 18:00:00,2,down,0.3934632,0.46,0.066536814,0,0.46
2024-12-18 19:00:00,1,down,0.58727664,0.46,0.12727663,1,0.58727664
2024-12-18 20:00:00,2,up,0.5074139,0.46,0.047413915,0,0.46
2024-12-18 21:00:00,1,up,0.5443206,0.46,0.084320575,1,0.5443206
2024-12-18 22:00:00,2,down,0.515603,0.46,0.055602998,0,0.46
2024-12-18 23:00:00,1,up,0.59162855,0.46,0.13162854,1,0.59162855
2024-12-19 00:00:00,2,down,0.51732254,0.46,0.057322532,0,0.46
2024-12-19 01:00:00,1,up,0.579547,0.46,0.11954698,1,0.579547
2024-12-19 02:00:00,2,up,0.48654416,0.46,0.026544154,0,0.46
2024-12-19 03:00:00,2,down,0.46715605,0.46,0.0071560442,0,0.46
2024-12-19 04:00:00,1,up,0.5474408,0.46,0.08744082,1,0.5474408
2024-12-19 05:00:00,2,down,0.453974,0.46,0.006026,0,0.46
2024-12-19 06:00:00,2,up,0.47251138,0.46,0.012511373,0,0.46
2024-12-19 07:00:00,2,down,0.41296202,0.46,0.04703799,0,0.46
2024-12-19 08:00:00,2,up,0.44114497,0.46,0.018855035,0,0.46
2024-12-19 09:00:00,2,up,0.39390525,0.46,0.066094756,0,0.46
2024-12-19 10:00:00,2,up,0.3934056,0.46,0.06659442,0,0.46
2024-12-19 11:00:00,0,down,0.3645175,0.46,0.0954825,1,0.3645175
2024-12-19 12:00:00,2,down,0.45056817,0.46,0.009431839,0,0.46
2024-12-19 13:00:00,2,down,0.47670326,0.46,0.016703248,0,0.46
2024-12-19 14:00:00,1,down,0.5733141,0.46,0.11331406,1,0.5733141
2024-12-19 15:00:00,2,up,0.45518726,0.46,0.0048127472,0,0.46
2024-12-19 16:00:00,2,down,0.43850455,0.46,0.021495461,0,0.46
2024-12-19 17:00:00,2,up,0.5102295,0.46,0.05022952,0,0.46
2024-12-19 18:00:00,2,down,0.42729634,0.46,0.032703668,0,0.46
2024-12-19 19:00:00,1,down,0.5704946,0.46,0.110494584,1,0.5704946
2024-12-19 20:00:00,1,up,0.5472857,0.46,0.08728567,1,0.5472857
2024-12-19 21:00:00,2,up,0.47396532,0.46,0.013965309,0,0.46
2024-12-19 22:00:00,2,down,0.51899385,0.46,0.058993846,0,0.46
2024-12-19 23:00:00,1,down,0.6232304,0.46,0.16323039,1,0.6232304
2024-12-20 00:00:00,2,down,0.4958532,0.46,0.035853177,0,0.46
2024-12-20 01:00:00,1,up,0.5334293,0.46,0.07342932,1,0.5334293
2024-12-20 02:00:00,2,down,0.45730963,0.46,0.0026903749,0,0.46
2024-12-20 03:00:00,1,up,0.58409476,0.46,0.124094754,1,0.58409476
2024-12-20 04:00:00,2,down,0.51010424,0.46,0.05010423,0,0.46
2024-12-20 05:00:00,1,up,0.595912,0.46,0.13591197,1,0.595912
2024-12-20 06:00:00,2,up,0.4513271,0.46,0.008672923,0,0.46
2024-12-20 07:00:00,2,down,0.49103722,0.46,0.031037211,0,0.46
2024-12-20 08:00:00,1,down,0.57026273,0.46,0.11026272,1,0.57026273
2024-12-20 09:00:00,1,down,0.63218516,0.46,0.17218515,1,0.63218516
2024-12-20 10:00:00,1,down,0.55984503,0.46,0.09984502,1,0.55984503
2024-12-20 11:00:00,1,up,0.6249426,0.46,0.16494259,1,0.6249426
2024-12-20 12:00:00,2,up,0.49172828,0.46,0.031728268,0,0.46
2024-12-20 13:00:00,1,up,0.55832934,0.46,0.098329335,1,0.55832934
2024-12-20 14:00:00,2,up,0.4681915,0.46,0.008191496,0,0.46
2024-12-20 15:00:00,2,down,0.48675427,0.46,0.02675426,0,0.46
2024-12-20 16:00:00,2,up,0.46308833,0.46,0.0030883253,0,0.46
2024-12-20 17:00:00,2,down,0.4195552,0.46,0.04044482,0,0.46
2024-12-20 18:00:00,2,up,0.43892196,0.46,0.02107805,0,0.46
2024-12-20 19:00:00,2,down,0.44975698,0.46,0.010243028,0,0.46
2024-12-20 20:00:00,1,up,0.5583565,0.46,0.098356515,1,0.5583565
2024-12-20 21:00:00,2,up,0.48185512,0.46,0.021855116,0,0.46
2024-12-20 22:00:00,2,up,0.4395724,0.46,0.020427614,0,0.46
2024-12-20 23:00:00,0,down,0.3887921,0.46,0.07120791,1,0.3887921
2024-12-21 00:00:00,2,down,0.39002174,0.46,0.06997827,0,0.46
2024-12-21 01:00:00,2,up,0.42607918,0.46,0.033920825,0,0.46
2024-12-21 02:00:00,2,up,0.446606,0.46,0.013393998,0,0.46
2024-12-21 03:00:00,2,up,0.44469738,0.46,0.015302628,0,0.46
2024-12-21 04:00:00,2,up,0.43124005,0.46,0.028759956,0,0.46
2024-12-21 05:00:00,0,up,0.36672363,0.46,0.09327638,1,0.36672363
2024-12-21 06:00:00,0,up,0.3544809,0.46,0.105519116,1,0.3544809
2024-12-21 07:00:00,2,down,0.43010306,0.46,0.029896945,0,0.46
2024-12-21 08:00:00,2,down,0.4401648,0.46,0.019835204,0,0.46
2024-12-21 09:00:00,2,down,0.39188945,0.46,0.068110555,0,0.46
2024-12-21 10:00:00,2,up,0.4982863,0.46,0.0382863,0,0.46
2024-12-21 11:00:00,2,down,0.46268845,0.46,0.0026884377,0,0.46
2024-12-21 12:00:00,1,up,0.5867419,0.46,0.12674192,1,0.5867419
2024-12-21 13:00:00,2,down,0.42419484,0.46,0.035805166,0,0.46
2024-12-21 14:00:00,1,up,0.65581024,0.46,0.19581023,1,0.65581024
2024-12-21 15:00:00,2,down,0.52372164,0.46,0.06372163,0,0.46
2024-12-21 16:00:00,2,up,0.51658684,0.46,0.05658683,0,0.46
2024-12-21 17:00:00,2,down,0.42376882,0.46,0.03623119,0,0.46
2024-12-21 18:00:00,2,down,0.48555356,0.46,0.025553554,0,0.46
2024-12-21 19:00:00,2,up,0.4854759,0.46,0.02547589,0,0.46
2024-12-21 20:00:00,2,down,0.5147583,0.46,0.05475828,0,0.46
2024-12-21 21:00:00,1,up,0.53538877,0.46,0.07538876,1,0.53538877
2024-12-21 22:00:00,1,up,0.533131,0.46,0.073130995,1,0.533131
2024-12-21 23:00:00,2,down,0.51435167,0.46,0.054351658,0,0.46
2024-12-22 00:00:00,2,down,0.48115543,0.46,0.021155417,0,0.46
2024-12-22 01:00:00,1,down,0.53866345,0.46,0.07866344,1,0.53866345
2024-12-22 02:00:00,1,up,0.53164774,0.46,0.07164773,1,0.53164774
2024-12-22 03:00:00,1,down,0.54022557,0.46,0.08022556,1,0.54022557
2024-12-22 04:00:00,1,up,0.63363016,0.46,0.17363015,1,0.63363016
2024-12-22 05:00:00,2,up,0.52000797,0.46,0.06000796,0,0.46
2024-12-22 06:00:00,2,down,0.51210123,0.46,0.052101225,0,0.46
2024-12-22 07:00:00,2,up,0.52108836,0.46,0.061088353,0,0.46
2024-12-22 08:00:00,1,up,0.5330485,0.46,0.0730485,1,0.5330485
2024-12-22 09:00:00,2,up,0.47501323,0.46,0.015013218,0,0.46
2024-12-22 10:00:00,2,up,0.46075952,0.46,0.0007595122,0,0.46
2024-12-22 11:00:00,2,down,0.47556558,0.46,0.015565574,0,0.46
2024-12-22 12:00:00,2,down,0.43155593,0.46,0.028444082,0,0.46
2024-12-22 13:00:00,2,down,0.44885913,0.46,0.011140883,0,0.46
2024-12-22 14:00:00,1,up,0.5421099,0.46,0.0821099,1,0.5421099
2024-12-22 15:00:00,2,up,0.5266365,0.46,0.06663647,0,0.46
2024-12-22 16:00:00,2,down,0.48555255,0.46,0.025552541,0,0.46
2024-12-22 17:00:00,2,up,0.52750826,0.46,0.06750825,0,0.46
2024-12-22 18:00:00,2,down,0.471732,0.46,0.011731982,0,0.46
2024-12-22 19:00:00,1,up,0.55838716,0.46,0.09838715,1,0.55838716
2024-12-22 20:00:00,2,down,0.45291573,0.46,0.0070842803,0,0.46
2024-12-22 21:00:00,2,up,0.49917334,0.46,0.039173335,0,0.46
2024-12-22 22:00:00,2,down,0.4383552,0.46,0.0216448,0,0.46
2024-12-22 23:00:00,2,down,0.5065193,0.46,0.04651931,0,0.46
2024-12-23 00:00:00,1,up,0.561454,0.46,0.10145399,1,0.561454
2024-12-23 01:00:00,2,up,0.4918906,0.46,0.0318906,0,0.46
2024-12-23 02:00:00,2,up,0.42790645,0.46,0.032093555,0,0.46
2024-12-23 03:00:00,2,down,0.4136586,0.46,0.04634142,0,0.46
2024-12-23 04:00:00,2,down,0.45533156,0.46,0.0046684444,0,0.46
2024-12-23 05:00:00,2,down,0.4468153,0.46,0.013184696,0,0.46
2024-12-23 06:00:00,1,up,0.5417656,0.46,0.08176556,1,0.5417656
2024-12-23 07:00:00,2,up,0.5175132,0.46,0.057513207,0,0.46
2024-12-23 08:00:00,1,up,0.5385205,0.46,0.07852051,1,0.5385205
2024-12-23 09:00:00,2,up,0.41411808,0.46,0.045881927,0,0.46
2024-12-23 10:00:00,0,down,0.37098062,0.46,0.08901939,1,0.37098062
2024-12-23 11:00:00,2,up,0.460071,0.46,7.098913e-05,0,0.46
2024-12-23 12:00:00,0,down,0.38315013,0.46,0.07684988,1,0.38315013
2024-12-23 13:00:00,2,down,0.5026015,0.46,0.042601496,0,0.46
2024-12-23 14:00:00,2,down,0.45956525,0.46,0.00043475628,0,0.46
2024-12-23 15:00:00,1,up,0.59799737,0.46,0.13799736,1,0.59799737
2024-12-23 16:00:00,2,down,0.48596358,0.46,0.025963575,0,0.46
2024-12-23 17:00:00,1,down,0.5675831,0.46,0.107583076,1,0.5675831
2024-12-23 18:00:00,1,up,0.60577565,0.46,0.14577565,1,0.60577565
2024-12-23 19:00:00,1,up,0.5836064,0.46,0.12360641,1,0.5836064
2024-12-23 20:00:00,2,up,0.49760032,0.46,0.03760031,0,0.46
2024-12-23 21:00:00,2,up,0.49990585,0.46,0.039905846,0,0.46
2024-12-23 22:00:00,2,down,0.43250847,0.46,0.02749154,0,0.46
2024-12-23 23:00:00,2,down,0.4681953,0.46,0.008195281,0,0.46
2024-12-24 00:00:00,2,down,0.41171366,0.46,0.04828635,0,0.46
2024-12-24 01:00:00,2,down,0.5081627,0.46,0.04816267,0,0.46
2024-12-24 02:00:00,2,up,0.5282603,0.46,0.06826028,0,0.46
2024-12-24 03:00:00,2,up,0.51348394,0.46,0.053483933,0,0.46
2024-12-24 04:00:00,2,up,0.45240209,0.46,0.0075979233,0,0.46
2024-12-24 05:00:00,2,down,0.43254533,0.46,0.027454674,0,0.46
2024-12-24 06:00:00,2,up,0.5192998,0.46,0.059299797,0,0.46
2024-12-24 07:00:00,2,up,0.49238664,0.46,0.03238663,0,0.46
2024-12-24 08:00:00,2,down,0.5106512,0.46,0.050651163,0,0.46
2024-12-24 09:00:00,2,down,0.5230311,0.46,0.06303111,0,0.46
2024-12-24 10:00:00,1,up,0.5550523,0.46,0.09505227,1,0.5550523
2024-12-24 11:00:00,2,down,0.5023521,0.46,0.04235211,0,0.46
2024-12-24 12:00:00,2,up,0.45109802,0.46,0.0089019835,0,0.46
2024-12-24 13:00:00,2,up,0.46591452,0.46,0.0059145093,0,0.46
2024-12-24 14:00:00,2,up,0.4377877,0.46,0.022212297,0,0.46
2024-12-24 15:00:00,2,up,0.41362706,0.46,0.04637295,0,0.46
2024-12-24 16:00:00,2,up,0.4259272,0.46,0.034072816,0,0.46
2024-12-24 17:00:00,2,down,0.4439162,0.46,0.016083807,0,0.46
2024-12-24 18:00:00,2,down,0.5003065,0.46,0.04030648,0,0.46
2024-12-24 19:00:00,2,down,0.5070786,0.46,0.04707858,0,0.46
2024-12-24 20:00:00,1,up,0.5877464,0.46,0.12774637,1,0.5877464
2024-12-24 21:00:00,2,up,0.48399,0.46,0.023990005,0,0.46
2024-12-24 22:00:00,2,down,0.46531007,0.46,0.0053100586,0,0.46
2024-12-24 23:00:00,2,down,0.48513293,0.46,0.025132924,0,0.46
2024-12-25 00:00:00,2,down,0.48789153,0.46,0.027891517,0,0.46
2024-12-25 01:00:00,2,up,0.52421135,0.46,0.06421134,0,0.46
2024-12-25 02:00:00,2,down,0.50240004,0.46,0.042400032,0,0.46
2024-12-25 03:00:00,2,up,0.51007956,0.46,0.050079554,0,0.46
2024-12-25 04:00:00,2,up,0.41785416,0.46,0.04214585,0,0.46
2024-12-25 05:00:00,2,down,0.42292202,0.46,0.037077993,0,0.46
2024-12-25 06:00:00,2,up,0.5079217,0.46,0.047921687,0,0.46
2024-12-25 07:00:00,2,down,0.5056118,0.46,0.04561177,0,0.46
2024-12-25 08:00:00,2,up,0.46433812,0.46,0.0043381155,0,0.46
2024-12-25 09:00:00,2,up,0.40178582,0.46,0.058214188,0,0.46
2024-12-25 10:00:00,2,down,0.4627555,0.46,0.002755493,0,0.46
2024-12-25 11:00:00,2,up,0.49815002,0.46,0.038150012,0,0.46
2024-12-25 12:00:00,2,up,0.45520797,0.46,0.0047920346,0,0.46
2024-12-25 13:00:00,2,up,0.40302557,0.46,0.05697444,0,0.46
2024-12-25 14:00:00,0,down,0.365281,0.46,0.09471902,1,0.365281
2024-12-25 15:00:00,2,down,0.39202863,0.46,0.06797138,0,0.46
2024-12-25 16:00:00,2,up,0.41452384,0.46,0.04547617,0,0.46
2024-12-25 17:00:00,0,up,0.38229683,0.46,0.07770318,1,0.38229683
2024-12-25 18:00:00,2,up,0.40380958,0.46,0.05619043,0,0.46
2024-12-25 19:00:00,2,up,0.43108645,0.46,0.028913558,0,0.46
2024-12-25 20:00:00,2,down,0.40841353,0.46,0.05158648,0,0.46
2024-12-25 21:00:00,2,up,0.50390923,0.46,0.043909222,0,0.46
2024-12-25 22:00:00,2,up,0.4632997,0.46,0.0032996833,0,0.46
2024-12-25 23:00:00,0,down,0.38144338,0.46,0.07855663,1,0.38144338
2024-12-26 00:00:00,2,up,0.48034936,0.46,0.020349354,0,0.46
2024-12-26 01:00:00,2,down,0.40338278,0.46,0.05661723,0,0.46
2024-12-26 02:00:00,2,up,0.47557336,0.46,0.015573353,0,0.46
2024-12-26 03:00:00,2,down,0.42241958,0.46,0.03758043,0,0.46
2024-12-26 04:00:00,1,up,0.58479214,0.46,0.12479213,1,0.58479214
2024-12-26 05:00:00,2,down,0.49730697,0.46,0.037306964,0,0.46
2024-12-26 06:00:00,1,down,0.55961466,0.46,0.09961465,1,0.55961466
2024-12-26 07:00:00,1,down,0.64092,0.46,0.18091998,1,0.64092
2024-12-26 08:00:00,1,down,0.53530186,0.46,0.075301856,1,0.53530186
2024-12-26 09:00:00,1,up,0.63949454,0.46,0.17949453,1,0.63949454
2024-12-26 10:00:00,1,up,0.56460375,0.46,0.10460374,1,0.56460375
2024-12-26 11:00:00,1,down,0.59567183,0.46,0.13567182,1,0.59567183
2024-12-26 12:00:00,2,up,0.5137706,0.46,0.053770572,0,0.46
2024-12-26 13:00:00,2,down,0.484307,0.46,0.024306983,0,0.46
2024-12-26 14:00:00,2,up,0.50811857,0.46,0.04811856,0,0.46
2024-12-26 15:00:00,2,up,0.43487507,0.46,0.025124937,0,0.46
2024-12-26 16:00:00,2,down,0.40481597,0.46,0.055184036,0,0.46
2024-12-26 17:00:00,1,down,0.55592513,0.46,0.09592512,1,0.55592513
2024-12-26 18:00:00,1,up,0.5420676,0.46,0.08206758,1,0.5420676
2024-12-26 19:00:00,2,down,0.45523253,0.46,0.0047674775,0,0.46
2024-12-26 20:00:00,1,up,0.54557854,0.46,0.08557853,1,0.54557854
2024-12-26 21:00:00,2,up,0.49911922,0.46,0.039119214,0,0.46
2024-12-26 22:00:00,1,down,0.5329115,0.46,0.07291147,1,0.5329115
2024-12-26 23:00:00,2,up,0.46394375,0.46,0.0039437413,0,0.46
2024-12-27 00:00:00,2,up,0.50832295,0.46,0.048322946,0,0.46
2024-12-27 01:00:00,2,up,0.4871598,0.46,0.02715978,0,0.46
2024-12-27 02:00:00,2,up,0.47429922,0.46,0.014299214,0,0.46
2024-12-27 03:00:00,0,down,0.35783672,0.46,0.102163285,1,0.35783672
2024-12-27 04:00:00,2,down,0.4211953,0.46,0.03880471,0,0.46
2024-12-27 05:00:00,2,up,0.39531717,0.46,0.06468284,0,0.46
2024-12-27 06:00:00,0,down,0.38737884,0.46,0.07262117,1,0.38737884
2024-12-27 07:00:00,1,up,0.5399557,0.46,0.07995567,1,0.5399557
2024-12-27 08:00:00,1,up,0.5411117,0.46,0.0811117,1,0.5411117
2024-12-27 09:00:00,2,down,0.46258342,0.46,0.0025834143,0,0.46
2024-12-27 10:00:00,2,up,0.43442392,0.46,0.025576085,0,0.46
2024-12-27 11:00:00,0,down,0.38435826,0.46,0.07564175,1,0.38435826
2024-12-27 12:00:00,2,down,0.44381487,0.46,0.016185135,0,0.46
2024-12-27 13:00:00,2,down,0.45564413,0.46,0.0043558776,0,0.46
2024-12-27 14:00:00,2,down,0.50881183,0.46,0.048811823,0,0.46
2024-12-27 15:00:00,2,down,0.500728,0.46,0.040728003,0,0.46
2024-12-27 16:00:00,1,up,0.5882483,0.46,0.1282483,1,0.5882483
2024-12-27 17:00:00,2,up,0.40732613,0.46,0.052673876,0,0.46
2024-12-27 18:00:00,1,up,0.5674298,0.46,0.10742977,1,0.5674298
2024-12-27 19:00:00,2,down,0.4972282,0.46,0.037228197,0,0.46
2024-12-27 20:00:00,2,down,0.4992005,0.46,0.039200485,0,0.46
2024-12-27 21:00:00,1,down,0.53231317,0.46,0.07231316,1,0.53231317
2024-12-27 22:00:00,1,down,0.54102856,0.46,0.08102855,1,0.54102856
2024-12-27 23:00:00,1,up,0.5463571,0.46,0.08635709,1,0.5463571
2024-12-28 00:00:00,1,up,0.5579289,0.46,0.09792891,1,0.5579289
2024-12-28 01:00:00,2,down,0.46836913,0.46,0.008369118,0,0.46
2024-12-28 02:00:00,2,up,0.52251923,0.46,0.06251922,0,0.46
2024-12-28 03:00:00,2,down,0.4807039,0.46,0.020703882,0,0.46
2024-12-28 04:00:00,1,up,0.5720391,0.46,0.11203912,1,0.5720391
2024-12-28 05:00:00,2,down,0.5274805,0.46,0.067480475,0,0.46
2024-12-28 06:00:00,2,down,0.51681614,0.46,0.05681613,0,0.46
2024-12-28 07:00:00,2,up,0.49739298,0.46,0.037392974,0,0.46
2024-12-28 08:00:00,2,up,0.52751964,0.46,0.067519635,0,0.46
2024-12-28 09:00:00,2,up,0.47721222,0.46,0.017212212,0,0.46
2024-12-28 10:00:00,2,up,0.46848354,0.46,0.008483529,0,0.46
2024-12-28 11:00:00,2,down,0.433953,0.46,0.026047021,0,0.46
2024-12-28 12:00:00,2,up,0.47773933,0.46,0.017739326,0,0.46
2024-12-28 13:00:00,2,down,0.4385614,0.46,0.021438599,0,0.46
2024-12-28 14:00:00,2,down,0.4935661,0.46,0.033566087,0,0.46
2024-12-28 15:00:00,2,up,0.47983792,0.46,0.019837916,0,0.46
2024-12-28 16:00:00,2,up,0.422472,0.46,0.03752801,0,0.46
2024-12-28 17:00:00,2,down,0.40626946,0.46,0.053730547,0,0.46
2024-12-28 18:00:00,2,up,0.43251935,0.46,0.027480662,0,0.46
2024-12-28 19:00:00,2,up,0.42237857,0.46,0.03762144,0,0.46
2024-12-28 20:00:00,2,up,0.4071785,0.46,0.052821517,0,0.46
2024-12-28 21:00:00,0,up,0.36908644,0.46,0.090913564,1,0.36908644
2024-12-28 22:00:00,2,down,0.44709244,0.46,0.012907565,0,0.46
2024-12-28 23:00:00,2,down,0.4310722,0.46,0.028927803,0,0.46
2024-12-29 00:00:00,2,down,0.4788736,0.46,0.018873602,0,0.46
2024-12-29 01:00:00,2,up,0.49920413,0.46,0.03920412,0,0.46
2024-12-29 02:00:00,2,up,0.42991236,0.46,0.03008765,0,0.46
2024-12-29 03:00:00,2,down,0.4380403,0.46,0.021959722,0,0.46
2024-12-29 04:00:00,2,down,0.47736406,0.46,0.017364055,0,0.46
2024-12-29 05:00:00,2,up,0.4969936,0.46,0.036993593,0,0.46
2024-12-29 06:00:00,2,up,0.41141698,0.46,0.04858303,0,0.46
2024-12-29 07:00:00,2,down,0.3962113,0.46,0.06378871,0,0.46
2024-12-29 08:00:00,2,up,0.4967877,0.46,0.03678769,0,0.46
2024-12-29 09:00:00,2,down,0.41491923,0.46,0.04508078,0,0.46
2024-12-29 10:00:00,2,down,0.48020127,0.46,0.020201266,0,0.46
2024-12-29 11:00:00,2,down,0.5221493,0.46,0.062149316,0,0.46
2024-12-29 12:00:00,1,up,0.62713754,0.46,0.16713753,1,0.62713754
2024-12-29 13:00:00,2,down,0.47252965,0.46,0.012529641,0,0.46
2024-12-29 14:00:00,2,down,0.4848244,0.46,0.02482438,0,0.46
2024-12-29 15:00:00,2,down,0.52895737,0.46,0.06895736,0,0.46
2024-12-29 16:00:00,2,up,0.50936556,0.46,0.04936555,0,0.46
2024-12-29 17:00:00,2,down,0.5130891,0.46,0.053089112,0,0.46
2024-12-29 18:00:00,1,down,0.5945435,0.46,0.13454351,1,0.5945435
2024-12-29 19:00:00,1,up,0.5807941,0.46,0.12079409,1,0.5807941
2024-12-29 20:00:00,2,down,0.4664325,0.46,0.0064325035,0,0.46
2024-12-29 21:00:00,1,down,0.5393732,0.46,0.07937321,1,0.5393732
2024-12-29 22:00:00,1,up,0.60345656,0.46,0.14345655,1,0.60345656
2024-12-29 23:00:00,2,down,0.41454262,0.46,0.045457393,0,0.46
2024-12-30 00:00:00,2,up,0.43427518,0.46,0.025724828,0,0.46
2024-12-30 01:00:00,2,down,0.42297253,0.46,0.03702748,0,0.46
2024-12-30 02:00:00,2,down,0.398063,0.46,0.061937004,0,0.46
2024-12-30 03:00:00,2,down,0.45177972,0.46,0.008220285,0,0.46
2024-12-30 04:00:00,1,up,0.57078654,0.46,0.11078653,1,0.57078654
2024-12-30 05:00:00,2,up,0.46968186,0.46,0.009681851,0,0.46
2024-12-30 06:00:00,2,down,0.45006305,0.46,0.009936959,0,0.46
2024-12-30 07:00:00,2,up,0.4406259,0.46,0.019374102,0,0.46
2024-12-30 08:00:00,2,up,0.47910133,0.46,0.019101322,0,0.46
2024-12-30 09:00:00,2,down,0.48340923,0.46,0.023409218,0,0.46
2024-12-30 10:00:00,2,up,0.45270485,0.46,0.0072951615,0,0.46
2024-12-30 11:00:00,2,down,0.45060903,0.46,0.00939098,0,0.46
2024-12-30 12:00:00,2,down,0.5092476,0.46,0.049247593,0,0.46
2024-12-30 13:00:00,2,down,0.52487916,0.46,0.06487915,0,0.46
2024-12-30 14:00:00,1,up,0.621523,0.46,0.16152301,1,0.621523
2024-12-30 15:00:00,2,down,0.4782863,0.46,0.018286288,0,0.46
2024-12-30 16:00:00,2,up,0.44497687,0.46,0.015023142,0,0.46
2024-12-30 17:00:00,2,up,0.519284,0.46,0.059284,0,0.46
2024-12-30 18:00:00,2,down,0.42524433,0.46,0.034755677,0,0.46
2024-12-30 19:00:00,2,down,0.3904474,0.46,0.0695526,0,0.46
2024-12-30 20:00:00,2,down,0.5008019,0.46,0.040801913,0,0.46
2024-12-30 21:00:00,2,up,0.5026643,0.46,0.04266432,0,0.46
2024-12-30 22:00:00,1,up,0.5316334,0.46,0.07163337,1,0.5316334
2024-12-30 23:00:00,2,down,0.50601137,0.46,0.04601136,0,0.46
2024-12-31 00:00:00,1,down,0.5303981,0.46,0.07039806,1,0.5303981
2024-12-31 01:00:00,2,up,0.5061929,0.46,0.046192914,0,0.46
2024-12-31 02:00:00,2,up,0.5202301,0.46,0.060230106,0,0.46
2024-12-31 03:00:00,2,down,0.508329,0.46,0.048328966,0,0.46
2024-12-31 04:00:00,1,up,0.55708957,0.46,0.09708956,1,0.55708957
2024-12-31 05:00:00,2,up,0.5204873,0.46,0.0604873,0,0.46
2024-12-31 06:00:00,2,up,0.45374575,0.46,0.006254256,0,0.46
2024-12-31 07:00:00,2,up,0.4355426,0.46,0.024457395,0,0.46
2024-12-31 08:00:00,2,up,0.47380787,0.46,0.013807863,0,0.46
2024-12-31 09:00:00,2,up,0.4046143,0.46,0.05538571,0,0.46
2024-12-31 10:00:00,0,up,0.37195984,0.46,0.08804017,1,0.37195984
2024-12-31 11:00:00,0,up,0.36351332,0.46,0.09648669,1,0.36351332
2024-12-31 12:00:00,2,up,0.4707321,0.46,0.0107320845,0,0.46
2024-12-31 13:00:00,2,up,0.41590825,0.46,0.04409176,0,0.46
2024-12-31 14:00:00,2,down,0.46264613,0.46,0.0026461184,0,0.46
2024-12-31 15:00:00,2,down,0.44321725,0.46,0.01678276,0,0.46
2024-12-31 16:00:00,2,down,0.48658237,0.46,0.02658236,0,0.46
2024-12-31 17:00:00,2,down,0.5190647,0.46,0.059064716,0,0.46
2024-12-31 18:00:00,1,up,0.5914162,0.46,0.13141617,1,0.5914162
2024-12-31 19:00:00,2,down,0.5284599,0.46,0.0684599,0,0.46
2024-12-31 20:00:00,1,up,0.59959394,0.46,0.13959393,1,0.59959394
2024-12-31 21:00:00,2,down,0.5118663,0.46,0.051866263,0,0.46
2024-12-31 22:00:00,1,up,0.5643452,0.46,0.10434517,1,0.5643452
2024-12-31 23:00:00,2,up,0.5123394,0.46,0.052339405,0,0.46
2025-01-01 00:00:00,2,down,0.41700244,0.46,0.04299757,0,0.46
2025-01-01 01:00:00,2,up,0.5260818,0.46,0.06608179,0,0.46
2025-01-01 02:00:00,2,down,0.4454052,0.46,0.014594823,0,0.46
2025-01-01 03:00:00,2,down,0.47029582,0.46,0.010295808,0,0.46
2025-01-01 04:00:00,2,up,0.50237733,0.46,0.042377323,0,0.46
2025-01-01 05:00:00,1,down,0.5626729,0.46,0.102672905,1,0.5626729
2025-01-01 06:00:00,2,down,0.48722267,0.46,0.027222663,0,0.46
2025-01-01 07:00:00,1,down,0.5425834,0.46,0.0825834,1,0.5425834
2025-01-01 08:00:00,2,down,0.49827388,0.46,0.03827387,0,0.46
2025-01-01 09:00:00,2,down,0.46404776,0.46,0.0040477514,0,0.46
2025-01-01 10:00:00,1,up,0.53691626,0.46,0.07691625,1,0.53691626
2025-01-01 11:00:00,2,up,0.5099087,0.46,0.049908668,0,0.46
2025-01-01 12:00:00,2,up,0.43309158,0.46,0.026908427,0,0.46
2025-01-01 13:00:00,0,up,0.3550511,0.46,0.10494891,1,0.3550511
2025-01-01 14:00:00,2,up,0.4026458,0.46,0.05735421,0,0.46
2025-01-01 15:00:00,0,down,0.35845038,0.46,0.101549625,1,0.35845038
2025-01-01 16:00:00,2,up,0.4503527,0.46,0.00964731,0,0.46
2025-01-01 17:00:00,0,up,0.37719774,0.46,0.082802266,1,0.37719774
2025-01-01 18:00:00,0,up,0.3899355,0.46,0.070064515,1,0.3899355
2025-01-01 19:00:00,2,up,0.39504668,0.46,0.06495333,0,0.46
2025-01-01 20:00:00,0,up,0.37110075,0.46,0.088899255,1,0.37110075
2025-01-01 21:00:00,0,down,0.37328768,0.46,0.08671233,1,0.37328768
2025-01-01 22:00:00,2,down,0.4309053,0.46,0.029094696,0,0.46
2025-01-01 23:00:00,2,up,0.46437445,0.46,0.0043744445,0,0.46
2025-01-02 00:00:00,2,down,0.41672766,0.46,0.043272346,0,0.46
2025-01-02 01:00:00,2,up,0.47326985,0.46,0.013269842,0,0.46
2025-01-02 02:00:00,0,down,0.34805483,0.46,0.11194518,1,0.34805483
2025-01-02 03:00:00,2,up,0.45067856,0.46,0.009321451,0,0.46
2025-01-02 04:00:00,2,down,0.4295956,0.46,0.030404419,0,0.46
2025-01-02 05:00:00,2,down,0.4104441,0.46,0.049555898,0,0.46
2025-01-02 06:00:00,0,up,0.38773853,0.46,0.07226148,1,0.38773853
2025-01-02 07:00:00,0,up,0.33424723,0.46,0.12575278,1,0.33424723
2025-01-02 08:00:00,0,up,0.35175085,0.46,0.10824916,1,0.35175085
2025-01-02 09:00:00,0,down,0.35043624,0.46,0.10956377,1,0.35043624
2025-01-02 10:00:00,2,up,0.4075572,0.46,0.05244282,0,0.46
2025-01-02 11:00:00,0,up,0.37184662,0.46,0.08815339,1,0.37184662
2025-01-02 12:00:00,0,down,0.3752886,0.46,0.0847114,1,0.3752886
2025-01-02 13:00:00,2,up,0.48802152,0.46,0.028021514,0,0.46
2025-01-02 14:00:00,0,down,0.38423854,0.46,0.07576147,1,0.38423854
2025-01-02 15:00:00,2,up,0.51585454,0.46,0.05585453,0,0.46
2025-01-02 16:00:00,2,down,0.43807328,0.46,0.02192673,0,0.46
2025-01-02 17:00:00,1,up,0.543583,0.46,0.08358297,1,0.543583
2025-01-02 18:00:00,0,down,0.38199532,0.46,0.07800469,1,0.38199532
2025-01-02 19:00:00,2,down,0.47484985,0.46,0.014849842,0,0.46
2025-01-02 20:00:00,2,down,0.48092365,0.46,0.020923644,0,0.46
2025-01-02 21:00:00,2,down,0.4649459,0.46,0.004945904,0,0.46
2025-01-02 22:00:00,2,up,0.49165097,0.46,0.03165096,0,0.46
2025-01-02 23:00:00,2,down,0.4632446,0.46,0.0032445788,0,0.46
2025-01-03 00:00:00,2,up,0.5186657,0.46,0.058665663,0,0.46
2025-01-03 01:00:00,2,down,0.3980565,0.46,0.0619435,0,0.46
2025-01-03 02:00:00,2,up,0.460176,0.46,0.00017598271,0,0.46
2025-01-03 03:00:00,0,down,0.3809516,0.46,0.079048395,1,0.3809516
2025-01-03 04:00:00,2,down,0.5087618,0.46,0.048761815,0,0.46
2025-01-03 05:00:00,2,down,0.4790454,0.46,0.019045383,0,0.46
2025-01-03 06:00:00,1,down,0.56274545,0.46,0.10274544,1,0.56274545
2025-01-03 07:00:00,1,down,0.58905894,0.46,0.12905893,1,0.58905894
2025-01-03 08:00:00,1,up,0.5817301,0.46,0.12173012,1,0.5817301
2025-01-03 09:00:00,2,down,0.49893403,0.46,0.038934022,0,0.46
2025-01-03 10:00:00,2,up,0.5036779,0.46,0.043677896,0,0.46
2025-01-03 11:00:00,2,down,0.39964646,0.46,0.060353547,0,0.46
2025-01-03 12:00:00,2,down,0.4914131,0.46,0.03141308,0,0.46
2025-01-03 13:00:00,2,up,0.4347677,0.46,0.025232315,0,0.46
2025-01-03 14:00:00,2,up,0.4438739,0.46,0.016126096,0,0.46
2025-01-03 15:00:00,2,up,0.41045007,0.46,0.049549937,0,0.46
2025-01-03 16:00:00,2,up,0.46524143,0.46,0.005241424,0,0.46
2025-01-03 17:00:00,2,up,0.42636913,0.46,0.033630878,0,0.46
2025-01-03 18:00:00,0,up,0.37658608,0.46,0.08341393,1,0.37658608
2025-01-03 19:00:00,2,down,0.45667157,0.46,0.0033284426,0,0.46
2025-01-03 20:00:00,2,down,0.4383222,0.46,0.021677822,0,0.46
2025-01-03 21:00:00,2,up,0.46086663,0.46,0.00086662173,0,0.46
2025-01-03 22:00:00,2,down,0.4979349,0.46,0.0379349,0,0.46
2025-01-03 23:00:00,2,down,0.4804964,0.46,0.020496398,0,0.46
2025-01-04 00:00:00,2,up,0.50334865,0.46,0.04334864,0,0.46
2025-01-04 01:00:00,2,up,0.40555513,0.46,0.05444488,0,0.46
2025-01-04 02:00:00,0,down,0.34306774,0.46,0.11693227,1,0.34306774
2025-01-04 03:00:00,2,down,0.40826905,0.46,0.05173096,0,0.46
2025-01-04 04:00:00,2,up,0.48472825,0.46,0.024728239,0,0.46
2025-01-04 05:00:00,2,up,0.4400535,0.46,0.019946516,0,0.46
2025-01-04 06:00:00,2,up,0.46344712,0.46,0.0034471154,0,0.46
2025-01-04 07:00:00,2,down,0.4216421,0.46,0.038357913,0,0.46
2025-01-04 08:00:00,1,down,0.6165464,0.46,0.15654638,1,0.6165464
2025-01-04 09:00:00,2,up,0.49433827,0.46,0.034338266,0,0.46
2025-01-04 10:00:00,2,up,0.48328033,0.46,0.023280323,0,0.46
2025-01-04 11:00:00,2,down,0.45886844,0.46,0.0011315644,0,0.46
2025-01-04 12:00:00,2,up,0.51231676,0.46,0.052316755,0,0.46
2025-01-04 13:00:00,2,up,0.43605483,0.46,0.023945183,0,0.46
2025-01-04 14:00:00,0,down,0.38685635,0.46,0.07314366,1,0.38685635
2025-01-04 15:00:00,2,up,0.51838505,0.46,0.058385044,0,0.46
2025-01-04 16:00:00,2,up,0.49009603,0.46,0.030096024,0,0.46
2025-01-04 17:00:00,2,down,0.47680095,0.46,0.01680094,0,0.46
2025-01-04 18:00:00,2,up,0.45891964,0.46,0.001080364,0,0.46
2025-01-04 19:00:00,2,up,0.39099076,0.46,0.069009244,0,0.46
2025-01-04 20:00:00,0,down,0.37179083,0.46,0.08820918,1,0.37179083
2025-01-04 21:00:00,2,up,0.46750346,0.46,0.00750345,0,0.46
2025-01-04 22:00:00,0,down,0.365405,0.46,0.094595015,1,0.365405
2025-01-04 23:00:00,2,down,0.50409096,0.46,0.044090956,0,0.46
2025-01-05 00:00:00,2,down,0.477032,0.46,0.017031997,0,0.46
2025-01-05 01:00:00,2,up,0.5151951,0.46,0.055195063,0,0.46
2025-01-05 02:00:00,2,down,0.45303857,0.46,0.006961435,0,0.46
2025-01-05 03:00:00,2,up,0.4692494,0.46,0.009249389,0,0.46
2025-01-05 04:00:00,2,up,0.4613484,0.46,0.0013484061,0,0.46
2025-01-05 05:00:00,2,up,0.46868843,0.46,0.00868842,0,0.46
2025-01-05 06:00:00,2,down,0.39295632,0.46,0.06704369,0,0.46
2025-01-05 07:00:00,1,down,0.55539644,0.46,0.09539643,1,0.55539644
2025-01-05 08:00:00,2,down,0.4979647,0.46,0.0379647,0,0.46
2025-01-05 09:00:00,1,up,0.63039917,0.46,0.17039916,1,0.63039917
2025-01-05 10:00:00,2,down,0.51721936,0.46,0.057219356,0,0.46
2025-01-05 11:00:00,1,up,0.60021967,0.46,0.14021966,1,0.60021967
2025-01-05 12:00:00,2,down,0.4457715,0.46,0.014228523,0,0.46
2025-01-05 13:00:00,1,up,0.5717128,0.46,0.11171278,1,0.5717128
2025-01-05 14:00:00,2,up,0.43138477,0.46,0.028615236,0,0.46
2025-01-05 15:00:00,2,up,0.4320391,0.46,0.027960896,0,0.46
2025-01-05 16:00:00,2,down,0.4372187,0.46,0.022781312,0,0.46
2025-01-05 17:00:00,1,up,0.53092283,0.46,0.07092282,1,0.53092283
2025-01-05 18:00:00,2,up,0.4444962,0.46,0.015503794,0,0.46
2025-01-05 19:00:00,2,up,0.4324367,0.46,0.027563304,0,0.46
2025-01-05 20:00:00,2,up,0.42372814,0.46,0.03627187,0,0.46
2025-01-05 21:00:00,0,up,0.3418087,0.46,0.1181913,1,0.3418087
2025-01-05 22:00:00,0,down,0.35463548,0.46,0.10536453,1,0.35463548
2025-01-05 23:00:00,2,down,0.4838972,0.46,0.0238972,0,0.46
2025-01-06 00:00:00,2,up,0.5200815,0.46,0.06008151,0,0.46
2025-01-06 01:00:00,0,up,0.38770038,0.46,0.07229963,1,0.38770038
2025-01-06 02:00:00,2,up,0.4492616,0.46,0.010738403,0,0.46
2025-01-06 03:00:00,2,up,0.4079575,0.46,0.052042514,0,0.46
2025-01-06 04:00:00,0,up,0.3638787,0.46,0.09612131,1,0.3638787
2025-01-06 05:00:00,2,down,0.447511,0.46,0.012489021,0,0.46
2025-01-06 06:00:00,2,down,0.4098134,0.46,0.050186604,0,0.46
2025-01-06 07:00:00,2,down,0.4634521,0.46,0.0034520924,0,0.46
2025-01-06 08:00:00,2,down,0.5209101,0.46,0.060910076,0,0.46
2025-01-06 09:00:00,1,down,0.53275746,0.46,0.07275745,1,0.53275746
2025-01-06 10:00:00,1,up,0.5739077,0.46,0.113907665,1,0.5739077
2025-01-06 11:00:00,2,down,0.40665177,0.46,0.053348243,0,0.46
2025-01-06 12:00:00,2,up,0.5016657,0.46,0.041665703,0,0.46
2025-01-06 13:00:00,0,up,0.3670309,0.46,0.09296912,1,0.3670309
2025-01-06 14:00:00,1,up,0.53642637,0.46,0.07642636,1,0.53642637
2025-01-06 15:00:00,1,up,0.5319739,0.46,0.07197389,1,0.5319739
2025-01-06 16:00:00,2,down,0.5023907,0.46,0.042390674,0,0.46
2025-01-06 17:00:00,2,down,0.44604322,0.46,0.013956785,0,0.46
2025-01-06 18:00:00,2,up,0.49901977,0.46,0.039019763,0,0.46
2025-01-06 19:00:00,2,up,0.4463729,0.46,0.013627112,0,0.46
2025-01-06 20:00:00,2,down,0.39877555,0.46,0.06122446,0,0.46
2025-01-06 21:00:00,1,up,0.5560955,0.46,0.09609547,1,0.5560955
2025-01-06 22:00:00,2,up,0.4077699,0.46,0.05223012,0,0.46
2025-01-06 23:00:00,0,down,0.37926912,0.46,0.080730885,1,0.37926912
2025-01-07 00:00:00,2,down,0.48806208,0.46,0.028062075,0,0.46
2025-01-07 01:00:00,2,down,0.44853023,0.46,0.011469781,0,0.46
2025-01-07 02:00:00,2,up,0.5118679,0.46,0.051867872,0,0.46
2025-01-07 03:00:00,2,down,0.47475114,0.46,0.014751136,0,0.46
2025-01-07 04:00:00,1,up,0.59187514,0.46,0.13187513,1,0.59187514
2025-01-07 05:00:00,2,up,0.43105903,0.46,0.028940976,0,0.46
2025-01-07 06:00:00,2,down,0.4259961,0.46,0.034003913,0,0.46
2025-01-07 07:00:00,2,up,0.4483236,0.46,0.011676401,0,0.46
2025-01-07 08:00:00,0,down,0.3874735,0.46,0.072526515,1,0.3874735
2025-01-07 09:00:00,2,down,0.47238517,0.46,0.01238516,0,0.46
2025-01-07 10:00:00,1,down,0.5580984,0.46,0.09809837,1,0.5580984
2025-01-07 11:00:00,2,down,0.5217776,0.46,0.061777562,0,0.46
2025-01-07 12:00:00,1,down,0.5527765,0.46,0.09277651,1,0.5527765
2025-01-07 13:00:00,1,down,0.6465185,0.46,0.18651852,1,0.6465185
2025-01-07 14:00:00,1,down,0.56840605,0.46,0.10840604,1,0.56840605
2025-01-07 15:00:00,2,down,0.47700098,0.46,0.017000973,0,0.46
2025-01-07 16:00:00,1,down,0.6235664,0.46,0.16356638,1,0.6235664
2025-01-07 17:00:00,2,down,0.4891975,0.46,0.029197484,0,0.46
2025-01-07 18:00:00,1,down,0.63271,0.46,0.17270997,1,0.63271
2025-01-07 19:00:00,1,up,0.6338879,0.46,0.17388788,1,0.6338879
2025-01-07 20:00:00,1,down,0.54275167,0.46,0.08275166,1,0.54275167
2025-01-07 21:00:00,1,up,0.58431685,0.46,0.12431684,1,0.58431685
2025-01-07 22:00:00,2,down,0.49749705,0.46,0.037497044,0,0.46
2025-01-07 23:00:00,2,up,0.46173182,0.46,0.001731813,0,0.46
2025-01-08 00:00:00,2,down,0.3964782,0.46,0.0635218,0,0.46
2025-01-08 01:00:00,2,down,0.5256339,0.46,0.06563386,0,0.46
2025-01-08 02:00:00,2,down,0.49855602,0.46,0.03855601,0,0.46
2025-01-08 03:00:00,1,down,0.53461355,0.46,0.07461354,1,0.53461355
2025-01-08 04:00:00,1,up,0.55058926,0.46,0.090589255,1,0.55058926
2025-01-08 05:00:00,2,down,0.50575984,0.46,0.045759827,0,0.46
2025-01-08 06:00:00,1,up,0.5634825,0.46,0.103482515,1,0.5634825
2025-01-08 07:00:00,2,up,0.50335866,0.46,0.043358654,0,0.46
2025-01-08 08:00:00,1,down,0.53462285,0.46,0.07462284,1,0.53462285
2025-01-08 09:00:00,1,up,0.56347567,0.46,0.10347566,1,0.56347567
2025-01-08 10:00:00,2,down,0.4630832,0.46,0.0030831993,0,0.46
2025-01-08 11:00:00,2,down,0.48725188,0.46,0.02725187,0,0.46
2025-01-08 12:00:00,1,up,0.549125,0.46,0.08912501,1,0.549125
2025-01-08 13:00:00,1,down,0.5452133,0.46,0.085213274,1,0.5452133
2025-01-08 14:00:00,2,up,0.5066469,0.46,0.046646863,0,0.46
2025-01-08 15:00:00,2,down,0.4356078,0.46,0.024392217,0,0.46
2025-01-08 16:00:00,2,down,0.5221856,0.46,0.062185615,0,0.46
2025-01-08 17:00:00,2,up,0.46034878,0.46,0.00034877658,0,0.46
2025-01-08 18:00:00,2,up,0.52775526,0.46,0.06775525,0,0.46
2025-01-08 19:00:00,1,down,0.5455556,0.46,0.08555558,1,0.5455556
2025-01-08 20:00:00,1,up,0.55297804,0.46,0.09297803,1,0.55297804
2025-01-08 21:00:00,2,up,0.4875525,0.46,0.027552485,0,0.46
2025-01-08 22:00:00,2,down,0.4247984,0.46,0.03520161,0,0.46
2025-01-08 23:00:00,2,up,0.44292256,0.46,0.017077446,0,0.46
2025-01-09 00:00:00,2,down,0.41441834,0.46,0.04558167,0,0.46
2025-01-09 01:00:00,1,down,0.53451806,0.46,0.074518055,1,0.53451806
2025-01-09 02:00:00,2,down,0.4455779,0.46,0.014422119,0,0.46
2025-01-09 03:00:00,1,up,0.59107465,0.46,0.13107464,1,0.59107465
2025-01-09 04:00:00,2,up,0.48476207,0.46,0.024762064,0,0.46
2025-01-09 05:00:00,2,down,0.52521205,0.46,0.06521204,0,0.46
2025-01-09 06:00:00,1,down,0.53461915,0.46,0.074619144,1,0.53461915
2025-01-09 07:00:00,1,down,0.608601,0.46,0.14860097,1,0.608601
2025-01-09 08:00:00,1,up,0.53432584,0.46,0.07432583,1,0.53432584
2025-01-09 09:00:00,1,down,0.57306623,0.46,0.113066226,1,0.57306623
2025-01-09 10:00:00,2,up,0.49417302,0.46,0.03417301,0,0.46
2025-01-09 11:00:00,2,down,0.52905655,0.46,0.06905654,0,0.46
2025-01-09 12:00:00,1,down,0.5532288,0.46,0.09322879,1,0.5532288
2025-01-09 13:00:00,1,up,0.5786158,0.46,0.11861578,1,0.5786158
2025-01-09 14:00:00,2,up,0.43976146,0.46,0.020238549,0,0.46
2025-01-09 15:00:00,2,up,0.46458828,0.46,0.004588276,0,0.46
2025-01-09 16:00:00,2,down,0.4582094,0.46,0.0017906129,0,0.46
2025-01-09 17:00:00,1,up,0.5426657,0.46,0.08266571,1,0.5426657
2025-01-09 18:00:00,2,down,0.49421555,0.46,0.03421554,0,0.46
2025-01-09 19:00:00,1,down,0.598067,0.46,0.13806698,1,0.598067
2025-01-09 20:00:00,2,up,0.495174,0.46,0.035173982,0,0.46
2025-01-09 21:00:00,1,up,0.53761685,0.46,0.07761684,1,0.53761685
2025-01-09 22:00:00,1,up,0.5405602,0.46,0.08056018,1,0.5405602
2025-01-09 23:00:00,2,up,0.4640645,0.46,0.0040645003,0,0.46
2025-01-10 00:00:00,2,up,0.39456692,0.46,0.065433085,0,0.46
2025-01-10 01:00:00,2,up,0.4509722,0.46,0.009027809,0,0.46
2025-01-10 02:00:00,2,up,0.44264558,0.46,0.017354429,0,0.46
2025-01-10 03:00:00,0,up,0.35909903,0.46,0.10090098,1,0.35909903
2025-01-10 04:00:00,0,up,0.3551985,0.46,0.104801506,1,0.3551985
2025-01-10 05:00:00,2,up,0.39381596,0.46,0.066184044,0,0.46
2025-01-10 06:00:00,0,up,0.35692918,0.46,0.103070825,1,0.35692918
2025-01-10 07:00:00,2,up,0.40577948,0.46,0.054220527,0,0.46
2025-01-10 08:00:00,0,up,0.3492623,0.46,0.11073771,1,0.3492623
2025-01-10 09:00:00,2,up,0.3928193,0.46,0.06718072,0,0.46
2025-01-10 10:00:00,0,down,0.3504787,0.46,0.1095213,1,0.3504787
2025-01-10 11:00:00,0,down,0.3554433,0.46,0.10455671,1,0.3554433
2025-01-10 12:00:00,0,down,0.35958064,0.46,0.10041937,1,0.35958064
2025-01-10 13:00:00,2,up,0.4644608,0.46,0.004460782,0,0.46
2025-01-10 14:00:00,2,down,0.47284922,0.46,0.012849212,0,0.46
2025-01-10 15:00:00,2,down,0.45202196,0.46,0.007978052,0,0.46
2025-01-10 16:00:00,2,up,0.4664567,0.46,0.006456703,0,0.46
2025-01-10 17:00:00,2,down,0.4577989,0.46,0.0022011101,0,0.46
2025-01-10 18:00:00,1,up,0.5342518,0.46,0.0742518,1,0.5342518
2025-01-10 19:00:00,0,down,0.37753853,0.46,0.08246148,1,0.37753853
2025-01-10 20:00:00,2,down,0.5137334,0.46,0.05373338,0,0.46
2025-01-10 21:00:00,1,up,0.53517723,0.46,0.07517722,1,0.53517723
2025-01-10 22:00:00,2,down,0.5073014,0.46,0.04730138,0,0.46
2025-01-10 23:00:00,2,down,0.46300143,0.46,0.0030014217,0,0.46
2025-01-11 00:00:00,2,down,0.46743307,0.46,0.007433057,0,0.46
2025-01-11 01:00:00,2,down,0.5104024,0.46,0.050402373,0,0.46
2025-01-11 02:00:00,2,down,0.4893484,0.46,0.029348403,0,0.46
2025-01-11 03:00:00,1,down,0.539739,0.46,0.079739004,1,0.539739
2025-01-11 04:00:00,2,up,0.51500183,0.46,0.055001825,0,0.46
2025-01-11 05:00:00,2,down,0.45374867,0.46,0.006251335,0,0.46
2025-01-11 06:00:00,1,up,0.56124884,0.46,0.10124883,1,0.56124884
2025-01-11 07:00:00,2,down,0.47511163,0.46,0.015111625,0,0.46
2025-01-11 08:00:00,2,up,0.5010887,0.46,0.04108867,0,0.46
2025-01-11 09:00:00,2,up,0.4348493,0.46,0.025150716,0,0.46
2025-01-11 10:00:00,2,up,0.4106224,0.46,0.04937762,0,0.46
2025-01-11 11:00:00,2,down,0.41259655,0.46,0.047403455,0,0.46
2025-01-11 12:00:00,2,down,0.47369462,0.46,0.013694614,0,0.46
2025-01-11 13:00:00,2,up,0.48291177,0.46,0.022911757,0,0.46
2025-01-11 14:00:00,2,down,0.39455795,0.46,0.065442055,0,0.46
2025-01-11 15:00:00,2,up,0.48761055,0.46,0.02761054,0,0.46
2025-01-11 16:00:00,2,down,0.44226357,0.46,0.017736435,0,0.46
2025-01-11 17:00:00,2,up,0.4773268,0.46,0.017326802,0,0.46
2025-01-11 18:00:00,2,down,0.50699264,0.46,0.04699263,0,0.46
2025-01-11 19:00:00,2,up,0.5263568,0.46,0.06635681,0,0.46
2025-01-11 20:00:00,0,up,0.37375632,0.46,0.08624369,1,0.37375632
2025-01-11 21:00:00,0,down,0.3783816,0.46,0.0816184,1,0.3783816
2025-01-11 22:00:00,2,up,0.4666128,0.46,0.0066127777,0,0.46
2025-01-11 23:00:00,2,down,0.4362051,0.46,0.02379492,0,0.46
2025-01-12 00:00:00,2,up,0.48608422,0.46,0.026084214,0,0.46
2025-01-12 01:00:00,2,up,0.42577374,0.46,0.03422627,0,0.46
2025-01-12 02:00:00,2,down,0.45900217,0.46,0.0009978414,0,0.46
2025-01-12 03:00:00,2,down,0.4220686,0.46,0.037931412,0,0.46
2025-01-12 04:00:00,2,down,0.4724523,0.46,0.012452304,0,0.46
2025-01-12 05:00:00,2,down,0.47813168,0.46,0.018131673,0,0.46
2025-01-12 06:00:00,1,down,0.53450316,0.46,0.07450315,1,0.53450316
2025-01-12 07:00:00,1,down,0.54754376,0.46,0.087543756,1,0.54754376
2025-01-12 08:00:00,1,down,0.5876988,0.46,0.12769881,1,0.5876988
2025-01-12 09:00:00,2,up,0.52905315,0.46,0.06905314,0,0.46
2025-01-12 10:00:00,2,up,0.44678527,0.46,0.013214737,0,0.46
2025-01-12 11:00:00,2,up,0.49969548,0.46,0.03969547,0,0.46
2025-01-12 12:00:00,2,up,0.44028023,0.46,0.01971978,0,0.46
2025-01-12 13:00:00,0,up,0.37483636,0.46,0.08516365,1,0.37483636
2025-01-12 14:00:00,2,up,0.45983833,0.46,0.0001616776,0,0.46
2025-01-12 15:00:00,2,down,0.44633245,0.46,0.013667554,0,0.46
2025-01-12 16:00:00,0,up,0.36441502,0.46,0.09558499,1,0.36441502
2025-01-12 17:00:00,2,down,0.4151838,0.46,0.044816196,0,0.46
2025-01-12 18:00:00,2,down,0.47546285,0.46,0.015462846,0,0.46
2025-01-12 19:00:00,2,up,0.4834907,0.46,0.023490697,0,0.46
2025-01-12 20:00:00,1,down,0.53107786,0.46,0.07107785,1,0.53107786
2025-01-12 21:00:00,1,down,0.5510089,0.46,0.09100887,1,0.5510089
2025-01-12 22:00:00,2,up,0.5183049,0.46,0.058304876,0,0.46
2025-01-12 23:00:00,2,up,0.44059676,0.46,0.019403249,0,0.46
2025-01-13 00:00:00,2,down,0.4384897,0.46,0.021510303,0,0.46
2025-01-13 01:00:00,2,down,0.50126874,0.46,0.041268736,0,0.46
2025-01-13 02:00:00,2,up,0.49044612,0.46,0.030446112,0,0.46
2025-01-13 03:00:00,2,up,0.4740767,0.46,0.01407668,0,0.46
2025-01-13 04:00:00,2,down,0.50602096,0.46,0.046020955,0,0.46
2025-01-13 05:00:00,1,down,0.53149486,0.46,0.07149485,1,0.53149486
2025-01-13 06:00:00,1,down,0.5346621,0.46,0.07466212,1,0.5346621
2025-01-13 07:00:00,1,down,0.5428869,0.46,0.082886904,1,0.5428869
2025-01-13 08:00:00,1,down,0.56209296,0.46,0.10209295,1,0.56209296
2025-01-13 09:00:00,1,down,0.5354962,0.46,0.07549617,1,0.5354962
2025-01-13 10:00:00,1,down,0.5674341,0.46,0.107434064,1,0.5674341
2025-01-13 11:00:00,1,down,0.68658215,0.46,0.22658214,1,0.68658215
2025-01-13 12:00:00,1,up,0.5575985,0.46,0.09759846,1,0.5575985
2025-01-13 13:00:00,1,up,0.5453128,0.46,0.08531281,1,0.5453128
2025-01-13 14:00:00,2,up,0.4491901,0.46,0.010809898,0,0.46
2025-01-13 15:00:00,2,down,0.4638293,0.46,0.0038293004,0,0.46
2025-01-13 16:00:00,1,up,0.53146005,0.46,0.07146004,1,0.53146005
2025-01-13 17:00:00,2,up,0.43408835,0.46,0.025911659,0,0.46
2025-01-13 18:00:00,2,up,0.4871673,0.46,0.02716729,0,0.46
2025-01-13 19:00:00,2,up,0.42108834,0.46,0.03891167,0,0.46
2025-01-13 20:00:00,2,up,0.4150617,0.46,0.044938296,0,0.46
2025-01-13 21:00:00,2,up,0.41923738,0.46,0.040762633,0,0.46
2025-01-13 22:00:00,2,up,0.4435385,0.46,0.016461521,0,0.46
2025-01-13 23:00:00,0,down,0.37339005,0.46,0.08660996,1,0.37339005
2025-01-14 00:00:00,2,up,0.45304668,0.46,0.006953329,0,0.46
2025-01-14 01:00:00,2,up,0.41625404,0.46,0.043745965,0,0.46
2025-01-14 02:00:00,2,down,0.4386037,0.46,0.02139631,0,0.46
2025-01-14 03:00:00,2,up,0.4675826,0.46,0.007582605,0,0.46
2025-01-14 04:00:00,0,down,0.3591491,0.46,0.10085091,1,0.3591491
2025-01-14 05:00:00,2,up,0.46780312,0.46,0.0078031123,0,0.46
2025-01-14 06:00:00,0,down,0.3786753,0.46,0.0813247,1,0.3786753
2025-01-14 07:00:00,2,up,0.4767236,0.46,0.016723603,0,0.46
2025-01-14 08:00:00,2,up,0.43577203,0.46,0.024227977,0,0.46
2025-01-14 09:00:00,2,down,0.4888375,0.46,0.028837502,0,0.46
2025-01-14 10:00:00,2,down,0.52520746,0.46,0.06520745,0,0.46
2025-01-14 11:00:00,2,down,0.40735897,0.46,0.052641034,0,0.46
2025-01-14 12:00:00,2,up,0.5201865,0.46,0.060186476,0,0.46
2025-01-14 13:00:00,2,down,0.52134585,0.46,0.061345845,0,0.46
2025-01-14 14:00:00,1,up,0.5517847,0.46,0.091784686,1,0.5517847
2025-01-14 15:00:00,2,down,0.48854485,0.46,0.028544843,0,0.46
2025-01-14 16:00:00,2,up,0.5219102,0.46,0.061910182,0,0.46
2025-01-14 17:00:00,2,up,0.39841273,0.46,0.061587274,0,0.46
2025-01-14 18:00:00,2,down,0.39633164,0.46,0.06366837,0,0.46
2025-01-14 19:00:00,2,down,0.47149378,0.46,0.011493772,0,0.46
2025-01-14 20:00:00,2,down,0.47541165,0.46,0.015411645,0,0.46
2025-01-14 21:00:00,2,up,0.45889822,0.46,0.0011017919,0,0.46
2025-01-14 22:00:00,0,down,0.38138804,0.46,0.07861197,1,0.38138804
2025-01-14 23:00:00,2,up,0.44131634,0.46,0.018683672,0,0.46
2025-01-15 00:00:00,2,up,0.44723225,0.46,0.012767762,0,0.46
2025-01-15 01:00:00,0,down,0.38436946,0.46,0.075630546,1,0.38436946
2025-01-15 02:00:00,2,up,0.46030033,0.46,0.000300318,0,0.46
2025-01-15 03:00:00,0,down,0.33647963,0.46,0.123520374,1,0.33647963
2025-01-15 04:00:00,2,down,0.4730695,0.46,0.013069481,0,0.46
2025-01-15 05:00:00,2,up,0.4043848,0.46,0.055615216,0,0.46
2025-01-15 06:00:00,2,up,0.4366369,0.46,0.023363113,0,0.46
2025-01-15 07:00:00,2,down,0.4425733,0.46,0.0174267,0,0.46
2025-01-15 08:00:00,2,down,0.4299083,0.46,0.030091703,0,0.46
2025-01-15 09:00:00,2,up,0.5079583,0.46,0.047958285,0,0.46
2025-01-15 10:00:00,2,down,0.46199706,0.46,0.0019970536,0,0.46
2025-01-15 11:00:00,2,up,0.47924984,0.46,0.019249827,0,0.46
2025-01-15 12:00:00,2,up,0.4619679,0.46,0.0019678771,0,0.46
2025-01-15 13:00:00,1,up,0.53592986,0.46,0.07592985,1,0.53592986
2025-01-15 14:00:00,2,down,0.42733055,0.46,0.032669455,0,0.46
2025-01-15 15:00:00,1,up,0.55527645,0.46,0.095276445,1,0.55527645
2025-01-15 16:00:00,2,down,0.5028039,0.46,0.042803913,0,0.46
2025-01-15 17:00:00,2,up,0.5114561,0.46,0.051456064,0,0.46
2025-01-15 18:00:00,0,up,0.35814267,0.46,0.101857334,1,0.35814267
2025-01-15 19:00:00,0,down,0.36016688,0.46,0.09983313,1,0.36016688
2025-01-15 20:00:00,2,up,0.49849916,0.46,0.038499147,0,0.46
2025-01-15 21:00:00,2,up,0.42468116,0.46,0.03531885,0,0.46
2025-01-15 22:00:00,2,up,0.43553203,0.46,0.024467975,0,0.46
2025-01-15 23:00:00,0,down,0.3456007,0.46,0.114399314,1,0.3456007
2025-01-16 00:00:00,2,up,0.5055608,0.46,0.045560807,0,0.46
2025-01-16 01:00:00,0,down,0.3535258,0.46,0.10647422,1,0.3535258
2025-01-16 02:00:00,2,down,0.50801116,0.46,0.048011154,0,0.46
2025-01-16 03:00:00,2,up,0.5096302,0.46,0.049630195,0,0.46
2025-01-16 04:00:00,2,down,0.50682193,0.46,0.046821922,0,0.46
2025-01-16 05:00:00,1,up,0.54780084,0.46,0.08780083,1,0.54780084
2025-01-16 06:00:00,0,down,0.38945326,0.46,0.070546746,1,0.38945326
2025-01-16 07:00:00,2,down,0.392069,0.46,0.067931,0,0.46
2025-01-16 08:00:00,2,up,0.5097913,0.46,0.049791306,0,0.46
2025-01-16 09:00:00,2,up,0.4473158,0.46,0.012684196,0,0.46
2025-01-16 10:00:00,2,down,0.52888304,0.46,0.06888303,0,0.46
2025-01-16 11:00:00,2,up,0.45158002,0.46,0.008419991,0,0.46
2025-01-16 12:00:00,2,down,0.39594403,0.46,0.06405598,0,0.46
2025-01-16 13:00:00,2,down,0.4864106,0.46,0.02641058,0,0.46
2025-01-16 14:00:00,1,up,0.5548224,0.46,0.09482238,1,0.5548224
2025-01-16 15:00:00,2,up,0.44436044,0.46,0.015639573,0,0.46
2025-01-16 16:00:00,2,up,0.49936476,0.46,0.039364755,0,0.46
2025-01-16 17:00:00,2,down,0.43390426,0.46,0.026095748,0,0.46
2025-01-16 18:00:00,2,up,0.4490528,0.46,0.010947198,0,0.46
2025-01-16 19:00:00,0,down,0.353048,0.46,0.10695201,1,0.353048
2025-01-16 20:00:00,2,down,0.43427297,0.46,0.025727034,0,0.46
2025-01-16 21:00:00,2,down,0.40169823,0.46,0.058301777,0,0.46
2025-01-16 22:00:00,2,up,0.45525807,0.46,0.004741937,0,0.46
2025-01-16 23:00:00,2,up,0.44524637,0.46,0.01475364,0,0.46
2025-01-17 00:00:00,2,up,0.4731208,0.46,0.0131208,0,0.46
2025-01-17 01:00:00,2,down,0.41891906,0.46,0.04108095,0,0.46
2025-01-17 02:00:00,2,down,0.51583195,0.46,0.05583194,0,0.46
2025-01-17 03:00:00,2,up,0.42560673,0.46,0.03439328,0,0.46
2025-01-17 04:00:00,0,down,0.38592792,0.46,0.07407209,1,0.38592792
2025-01-17 05:00:00,2,up,0.44624153,0.46,0.013758481,0,0.46
2025-01-17 06:00:00,2,up,0.44871,0.46,0.011290014,0,0.46
2025-01-17 07:00:00,2,up,0.47881132,0.46,0.018811315,0,0.46
2025-01-17 08:00:00,0,down,0.3683239,0.46,0.091676116,1,0.3683239
2025-01-17 09:00:00,2,up,0.42622355,0.46,0.033776462,0,0.46
2025-01-17 10:00:00,0,down,0.3720464,0.46,0.0879536,1,0.3720464
2025-01-17 11:00:00,2,up,0.41220343,0.46,0.047796577,0,0.46
2025-01-17 12:00:00,0,down,0.35623956,0.46,0.10376045,1,0.35623956
2025-01-17 13:00:00,2,up,0.45801312,0.46,0.001986891,0,0.46
2025-01-17 14:00:00,0,up,0.36844185,0.46,0.09155816,1,0.36844185
2025-01-17 15:00:00,0,up,0.3725947,0.46,0.087405294,1,0.3725947
2025-01-17 16:00:00,0,down,0.38670537,0.46,0.07329464,1,0.38670537
2025-01-17 17:00:00,2,up,0.52613217,0.46,0.06613216,0,0.46
2025-01-17 18:00:00,0,up,0.3643261,0.46,0.09567392,1,0.3643261
2025-01-17 19:00:00,0,down,0.3718215,0.46,0.088178515,1,0.3718215
2025-01-17 20:00:00,2,down,0.52790546,0.46,0.067905456,0,0.46
2025-01-17 21:00:00,1,down,0.55226135,0.46,0.092261344,1,0.55226135
2025-01-17 22:00:00,2,down,0.49589083,0.46,0.035890818,0,0.46
2025-01-17 23:00:00,1,up,0.58824396,0.46,0.12824395,1,0.58824396
2025-01-18 00:00:00,2,down,0.45246017,0.46,0.0075398386,0,0.46
2025-01-18 01:00:00,2,up,0.49394518,0.46,0.033945173,0,0.46
2025-01-18 02:00:00,2,down,0.5282283,0.46,0.068228275,0,0.46
2025-01-18 03:00:00,2,up,0.5135607,0.46,0.053560704,0,0.46
2025-01-18 04:00:00,2,down,0.43962666,0.46,0.020373344,0,0.46
2025-01-18 05:00:00,1,up,0.6338251,0.46,0.17382511,1,0.6338251
2025-01-18 06:00:00,1,down,0.5612403,0.46,0.10124031,1,0.5612403
2025-01-18 07:00:00,1,up,0.5560526,0.46,0.09605262,1,0.5560526
2025-01-18 08:00:00,2,down,0.4153317,0.46,0.044668317,0,0.46
2025-01-18 09:00:00,1,up,0.5333839,0.46,0.0733839,1,0.5333839
2025-01-18 10:00:00,2,up,0.41875145,0.46,0.04124856,0,0.46
2025-01-18 11:00:00,2,down,0.43996775,0.46,0.020032257,0,0.46
2025-01-18 12:00:00,2,up,0.4592613,0.46,0.00073871017,0,0.46
2025-01-18 13:00:00,0,down,0.33803982,0.46,0.12196019,1,0.33803982
2025-01-18 14:00:00,2,up,0.43625543,0.46,0.023744583,0,0.46
2025-01-18 15:00:00,2,down,0.43700317,0.46,0.022996843,0,0.46
2025-01-18 16:00:00,2,up,0.49777466,0.46,0.037774652,0,0.46
2025-01-18 17:00:00,2,up,0.49486378,0.46,0.03486377,0,0.46
2025-01-18 18:00:00,2,up,0.5072718,0.46,0.047271818,0,0.46
2025-01-18 19:00:00,0,down,0.3550678,0.46,0.10493222,1,0.3550678
2025-01-18 20:00:00,2,down,0.46500468,0.46,0.005004674,0,0.46
2025-01-18 21:00:00,2,up,0.5123108,0.46,0.052310795,0,0.46
2025-01-18 22:00:00,0,up,0.38424134,0.46,0.075758666,1,0.38424134
2025-01-18 23:00:00,2,down,0.39647123,0.46,0.063528776,0,0.46
2025-01-19 00:00:00,2,up,0.47595274,0.46,0.015952736,0,0.46
2025-01-19 01:00:00,2,up,0.40323356,0.46,0.05676645,0,0.46
2025-01-19 02:00:00,2,up,0.48017338,0.46,0.02017337,0,0.46
2025-01-19 03:00:00,0,up,0.3885514,0.46,0.071448594,1,0.3885514
2025-01-19 04:00:00,2,up,0.4117784,0.46,0.048221618,0,0.46
2025-01-19 05:00:00,0,up,0.35768363,0.46,0.10231638,1,0.35768363
2025-01-19 06:00:00,0,down,0.3568781,0.46,0.10312191,1,0.3568781
2025-01-19 07:00:00,2,down,0.43541542,0.46,0.024584591,0,0.46
2025-01-19 08:00:00,2,up,0.51106805,0.46,0.051068038,0,0.46
2025-01-19 09:00:00,2,down,0.40620542,0.46,0.053794593,0,0.46
2025-01-19 10:00:00,2,down,0.47152814,0.46,0.011528134,0,0.46
2025-01-19 11:00:00,1,up,0.5428757,0.46,0.0828757,1,0.5428757
2025-01-19 12:00:00,2,up,0.44672218,0.46,0.013277829,0,0.46
2025-01-19 13:00:00,2,up,0.44658917,0.46,0.013410836,0,0.46
2025-01-19 14:00:00,2,down,0.472799,0.46,0.012798995,0,0.46
2025-01-19 15:00:00,2,up,0.44509187,0.46,0.014908135,0,0.46
2025-01-19 16:00:00,2,up,0.45128363,0.46,0.008716375,0,0.46
2025-01-19 17:00:00,2,down,0.40124357,0.46,0.05875644,0,0.46
2025-01-19 18:00:00,2,up,0.44680345,0.46,0.013196558,0,0.46
2025-01-19 19:00:00,0,up,0.36330357,0.46,0.09669644,1,0.36330357
2025-01-19 20:00:00,0,down,0.35071245,0.46,0.10928756,1,0.35071245
2025-01-19 21:00:00,1,down,0.6046194,0.46,0.14461938,1,0.6046194
2025-01-19 22:00:00,2,down,0.4636869,0.46,0.003686905,0,0.46
2025-01-19 23:00:00,2,down,0.48104805,0.46,0.02104804,0,0.46
2025-01-20 00:00:00,1,up,0.61501014,0.46,0.15501013,1,0.61501014
2025-01-20 01:00:00,2,up,0.52389365,0.46,0.063893646,0,0.46
2025-01-20 02:00:00,1,down,0.55163795,0.46,0.09163794,1,0.55163795
2025-01-20 03:00:00,2,up,0.510949,0.46,0.050949007,0,0.46
2025-01-20 04:00:00,2,up,0.5047451,0.46,0.044745117,0,0.46
2025-01-20 05:00:00,2,up,0.48275456,0.46,0.02275455,0,0.46
2025-01-20 06:00:00,2,down,0.49232906,0.46,0.032329053,0,0.46
2025-01-20 07:00:00,2,up,0.52515966,0.46,0.06515965,0,0.46
2025-01-20 08:00:00,0,down,0.38640544,0.46,0.07359457,1,0.38640544
2025-01-20 09:00:00,2,down,0.47574696,0.46,0.015746951,0,0.46
2025-01-20 10:00:00,2,up,0.4929525,0.46,0.032952487,0,0.46
2025-01-20 11:00:00,2,down,0.503294,0.46,0.043293983,0,0.46
2025-01-20 12:00:00,2,up,0.52767825,0.46,0.06767824,0,0.46
2025-01-20 13:00:00,2,down,0.4940376,0.46,0.03403759,0,0.46
2025-01-20 14:00:00,2,down,0.5091207,0.46,0.049120694,0,0.46
2025-01-20 15:00:00,2,up,0.5268882,0.46,0.06688818,0,0.46
2025-01-20 16:00:00,2,down,0.4620006,0.46,0.0020006,0,0.46
2025-01-20 17:00:00,2,up,0.5091867,0.46,0.049186677,0,0.46
2025-01-20 18:00:00,1,down,0.5642807,0.46,0.10428068,1,0.5642807
2025-01-20 19:00:00,1,down,0.53501827,0.46,0.07501826,1,0.53501827
2025-01-20 20:00:00,1,down,0.57374614,0.46,0.11374614,1,0.57374614
2025-01-20 21:00:00,1,up,0.59388256,0.46,0.13388255,1,0.59388256
2025-01-20 22:00:00,2,down,0.49237108,0.46,0.032371074,0,0.46
2025-01-20 23:00:00,1,down,0.5366775,0.46,0.07667747,1,0.5366775
2025-01-21 00:00:00,1,up,0.6079886,0.46,0.14798859,1,0.6079886
2025-01-21 01:00:00,2,up,0.47907528,0.46,0.019075274,0,0.46
2025-01-21 02:00:00,1,up,0.54221696,0.46,0.08221695,1,0.54221696
2025-01-21 03:00:00,2,down,0.5228577,0.46,0.06285772,0,0.46
2025-01-21 04:00:00,2,down,0.5138521,0.46,0.05385211,0,0.46
2025-01-21 05:00:00,1,up,0.5353456,0.46,0.075345606,1,0.5353456
2025-01-21 06:00:00,1,down,0.5467627,0.46,0.0867627,1,0.5467627
2025-01-21 07:00:00,1,up,0.5734489,0.46,0.11344889,1,0.5734489
2025-01-21 08:00:00,2,up,0.50825846,0.46,0.048258454,0,0.46
2025-01-21 09:00:00,2,up,0.4087038,0.46,0.051296204,0,0.46
2025-01-21 10:00:00,2,up,0.43649945,0.46,0.023500562,0,0.46
2025-01-21 11:00:00,2,up,0.4454013,0.46,0.014598697,0,0.46
2025-01-21 12:00:00,0,down,0.37263682,0.46,0.08736318,1,0.37263682
2025-01-21 13:00:00,2,down,0.4187276,0.46,0.0412724,0,0.46
2025-01-21 14:00:00,2,up,0.51654506,0.46,0.05654505,0,0.46
2025-01-21 15:00:00,2,up,0.42985165,0.46,0.030148357,0,0.46
2025-01-21 16:00:00,2,up,0.46057338,0.46,0.0005733669,0,0.46
2025-01-21 17:00:00,2,up,0.39937377,0.46,0.06062624,0,0.46
2025-01-21 18:00:00,2,up,0.41138762,0.46,0.048612386,0,0.46
2025-01-21 19:00:00,0,down,0.36795637,0.46,0.09204364,1,0.36795637
2025-01-21 20:00:00,2,up,0.4894826,0.46,0.029482603,0,0.46
2025-01-21 21:00:00,2,down,0.4042797,0.46,0.0557203,0,0.46
2025-01-21 22:00:00,2,up,0.5005809,0.46,0.0405809,0,0.46
2025-01-21 23:00:00,2,down,0.4391839,0.46,0.020816118,0,0.46
2025-01-22 00:00:00,2,down,0.5048859,0.46,0.044885904,0,0.46
2025-01-22 01:00:00,2,down,0.5046968,0.46,0.044696778,0,0.46
2025-01-22 02:00:00,1,up,0.55210173,0.46,0.09210172,1,0.55210173
2025-01-22 03:00:00,1,down,0.57667077,0.46,0.11667076,1,0.57667077
2025-01-22 04:00:00,2,up,0.49174464,0.46,0.03174463,0,0.46
2025-01-22 05:00:00,2,down,0.46536902,0.46,0.0053690076,0,0.46
2025-01-22 06:00:00,2,down,0.51204956,0.46,0.052049547,0,0.46
2025-01-22 07:00:00,1,up,0.5306009,0.46,0.0706009,1,0.5306009
2025-01-22 08:00:00,2,down,0.4590523,0.46,0.00094771385,0,0.46
2025-01-22 09:00:00,2,up,0.51582277,0.46,0.05582276,0,0.46
2025-01-22 10:00:00,2,down,0.4554882,0.46,0.0045118034,0,0.46
2025-01-22 11:00:00,2,up,0.50556153,0.46,0.045561522,0,0.46
2025-01-22 12:00:00,2,down,0.46583357,0.46,0.005833566,0,0.46
2025-01-22 13:00:00,2,up,0.5071845,0.46,0.047184497,0,0.46
2025-01-22 14:00:00,2,down,0.49759677,0.46,0.037596762,0,0.46
2025-01-22 15:00:00,1,down,0.5760063,0.46,0.116006285,1,0.5760063
2025-01-22 16:00:00,2,up,0.4971384,0.46,0.037138402,0,0.46
2025-01-22 17:00:00,2,down,0.515792,0.46,0.055792004,0,0.46
2025-01-22 18:00:00,1,up,0.5572054,0.46,0.09720537,1,0.5572054
2025-01-22 19:00:00,2,down,0.45639074,0.46,0.0036092699,0,0.46
2025-01-22 20:00:00,2,down,0.5003548,0.46,0.040354818,0,0.46
2025-01-22 21:00:00,2,down,0.46790195,0.46,0.007901937,0,0.46
2025-01-22 22:00:00,1,down,0.5550553,0.46,0.09505531,1,0.5550553
2025-01-22 23:00:00,1,down,0.56186163,0.46,0.101861626,1,0.56186163
2025-01-23 00:00:00,2,down,0.5289607,0.46,0.0689607,0,0.46
2025-01-23 01:00:00,1,down,0.5338253,0.46,0.07382527,1,0.5338253
2025-01-23 02:00:00,2,down,0.45002365,0.46,0.009976357,0,0.46
2025-01-23 03:00:00,1,down,0.55793506,0.46,0.09793505,1,0.55793506
2025-01-23 04:00:00,2,up,0.45615938,0.46,0.0038406253,0,0.46
2025-01-23 05:00:00,1,down,0.5445545,0.46,0.08455446,1,0.5445545
2025-01-23 06:00:00,1,up,0.568924,0.46,0.108924,1,0.568924
2025-01-23 07:00:00,2,down,0.4930503,0.46,0.0330503,0,0.46
2025-01-23 08:00:00,1,down,0.54326624,0.46,0.08326623,1,0.54326624
2025-01-23 09:00:00,1,up,0.5636324,0.46,0.10363242,1,0.5636324
2025-01-23 10:00:00,1,up,0.53306335,0.46,0.073063344,1,0.53306335
2025-01-23 11:00:00,1,down,0.60710555,0.46,0.14710554,1,0.60710555
2025-01-23 12:00:00,1,up,0.53812903,0.46,0.07812902,1,0.53812903
2025-01-23 13:00:00,2,up,0.4344532,0.46,0.025546819,0,0.46
2025-01-23 14:00:00,2,up,0.50474834,0.46,0.044748336,0,0.46
2025-01-23 15:00:00,2,down,0.4620682,0.46,0.0020681918,0,0.46
2025-01-23 16:00:00,1,up,0.53261536,0.46,0.072615355,1,0.53261536
2025-01-23 17:00:00,2,down,0.3953343,0.46,0.064665705,0,0.46
2025-01-23 18:00:00,2,down,0.49684566,0.46,0.036845654,0,0.46
2025-01-23 19:00:00,2,down,0.5185021,0.46,0.058502108,0,0.46
2025-01-23 20:00:00,2,down,0.5059186,0.46,0.045918614,0,0.46
2025-01-23 21:00:00,2,up,0.4752523,0.46,0.015252292,0,0.46
2025-01-23 22:00:00,2,down,0.50787115,0.46,0.047871143,0,0.46
2025-01-23 23:00:00,2,down,0.5119805,0.46,0.051980466,0,0.46
2025-01-24 00:00:00,1,down,0.5374184,0.46,0.07741842,1,0.5374184
2025-01-24 01:00:00,1,down,0.5406632,0.46,0.080663174,1,0.5406632
2025-01-24 02:00:00,1,up,0.57728684,0.46,0.11728683,1,0.57728684
2025-01-24 03:00:00,2,up,0.47599572,0.46,0.015995711,0,0.46
2025-01-24 04:00:00,2,up,0.42685425,0.46,0.033145756,0,0.46
2025-01-24 05:00:00,2,down,0.40251136,0.46,0.05748865,0,0.46
2025-01-24 06:00:00,2,up,0.40714678,0.46,0.052853227,0,0.46
2025-01-24 07:00:00,0,up,0.35898787,0.46,0.10101214,1,0.35898787
2025-01-24 08:00:00,0,down,0.35518178,0.46,0.104818225,1,0.35518178
2025-01-24 09:00:00,2,up,0.45974034,0.46,0.00025966763,0,0.46
2025-01-24 10:00:00,0,up,0.35630456,0.46,0.10369545,1,0.35630456
2025-01-24 11:00:00,2,up,0.42832685,0.46,0.031673163,0,0.46
2025-01-24 12:00:00,0,down,0.3570859,0.46,0.102914095,1,0.3570859
2025-01-24 13:00:00,2,up,0.51321054,0.46,0.053210527,0,0.46
2025-01-24 14:00:00,2,up,0.42848217,0.46,0.031517833,0,0.46
2025-01-24 15:00:00,0,down,0.3512415,0.46,0.10875851,1,0.3512415
2025-01-24 16:00:00,2,up,0.46640483,0.46,0.006404817,0,0.46
2025-01-24 17:00:00,2,down,0.39586562,0.46,0.06413439,0,0.46
2025-01-24 18:00:00,2,down,0.45877403,0.46,0.0012259781,0,0.46
2025-01-24 19:00:00,2,down,0.49345484,0.46,0.033454835,0,0.46
2025-01-24 20:00:00,1,up,0.56957674,0.46,0.10957673,1,0.56957674
2025-01-24 21:00:00,1,down,0.5664459,0.46,0.10644588,1,0.5664459
2025-01-24 22:00:00,1,up,0.5974776,0.46,0.1374776,1,0.5974776
2025-01-24 23:00:00,2,down,0.4846789,0.46,0.024678886,0,0.46
2025-01-25 00:00:00,1,up,0.6043506,0.46,0.14435062,1,0.6043506
2025-01-25 01:00:00,1,down,0.5347634,0.46,0.07476339,1,0.5347634
2025-01-25 02:00:00,1,up,0.5477965,0.46,0.08779648,1,0.5477965
2025-01-25 03:00:00,2,down,0.4474771,0.46,0.012522906,0,0.46
2025-01-25 04:00:00,1,down,0.55098426,0.46,0.090984255,1,0.55098426
2025-01-25 05:00:00,2,down,0.5235263,0.46,0.0635263,0,0.46
2025-01-25 06:00:00,1,up,0.5565543,0.46,0.09655431,1,0.5565543
2025-01-25 07:00:00,1,down,0.5760486,0.46,0.116048604,1,0.5760486
2025-01-25 08:00:00,1,up,0.53789485,0.46,0.07789484,1,0.53789485
2025-01-25 09:00:00,2,up,0.5125936,0.46,0.05259362,0,0.46
2025-01-25 10:00:00,2,up,0.46734765,0.46,0.0073476434,0,0.46
2025-01-25 11:00:00,2,up,0.43285108,0.46,0.027148932,0,0.46
2025-01-25 12:00:00,2,down,0.4211004,0.46,0.0388996,0,0.46
2025-01-25 13:00:00,2,down,0.45077077,0.46,0.009229243,0,0.46
2025-01-25 14:00:00,2,up,0.4900411,0.46,0.030041099,0,0.46
2025-01-25 15:00:00,2,down,0.42076895,0.46,0.039231062,0,0.46
2025-01-25 16:00:00,2,up,0.43894795,0.46,0.021052063,0,0.46
2025-01-25 17:00:00,2,up,0.4002343,0.46,0.059765697,0,0.46
2025-01-25 18:00:00,2,up,0.43041882,0.46,0.02958119,0,0.46
2025-01-25 19:00:00,2,down,0.39426762,0.46,0.06573239,0,0.46
2025-01-25 20:00:00,2,up,0.4660082,0.46,0.006008178,0,0.46
2025-01-25 21:00:00,0,down,0.38286406,0.46,0.07713595,1,0.38286406
2025-01-25 22:00:00,2,down,0.45379788,0.46,0.0062021315,0,0.46
2025-01-25 23:00:00,2,down,0.501229,0.46,0.04122898,0,0.46
2025-01-26 00:00:00,1,up,0.53822887,0.46,0.07822886,1,0.53822887
2025-01-26 01:00:00,2,up,0.5195451,0.46,0.05954507,0,0.46
2025-01-26 02:00:00,2,up,0.48467207,0.46,0.024672061,0,0.46
2025-01-26 03:00:00,2,up,0.42328286,0.46,0.036717147,0,0.46
2025-01-26 04:00:00,2,down,0.43406215,0.46,0.025937855,0,0.46
2025-01-26 05:00:00,2,down,0.4196523,0.46,0.040347695,0,0.46
2025-01-26 06:00:00,2,up,0.48990598,0.46,0.029905975,0,0.46
2025-01-26 07:00:00,2,up,0.49535692,0.46,0.03535691,0,0.46
2025-01-26 08:00:00,2,down,0.4801401,0.46,0.020140082,0,0.46
2025-01-26 09:00:00,2,up,0.50263965,0.46,0.042639643,0,0.46
2025-01-26 10:00:00,2,up,0.4522226,0.46,0.0077774227,0,0.46
2025-01-26 11:00:00,2,up,0.47847563,0.46,0.018475622,0,0.46
2025-01-26 12:00:00,2,up,0.5001633,0.46,0.04016331,0,0.46
2025-01-26 13:00:00,2,down,0.45554253,0.46,0.0044574738,0,0.46
2025-01-26 14:00:00,2,up,0.42401707,0.46,0.035982937,0,0.46
2025-01-26 15:00:00,2,down,0.4496199,0.46,0.010380119,0,0.46
2025-01-26 16:00:00,2,up,0.4835586,0.46,0.023558587,0,0.46
2025-01-26 17:00:00,2,up,0.4682771,0.46,0.008277088,0,0.46
2025-01-26 18:00:00,2,down,0.40173408,0.46,0.058265924,0,0.46
2025-01-26 19:00:00,2,down,0.47188738,0.46,0.011887372,0,0.46
2025-01-26 20:00:00,2,down,0.4637843,0.46,0.003784299,0,0.46
2025-01-26 21:00:00,1,down,0.581519,0.46,0.121519,1,0.581519
2025-01-26 22:00:00,1,down,0.60457754,0.46,0.14457753,1,0.60457754
2025-01-26 23:00:00,1,down,0.5339596,0.46,0.07395962,1,0.5339596
2025-01-27 00:00:00,1,down,0.5995128,0.46,0.1395128,1,0.5995128
2025-01-27 01:00:00,1,down,0.6359795,0.46,0.17597947,1,0.6359795
2025-01-27 02:00:00,1,up,0.6311894,0.46,0.1711894,1,0.6311894
2025-01-27 03:00:00,2,down,0.4899908,0.46,0.029990792,0,0.46
2025-01-27 04:00:00,1,down,0.5969371,0.46,0.13693711,1,0.5969371
2025-01-27 05:00:00,2,down,0.51516306,0.46,0.055163056,0,0.46
2025-01-27 06:00:00,1,up,0.59597296,0.46,0.13597295,1,0.59597296
2025-01-27 07:00:00,2,down,0.46300235,0.46,0.0030023456,0,0.46
2025-01-27 08:00:00,2,up,0.4955174,0.46,0.035517395,0,0.46
2025-01-27 09:00:00,2,down,0.45276222,0.46,0.007237792,0,0.46
2025-01-27 10:00:00,1,up,0.5750239,0.46,0.11502388,1,0.5750239
2025-01-27 11:00:00,2,up,0.520004,0.46,0.060003966,0,0.46
2025-01-27 12:00:00,2,down,0.46785885,0.46,0.007858843,0,0.46
2025-01-27 13:00:00,2,up,0.44040412,0.46,0.019595891,0,0.46
2025-01-27 14:00:00,2,down,0.46366423,0.46,0.0036642253,0,0.46
2025-01-27 15:00:00,2,down,0.51591176,0.46,0.05591175,0,0.46
2025-01-27 16:00:00,2,down,0.51588404,0.46,0.055884033,0,0.46
2025-01-27 17:00:00,1,up,0.55879134,0.46,0.09879133,1,0.55879134
2025-01-27 18:00:00,1,up,0.54596335,0.46,0.08596334,1,0.54596335
2025-01-27 19:00:00,1,up,0.5618927,0.46,0.10189268,1,0.5618927
2025-01-27 20:00:00,2,down,0.48418155,0.46,0.024181545,0,0.46
2025-01-27 21:00:00,2,up,0.44375646,0.46,0.016243547,0,0.46
2025-01-27 22:00:00,2,up,0.4218687,0.46,0.038131297,0,0.46
2025-01-27 23:00:00,0,down,0.38562876,0.46,0.07437125,1,0.38562876
2025-01-28 00:00:00,2,down,0.4658078,0.46,0.005807787,0,0.46
2025-01-28 01:00:00,2,up,0.50508535,0.46,0.04508534,0,0.46
2025-01-28 02:00:00,2,up,0.3911711,0.46,0.06882891,0,0.46
2025-01-28 03:00:00,0,up,0.37383395,0.46,0.086166054,1,0.37383395
2025-01-28 04:00:00,2,up,0.44151303,0.46,0.018486977,0,0.46
2025-01-28 05:00:00,2,down,0.4377001,0.46,0.022299916,0,0.46
2025-01-28 06:00:00,2,up,0.43865636,0.46,0.021343648,0,0.46
2025-01-28 07:00:00,2,up,0.4725331,0.46,0.012533098,0,0.46
2025-01-28 08:00:00,2,up,0.42824742,0.46,0.031752586,0,0.46
2025-01-28 09:00:00,0,down,0.3675136,0.46,0.09248641,1,0.3675136
2025-01-28 10:00:00,2,up,0.46715996,0.46,0.0071599483,0,0.46
2025-01-28 11:00:00,2,down,0.4505231,0.46,0.0094769,0,0.46
2025-01-28 12:00:00,2,down,0.47854912,0.46,0.018549114,0,0.46
2025-01-28 13:00:00,2,up,0.49690428,0.46,0.036904275,0,0.46
2025-01-28 14:00:00,2,up,0.47833714,0.46,0.01833713,0,0.46
2025-01-28 15:00:00,2,down,0.48992658,0.46,0.029926568,0,0.46
2025-01-28 16:00:00,2,up,0.4616481,0.46,0.0016480982,0,0.46
2025-01-28 17:00:00,2,down,0.45741168,0.46,0.0025883317,0,0.46
2025-01-28 18:00:00,2,up,0.50515467,0.46,0.04515466,0,0.46
2025-01-28 19:00:00,2,down,0.44517425,0.46,0.014825761,0,0.46
2025-01-28 20:00:00,1,down,0.54670215,0.46,0.08670214,1,0.54670215
2025-01-28 21:00:00,1,up,0.6447565,0.46,0.18475649,1,0.6447565
2025-01-28 22:00:00,2,up,0.512439,0.46,0.052439004,0,0.46
2025-01-28 23:00:00,2,up,0.49207538,0.46,0.032075375,0,0.46
2025-01-29 00:00:00,1,up,0.551632,0.46,0.09163198,1,0.551632
2025-01-29 01:00:00,2,down,0.4398581,0.46,0.0201419,0,0.46
2025-01-29 02:00:00,2,up,0.4646203,0.46,0.004620284,0,0.46
2025-01-29 03:00:00,2,down,0.3926726,0.46,0.06732741,0,0.46
2025-01-29 04:00:00,2,up,0.44232318,0.46,0.01767683,0,0.46
2025-01-29 05:00:00,2,up,0.39094394,0.46,0.069056064,0,0.46
2025-01-29 06:00:00,0,down,0.36669296,0.46,0.09330705,1,0.36669296
2025-01-29 07:00:00,0,down,0.35005358,0.46,0.10994643,1,0.35005358
2025-01-29 08:00:00,2,down,0.42534766,0.46,0.034652352,0,0.46
2025-01-29 09:00:00,2,up,0.4561392,0.46,0.0038608015,0,0.46
2025-01-29 10:00:00,2,up,0.42476174,0.46,0.035238266,0,0.46
2025-01-29 11:00:00,2,down,0.43911183,0.46,0.02088818,0,0.46
2025-01-29 12:00:00,1,down,0.53312427,0.46,0.07312426,1,0.53312427
2025-01-29 13:00:00,2,up,0.52142143,0.46,0.061421424,0,0.46
2025-01-29 14:00:00,2,down,0.4989248,0.46,0.038924783,0,0.46
2025-01-29 15:00:00,2,up,0.52829087,0.46,0.06829086,0,0.46
2025-01-29 16:00:00,2,up,0.43096772,0.46,0.02903229,0,0.46
2025-01-29 17:00:00,2,up,0.44121262,0.46,0.018787384,0,0.46
2025-01-29 18:00:00,0,up,0.3735594,0.46,0.08644062,1,0.3735594
2025-01-29 19:00:00,2,up,0.47852007,0.46,0.018520057,0,0.46
2025-01-29 20:00:00,2,down,0.45034626,0.46,0.009653747,0,0.46
2025-01-29 21:00:00,2,down,0.4872162,0.46,0.027216196,0,0.46
2025-01-29 22:00:00,2,up,0.47162154,0.46,0.011621535,0,0.46
2025-01-29 23:00:00,2,up,0.5011079,0.46,0.041107863,0,0.46
2025-01-30 00:00:00,0,up,0.3479289,0.46,0.1120711,1,0.3479289
2025-01-30 01:00:00,2,up,0.40908378,0.46,0.050916225,0,0.46
2025-01-30 02:00:00,0,up,0.34539214,0.46,0.11460787,1,0.34539214
2025-01-30 03:00:00,0,up,0.34397107,0.46,0.116028935,1,0.34397107
2025-01-30 04:00:00,0,down,0.35067886,0.46,0.10932115,1,0.35067886
2025-01-30 05:00:00,0,down,0.34774166,0.46,0.112258345,1,0.34774166
2025-01-30 06:00:00,2,down,0.4465995,0.46,0.013400495,0,0.46
2025-01-30 07:00:00,2,down,0.42459175,0.46,0.03540826,0,0.46
2025-01-30 08:00:00,2,up,0.4724901,0.46,0.012490094,0,0.46
2025-01-30 09:00:00,0,down,0.38895863,0.46,0.071041375,1,0.38895863
2025-01-30 10:00:00,2,down,0.39373448,0.46,0.06626552,0,0.46
2025-01-30 11:00:00,0,down,0.38222945,0.46,0.07777056,1,0.38222945
2025-01-30 12:00:00,2,down,0.4659645,0.46,0.005964488,0,0.46
2025-01-30 13:00:00,1,up,0.5564058,0.46,0.096405774,1,0.5564058
2025-01-30 14:00:00,2,down,0.4089935,0.46,0.051006496,0,0.46
2025-01-30 15:00:00,2,up,0.47935018,0.46,0.019350171,0,0.46
2025-01-30 16:00:00,2,down,0.44995746,0.46,0.010042548,0,0.46
2025-01-30 17:00:00,2,up,0.4638075,0.46,0.003807485,0,0.46
2025-01-30 18:00:00,0,up,0.37816918,0.46,0.08183083,1,0.37816918
2025-01-30 19:00:00,2,down,0.3908716,0.46,0.069128394,0,0.46
2025-01-30 20:00:00,2,up,0.52360225,0.46,0.06360224,0,0.46
2025-01-30 21:00:00,2,up,0.49512213,0.46,0.035122126,0,0.46
2025-01-30 22:00:00,1,down,0.5313042,0.46,0.07130417,1,0.5313042
2025-01-30 23:00:00,1,up,0.573449,0.46,0.11344901,1,0.573449
2025-01-31 00:00:00,2,down,0.48519814,0.46,0.025198132,0,0.46
2025-01-31 01:00:00,2,down,0.5054671,0.46,0.04546711,0,0.46
2025-01-31 02:00:00,1,up,0.55966175,0.46,0.09966174,1,0.55966175
2025-01-31 03:00:00,2,down,0.4603182,0.46,0.0003181994,0,0.46
2025-01-31 04:00:00,1,up,0.60317266,0.46,0.14317265,1,0.60317266
2025-01-31 05:00:00,1,up,0.55707085,0.46,0.09707084,1,0.55707085
2025-01-31 06:00:00,1,down,0.54084134,0.46,0.08084133,1,0.54084134
2025-01-31 07:00:00,2,down,0.50395906,0.46,0.04395905,0,0.46
2025-01-31 08:00:00,1,up,0.58864564,0.46,0.12864563,1,0.58864564
2025-01-31 09:00:00,2,up,0.46902296,0.46,0.009022951,0,0.46
2025-01-31 10:00:00,2,up,0.49967322,0.46,0.03967321,0,0.46
2025-01-31 11:00:00,2,down,0.42262563,0.46,0.037374377,0,0.46
2025-01-31 12:00:00,2,down,0.43560246,0.46,0.024397552,0,0.46
2025-01-31 13:00:00,2,down,0.4446263,0.46,0.015373707,0,0.46
2025-01-31 14:00:00,2,up,0.49152237,0.46,0.031522363,0,0.46
2025-01-31 15:00:00,2,down,0.47891247,0.46,0.018912464,0,0.46
2025-01-31 16:00:00,2,down,0.4516942,0.46,0.008305818,0,0.46
2025-01-31 17:00:00,2,down,0.49845874,0.46,0.038458735,0,0.46
2025-01-31 18:00:00,1,down,0.58082646,0.46,0.12082645,1,0.58082646
2025-01-31 19:00:00,1,down,0.588223,0.46,0.12822297,1,0.588223
2025-01-31 20:00:00,1,up,0.58858174,0.46,0.12858173,1,0.58858174
2025-01-31 21:00:00,2,up,0.48989388,0.46,0.029893875,0,0.46
2025-01-31 22:00:00,1,up,0.54493237,0.46,0.08493236,1,0.54493237
2025-01-31 23:00:00,2,up,0.45611224,0.46,0.0038877726,0,0.46
2025-02-01 00:00:00,2,up,0.47683635,0.46,0.016836345,0,0.46
2025-02-01 01:00:00,2,down,0.50561357,0.46,0.045613557,0,0.46
2025-02-01 02:00:00,2,down,0.5034868,0.46,0.043486804,0,0.46
2025-02-01 03:00:00,1,up,0.55202556,0.46,0.09202555,1,0.55202556
2025-02-01 04:00:00,1,up,0.55558884,0.46,0.09558883,1,0.55558884
2025-02-01 05:00:00,2,down,0.5095574,0.46,0.049557418,0,0.46
2025-02-01 06:00:00,2,down,0.49159035,0.46,0.031590343,0,0.46
2025-02-01 07:00:00,1,down,0.6031645,0.46,0.14316449,1,0.6031645
2025-02-01 08:00:00,2,down,0.5150301,0.46,0.055030078,0,0.46
2025-02-01 09:00:00,2,down,0.5050132,0.46,0.04501322,0,0.46
2025-02-01 10:00:00,1,up,0.607812,0.46,0.14781198,1,0.607812
2025-02-01 11:00:00,2,up,0.49637672,0.46,0.036376715,0,0.46
2025-02-01 12:00:00,2,down,0.45221013,0.46,0.00778988,0,0.46
2025-02-01 13:00:00,1,down,0.5434325,0.46,0.083432466,1,0.5434325
2025-02-01 14:00:00,1,up,0.57656765,0.46,0.11656764,1,0.57656765
2025-02-01 15:00:00,2,down,0.48881063,0.46,0.02881062,0,0.46
2025-02-01 16:00:00,2,up,0.50503105,0.46,0.04503104,0,0.46
2025-02-01 17:00:00,2,down,0.4026887,0.46,0.057311296,0,0.46
2025-02-01 18:00:00,2,down,0.5133398,0.46,0.05333981,0,0.46
2025-02-01 19:00:00,2,down,0.5187061,0.46,0.058706075,0,0.46
2025-02-01 20:00:00,2,down,0.48252365,0.46,0.022523642,0,0.46
2025-02-01 21:00:00,2,down,0.52486527,0.46,0.06486526,0,0.46
2025-02-01 22:00:00,1,down,0.5726605,0.46,0.1126605,1,0.5726605
2025-02-01 23:00:00,2,up,0.48806265,0.46,0.028062642,0,0.46
2025-02-02 00:00:00,2,up,0.4831185,0.46,0.023118496,0,0.46
2025-02-02 01:00:00,2,down,0.5168903,0.46,0.05689028,0,0.46
2025-02-02 02:00:00,1,down,0.56245744,0.46,0.102457434,1,0.56245744
2025-02-02 03:00:00,1,up,0.5977293,0.46,0.13772932,1,0.5977293
2025-02-02 04:00:00,1,up,0.54183036,0.46,0.08183035,1,0.54183036
2025-02-02 05:00:00,2,up,0.48182654,0.46,0.021826535,0,0.46
2025-02-02 06:00:00,2,down,0.489643,0.46,0.029643,0,0.46
2025-02-02 07:00:00,1,up,0.5319422,0.46,0.07194218,1,0.5319422
2025-02-02 08:00:00,1,down,0.5400083,0.46,0.0800083,1,0.5400083
2025-02-02 09:00:00,2,down,0.4899672,0.46,0.029967189,0,0.46
2025-02-02 10:00:00,2,down,0.5133529,0.46,0.053352863,0,0.46
2025-02-02 11:00:00,1,down,0.54016453,0.46,0.08016452,1,0.54016453
2025-02-02 12:00:00,1,up,0.6324727,0.46,0.17247269,1,0.6324727
2025-02-02 13:00:00,2,up,0.46666202,0.46,0.006662011,0,0.46
2025-02-02 14:00:00,2,up,0.4831942,0.46,0.023194194,0,0.46
2025-02-02 15:00:00,2,down,0.43668556,0.46,0.023314446,0,0.46
2025-02-02 16:00:00,1,down,0.548438,0.46,0.088438004,1,0.548438
2025-02-02 17:00:00,1,down,0.5699612,0.46,0.10996118,1,0.5699612
2025-02-02 18:00:00,1,up,0.59241146,0.46,0.13241145,1,0.59241146
2025-02-02 19:00:00,2,down,0.50328255,0.46,0.04328254,0,0.46
2025-02-02 20:00:00,1,down,0.5303474,0.46,0.0703474,1,0.5303474
2025-02-02 21:00:00,1,up,0.5548999,0.46,0.09489986,1,0.5548999
2025-02-02 22:00:00,2,down,0.4449159,0.46,0.015084118,0,0.46
2025-02-02 23:00:00,2,down,0.4391373,0.46,0.020862699,0,0.46
2025-02-03 00:00:00,2,down,0.49412245,0.46,0.034122437,0,0.46
2025-02-03 01:00:00,2,up,0.47788903,0.46,0.017889023,0,0.46
2025-02-03 02:00:00,2,up,0.4594923,0.46,0.00050771236,0,0.46
2025-02-03 03:00:00,1,down,0.5730318,0.46,0.113031775,1,0.5730318
2025-02-03 04:00:00,1,up,0.595453,0.46,0.13545302,1,0.595453
2025-02-03 05:00:00,1,down,0.5458479,0.46,0.085847884,1,0.5458479
2025-02-03 06:00:00,2,up,0.5238648,0.46,0.0638648,0,0.46
2025-02-03 07:00:00,2,up,0.5063727,0.46,0.04637268,0,0.46
2025-02-03 08:00:00,2,down,0.4658478,0.46,0.005847782,0,0.46
2025-02-03 09:00:00,2,up,0.49135274,0.46,0.03135273,0,0.46
2025-02-03 10:00:00,2,down,0.45222542,0.46,0.0077745914,0,0.46
2025-02-03 11:00:00,1,down,0.55649513,0.46,0.09649512,1,0.55649513
2025-02-03 12:00:00,1,down,0.6349923,0.46,0.1749923,1,0.6349923
2025-02-03 13:00:00,1,up,0.57586133,0.46,0.11586133,1,0.57586133
2025-02-03 14:00:00,2,up,0.4936609,0.46,0.03366089,0,0.46
2025-02-03 15:00:00,2,down,0.4958421,0.46,0.03584209,0,0.46
2025-02-03 16:00:00,2,up,0.46589014,0.46,0.005890131,0,0.46
2025-02-03 17:00:00,0,up,0.36959553,0.46,0.09040448,1,0.36959553
2025-02-03 18:00:00,0,up,0.37894538,0.46,0.08105463,1,0.37894538
2025-02-03 19:00:00,0,down,0.3725591,0.46,0.08744091,1,0.3725591
2025-02-03 20:00:00,1,up,0.56947035,0.46,0.10947034,1,0.56947035
2025-02-03 21:00:00,0,down,0.37403694,0.46,0.08596307,1,0.37403694
2025-02-03 22:00:00,2,down,0.48791963,0.46,0.02791962,0,0.46
2025-02-03 23:00:00,2,down,0.48698214,0.46,0.026982129,0,0.46
2025-02-04 00:00:00,2,up,0.5259166,0.46,0.06591657,0,0.46
2025-02-04 01:00:00,2,down,0.49383777,0.46,0.033837765,0,0.46
2025-02-04 02:00:00,1,down,0.5505644,0.46,0.0905644,1,0.5505644
2025-02-04 03:00:00,1,down,0.5472451,0.46,0.08724508,1,0.5472451
2025-02-04 04:00:00,1,down,0.552791,0.46,0.09279099,1,0.552791
2025-02-04 05:00:00,2,up,0.4891692,0.46,0.029169202,0,0.46
2025-02-04 06:00:00,1,down,0.55892086,0.46,0.09892085,1,0.55892086
2025-02-04 07:00:00,1,down,0.6046433,0.46,0.14464328,1,0.6046433
2025-02-04 08:00:00,2,up,0.5113217,0.46,0.051321715,0,0.46
2025-02-04 09:00:00,1,up,0.62012386,0.46,0.16012385,1,0.62012386
2025-02-04 10:00:00,1,up,0.564669,0.46,0.104669005,1,0.564669
2025-02-04 11:00:00,2,up,0.51645416,0.46,0.056454152,0,0.46
2025-02-04 12:00:00,2,down,0.47417504,0.46,0.014175028,0,0.46
2025-02-04 13:00:00,2,up,0.46504954,0.46,0.0050495267,0,0.46
2025-02-04 14:00:00,2,down,0.43679687,0.46,0.023203135,0,0.46
2025-02-04 15:00:00,2,down,0.4758349,0.46,0.015834898,0,0.46
2025-02-04 16:00:00,2,up,0.4773456,0.46,0.017345577,0,0.46
2025-02-04 17:00:00,2,up,0.49740866,0.46,0.03740865,0,0.46
2025-02-04 18:00:00,2,down,0.4329073,0.46,0.027092695,0,0.46
2025-02-04 19:00:00,1,down,0.53166205,0.46,0.07166204,1,0.53166205
2025-02-04 20:00:00,1,down,0.5307478,0.46,0.07074776,1,0.5307478
2025-02-04 21:00:00,1,up,0.5662855,0.46,0.10628548,1,0.5662855
2025-02-04 22:00:00,2,up,0.50798666,0.46,0.047986656,0,0.46
2025-02-04 23:00:00,1,up,0.6013581,0.46,0.1413581,1,0.6013581
2025-02-05 00:00:00,1,down,0.5666664,0.46,0.106666416,1,0.5666664
2025-02-05 01:00:00,1,up,0.54359895,0.46,0.08359894,1,0.54359895
2025-02-05 02:00:00,2,up,0.4557425,0.46,0.0042575,0,0.46
2025-02-05 03:00:00,1,up,0.53771687,0.46,0.07771686,1,0.53771687
2025-02-05 04:00:00,2,up,0.48475906,0.46,0.024759054,0,0.46
2025-02-05 05:00:00,2,down,0.48173755,0.46,0.021737546,0,0.46
2025-02-05 06:00:00,2,up,0.52533764,0.46,0.06533763,0,0.46
2025-02-05 07:00:00,2,down,0.5075972,0.46,0.0475972,0,0.46
2025-02-05 08:00:00,2,down,0.5036948,0.46,0.043694764,0,0.46
2025-02-05 09:00:00,1,up,0.5303814,0.46,0.07038137,1,0.5303814
2025-02-05 10:00:00,1,up,0.5399649,0.46,0.079964906,1,0.5399649
2025-02-05 11:00:00,2,down,0.41666302,0.46,0.043336987,0,0.46
2025-02-05 12:00:00,2,up,0.45543173,0.46,0.004568279,0,0.46
2025-02-05 13:00:00,0,down,0.38320833,0.46,0.076791674,1,0.38320833
2025-02-05 14:00:00,2,down,0.44463515,0.46,0.0153648555,0,0.46
2025-02-05 15:00:00,2,down,0.44054762,0.46,0.019452393,0,0.46
2025-02-05 16:00:00,2,down,0.46472532,0.46,0.004725307,0,0.46
2025-02-05 17:00:00,2,down,0.52565336,0.46,0.065653354,0,0.46
2025-02-05 18:00:00,1,up,0.5740833,0.46,0.11408332,1,0.5740833
2025-02-05 19:00:00,2,down,0.51260185,0.46,0.052601844,0,0.46
2025-02-05 20:00:00,1,down,0.5390983,0.46,0.079098314,1,0.5390983
2025-02-05 21:00:00,2,down,0.5280287,0.46,0.06802872,0,0.46
2025-02-05 22:00:00,1,up,0.536511,0.46,0.076510996,1,0.536511
2025-02-05 23:00:00,1,up,0.55766916,0.46,0.097669154,1,0.55766916
2025-02-06 00:00:00,1,up,0.5359642,0.46,0.07596418,1,0.5359642
2025-02-06 01:00:00,2,up,0.51795065,0.46,0.057950646,0,0.46
2025-02-06 02:00:00,2,down,0.44869876,0.46,0.011301249,0,0.46
2025-02-06 03:00:00,2,up,0.4003126,0.46,0.059687406,0,0.46
2025-02-06 04:00:00,2,up,0.42504245,0.46,0.034957558,0,0.46
2025-02-06 05:00:00,2,up,0.39314702,0.46,0.06685299,0,0.46
2025-02-06 06:00:00,0,down,0.36848164,0.46,0.09151837,1,0.36848164
2025-02-06 07:00:00,2,down,0.4160221,0.46,0.043977916,0,0.46
2025-02-06 08:00:00,0,up,0.37650818,0.46,0.08349183,1,0.37650818
2025-02-06 09:00:00,0,up,0.34209642,0.46,0.11790359,1,0.34209642
2025-02-06 10:00:00,0,down,0.35096171,0.46,0.10903829,1,0.35096171
2025-02-06 11:00:00,0,down,0.3670362,0.46,0.092963815,1,0.3670362
2025-02-06 12:00:00,2,up,0.47269824,0.46,0.012698233,0,0.46
2025-02-06 13:00:00,2,down,0.42605296,0.46,0.03394705,0,0.46
2025-02-06 14:00:00,1,down,0.5765797,0.46,0.11657968,1,0.5765797
2025-02-06 15:00:00,2,down,0.51814157,0.46,0.05814156,0,0.46
2025-02-06 16:00:00,1,up,0.6012002,0.46,0.14120021,1,0.6012002
2025-02-06 17:00:00,1,down,0.5616797,0.46,0.10167971,1,0.5616797
2025-02-06 18:00:00,2,down,0.5226957,0.46,0.06269571,0,0.46
2025-02-06 19:00:00,1,up,0.58269095,0.46,0.122690946,1,0.58269095
2025-02-06 20:00:00,2,down,0.47578174,0.46,0.01578173,0,0.46
2025-02-06 21:00:00,2,up,0.4230976,0.46,0.036902398,0,0.46
2025-02-06 22:00:00,0,down,0.3865936,0.46,0.0734064,1,0.3865936
2025-02-06 23:00:00,2,down,0.51804626,0.46,0.05804625,0,0.46
2025-02-07 00:00:00,1,up,0.5511715,0.46,0.09117147,1,0.5511715
2025-02-07 01:00:00,2,up,0.4483236,0.46,0.011676401,0,0.46
2025-02-07 02:00:00,0,down,0.38240162,0.46,0.07759839,1,0.38240162
2025-02-07 03:00:00,2,down,0.44196737,0.46,0.01803264,0,0.46
2025-02-07 04:00:00,2,down,0.45423684,0.46,0.005763173,0,0.46
2025-02-07 05:00:00,2,down,0.4636803,0.46,0.0036802888,0,0.46
2025-02-07 06:00:00,2,up,0.52462035,0.46,0.064620346,0,0.46
2025-02-07 07:00:00,1,up,0.55398005,0.46,0.093980044,1,0.55398005
2025-02-07 08:00:00,2,up,0.5068433,0.46,0.04684332,0,0.46
2025-02-07 09:00:00,2,down,0.4764889,0.46,0.01648888,0,0.46
2025-02-07 10:00:00,2,up,0.4754444,0.46,0.015444398,0,0.46
2025-02-07 11:00:00,0,up,0.38729805,0.46,0.07270196,1,0.38729805
2025-02-07 12:00:00,0,up,0.3501376,0.46,0.10986242,1,0.3501376
2025-02-07 13:00:00,2,up,0.42204502,0.46,0.037954986,0,0.46
2025-02-07 14:00:00,2,down,0.46064585,0.46,0.0006458461,0,0.46
2025-02-07 15:00:00,2,down,0.44367784,0.46,0.016322166,0,0.46
2025-02-07 16:00:00,2,down,0.49791992,0.46,0.03791991,0,0.46
2025-02-07 17:00:00,2,up,0.49607933,0.46,0.036079317,0,0.46
2025-02-07 18:00:00,1,down,0.5691494,0.46,0.10914937,1,0.5691494
2025-02-07 19:00:00,1,down,0.6093607,0.46,0.14936069,1,0.6093607
2025-02-07 20:00:00,1,up,0.5860051,0.46,0.12600508,1,0.5860051
2025-02-07 21:00:00,1,up,0.5435842,0.46,0.08358422,1,0.5435842
2025-02-07 22:00:00,2,up,0.48652768,0.46,0.026527673,0,0.46
2025-02-07 23:00:00,2,up,0.4904882,0.46,0.030488193,0,0.46
2025-02-08 00:00:00,2,down,0.51975304,0.46,0.05975303,0,0.46
2025-02-08 01:00:00,2,up,0.47731918,0.46,0.017319173,0,0.46
2025-02-08 02:00:00,2,down,0.40294525,0.46,0.057054758,0,0.46
2025-02-08 03:00:00,2,down,0.4722233,0.46,0.012223303,0,0.46
2025-02-08 04:00:00,2,down,0.5235235,0.46,0.0635235,0,0.46
2025-02-08 05:00:00,1,down,0.5471497,0.46,0.08714971,1,0.5471497
2025-02-08 06:00:00,2,up,0.51725763,0.46,0.057257622,0,0.46
2025-02-08 07:00:00,2,down,0.4836854,0.46,0.023685396,0,0.46
2025-02-08 08:00:00,1,up,0.54879475,0.46,0.08879474,1,0.54879475
2025-02-08 09:00:00,2,down,0.5202168,0.46,0.060216814,0,0.46
2025-02-08 10:00:00,1,up,0.53791785,0.46,0.077917844,1,0.53791785
2025-02-08 11:00:00,2,down,0.46787673,0.46,0.007876724,0,0.46
2025-02-08 12:00:00,2,up,0.492481,0.46,0.032480985,0,0.46
2025-02-08 13:00:00,2,down,0.46499333,0.46,0.0049933195,0,0.46
2025-02-08 14:00:00,2,down,0.45732817,0.46,0.0026718378,0,0.46
2025-02-08 15:00:00,2,up,0.48642638,0.46,0.026426375,0,0.46
2025-02-08 16:00:00,2,up,0.4247935,0.46,0.035206497,0,0.46
2025-02-08 17:00:00,2,up,0.4331839,0.46,0.0268161,0,0.46
2025-02-08 18:00:00,0,up,0.3773381,0.46,0.0826619,1,0.3773381
2025-02-08 19:00:00,2,down,0.4177418,0.46,0.042258203,0,0.46
2025-02-08 20:00:00,2,up,0.44138843,0.46,0.01861158,0,0.46
2025-02-08 21:00:00,2,down,0.44567817,0.46,0.014321834,0,0.46
2025-02-08 22:00:00,2,down,0.48511654,0.46,0.025116533,0,0.46
2025-02-08 23:00:00,2,up,0.48595473,0.46,0.025954723,0,0.46
2025-02-09 00:00:00,2,up,0.4290974,0.46,0.030902594,0,0.46
2025-02-09 01:00:00,0,down,0.34518802,0.46,0.11481199,1,0.34518802
2025-02-09 02:00:00,2,up,0.4913243,0.46,0.031324297,0,0.46
2025-02-09 03:00:00,0,down,0.36694178,0.46,0.09305823,1,0.36694178
2025-02-09 04:00:00,0,down,0.36477694,0.46,0.09522307,1,0.36477694
2025-02-09 05:00:00,2,down,0.47620088,0.46,0.01620087,0,0.46
2025-02-09 06:00:00,2,up,0.4123014,0.46,0.047698617,0,0.46
2025-02-09 07:00:00,2,up,0.44011325,0.46,0.019886762,0,0.46
2025-02-09 08:00:00,2,down,0.47081363,0.46,0.010813624,0,0.46
2025-02-09 09:00:00,2,down,0.5157215,0.46,0.05572149,0,0.46
2025-02-09 10:00:00,2,down,0.48123404,0.46,0.021234035,0,0.46
2025-02-09 11:00:00,1,down,0.5782075,0.46,0.118207484,1,0.5782075
2025-02-09 12:00:00,2,down,0.44611618,0.46,0.013883829,0,0.46
2025-02-09 13:00:00,1,up,0.53902715,0.46,0.079027146,1,0.53902715
2025-02-09 14:00:00,2,up,0.47955903,0.46,0.019559026,0,0.46
2025-02-09 15:00:00,2,down,0.49420336,0.46,0.03420335,0,0.46
2025-02-09 16:00:00,2,down,0.47150576,0.46,0.011505753,0,0.46
2025-02-09 17:00:00,2,up,0.5123408,0.46,0.052340776,0,0.46
2025-02-09 18:00:00,2,down,0.5048976,0.46,0.044897586,0,0.46
2025-02-09 19:00:00,2,up,0.51369417,0.46,0.05369416,0,0.46
2025-02-09 20:00:00,2,down,0.52278906,0.46,0.06278905,0,0.46
2025-02-09 21:00:00,2,up,0.49937403,0.46,0.039374024,0,0.46
2025-02-09 22:00:00,2,up,0.4845206,0.46,0.024520606,0,0.46
2025-02-09 23:00:00,2,up,0.39692658,0.46,0.06307343,0,0.46
2025-02-10 00:00:00,2,down,0.47869346,0.46,0.018693447,0,0.46
2025-02-10 01:00:00,2,up,0.506015,0.46,0.046014994,0,0.46
2025-02-10 02:00:00,2,up,0.5206306,0.46,0.06063059,0,0.46
2025-02-10 03:00:00,2,up,0.43077582,0.46,0.029224187,0,0.46
2025-02-10 04:00:00,2,up,0.4458418,0.46,0.014158219,0,0.46
2025-02-10 05:00:00,2,up,0.47246906,0.46,0.012469053,0,0.46
2025-02-10 06:00:00,0,up,0.37622833,0.46,0.083771676,1,0.37622833
2025-02-10 07:00:00,0,up,0.3552393,0.46,0.10476071,1,0.3552393
2025-02-10 08:00:00,2,down,0.42990053,0.46,0.030099481,0,0.46
2025-02-10 09:00:00,2,up,0.41045308,0.46,0.049546927,0,0.46
2025-02-10 10:00:00,2,down,0.452486,0.46,0.007514,0,0.46
2025-02-10 11:00:00,2,down,0.4361066,0.46,0.023893416,0,0.46
2025-02-10 12:00:00,2,up,0.4709525,0.46,0.0109525025,0,0.46
2025-02-10 13:00:00,2,down,0.40934488,0.46,0.050655127,0,0.46
2025-02-10 14:00:00,2,down,0.4944997,0.46,0.034499705,0,0.46
2025-02-10 15:00:00,1,up,0.53163886,0.46,0.07163885,1,0.53163886
2025-02-10 16:00:00,2,up,0.4680823,0.46,0.0080823,0,0.46
2025-02-10 17:00:00,2,up,0.41118458,0.46,0.04881543,0,0.46
2025-02-10 18:00:00,2,down,0.3986689,0.46,0.061331123,0,0.46
2025-02-10 19:00:00,2,down,0.4582675,0.46,0.0017324984,0,0.46
2025-02-10 20:00:00,2,up,0.51778823,0.46,0.057788223,0,0.46
2025-02-10 21:00:00,2,up,0.48886052,0.46,0.02886051,0,0.46
2025-02-10 22:00:00,2,up,0.46711677,0.46,0.007116765,0,0.46
2025-02-10 23:00:00,2,up,0.46244726,0.46,0.0024472475,0,0.46
2025-02-11 00:00:00,2,up,0.41844633,0.46,0.041553676,0,0.46
2025-02-11 01:00:00,0,down,0.3784343,0.46,0.08156571,1,0.3784343
2025-02-11 02:00:00,2,down,0.42976114,0.46,0.030238867,0,0.46
2025-02-11 03:00:00,2,up,0.45432308,0.46,0.005676925,0,0.46
2025-02-11 04:00:00,0,up,0.374601,0.46,0.085399,1,0.374601
2025-02-11 05:00:00,0,up,0.35850236,0.46,0.10149765,1,0.35850236
2025-02-11 06:00:00,0,down,0.36448306,0.46,0.09551695,1,0.36448306
2025-02-11 07:00:00,2,down,0.49058333,0.46,0.030583322,0,0.46
2025-02-11 08:00:00,2,down,0.43054616,0.46,0.029453844,0,0.46
2025-02-11 09:00:00,2,down,0.4795813,0.46,0.019581288,0,0.46
2025-02-11 10:00:00,2,up,0.51377106,0.46,0.05377105,0,0.46
2025-02-11 11:00:00,2,down,0.4406723,0.46,0.0193277,0,0.46
2025-02-11 12:00:00,2,down,0.5202865,0.46,0.060286492,0,0.46
2025-02-11 13:00:00,2,up,0.52329683,0.46,0.063296825,0,0.46
2025-02-11 14:00:00,2,up,0.52949697,0.46,0.06949696,0,0.46
2025-02-11 15:00:00,2,down,0.4897932,0.46,0.029793203,0,0.46
2025-02-11 16:00:00,1,down,0.610229,0.46,0.150229,1,0.610229
2025-02-11 17:00:00,1,down,0.5361036,0.46,0.0761036,1,0.5361036
2025-02-11 18:00:00,1,down,0.60070723,0.46,0.14070722,1,0.60070723
2025-02-11 19:00:00,1,up,0.5763253,0.46,0.11632529,1,0.5763253
2025-02-11 20:00:00,2,up,0.51180315,0.46,0.05180314,0,0.46
2025-02-11 21:00:00,2,down,0.4502563,0.46,0.00974372,0,0.46
2025-02-11 22:00:00,2,up,0.51781315,0.46,0.057813138,0,0.46
2025-02-11 23:00:00,2,up,0.45415834,0.46,0.0058416724,0,0.46
2025-02-12 00:00:00,2,up,0.45035076,0.46,0.009649247,0,0.46
2025-02-12 01:00:00,2,down,0.40388083,0.46,0.056119174,0,0.46
2025-02-12 02:00:00,2,down,0.52656204,0.46,0.06656203,0,0.46
2025-02-12 03:00:00,2,up,0.5135871,0.46,0.05358711,0,0.46
2025-02-12 04:00:00,2,up,0.5051727,0.46,0.04517272,0,0.46
2025-02-12 05:00:00,2,down,0.4810321,0.46,0.021032095,0,0.46
2025-02-12 06:00:00,2,up,0.4832997,0.46,0.023299694,0,0.46
2025-02-12 07:00:00,2,up,0.42059672,0.46,0.03940329,0,0.46
2025-02-12 08:00:00,2,down,0.39974192,0.46,0.06025809,0,0.46
2025-02-12 09:00:00,2,down,0.44735807,0.46,0.012641937,0,0.46
2025-02-12 10:00:00,2,up,0.49899197,0.46,0.038991958,0,0.46
2025-02-12 11:00:00,1,down,0.53698355,0.46,0.07698354,1,0.53698355
2025-02-12 12:00:00,2,down,0.49245057,0.46,0.032450557,0,0.46
2025-02-12 13:00:00,2,up,0.47025415,0.46,0.010254145,0,0.46
2025-02-12 14:00:00,2,up,0.43336955,0.46,0.026630461,0,0.46
2025-02-12 15:00:00,2,up,0.43077698,0.46,0.029223025,0,0.46
2025-02-12 16:00:00,2,up,0.41532883,0.46,0.044671178,0,0.46
2025-02-12 17:00:00,2,down,0.47858614,0.46,0.018586129,0,0.46
2025-02-12 18:00:00,2,up,0.46035984,0.46,0.00035983324,0,0.46
2025-02-12 19:00:00,0,down,0.35610214,0.46,0.10389787,1,0.35610214
2025-02-12 20:00:00,2,up,0.49655986,0.46,0.03655985,0,0.46
2025-02-12 21:00:00,2,up,0.39331073,0.46,0.06668928,0,0.46
2025-02-12 22:00:00,2,up,0.4232219,0.46,0.036778122,0,0.46
2025-02-12 23:00:00,0,down,0.34841153,0.46,0.11158848,1,0.34841153
2025-02-13 00:00:00,0,up,0.36119747,0.46,0.09880254,1,0.36119747
2025-02-13 01:00:00,0,down,0.36936542,0.46,0.090634584,1,0.36936542
2025-02-13 02:00:00,2,up,0.47452503,0.46,0.014525026,0,0.46
2025-02-13 03:00:00,2,down,0.49586877,0.46,0.035868764,0,0.46
2025-02-13 04:00:00,1,down,0.5432119,0.46,0.08321187,1,0.5432119
2025-02-13 05:00:00,1,down,0.5327894,0.46,0.0727894,1,0.5327894
2025-02-13 06:00:00,1,up,0.56656307,0.46,0.10656306,1,0.56656307
2025-02-13 07:00:00,2,down,0.51712567,0.46,0.057125658,0,0.46
2025-02-13 08:00:00,2,up,0.5078471,0.46,0.047847062,0,0.46
2025-02-13 09:00:00,2,down,0.4949065,0.46,0.034906507,0,0.46
2025-02-13 10:00:00,1,down,0.57092446,0.46,0.11092445,1,0.57092446
2025-02-13 11:00:00,2,down,0.5199618,0.46,0.059961766,0,0.46
2025-02-13 12:00:00,1,up,0.54969364,0.46,0.089693636,1,0.54969364
2025-02-13 13:00:00,2,down,0.5262909,0.46,0.066290885,0,0.46
2025-02-13 14:00:00,2,up,0.44818157,0.46,0.011818439,0,0.46
2025-02-13 15:00:00,2,down,0.49008486,0.46,0.030084848,0,0.46
2025-02-13 16:00:00,2,up,0.5217946,0.46,0.06179461,0,0.46
2025-02-13 17:00:00,1,up,0.544353,0.46,0.084353,1,0.544353
2025-02-13 18:00:00,2,down,0.48160112,0.46,0.02160111,0,0.46
2025-02-13 19:00:00,2,up,0.5166983,0.46,0.056698292,0,0.46
2025-02-13 20:00:00,2,up,0.40484634,0.46,0.055153668,0,0.46
2025-02-13 21:00:00,2,down,0.4481784,0.46,0.011821598,0,0.46
2025-02-13 22:00:00,2,up,0.43353987,0.46,0.026460141,0,0.46
2025-02-13 23:00:00,0,up,0.38185057,0.46,0.07814944,1,0.38185057
2025-02-14 00:00:00,2,down,0.42620197,0.46,0.03379804,0,0.46
2025-02-14 01:00:00,2,down,0.422696,0.46,0.037304014,0,0.46
2025-02-14 02:00:00,2,up,0.4625014,0.46,0.0025013983,0,0.46
2025-02-14 03:00:00,0,down,0.37692747,0.46,0.08307254,1,0.37692747
2025-02-14 04:00:00,2,down,0.47139025,0.46,0.011390239,0,0.46
2025-02-14 05:00:00,2,up,0.45216674,0.46,0.007833272,0,0.46
2025-02-14 06:00:00,2,up,0.41819447,0.46,0.041805536,0,0.46
2025-02-14 07:00:00,2,down,0.41877785,0.46,0.041222155,0,0.46
2025-02-14 08:00:00,2,up,0.45298058,0.46,0.0070194304,0,0.46
2025-02-14 09:00:00,0,down,0.364261,0.46,0.09573901,1,0.364261
2025-02-14 10:00:00,2,down,0.4331669,0.46,0.026833117,0,0.46
2025-02-14 11:00:00,2,down,0.44948503,0.46,0.010514975,0,0.46
2025-02-14 12:00:00,2,up,0.4824343,0.46,0.022434294,0,0.46
2025-02-14 13:00:00,2,up,0.4663819,0.46,0.006381899,0,0.46
2025-02-14 14:00:00,2,down,0.4002627,0.46,0.059737295,0,0.46
2025-02-14 15:00:00,2,up,0.40852234,0.46,0.05147767,0,0.46
2025-02-14 16:00:00,2,up,0.3909347,0.46,0.0690653,0,0.46
2025-02-14 17:00:00,2,down,0.4386322,0.46,0.021367818,0,0.46
2025-02-14 18:00:00,2,down,0.49970895,0.46,0.039708942,0,0.46
2025-02-14 19:00:00,2,down,0.4548012,0.46,0.0051988065,0,0.46
2025-02-14 20:00:00,1,up,0.57118297,0.46,0.11118296,1,0.57118297
2025-02-14 21:00:00,2,down,0.42385644,0.46,0.03614357,0,0.46
2025-02-14 22:00:00,2,up,0.527275,0.46,0.06727502,0,0.46
2025-02-14 23:00:00,2,down,0.40670958,0.46,0.053290427,0,0.46
2025-02-15 00:00:00,2,up,0.45893687,0.46,0.0010631382,0,0.46
2025-02-15 01:00:00,0,up,0.36052227,0.46,0.09947774,1,0.36052227
2025-02-15 02:00:00,0,down,0.38550752,0.46,0.074492484,1,0.38550752
2025-02-15 03:00:00,2,down,0.48194084,0.46,0.021940827,0,0.46
2025-02-15 04:00:00,2,up,0.4829509,0.46,0.022950888,0,0.46
2025-02-15 05:00:00,2,down,0.45594192,0.46,0.004058093,0,0.46
2025-02-15 06:00:00,2,down,0.5181186,0.46,0.05811861,0,0.46
2025-02-15 07:00:00,1,up,0.578745,0.46,0.118745,1,0.578745
2025-02-15 08:00:00,2,up,0.47305134,0.46,0.013051331,0,0.46
2025-02-15 09:00:00,2,up,0.45658213,0.46,0.0034178793,0,0.46
2025-02-15 10:00:00,2,down,0.42655715,0.46,0.033442855,0,0.46
2025-02-15 11:00:00,2,up,0.43592358,0.46,0.024076432,0,0.46
2025-02-15 12:00:00,0,down,0.3802595,0.46,0.079740494,1,0.3802595
2025-02-15 13:00:00,2,down,0.4554696,0.46,0.0045304,0,0.46
2025-02-15 14:00:00,2,up,0.46612477,0.46,0.0061247647,0,0.46
2025-02-15 15:00:00,2,down,0.47732008,0.46,0.017320067,0,0.46
2025-02-15 16:00:00,2,down,0.48681313,0.46,0.02681312,0,0.46
2025-02-15 17:00:00,2,up,0.5194867,0.46,0.059486717,0,0.46
2025-02-15 18:00:00,2,down,0.49648297,0.46,0.03648296,0,0.46
2025-02-15 19:00:00,2,up,0.48840728,0.46,0.028407276,0,0.46
2025-02-15 20:00:00,2,up,0.45324138,0.46,0.0067586303,0,0.46
2025-02-15 21:00:00,2,down,0.39942,0.46,0.060580015,0,0.46
2025-02-15 22:00:00,2,up,0.47655505,0.46,0.016555041,0,0.46
2025-02-15 23:00:00,2,up,0.46165147,0.46,0.0016514659,0,0.46
2025-02-16 00:00:00,2,up,0.5031999,0.46,0.043199867,0,0.46
2025-02-16 01:00:00,2,down,0.40373853,0.46,0.05626148,0,0.46
2025-02-16 02:00:00,2,up,0.4682168,0.46,0.008216798,0,0.46
2025-02-16 03:00:00,2,down,0.46490768,0.46,0.0049076676,0,0.46
2025-02-16 04:00:00,2,up,0.4856492,0.46,0.02564919,0,0.46
2025-02-16 05:00:00,2,down,0.44444007,0.46,0.0155599415,0,0.46
2025-02-16 06:00:00,2,down,0.5102825,0.46,0.050282508,0,0.46
2025-02-16 07:00:00,1,down,0.58763784,0.46,0.12763783,1,0.58763784
2025-02-16 08:00:00,1,up,0.61364245,0.46,0.15364245,1,0.61364245
2025-02-16 09:00:00,2,down,0.44646853,0.46,0.013531476,0,0.46
2025-02-16 10:00:00,1,up,0.6057841,0.46,0.14578411,1,0.6057841
2025-02-16 11:00:00,2,down,0.4597033,0.46,0.00029671192,0,0.46
2025-02-16 12:00:00,1,down,0.5544599,0.46,0.09445992,1,0.5544599
2025-02-16 13:00:00,1,up,0.56954134,0.46,0.10954133,1,0.56954134
2025-02-16 14:00:00,2,down,0.4366121,0.46,0.023387909,0,0.46
2025-02-16 15:00:00,1,up,0.60438275,0.46,0.14438275,1,0.60438275
2025-02-16 16:00:00,2,down,0.51360697,0.46,0.053606957,0,0.46
2025-02-16 17:00:00,2,down,0.51549417,0.46,0.05549416,0,0.46
2025-02-16 18:00:00,2,up,0.48507467,0.46,0.02507466,0,0.46
2025-02-16 19:00:00,2,down,0.4480574,0.46,0.011942595,0,0.46
2025-02-16 20:00:00,2,up,0.51912403,0.46,0.059124023,0,0.46
2025-02-16 21:00:00,2,down,0.42556873,0.46,0.03443128,0,0.46
2025-02-16 22:00:00,2,down,0.52048993,0.46,0.060489923,0,0.46
2025-02-16 23:00:00,1,up,0.531161,0.46,0.071161,1,0.531161
2025-02-17 00:00:00,2,up,0.46278524,0.46,0.0027852356,0,0.46
2025-02-17 01:00:00,2,down,0.4405422,0.46,0.019457817,0,0.46
2025-02-17 02:00:00,2,down,0.49867043,0.46,0.03867042,0,0.46
2025-02-17 03:00:00,2,down,0.48990282,0.46,0.029902816,0,0.46
2025-02-17 04:00:00,1,up,0.571887,0.46,0.11188701,1,0.571887
2025-02-17 05:00:00,2,up,0.46667126,0.46,0.00667125,0,0.46
2025-02-17 06:00:00,2,down,0.47469786,0.46,0.01469785,0,0.46
2025-02-17 07:00:00,2,up,0.5169979,0.46,0.056997865,0,0.46
2025-02-17 08:00:00,2,up,0.513343,0.46,0.05334297,0,0.46
2025-02-17 09:00:00,2,down,0.5241298,0.46,0.0641298,0,0.46
2025-02-17 10:00:00,2,down,0.5202455,0.46,0.060245484,0,0.46
2025-02-17 11:00:00,2,up,0.5177322,0.46,0.057732195,0,0.46
2025-02-17 12:00:00,2,down,0.41138867,0.46,0.048611343,0,0.46
2025-02-17 13:00:00,2,up,0.41183835,0.46,0.048161656,0,0.46
2025-02-17 14:00:00,2,down,0.43829364,0.46,0.021706372,0,0.46
2025-02-17 15:00:00,2,down,0.52065015,0.46,0.06065014,0,0.46
2025-02-17 16:00:00,1,up,0.59625643,0.46,0.13625643,1,0.59625643
2025-02-17 17:00:00,1,down,0.5617359,0.46,0.10173592,1,0.5617359
2025-02-17 18:00:00,1,up,0.5746487,0.46,0.11464867,1,0.5746487
2025-02-17 19:00:00,2,up,0.46624345,0.46,0.0062434375,0,0.46
2025-02-17 20:00:00,2,up,0.48037505,0.46,0.020375043,0,0.46
2025-02-17 21:00:00,0,down,0.38920677,0.46,0.07079324,1,0.38920677
2025-02-17 22:00:00,2,down,0.52444303,0.46,0.06444302,0,0.46
2025-02-17 23:00:00,2,down,0.50262916,0.46,0.042629153,0,0.46
2025-02-18 00:00:00,2,up,0.52675956,0.46,0.06675956,0,0.46
2025-02-18 01:00:00,2,down,0.39629948,0.46,0.06370053,0,0.46
2025-02-18 02:00:00,2,up,0.49781212,0.46,0.037812114,0,0.46
2025-02-18 03:00:00,2,down,0.40192404,0.46,0.058075964,0,0.46
2025-02-18 04:00:00,2,down,0.48393223,0.46,0.023932219,0,0.46
2025-02-18 05:00:00,2,down,0.51345587,0.46,0.05345586,0,0.46
2025-02-18 06:00:00,2,up,0.5060164,0.46,0.046016365,0,0.46
2025-02-18 07:00:00,2,down,0.48927477,0.46,0.029274762,0,0.46
2025-02-18 08:00:00,2,up,0.5226536,0.46,0.06265357,0,0.46
2025-02-18 09:00:00,2,down,0.4079606,0.46,0.052039415,0,0.46
2025-02-18 10:00:00,2,down,0.47343296,0.46,0.01343295,0,0.46
2025-02-18 11:00:00,2,up,0.46091983,0.46,0.0009198189,0,0.46
2025-02-18 12:00:00,0,up,0.38346687,0.46,0.07653314,1,0.38346687
2025-02-18 13:00:00,2,down,0.43261775,0.46,0.027382255,0,0.46
2025-02-18 14:00:00,2,up,0.528657,0.46,0.06865701,0,0.46
2025-02-18 15:00:00,2,down,0.4599081,0.46,9.191036e-05,0,0.46
2025-02-18 16:00:00,1,down,0.62262434,0.46,0.16262433,1,0.62262434
2025-02-18 17:00:00,1,down,0.6652356,0.46,0.20523557,1,0.6652356
2025-02-18 18:00:00,1,up,0.5649059,0.46,0.10490587,1,0.5649059
2025-02-18 19:00:00,2,up,0.49534383,0.46,0.035343826,0,0.46
2025-02-18 20:00:00,2,up,0.52239436,0.46,0.06239435,0,0.46
2025-02-18 21:00:00,2,up,0.4535536,0.46,0.006446421,0,0.46
2025-02-18 22:00:00,2,up,0.4278794,0.46,0.032120615,0,0.46
2025-02-18 23:00:00,0,down,0.3681099,0.46,0.0918901,1,0.3681099
2025-02-19 00:00:00,2,up,0.46998194,0.46,0.00998193,0,0.46
2025-02-19 01:00:00,0,up,0.37018248,0.46,0.089817524,1,0.37018248
2025-02-19 02:00:00,2,down,0.40400073,0.46,0.05599928,0,0.46
2025-02-19 03:00:00,2,down,0.39256042,0.46,0.067439586,0,0.46
2025-02-19 04:00:00,1,up,0.53972214,0.46,0.079722136,1,0.53972214
2025-02-19 05:00:00,2,up,0.44927078,0.46,0.0107292235,0,0.46
2025-02-19 06:00:00,2,up,0.42820036,0.46,0.031799644,0,0.46
2025-02-19 07:00:00,2,down,0.47387654,0.46,0.013876528,0,0.46
2025-02-19 08:00:00,2,up,0.46090856,0.46,0.0009085536,0,0.46
2025-02-19 09:00:00,0,up,0.3677979,0.46,0.0922021,1,0.3677979
2025-02-19 10:00:00,0,up,0.37458548,0.46,0.08541453,1,0.37458548
2025-02-19 11:00:00,0,down,0.3616484,0.46,0.0983516,1,0.3616484
2025-02-19 12:00:00,2,up,0.46666315,0.46,0.0066631436,0,0.46
2025-02-19 13:00:00,2,down,0.46052477,0.46,0.0005247593,0,0.46
2025-02-19 14:00:00,2,up,0.49715996,0.46,0.03715995,0,0.46
2025-02-19 15:00:00,2,up,0.5040004,0.46,0.044000417,0,0.46
2025-02-19 16:00:00,2,up,0.42676565,0.46,0.033234358,0,0.46
2025-02-19 17:00:00,0,down,0.3769436,0.46,0.08305642,1,0.3769436
2025-02-19 18:00:00,2,up,0.52425605,0.46,0.06425604,0,0.46
2025-02-19 19:00:00,2,down,0.41746506,0.46,0.042534947,0,0.46
2025-02-19 20:00:00,2,up,0.48409727,0.46,0.024097264,0,0.46
2025-02-19 21:00:00,2,up,0.4148677,0.46,0.04513231,0,0.46
2025-02-19 22:00:00,2,up,0.40225476,0.46,0.057745248,0,0.46
2025-02-19 23:00:00,2,up,0.43660188,0.46,0.023398131,0,0.46
2025-02-20 00:00:00,0,down,0.33634338,0.46,0.12365663,1,0.33634338
2025-02-20 01:00:00,2,up,0.4057539,0.46,0.054246098,0,0.46
2025-02-20 02:00:00,2,down,0.39360163,0.46,0.06639838,0,0.46
2025-02-20 03:00:00,2,up,0.44843236,0.46,0.011567652,0,0.46
2025-02-20 04:00:00,2,down,0.41276222,0.46,0.047237784,0,0.46
2025-02-20 05:00:00,2,down,0.51079786,0.46,0.05079785,0,0.46
2025-02-20 06:00:00,2,down,0.4464664,0.46,0.013533622,0,0.46
2025-02-20 07:00:00,2,up,0.5010429,0.46,0.041042894,0,0.46
2025-02-20 08:00:00,0,up,0.3792809,0.46,0.08071911,1,0.3792809
2025-02-20 09:00:00,2,up,0.4699752,0.46,0.009975195,0,0.46
2025-02-20 10:00:00,0,down,0.34114245,0.46,0.11885756,1,0.34114245
2025-02-20 11:00:00,2,up,0.44730732,0.46,0.01269269,0,0.46
2025-02-20 12:00:00,2,up,0.4072363,0.46,0.0527637,0,0.46
2025-02-20 13:00:00,0,down,0.35709038,0.46,0.102909625,1,0.35709038
2025-02-20 14:00:00,2,down,0.4540442,0.46,0.0059558153,0,0.46
2025-02-20 15:00:00,1,up,0.55177283,0.46,0.091772825,1,0.55177283
2025-02-20 16:00:00,2,up,0.46978343,0.46,0.009783417,0,0.46
2025-02-20 17:00:00,0,up,0.3649173,0.46,0.0950827,1,0.3649173
2025-02-20 18:00:00,0,up,0.36541042,0.46,0.09458959,1,0.36541042
2025-02-20 19:00:00,2,up,0.39403817,0.46,0.06596184,0,0.46
2025-02-20 20:00:00,2,down,0.41554672,0.46,0.044453293,0,0.46
2025-02-20 21:00:00,2,up,0.46739107,0.46,0.0073910654,0,0.46
2025-02-20 22:00:00,2,up,0.48979002,0.46,0.029790014,0,0.46
2025-02-20 23:00:00,2,down,0.44513753,0.46,0.014862478,0,0.46
2025-02-21 00:00:00,2,up,0.43611023,0.46,0.02388978,0,0.46
2025-02-21 01:00:00,0,down,0.3785783,0.46,0.0814217,1,0.3785783
2025-02-21 02:00:00,1,up,0.53030944,0.46,0.07030943,1,0.53030944
2025-02-21 03:00:00,2,up,0.5122271,0.46,0.05222711,0,0.46
2025-02-21 04:00:00,2,up,0.46328065,0.46,0.0032806396,0,0.46
2025-02-21 05:00:00,2,up,0.4141373,0.46,0.045862705,0,0.46
2025-02-21 06:00:00,2,down,0.41687983,0.46,0.043120176,0,0.46
2025-02-21 07:00:00,2,up,0.47756103,0.46,0.017561018,0,0.46
2025-02-21 08:00:00,2,up,0.45998958,0.46,1.0430813e-05,0,0.46
2025-02-21 09:00:00,2,up,0.46476054,0.46,0.0047605336,0,0.46
2025-02-21 10:00:00,0,up,0.34413734,0.46,0.11586267,1,0.34413734
2025-02-21 11:00:00,2,up,0.4328056,0.46,0.02719441,0,0.46
2025-02-21 12:00:00,0,up,0.32780084,0.46,0.13219917,1,0.32780084
2025-02-21 13:00:00,0,down,0.3737852,0.46,0.08621481,1,0.3737852
2025-02-21 14:00:00,2,down,0.45713508,0.46,0.002864927,0,0.46
2025-02-21 15:00:00,2,up,0.48644388,0.46,0.026443869,0,0.46
2025-02-21 16:00:00,2,down,0.52333325,0.46,0.06333324,0,0.46
2025-02-21 17:00:00,1,down,0.5780145,0.46,0.118014485,1,0.5780145
2025-02-21 18:00:00,1,down,0.64643204,0.46,0.18643203,1,0.64643204
2025-02-21 19:00:00,1,down,0.62753254,0.46,0.16753253,1,0.62753254
2025-02-21 20:00:00,1,up,0.624109,0.46,0.16410902,1,0.624109
2025-02-21 21:00:00,2,up,0.5067705,0.46,0.046770483,0,0.46
2025-02-21 22:00:00,2,up,0.51086193,0.46,0.050861925,0,0.46
2025-02-21 23:00:00,2,up,0.49365562,0.46,0.033655614,0,0.46
2025-02-22 00:00:00,0,up,0.38766277,0.46,0.07233724,1,0.38766277
2025-02-22 01:00:00,2,up,0.49045277,0.46,0.030452758,0,0.46
2025-02-22 02:00:00,2,down,0.42232016,0.46,0.03767985,0,0.46
2025-02-22 03:00:00,2,up,0.44480643,0.46,0.015193582,0,0.46
2025-02-22 04:00:00,2,up,0.49833637,0.46,0.038336366,0,0.46
2025-02-22 05:00:00,2,down,0.44788393,0.46,0.012116075,0,0.46
2025-02-22 06:00:00,2,down,0.47201282,0.46,0.0120128095,0,0.46
2025-02-22 07:00:00,1,down,0.5665341,0.46,0.10653409,1,0.5665341
2025-02-22 08:00:00,2,up,0.52745444,0.46,0.06745443,0,0.46
2025-02-22 09:00:00,0,up,0.38581467,0.46,0.07418534,1,0.38581467
2025-02-22 10:00:00,2,up,0.4666856,0.46,0.006685585,0,0.46
2025-02-22 11:00:00,2,up,0.4321831,0.46,0.027816921,0,0.46
2025-02-22 12:00:00,0,down,0.37286103,0.46,0.08713898,1,0.37286103
2025-02-22 13:00:00,2,down,0.44887373,0.46,0.01112628,0,0.46
2025-02-22 14:00:00,2,up,0.46765453,0.46,0.007654518,0,0.46
2025-02-22 15:00:00,2,down,0.49124008,0.46,0.031240076,0,0.46
2025-02-22 16:00:00,2,up,0.4783353,0.46,0.018335283,0,0.46
2025-02-22 17:00:00,2,down,0.45515695,0.46,0.004843056,0,0.46
2025-02-22 18:00:00,2,up,0.49132362,0.46,0.03132361,0,0.46
2025-02-22 19:00:00,2,down,0.42381442,0.46,0.036185592,0,0.46
2025-02-22 20:00:00,2,up,0.50523406,0.46,0.045234054,0,0.46
2025-02-22 21:00:00,2,down,0.4299804,0.46,0.030019611,0,0.46
2025-02-22 22:00:00,2,down,0.49356645,0.46,0.033566445,0,0.46
2025-02-22 23:00:00,2,up,0.47415584,0.46,0.014155835,0,0.46
2025-02-23 00:00:00,2,down,0.44590047,0.46,0.014099538,0,0.46
2025-02-23 01:00:00,2,down,0.5165209,0.46,0.05652091,0,0.46
2025-02-23 02:00:00,1,up,0.5492112,0.46,0.089211196,1,0.5492112
2025-02-23 03:00:00,2,down,0.5214091,0.46,0.061409086,0,0.46
2025-02-23 04:00:00,1,down,0.5324236,0.46,0.07242361,1,0.5324236
2025-02-23 05:00:00,1,up,0.62879735,0.46,0.16879734,1,0.62879735
2025-02-23 06:00:00,2,up,0.5014677,0.46,0.041467696,0,0.46
2025-02-23 07:00:00,2,down,0.41927603,0.46,0.04072398,0,0.46
2025-02-23 08:00:00,2,down,0.51573586,0.46,0.055735856,0,0.46
2025-02-23 09:00:00,2,down,0.5038096,0.46,0.043809563,0,0.46
2025-02-23 10:00:00,2,down,0.518225,0.46,0.058225006,0,0.46
2025-02-23 11:00:00,1,down,0.5728502,0.46,0.11285022,1,0.5728502
2025-02-23 12:00:00,1,up,0.55952406,0.46,0.09952405,1,0.55952406
2025-02-23 13:00:00,2,down,0.4611142,0.46,0.0011141896,0,0.46
2025-02-23 14:00:00,1,down,0.5726646,0.46,0.11266461,1,0.5726646
2025-02-23 15:00:00,1,down,0.59289676,0.46,0.13289675,1,0.59289676
2025-02-23 16:00:00,1,up,0.62488943,0.46,0.16488943,1,0.62488943
2025-02-23 17:00:00,2,up,0.47376937,0.46,0.013769358,0,0.46
2025-02-23 18:00:00,2,up,0.5092482,0.46,0.04924819,0,0.46
2025-02-23 19:00:00,2,up,0.49248728,0.46,0.032487273,0,0.46
2025-02-23 20:00:00,2,down,0.43456647,0.46,0.02543354,0,0.46
2025-02-23 21:00:00,2,up,0.4732117,0.46,0.013211697,0,0.46
2025-02-23 22:00:00,2,up,0.45661154,0.46,0.0033884645,0,0.46
2025-02-23 23:00:00,2,down,0.44121698,0.46,0.018783033,0,0.46
2025-02-24 00:00:00,2,down,0.4592406,0.46,0.0007594228,0,0.46
2025-02-24 01:00:00,2,down,0.4935003,0.46,0.033500284,0,0.46
2025-02-24 02:00:00,2,down,0.4748664,0.46,0.014866382,0,0.46
2025-02-24 03:00:00,2,down,0.5200976,0.46,0.060097605,0,0.46
2025-02-24 04:00:00,1,up,0.53334135,0.46,0.07334134,1,0.53334135
2025-02-24 05:00:00,2,up,0.4714726,0.46,0.011472583,0,0.46
2025-02-24 06:00:00,2,up,0.43668497,0.46,0.023315042,0,0.46
2025-02-24 07:00:00,2,down,0.4294012,0.46,0.03059882,0,0.46
2025-02-24 08:00:00,2,up,0.5040012,0.46,0.04400119,0,0.46
2025-02-24 09:00:00,2,down,0.5221264,0.46,0.06212637,0,0.46
2025-02-24 10:00:00,2,up,0.49790826,0.46,0.037908256,0,0.46
2025-02-24 11:00:00,2,down,0.41874242,0.46,0.04125759,0,0.46
2025-02-24 12:00:00,2,down,0.48444948,0.46,0.024449468,0,0.46
2025-02-24 13:00:00,2,down,0.4979879,0.46,0.037987888,0,0.46
2025-02-24 14:00:00,1,down,0.5643534,0.46,0.1043534,1,0.5643534
2025-02-24 15:00:00,2,up,0.4875397,0.46,0.0275397,0,0.46
2025-02-24 16:00:00,2,up,0.52742153,0.46,0.067421526,0,0.46
2025-02-24 17:00:00,2,down,0.5176141,0.46,0.057614118,0,0.46
2025-02-24 18:00:00,1,down,0.5908167,0.46,0.13081667,1,0.5908167
2025-02-24 19:00:00,1,up,0.5649987,0.46,0.10499868,1,0.5649987
2025-02-24 20:00:00,1,down,0.5476143,0.46,0.08761427,1,0.5476143
2025-02-24 21:00:00,1,down,0.5599422,0.46,0.09994218,1,0.5599422
2025-02-24 22:00:00,2,down,0.5286503,0.46,0.068650275,0,0.46
2025-02-24 23:00:00,1,up,0.6193947,0.46,0.15939471,1,0.6193947
2025-02-25 00:00:00,2,up,0.4720797,0.46,0.012079686,0,0.46
2025-02-25 01:00:00,2,up,0.4848301,0.46,0.024830103,0,0.46
2025-02-25 02:00:00,2,down,0.45089212,0.46,0.009107888,0,0.46
2025-02-25 03:00:00,2,down,0.5266958,0.46,0.06669578,0,0.46
2025-02-25 04:00:00,2,up,0.49897945,0.46,0.03897944,0,0.46
2025-02-25 05:00:00,2,down,0.45219442,0.46,0.007805586,0,0.46
2025-02-25 06:00:00,1,down,0.5358467,0.46,0.0758467,1,0.5358467
2025-02-25 07:00:00,2,up,0.46549267,0.46,0.0054926574,0,0.46
2025-02-25 08:00:00,2,down,0.49017078,0.46,0.030170768,0,0.46
2025-02-25 09:00:00,1,down,0.67512554,0.46,0.21512553,1,0.67512554
2025-02-25 10:00:00,2,up,0.46559685,0.46,0.0055968463,0,0.46
2025-02-25 11:00:00,2,up,0.48175853,0.46,0.021758527,0,0.46
2025-02-25 12:00:00,2,down,0.44761324,0.46,0.012386769,0,0.46
2025-02-25 13:00:00,1,down,0.584146,0.46,0.124146014,1,0.584146
2025-02-25 14:00:00,1,up,0.5540872,0.46,0.09408721,1,0.5540872
2025-02-25 15:00:00,2,up,0.44701836,0.46,0.012981653,0,0.46
2025-02-25 16:00:00,2,down,0.43694213,0.46,0.023057878,0,0.46
2025-02-25 17:00:00,1,down,0.53366536,0.46,0.07366535,1,0.53366536
2025-02-25 18:00:00,1,up,0.5753934,0.46,0.11539337,1,0.5753934
2025-02-25 19:00:00,2,up,0.41979435,0.46,0.040205657,0,0.46
2025-02-25 20:00:00,2,up,0.41512308,0.46,0.044876933,0,0.46
2025-02-25 21:00:00,2,down,0.43073663,0.46,0.029263377,0,0.46
2025-02-25 22:00:00,2,down,0.43569633,0.46,0.024303675,0,0.46
2025-02-25 23:00:00,2,down,0.50206405,0.46,0.04206404,0,0.46
2025-02-26 00:00:00,1,up,0.5738152,0.46,0.11381522,1,0.5738152
2025-02-26 01:00:00,1,up,0.53687614,0.46,0.07687613,1,0.53687614
2025-02-26 02:00:00,2,down,0.439938,0.46,0.020062,0,0.46
2025-02-26 03:00:00,2,down,0.48765272,0.46,0.02765271,0,0.46
2025-02-26 04:00:00,2,down,0.49026108,0.46,0.03026107,0,0.46
2025-02-26 05:00:00,1,up,0.53727067,0.46,0.07727066,1,0.53727067
2025-02-26 06:00:00,2,down,0.48513854,0.46,0.025138527,0,0.46
2025-02-26 07:00:00,2,down,0.5016924,0.46,0.041692406,0,0.46
2025-02-26 08:00:00,2,up,0.49505237,0.46,0.03505236,0,0.46
2025-02-26 09:00:00,2,up,0.41994306,0.46,0.040056944,0,0.46
2025-02-26 10:00:00,0,down,0.3629821,0.46,0.097017914,1,0.3629821
2025-02-26 11:00:00,1,down,0.53135484,0.46,0.071354836,1,0.53135484
2025-02-26 12:00:00,1,down,0.53784215,0.46,0.077842146,1,0.53784215
2025-02-26 13:00:00,1,up,0.586667,0.46,0.126667,1,0.586667
2025-02-26 14:00:00,2,down,0.43016046,0.46,0.029839545,0,0.46
2025-02-26 15:00:00,1,down,0.564692,0.46,0.10469201,1,0.564692
2025-02-26 16:00:00,2,down,0.5033888,0.46,0.043388814,0,0.46
2025-02-26 17:00:00,1,down,0.5541487,0.46,0.094148666,1,0.5541487
2025-02-26 18:00:00,1,down,0.5552223,0.46,0.095222265,1,0.5552223
2025-02-26 19:00:00,1,up,0.6567739,0.46,0.19677392,1,0.6567739
2025-02-26 20:00:00,2,up,0.4751817,0.46,0.01518169,0,0.46
2025-02-26 21:00:00,2,down,0.4681779,0.46,0.008177906,0,0.46
2025-02-26 22:00:00,1,down,0.5466871,0.46,0.08668712,1,0.5466871
2025-02-26 23:00:00,2,up,0.50024647,0.46,0.040246457,0,0.46
2025-02-27 00:00:00,2,up,0.47031596,0.46,0.010315955,0,0.46
2025-02-27 01:00:00,2,down,0.43890846,0.46,0.02109155,0,0.46
2025-02-27 02:00:00,2,up,0.5250427,0.46,0.065042704,0,0.46
2025-02-27 03:00:00,2,down,0.4559086,0.46,0.004091412,0,0.46
2025-02-27 04:00:00,2,up,0.42503947,0.46,0.03496054,0,0.46
2025-02-27 05:00:00,2,up,0.42337677,0.46,0.03662324,0,0.46
2025-02-27 06:00:00,2,up,0.41933927,0.46,0.04066074,0,0.46
2025-02-27 07:00:00,2,down,0.43005878,0.46,0.029941231,0,0.46
2025-02-27 08:00:00,2,up,0.42319915,0.46,0.03680086,0,0.46
2025-02-27 09:00:00,2,up,0.44175884,0.46,0.018241167,0,0.46
2025-02-27 10:00:00,0,down,0.38507846,0.46,0.07492155,1,0.38507846
2025-02-27 11:00:00,2,down,0.41701755,0.46,0.04298246,0,0.46
2025-02-27 12:00:00,2,down,0.45048454,0.46,0.009515464,0,0.46
2025-02-27 13:00:00,2,down,0.47239435,0.46,0.012394339,0,0.46
2025-02-27 14:00:00,1,up,0.6259907,0.46,0.16599068,1,0.6259907
2025-02-27 15:00:00,2,down,0.48307326,0.46,0.023073256,0,0.46
2025-02-27 16:00:00,1,up,0.5829439,0.46,0.12294391,1,0.5829439
2025-02-27 17:00:00,2,up,0.5207019,0.46,0.060701877,0,0.46
2025-02-27 18:00:00,1,down,0.5478983,0.46,0.087898284,1,0.5478983
2025-02-27 19:00:00,2,down,0.5185537,0.46,0.058553666,0,0.46
2025-02-27 20:00:00,2,up,0.4966127,0.46,0.03661269,0,0.46
2025-02-27 21:00:00,2,up,0.4835675,0.46,0.023567498,0,0.46
2025-02-27 22:00:00,2,down,0.43317366,0.46,0.026826352,0,0.46
2025-02-27 23:00:00,2,down,0.49350652,0.46,0.033506513,0,0.46
2025-02-28 00:00:00,1,down,0.54775184,0.46,0.087751836,1,0.54775184
2025-02-28 01:00:00,2,down,0.5249191,0.46,0.064919084,0,0.46
2025-02-28 02:00:00,2,down,0.5091403,0.46,0.049140304,0,0.46
2025-02-28 03:00:00,1,down,0.6017486,0.46,0.14174858,1,0.6017486
2025-02-28 04:00:00,2,down,0.45393476,0.46,0.0060652494,0,0.46
2025-02-28 05:00:00,2,down,0.46858826,0.46,0.008588254,0,0.46
2025-02-28 06:00:00,1,down,0.5576455,0.46,0.09764549,1,0.5576455
2025-02-28 07:00:00,2,down,0.5290958,0.46,0.06909582,0,0.46
2025-02-28 08:00:00,2,up,0.49861434,0.46,0.038614333,0,0.46
2025-02-28 09:00:00,2,down,0.4650614,0.46,0.005061388,0,0.46
2025-02-28 10:00:00,2,up,0.47446224,0.46,0.014462233,0,0.46
2025-02-28 11:00:00,2,up,0.41600955,0.46,0.043990463,0,0.46
2025-02-28 12:00:00,2,up,0.40628356,0.46,0.05371645,0,0.46
2025-02-28 13:00:00,2,up,0.40647864,0.46,0.053521365,0,0.46
2025-02-28 14:00:00,2,up,0.41491854,0.46,0.045081466,0,0.46
2025-02-28 15:00:00,2,up,0.47533178,0.46,0.015331775,0,0.46
2025-02-28 16:00:00,2,down,0.40017158,0.46,0.05982843,0,0.46
2025-02-28 17:00:00,1,up,0.56085825,0.46,0.10085824,1,0.56085825
2025-02-28 18:00:00,2,up,0.42753232,0.46,0.032467693,0,0.46
2025-02-28 19:00:00,2,down,0.41918963,0.46,0.040810376,0,0.46
2025-02-28 20:00:00,2,up,0.43209592,0.46,0.027904093,0,0.46
2025-02-28 21:00:00,2,down,0.48460633,0.46,0.024606317,0,0.46
2025-02-28 22:00:00,2,up,0.44856304,0.46,0.011436969,0,0.46
2025-02-28 23:00:00,2,down,0.4307752,0.46,0.029224813,0,0.46
2025-03-01 00:00:00,1,up,0.5438977,0.46,0.08389768,1,0.5438977
2025-03-01 01:00:00,2,up,0.42847836,0.46,0.03152165,0,0.46
2025-03-01 02:00:00,2,up,0.39087278,0.46,0.06912723,0,0.46
2025-03-01 03:00:00,0,up,0.3738081,0.46,0.08619192,1,0.3738081
2025-03-01 04:00:00,2,down,0.4063427,0.46,0.053657323,0,0.46
2025-03-01 05:00:00,2,down,0.50150734,0.46,0.041507334,0,0.46
2025-03-01 06:00:00,2,down,0.48537746,0.46,0.025377452,0,0.46
2025-03-01 07:00:00,1,up,0.5479679,0.46,0.0879679,1,0.5479679
2025-03-01 08:00:00,2,up,0.45043766,0.46,0.009562343,0,0.46
2025-03-01 09:00:00,2,down,0.40673885,0.46,0.05326116,0,0.46
2025-03-01 10:00:00,2,down,0.49790892,0.46,0.03790891,0,0.46
2025-03-01 11:00:00,2,up,0.5120933,0.46,0.052093297,0,0.46
2025-03-01 12:00:00,2,down,0.47284997,0.46,0.012849957,0,0.46
2025-03-01 13:00:00,1,up,0.54362315,0.46,0.08362314,1,0.54362315
2025-03-01 14:00:00,2,up,0.4512174,0.46,0.008782595,0,0.46
2025-03-01 15:00:00,2,up,0.4310341,0.46,0.02896592,0,0.46
2025-03-01 16:00:00,0,down,0.35902652,0.46,0.10097349,1,0.35902652
2025-03-01 17:00:00,0,up,0.37196246,0.46,0.08803755,1,0.37196246
2025-03-01 18:00:00,0,up,0.3656206,0.46,0.094379395,1,0.3656206
2025-03-01 19:00:00,0,up,0.3580724,0.46,0.10192761,1,0.3580724
2025-03-01 20:00:00,0,up,0.36644974,0.46,0.093550265,1,0.36644974
2025-03-01 21:00:00,0,up,0.34414148,0.46,0.115858525,1,0.34414148
2025-03-01 22:00:00,0,down,0.34969205,0.46,0.11030796,1,0.34969205
2025-03-01 23:00:00,0,down,0.34624928,0.46,0.113750726,1,0.34624928
2025-03-02 00:00:00,2,up,0.45799536,0.46,0.0020046532,0,0.46
2025-03-02 01:00:00,0,down,0.33425176,0.46,0.12574825,1,0.33425176
2025-03-02 02:00:00,2,up,0.5173505,0.46,0.057350487,0,0.46
2025-03-02 03:00:00,1,down,0.5348446,0.46,0.07484457,1,0.5348446
2025-03-02 04:00:00,2,up,0.46513933,0.46,0.005139321,0,0.46
2025-03-02 05:00:00,2,up,0.40582645,0.46,0.05417356,0,0.46
2025-03-02 06:00:00,2,down,0.43499297,0.46,0.02500704,0,0.46
2025-03-02 07:00:00,2,down,0.40229243,0.46,0.057707578,0,0.46
2025-03-02 08:00:00,2,up,0.5215212,0.46,0.061521202,0,0.46
2025-03-02 09:00:00,2,up,0.47598553,0.46,0.015985519,0,0.46
2025-03-02 10:00:00,2,up,0.41171542,0.46,0.04828459,0,0.46
2025-03-02 11:00:00,2,down,0.44224557,0.46,0.017754436,0,0.46
2025-03-02 12:00:00,2,down,0.40449187,0.46,0.055508137,0,0.46
2025-03-02 13:00:00,2,down,0.5069885,0.46,0.046988517,0,0.46
2025-03-02 14:00:00,1,up,0.5745416,0.46,0.11454162,1,0.5745416
2025-03-02 15:00:00,1,up,0.53519154,0.46,0.07519153,1,0.53519154
2025-03-02 16:00:00,1,up,0.53886104,0.46,0.07886103,1,0.53886104
2025-03-02 17:00:00,2,down,0.5055387,0.46,0.045538694,0,0.46
2025-03-02 18:00:00,1,up,0.5797163,0.46,0.11971632,1,0.5797163
2025-03-02 19:00:00,2,up,0.40218288,0.46,0.05781713,0,0.46
2025-03-02 20:00:00,2,down,0.41338345,0.46,0.046616554,0,0.46
2025-03-02 21:00:00,2,down,0.4380521,0.46,0.02194792,0,0.46
2025-03-02 22:00:00,1,up,0.53397423,0.46,0.07397422,1,0.53397423
2025-03-02 23:00:00,2,down,0.5249807,0.46,0.064980716,0,0.46
2025-03-03 00:00:00,1,down,0.5910554,0.46,0.13105538,1,0.5910554
2025-03-03 01:00:00,1,up,0.5720721,0.46,0.11207208,1,0.5720721
2025-03-03 02:00:00,2,down,0.5098065,0.46,0.049806505,0,0.46
2025-03-03 03:00:00,1,up,0.5748422,0.46,0.114842206,1,0.5748422
2025-03-03 04:00:00,2,up,0.46394202,0.46,0.003942013,0,0.46
2025-03-03 05:00:00,2,down,0.4249213,0.46,0.035078704,0,0.46
2025-03-03 06:00:00,1,up,0.53594875,0.46,0.075948745,1,0.53594875
2025-03-03 07:00:00,2,down,0.5041207,0.46,0.0441207,0,0.46
2025-03-03 08:00:00,1,up,0.5669787,0.46,0.106978685,1,0.5669787
2025-03-03 09:00:00,2,up,0.44200858,0.46,0.017991424,0,0.46
2025-03-03 10:00:00,2,up,0.44568765,0.46,0.014312357,0,0.46
2025-03-03 11:00:00,2,up,0.40445697,0.46,0.055543035,0,0.46
2025-03-03 12:00:00,2,up,0.39316538,0.46,0.06683463,0,0.46
2025-03-03 13:00:00,0,down,0.37011483,0.46,0.089885175,1,0.37011483
2025-03-03 14:00:00,2,up,0.51059836,0.46,0.050598353,0,0.46
2025-03-03 15:00:00,1,up,0.5656598,0.46,0.10565981,1,0.5656598
2025-03-03 16:00:00,1,up,0.54686713,0.46,0.086867124,1,0.54686713
2025-03-03 17:00:00,1,down,0.5686299,0.46,0.10862991,1,0.5686299
2025-03-03 18:00:00,1,down,0.5310729,0.46,0.071072906,1,0.5310729
2025-03-03 19:00:00,1,up,0.71308035,0.46,0.25308034,1,0.71308035
2025-03-03 20:00:00,1,down,0.5375956,0.46,0.07759562,1,0.5375956
2025-03-03 21:00:00,1,up,0.64704466,0.46,0.18704465,1,0.64704466
2025-03-03 22:00:00,1,down,0.5592195,0.46,0.09921947,1,0.5592195
2025-03-03 23:00:00,1,down,0.5648952,0.46,0.104895204,1,0.5648952
2025-03-04 00:00:00,2,down,0.50144297,0.46,0.04144296,0,0.46
2025-03-04 01:00:00,1,up,0.60193324,0.46,0.14193323,1,0.60193324
2025-03-04 02:00:00,2,up,0.5013116,0.46,0.041311592,0,0.46
2025-03-04 03:00:00,1,down,0.5459711,0.46,0.08597109,1,0.5459711
2025-03-04 04:00:00,1,up,0.6081124,0.46,0.14811239,1,0.6081124
2025-03-04 05:00:00,1,down,0.58303946,0.46,0.123039454,1,0.58303946
2025-03-04 06:00:00,2,down,0.5199677,0.46,0.059967667,0,0.46
2025-03-04 07:00:00,1,up,0.6126582,0.46,0.1526582,1,0.6126582
2025-03-04 08:00:00,1,down,0.58223253,0.46,0.12223253,1,0.58223253
2025-03-04 09:00:00,1,up,0.54593706,0.46,0.08593705,1,0.54593706
2025-03-04 10:00:00,2,down,0.52990067,0.46,0.06990066,0,0.46
2025-03-04 11:00:00,2,down,0.46567395,0.46,0.005673945,0,0.46
2025-03-04 12:00:00,2,down,0.46711364,0.46,0.0071136355,0,0.46
2025-03-04 13:00:00,2,up,0.5223106,0.46,0.062310606,0,0.46
2025-03-04 14:00:00,2,down,0.4622059,0.46,0.0022058785,0,0.46
2025-03-04 15:00:00,2,up,0.4807534,0.46,0.020753384,0,0.46
2025-03-04 16:00:00,2,up,0.50257885,0.46,0.042578846,0,0.46
2025-03-04 17:00:00,2,up,0.50542897,0.46,0.04542896,0,0.46
2025-03-04 18:00:00,2,up,0.39585233,0.46,0.06414768,0,0.46
2025-03-04 19:00:00,2,down,0.4266172,0.46,0.033382803,0,0.46
2025-03-04 20:00:00,2,up,0.52109826,0.46,0.061098248,0,0.46
2025-03-04 21:00:00,2,down,0.46450165,0.46,0.004501641,0,0.46
2025-03-04 22:00:00,2,down,0.4838836,0.46,0.023883581,0,0.46
2025-03-04 23:00:00,2,down,0.42292875,0.46,0.037071258,0,0.46
2025-03-05 00:00:00,2,up,0.49668005,0.46,0.036680043,0,0.46
2025-03-05 01:00:00,2,down,0.395895,0.46,0.064105004,0,0.46
2025-03-05 02:00:00,2,down,0.44898868,0.46,0.011011332,0,0.46
2025-03-05 03:00:00,2,up,0.49828416,0.46,0.038284153,0,0.46
2025-03-05 04:00:00,2,up,0.47784352,0.46,0.017843515,0,0.46
2025-03-05 05:00:00,2,up,0.4190477,0.46,0.040952295,0,0.46
2025-03-05 06:00:00,2,up,0.43025157,0.46,0.02974844,0,0.46
2025-03-05 07:00:00,0,up,0.3827164,0.46,0.07728362,1,0.3827164
2025-03-05 08:00:00,2,up,0.43112427,0.46,0.028875738,0,0.46
2025-03-05 09:00:00,2,up,0.41373795,0.46,0.046262056,0,0.46
2025-03-05 10:00:00,2,down,0.5125844,0.46,0.05258438,0,0.46
2025-03-05 11:00:00,2,up,0.4411883,0.46,0.018811703,0,0.46
2025-03-05 12:00:00,2,down,0.4997555,0.46,0.039755493,0,0.46
2025-03-05 13:00:00,2,down,0.50482696,0.46,0.044826955,0,0.46
2025-03-05 14:00:00,2,down,0.5088249,0.46,0.048824877,0,0.46
2025-03-05 15:00:00,1,up,0.5396018,0.46,0.079601794,1,0.5396018
2025-03-05 16:00:00,2,up,0.4740433,0.46,0.014043301,0,0.46
2025-03-05 17:00:00,2,up,0.47976387,0.46,0.019763857,0,0.46
2025-03-05 18:00:00,0,up,0.38416928,0.46,0.07583073,1,0.38416928
2025-03-05 19:00:00,2,up,0.44167465,0.46,0.018325359,0,0.46
2025-03-05 20:00:00,0,down,0.38344797,0.46,0.07655203,1,0.38344797
2025-03-05 21:00:00,2,up,0.39429593,0.46,0.06570408,0,0.46
2025-03-05 22:00:00,0,up,0.34959096,0.46,0.11040905,1,0.34959096
2025-03-05 23:00:00,2,down,0.4220742,0.46,0.03792581,0,0.46
2025-03-06 00:00:00,2,up,0.5039004,0.46,0.0439004,0,0.46
2025-03-06 01:00:00,2,up,0.4596033,0.46,0.0003966987,0,0.46
2025-03-06 02:00:00,0,down,0.37814143,0.46,0.081858575,1,0.37814143
2025-03-06 03:00:00,2,up,0.4408187,0.46,0.019181311,0,0.46
2025-03-06 04:00:00,0,up,0.38115382,0.46,0.07884619,1,0.38115382
2025-03-06 05:00:00,0,down,0.36694402,0.46,0.09305599,1,0.36694402
2025-03-06 06:00:00,2,down,0.49649683,0.46,0.036496818,0,0.46
2025-03-06 07:00:00,1,down,0.53992003,0.46,0.07992002,1,0.53992003
2025-03-06 08:00:00,1,down,0.5689995,0.46,0.10899952,1,0.5689995
2025-03-06 09:00:00,1,up,0.53323483,0.46,0.07323483,1,0.53323483
2025-03-06 10:00:00,2,up,0.49264705,0.46,0.032647043,0,0.46
2025-03-06 11:00:00,2,down,0.43746078,0.46,0.022539228,0,0.46
2025-03-06 12:00:00,2,down,0.5108581,0.46,0.05085811,0,0.46
2025-03-06 13:00:00,1,up,0.59565383,0.46,0.13565382,1,0.59565383
2025-03-06 14:00:00,2,up,0.4783556,0.46,0.018355578,0,0.46
2025-03-06 15:00:00,2,down,0.48394373,0.46,0.023943722,0,0.46
2025-03-06 16:00:00,1,down,0.5899294,0.46,0.1299294,1,0.5899294
2025-03-06 17:00:00,2,down,0.50184584,0.46,0.04184583,0,0.46
2025-03-06 18:00:00,1,up,0.5901148,0.46,0.13011476,1,0.5901148
2025-03-06 19:00:00,1,up,0.5490155,0.46,0.08901551,1,0.5490155
2025-03-06 20:00:00,1,up,0.5551218,0.46,0.09512177,1,0.5551218
2025-03-06 21:00:00,2,up,0.45665827,0.46,0.0033417344,0,0.46
2025-03-06 22:00:00,2,down,0.43507454,0.46,0.02492547,0,0.46
2025-03-06 23:00:00,2,down,0.48225725,0.46,0.022257239,0,0.46
2025-03-07 00:00:00,2,up,0.5127523,0.46,0.052752286,0,0.46
2025-03-07 01:00:00,2,down,0.50773287,0.46,0.04773286,0,0.46
2025-03-07 02:00:00,1,down,0.61982507,0.46,0.15982506,1,0.61982507
2025-03-07 03:00:00,1,up,0.53324294,0.46,0.07324293,1,0.53324294
2025-03-07 04:00:00,1,up,0.5734993,0.46,0.11349931,1,0.5734993
2025-03-07 05:00:00,2,down,0.4697282,0.46,0.009728193,0,0.46
2025-03-07 06:00:00,2,up,0.49084592,0.46,0.03084591,0,0.46
2025-03-07 07:00:00,2,up,0.4669936,0.46,0.006993592,0,0.46
2025-03-07 08:00:00,2,up,0.43131307,0.46,0.02868694,0,0.46
2025-03-07 09:00:00,2,up,0.5096242,0.46,0.049624175,0,0.46
2025-03-07 10:00:00,0,down,0.38038155,0.46,0.079618454,1,0.38038155
2025-03-07 11:00:00,2,up,0.43864232,0.46,0.021357685,0,0.46
2025-03-07 12:00:00,0,up,0.38599306,0.46,0.074006945,1,0.38599306
2025-03-07 13:00:00,2,up,0.4684787,0.46,0.008478701,0,0.46
2025-03-07 14:00:00,2,down,0.45546803,0.46,0.0045319796,0,0.46
2025-03-07 15:00:00,2,down,0.4587465,0.46,0.0012535155,0,0.46
2025-03-07 16:00:00,2,up,0.52001005,0.46,0.060010046,0,0.46
2025-03-07 17:00:00,2,up,0.45345995,0.46,0.00654006,0,0.46
2025-03-07 18:00:00,1,down,0.5344219,0.46,0.07442191,1,0.5344219
2025-03-07 19:00:00,2,down,0.5274983,0.46,0.0674983,0,0.46
2025-03-07 20:00:00,2,down,0.5141909,0.46,0.054190904,0,0.46
2025-03-07 21:00:00,2,up,0.5074678,0.46,0.047467798,0,0.46
2025-03-07 22:00:00,2,up,0.52231663,0.46,0.062316626,0,0.46
2025-03-07 23:00:00,2,down,0.5012277,0.46,0.04122767,0,0.46
2025-03-08 00:00:00,2,down,0.51513445,0.46,0.055134445,0,0.46
2025-03-08 01:00:00,2,up,0.51811147,0.46,0.05811146,0,0.46
2025-03-08 02:00:00,1,down,0.5481303,0.46,0.088130265,1,0.5481303
2025-03-08 03:00:00,1,up,0.5469663,0.46,0.086966306,1,0.5469663
2025-03-08 04:00:00,1,down,0.54592794,0.46,0.08592793,1,0.54592794
2025-03-08 05:00:00,2,up,0.49631095,0.46,0.03631094,0,0.46
2025-03-08 06:00:00,2,down,0.48418435,0.46,0.024184346,0,0.46
2025-03-08 07:00:00,2,down,0.5032517,0.46,0.043251663,0,0.46
2025-03-08 08:00:00,1,down,0.54216886,0.46,0.08216885,1,0.54216886
2025-03-08 09:00:00,2,up,0.526429,0.46,0.06642899,0,0.46
2025-03-08 10:00:00,1,down,0.55968374,0.46,0.09968373,1,0.55968374
2025-03-08 11:00:00,2,up,0.512494,0.46,0.05249402,0,0.46
2025-03-08 12:00:00,2,up,0.45375723,0.46,0.006242782,0,0.46
2025-03-08 13:00:00,2,up,0.44037336,0.46,0.019626647,0,0.46
2025-03-08 14:00:00,2,up,0.43270868,0.46,0.027291328,0,0.46
2025-03-08 15:00:00,2,down,0.44424245,0.46,0.01575756,0,0.46
2025-03-08 16:00:00,2,down,0.49168742,0.46,0.03168741,0,0.46
2025-03-08 17:00:00,2,up,0.5107396,0.46,0.050739616,0,0.46
2025-03-08 18:00:00,2,up,0.50543594,0.46,0.045435935,0,0.46
2025-03-08 19:00:00,2,up,0.4361762,0.46,0.023823798,0,0.46
2025-03-08 20:00:00,2,down,0.46659213,0.46,0.0065921247,0,0.46
2025-03-08 21:00:00,2,up,0.48633817,0.46,0.02633816,0,0.46
2025-03-08 22:00:00,2,down,0.39273477,0.46,0.06726524,0,0.46
2025-03-08 23:00:00,2,up,0.46896544,0.46,0.008965433,0,0.46
2025-03-09 00:00:00,2,down,0.39322168,0.46,0.06677833,0,0.46
2025-03-09 01:00:00,2,down,0.49292699,0.46,0.032926977,0,0.46
2025-03-09 02:00:00,1,up,0.5891521,0.46,0.12915209,1,0.5891521
2025-03-09 03:00:00,1,down,0.53881496,0.46,0.07881495,1,0.53881496
2025-03-09 04:00:00,2,down,0.5237153,0.46,0.06371531,0,0.46
2025-03-09 05:00:00,1,down,0.54682916,0.46,0.086829156,1,0.54682916
2025-03-09 06:00:00,2,up,0.52428955,0.46,0.06428954,0,0.46
2025-03-09 07:00:00,2,down,0.50376254,0.46,0.043762535,0,0.46
2025-03-09 08:00:00,1,down,0.6066944,0.46,0.14669439,1,0.6066944
2025-03-09 09:00:00,2,down,0.52652943,0.46,0.06652942,0,0.46
2025-03-09 10:00:00,1,up,0.5511851,0.46,0.09118506,1,0.5511851
2025-03-09 11:00:00,2,down,0.46006238,0.46,6.237626e-05,0,0.46
2025-03-09 12:00:00,2,down,0.48877326,0.46,0.028773248,0,0.46
2025-03-09 13:00:00,1,up,0.64495873,0.46,0.18495873,1,0.64495873
2025-03-09 14:00:00,2,down,0.4830603,0.46,0.023060292,0,0.46
2025-03-09 15:00:00,1,down,0.5557194,0.46,0.09571937,1,0.5557194
2025-03-09 16:00:00,1,down,0.6140075,0.46,0.15400746,1,0.6140075
2025-03-09 17:00:00,1,up,0.5908901,0.46,0.1308901,1,0.5908901
2025-03-09 18:00:00,1,down,0.53895974,0.46,0.07895973,1,0.53895974
2025-03-09 19:00:00,2,up,0.50774795,0.46,0.04774794,0,0.46
2025-03-09 20:00:00,2,down,0.46156487,0.46,0.0015648603,0,0.46
2025-03-09 21:00:00,1,down,0.53965396,0.46,0.07965395,1,0.53965396
2025-03-09 22:00:00,1,up,0.59109235,0.46,0.13109234,1,0.59109235
2025-03-09 23:00:00,2,up,0.5074142,0.46,0.047414213,0,0.46
2025-03-10 00:00:00,2,up,0.47124967,0.46,0.011249661,0,0.46
2025-03-10 01:00:00,2,up,0.46625644,0.46,0.0062564313,0,0.46
2025-03-10 02:00:00,2,down,0.40543228,0.46,0.054567724,0,0.46
2025-03-10 03:00:00,2,up,0.49033418,0.46,0.030334175,0,0.46
2025-03-10 04:00:00,2,down,0.43536484,0.46,0.024635166,0,0.46
2025-03-10 05:00:00,2,up,0.4874637,0.46,0.027463704,0,0.46
2025-03-10 06:00:00,2,down,0.4032759,0.46,0.0567241,0,0.46
2025-03-10 07:00:00,2,down,0.51109827,0.46,0.051098257,0,0.46
2025-03-10 08:00:00,1,up,0.5435791,0.46,0.08357909,1,0.5435791
2025-03-10 09:00:00,2,down,0.5209712,0.46,0.06097117,0,0.46
2025-03-10 10:00:00,2,up,0.47731692,0.46,0.017316908,0,0.46
2025-03-10 11:00:00,2,down,0.46182206,0.46,0.0018220544,0,0.46
2025-03-10 12:00:00,2,down,0.42712852,0.46,0.032871485,0,0.46
2025-03-10 13:00:00,2,down,0.50607693,0.46,0.046076924,0,0.46
2025-03-10 14:00:00,1,up,0.5337315,0.46,0.07373151,1,0.5337315
2025-03-10 15:00:00,1,down,0.53526914,0.46,0.07526913,1,0.53526914
2025-03-10 16:00:00,1,down,0.672057,0.46,0.21205696,1,0.672057
2025-03-10 17:00:00,1,down,0.6013707,0.46,0.14137068,1,0.6013707
2025-03-10 18:00:00,1,up,0.6163905,0.46,0.15639052,1,0.6163905
2025-03-10 19:00:00,1,up,0.562843,0.46,0.10284302,1,0.562843
2025-03-10 20:00:00,2,up,0.49584556,0.46,0.035845548,0,0.46
2025-03-10 21:00:00,2,down,0.46925747,0.46,0.009257466,0,0.46
2025-03-10 22:00:00,2,down,0.5014472,0.46,0.041447192,0,0.46
2025-03-10 23:00:00,1,down,0.54147315,0.46,0.08147314,1,0.54147315
2025-03-11 00:00:00,2,up,0.51810926,0.46,0.058109254,0,0.46
2025-03-11 01:00:00,2,up,0.47302476,0.46,0.013024747,0,0.46
2025-03-11 02:00:00,2,up,0.50557834,0.46,0.04557833,0,0.46
2025-03-11 03:00:00,1,up,0.5446235,0.46,0.084623486,1,0.5446235
2025-03-11 04:00:00,2,up,0.49837026,0.46,0.03837025,0,0.46
2025-03-11 05:00:00,0,down,0.38935575,0.46,0.07064426,1,0.38935575
2025-03-11 06:00:00,2,up,0.46431726,0.46,0.004317254,0,0.46
2025-03-11 07:00:00,2,up,0.40113643,0.46,0.05886358,0,0.46
2025-03-11 08:00:00,0,up,0.38011944,0.46,0.079880565,1,0.38011944
2025-03-11 09:00:00,2,up,0.44415504,0.46,0.015844971,0,0.46
2025-03-11 10:00:00,0,down,0.35019103,0.46,0.10980898,1,0.35019103
2025-03-11 11:00:00,2,down,0.40697086,0.46,0.05302915,0,0.46
2025-03-11 12:00:00,2,down,0.48564488,0.46,0.025644869,0,0.46
2025-03-11 13:00:00,2,down,0.47462034,0.46,0.014620334,0,0.46
2025-03-11 14:00:00,2,up,0.4999137,0.46,0.039913684,0,0.46
2025-03-11 15:00:00,2,up,0.47921792,0.46,0.019217908,0,0.46
2025-03-11 16:00:00,2,down,0.4477624,0.46,0.012237608,0,0.46
2025-03-11 17:00:00,2,up,0.42069662,0.46,0.039303392,0,0.46
2025-03-11 18:00:00,2,down,0.44971752,0.46,0.010282487,0,0.46
2025-03-11 19:00:00,2,down,0.471388,0.46,0.011388004,0,0.46
2025-03-11 20:00:00,2,up,0.4561516,0.46,0.0038484037,0,0.46
2025-03-11 21:00:00,2,up,0.39587474,0.46,0.06412527,0,0.46
2025-03-11 22:00:00,2,down,0.3937745,0.46,0.0662255,0,0.46
2025-03-11 23:00:00,2,down,0.43640488,0.46,0.023595124,0,0.46
2025-03-12 00:00:00,2,up,0.5070433,0.46,0.047043294,0,0.46
2025-03-12 01:00:00,2,down,0.47242793,0.46,0.012427926,0,0.46
2025-03-12 02:00:00,2,down,0.5152508,0.46,0.055250794,0,0.46
2025-03-12 03:00:00,1,down,0.54297364,0.46,0.08297363,1,0.54297364
2025-03-12 04:00:00,2,up,0.51889145,0.46,0.058891445,0,0.46
2025-03-12 05:00:00,2,down,0.50065607,0.46,0.04065606,0,0.46
2025-03-12 06:00:00,1,up,0.5813346,0.46,0.12133458,1,0.5813346
2025-03-12 07:00:00,2,up,0.4542043,0.46,0.0057957172,0,0.46
2025-03-12 08:00:00,2,down,0.39752072,0.46,0.062479287,0,0.46
2025-03-12 09:00:00,2,down,0.40558255,0.46,0.05441746,0,0.46
2025-03-12 10:00:00,2,up,0.41079494,0.46,0.049205065,0,0.46
2025-03-12 11:00:00,2,up,0.39294118,0.46,0.06705883,0,0.46
2025-03-12 12:00:00,2,down,0.44891956,0.46,0.011080444,0,0.46
2025-03-12 13:00:00,2,down,0.4702222,0.46,0.010222197,0,0.46
2025-03-12 14:00:00,1,up,0.6317602,0.46,0.17176017,1,0.6317602
2025-03-12 15:00:00,2,up,0.4297698,0.46,0.030230194,0,0.46
2025-03-12 16:00:00,1,down,0.53470206,0.46,0.074702054,1,0.53470206
2025-03-12 17:00:00,1,up,0.5514719,0.46,0.09147188,1,0.5514719
2025-03-12 18:00:00,2,up,0.4511705,0.46,0.008829504,0,0.46
2025-03-12 19:00:00,2,up,0.41550025,0.46,0.044499755,0,0.46
2025-03-12 20:00:00,0,down,0.36925957,0.46,0.09074044,1,0.36925957
2025-03-12 21:00:00,2,up,0.40656525,0.46,0.05343476,0,0.46
2025-03-12 22:00:00,0,up,0.37673602,0.46,0.08326399,1,0.37673602
2025-03-12 23:00:00,0,down,0.38492185,0.46,0.07507816,1,0.38492185
2025-03-13 00:00:00,2,up,0.4759872,0.46,0.015987188,0,0.46
2025-03-13 01:00:00,2,down,0.41034847,0.46,0.049651533,0,0.46
2025-03-13 02:00:00,2,down,0.4550903,0.46,0.004909694,0,0.46
2025-03-13 03:00:00,2,down,0.46927857,0.46,0.009278566,0,0.46
2025-03-13 04:00:00,2,down,0.50073,0.46,0.04072997,0,0.46
2025-03-13 05:00:00,2,up,0.52241015,0.46,0.062410146,0,0.46
2025-03-13 06:00:00,2,down,0.43806726,0.46,0.021932751,0,0.46
2025-03-13 07:00:00,2,down,0.523836,0.46,0.06383601,0,0.46
2025-03-13 08:00:00,2,up,0.47543874,0.46,0.0154387355,0,0.46
2025-03-13 09:00:00,2,down,0.43185255,0.46,0.028147459,0,0.46
2025-03-13 10:00:00,2,down,0.45666096,0.46,0.0033390522,0,0.46
2025-03-13 11:00:00,2,down,0.4832015,0.46,0.023201495,0,0.46
2025-03-13 12:00:00,2,down,0.5264802,0.46,0.06648019,0,0.46
2025-03-13 13:00:00,1,up,0.5907949,0.46,0.13079491,1,0.5907949
2025-03-13 14:00:00,1,down,0.54041356,0.46,0.08041355,1,0.54041356
2025-03-13 15:00:00,1,down,0.5952697,0.46,0.13526967,1,0.5952697
2025-03-13 16:00:00,1,down,0.54775435,0.46,0.08775434,1,0.54775435
2025-03-13 17:00:00,1,up,0.5828078,0.46,0.12280777,1,0.5828078
2025-03-13 18:00:00,2,down,0.4999206,0.46,0.0399206,0,0.46
2025-03-13 19:00:00,1,up,0.5680144,0.46,0.108014375,1,0.5680144
2025-03-13 20:00:00,1,up,0.53883684,0.46,0.07883683,1,0.53883684
2025-03-13 21:00:00,2,up,0.5111037,0.46,0.05110368,0,0.46
2025-03-13 22:00:00,2,down,0.44870394,0.46,0.011296064,0,0.46
2025-03-13 23:00:00,2,up,0.46390578,0.46,0.0039057732,0,0.46
2025-03-14 00:00:00,2,up,0.41179603,0.46,0.048203975,0,0.46
2025-03-14 01:00:00,2,up,0.4343953,0.46,0.025604695,0,0.46
2025-03-14 02:00:00,0,down,0.3824964,0.46,0.07750362,1,0.3824964
2025-03-14 03:00:00,2,up,0.44735053,0.46,0.0126494765,0,0.46
2025-03-14 04:00:00,2,up,0.4262044,0.46,0.033795595,0,0.46
2025-03-14 05:00:00,2,down,0.41197336,0.46,0.04802665,0,0.46
2025-03-14 06:00:00,2,up,0.3966275,0.46,0.06337252,0,0.46
2025-03-14 07:00:00,2,up,0.4580828,0.46,0.0019172132,0,0.46
2025-03-14 08:00:00,0,up,0.37177184,0.46,0.088228166,1,0.37177184
2025-03-14 09:00:00,0,up,0.374696,0.46,0.08530402,1,0.374696
2025-03-14 10:00:00,2,up,0.40272644,0.46,0.057273567,0,0.46
2025-03-14 11:00:00,0,up,0.3477938,0.46,0.11220622,1,0.3477938
2025-03-14 12:00:00,0,up,0.3493236,0.46,0.11067641,1,0.3493236
2025-03-14 13:00:00,0,down,0.37136444,0.46,0.088635564,1,0.37136444
2025-03-14 14:00:00,0,up,0.34320927,0.46,0.11679074,1,0.34320927
2025-03-14 15:00:00,1,up,0.53560454,0.46,0.07560453,1,0.53560454
2025-03-14 16:00:00,0,down,0.3854017,0.46,0.07459831,1,0.3854017
2025-03-14 17:00:00,2,up,0.4712952,0.46,0.011295199,0,0.46
2025-03-14 18:00:00,2,down,0.39824548,0.46,0.061754525,0,0.46
2025-03-14 19:00:00,2,down,0.46645555,0.46,0.0064555407,0,0.46
2025-03-14 20:00:00,2,up,0.5117448,0.46,0.05174479,0,0.46
2025-03-14 21:00:00,2,up,0.44277677,0.46,0.017223239,0,0.46
2025-03-14 22:00:00,2,down,0.39167807,0.46,0.06832194,0,0.46
2025-03-14 23:00:00,1,up,0.55517715,0.46,0.095177144,1,0.55517715
2025-03-15 00:00:00,0,up,0.38264665,0.46,0.07735336,1,0.38264665
2025-03-15 01:00:00,2,up,0.44294265,0.46,0.01705736,0,0.46
2025-03-15 02:00:00,0,down,0.35044044,0.46,0.109559566,1,0.35044044
2025-03-15 03:00:00,2,down,0.42392638,0.46,0.036073625,0,0.46
2025-03-15 04:00:00,2,down,0.41038314,0.46,0.049616873,0,0.46
2025-03-15 05:00:00,1,down,0.5319872,0.46,0.07198718,1,0.5319872
2025-03-15 06:00:00,2,down,0.50985754,0.46,0.049857527,0,0.46
2025-03-15 07:00:00,1,up,0.53212845,0.46,0.072128445,1,0.53212845
2025-03-15 08:00:00,2,up,0.50841886,0.46,0.04841885,0,0.46
2025-03-15 09:00:00,2,down,0.41902566,0.46,0.04097435,0,0.46
2025-03-15 10:00:00,2,up,0.4478865,0.46,0.012113512,0,0.46
2025-03-15 11:00:00,2,up,0.41743073,0.46,0.04256928,0,0.46
2025-03-15 12:00:00,2,up,0.4500166,0.46,0.00998342,0,0.46
2025-03-15 13:00:00,2,down,0.39398614,0.46,0.06601387,0,0.46
2025-03-15 14:00:00,2,up,0.48351097,0.46,0.023510963,0,0.46
2025-03-15 15:00:00,0,up,0.3826236,0.46,0.077376395,1,0.3826236
2025-03-15 16:00:00,2,up,0.43916953,0.46,0.020830482,0,0.46
2025-03-15 17:00:00,0,down,0.3877318,0.46,0.07226822,1,0.3877318
2025-03-15 18:00:00,2,up,0.4648106,0.46,0.0048106015,0,0.46
2025-03-15 19:00:00,2,up,0.4136361,0.46,0.04636392,0,0.46
2025-03-15 20:00:00,2,down,0.451759,0.46,0.008240998,0,0.46
2025-03-15 21:00:00,2,down,0.43322265,0.46,0.026777357,0,0.46
2025-03-15 22:00:00,2,down,0.45785445,0.46,0.0021455586,0,0.46
2025-03-15 23:00:00,2,down,0.48762915,0.46,0.027629137,0,0.46
2025-03-16 00:00:00,2,down,0.5297061,0.46,0.06970611,0,0.46
2025-03-16 01:00:00,1,up,0.53872675,0.46,0.07872674,1,0.53872675
2025-03-16 02:00:00,2,up,0.48368573,0.46,0.023685724,0,0.46
2025-03-16 03:00:00,2,up,0.44812712,0.46,0.011872888,0,0.46
2025-03-16 04:00:00,0,down,0.375986,0.46,0.084014,1,0.375986
2025-03-16 05:00:00,0,down,0.37577412,0.46,0.08422589,1,0.37577412
2025-03-16 06:00:00,1,up,0.5623225,0.46,0.10232249,1,0.5623225
2025-03-16 07:00:00,2,down,0.4193437,0.46,0.0406563,0,0.46
2025-03-16 08:00:00,2,down,0.46866077,0.46,0.0086607635,0,0.46
2025-03-16 09:00:00,2,down,0.4834232,0.46,0.023423195,0,0.46
2025-03-16 10:00:00,1,down,0.60093164,0.46,0.14093164,1,0.60093164
2025-03-16 11:00:00,1,up,0.5491336,0.46,0.08913359,1,0.5491336
2025-03-16 12:00:00,2,down,0.4871737,0.46,0.027173698,0,0.46
2025-03-16 13:00:00,1,up,0.6018507,0.46,0.14185068,1,0.6018507
2025-03-16 14:00:00,2,down,0.48251167,0.46,0.022511661,0,0.46
2025-03-16 15:00:00,2,up,0.45924872,0.46,0.00075128675,0,0.46
2025-03-16 16:00:00,2,up,0.45099548,0.46,0.009004533,0,0.46
2025-03-16 17:00:00,2,down,0.40453327,0.46,0.05546674,0,0.46
2025-03-16 18:00:00,2,down,0.4287526,0.46,0.031247407,0,0.46
2025-03-16 19:00:00,2,up,0.49500668,0.46,0.035006672,0,0.46
2025-03-16 20:00:00,2,down,0.52184933,0.46,0.061849326,0,0.46
2025-03-16 21:00:00,1,down,0.5606561,0.46,0.10065606,1,0.5606561
2025-03-16 22:00:00,1,up,0.64064354,0.46,0.18064353,1,0.64064354
2025-03-16 23:00:00,2,up,0.4677752,0.46,0.0077751875,0,0.46
2025-03-17 00:00:00,2,up,0.48677573,0.46,0.026775718,0,0.46
2025-03-17 01:00:00,2,down,0.45943245,0.46,0.0005675554,0,0.46
2025-03-17 02:00:00,2,up,0.41412544,0.46,0.045874566,0,0.46
2025-03-17 03:00:00,2,down,0.40293235,0.46,0.057067662,0,0.46
2025-03-17 04:00:00,2,down,0.44167507,0.46,0.018324941,0,0.46
2025-03-17 05:00:00,1,up,0.5382431,0.46,0.07824311,1,0.5382431
2025-03-17 06:00:00,2,up,0.4491587,0.46,0.01084131,0,0.46
2025-03-17 07:00:00,2,down,0.42698735,0.46,0.03301266,0,0.46
2025-03-17 08:00:00,2,up,0.40859568,0.46,0.051404327,0,0.46
2025-03-17 09:00:00,0,down,0.3768906,0.46,0.08310941,1,0.3768906
2025-03-17 10:00:00,2,up,0.46574047,0.46,0.0057404637,0,0.46
2025-03-17 11:00:00,2,down,0.44906712,0.46,0.010932893,0,0.46
2025-03-17 12:00:00,1,down,0.5339768,0.46,0.073976785,1,0.5339768
2025-03-17 13:00:00,2,down,0.5206203,0.46,0.060620278,0,0.46
2025-03-17 14:00:00,2,up,0.5021802,0.46,0.04218021,0,0.46
2025-03-17 15:00:00,2,down,0.40811944,0.46,0.05188057,0,0.46
2025-03-17 16:00:00,2,up,0.46874422,0.46,0.00874421,0,0.46
2025-03-17 17:00:00,0,up,0.3898376,0.46,0.070162416,1,0.3898376
2025-03-17 18:00:00,0,down,0.38696226,0.46,0.07303774,1,0.38696226
2025-03-17 19:00:00,2,down,0.43689913,0.46,0.023100883,0,0.46
2025-03-17 20:00:00,2,up,0.49759418,0.46,0.03759417,0,0.46
2025-03-17 21:00:00,2,down,0.4465699,0.46,0.013430119,0,0.46
2025-03-17 22:00:00,2,down,0.47655106,0.46,0.016551048,0,0.46
2025-03-17 23:00:00,2,down,0.43020886,0.46,0.029791147,0,0.46
2025-03-18 00:00:00,2,down,0.48970503,0.46,0.029705018,0,0.46
2025-03-18 01:00:00,1,up,0.5431404,0.46,0.0831404,1,0.5431404
2025-03-18 02:00:00,2,down,0.51621294,0.46,0.056212932,0,0.46
2025-03-18 03:00:00,2,down,0.5047718,0.46,0.04477182,0,0.46
2025-03-18 04:00:00,2,up,0.51291263,0.46,0.052912623,0,0.46
2025-03-18 05:00:00,2,down,0.49971026,0.46,0.039710253,0,0.46
2025-03-18 06:00:00,1,up,0.5570668,0.46,0.09706679,1,0.5570668
2025-03-18 07:00:00,2,up,0.47161752,0.46,0.0116175115,0,0.46
2025-03-18 08:00:00,2,down,0.44922248,0.46,0.010777533,0,0.46
2025-03-18 09:00:00,1,down,0.5429558,0.46,0.08295581,1,0.5429558
2025-03-18 10:00:00,2,down,0.5195593,0.46,0.059559315,0,0.46
2025-03-18 11:00:00,2,down,0.51050556,0.46,0.05050555,0,0.46
2025-03-18 12:00:00,1,down,0.57335126,0.46,0.113351256,1,0.57335126
2025-03-18 13:00:00,1,up,0.5735535,0.46,0.113553494,1,0.5735535
2025-03-18 14:00:00,2,down,0.4397904,0.46,0.02020961,0,0.46
2025-03-18 15:00:00,1,up,0.5589132,0.46,0.09891316,1,0.5589132
2025-03-18 16:00:00,2,down,0.5002109,0.46,0.040210873,0,0.46
2025-03-18 17:00:00,2,up,0.52275497,0.46,0.06275496,0,0.46
2025-03-18 18:00:00,2,up,0.45488733,0.46,0.005112678,0,0.46
2025-03-18 19:00:00,2,down,0.43707258,0.46,0.022927433,0,0.46
2025-03-18 20:00:00,2,up,0.47611147,0.46,0.016111463,0,0.46
2025-03-18 21:00:00,2,up,0.47922745,0.46,0.019227445,0,0.46
2025-03-18 22:00:00,2,up,0.42315203,0.46,0.03684798,0,0.46
2025-03-18 23:00:00,2,up,0.39363953,0.46,0.06636047,0,0.46
2025-03-19 00:00:00,0,down,0.37948567,0.46,0.08051434,1,0.37948567
2025-03-19 01:00:00,2,up,0.48603407,0.46,0.026034057,0,0.46
2025-03-19 02:00:00,0,up,0.35128886,0.46,0.10871115,1,0.35128886
2025-03-19 03:00:00,0,down,0.38984796,0.46,0.070152044,1,0.38984796
2025-03-19 04:00:00,2,up,0.39982826,0.46,0.060171753,0,0.46
2025-03-19 05:00:00,0,down,0.36415344,0.46,0.09584656,1,0.36415344
2025-03-19 06:00:00,2,down,0.4177602,0.46,0.042239815,0,0.46
2025-03-19 07:00:00,2,up,0.39298093,0.46,0.067019075,0,0.46
2025-03-19 08:00:00,0,up,0.3706425,0.46,0.089357495,1,0.3706425
2025-03-19 09:00:00,0,down,0.3849783,0.46,0.075021714,1,0.3849783
2025-03-19 10:00:00,2,up,0.4502244,0.46,0.009775609,0,0.46
2025-03-19 11:00:00,2,down,0.40337813,0.46,0.05662188,0,0.46
2025-03-19 12:00:00,0,up,0.3896316,0.46,0.07036841,1,0.3896316
2025-03-19 13:00:00,2,up,0.42590562,0.46,0.034094393,0,0.46
2025-03-19 14:00:00,0,up,0.37257472,0.46,0.08742529,1,0.37257472
2025-03-19 15:00:00,0,down,0.35221425,0.46,0.10778576,1,0.35221425
2025-03-19 16:00:00,2,down,0.40497884,0.46,0.055021167,0,0.46
2025-03-19 17:00:00,2,up,0.4456212,0.46,0.014378816,0,0.46
2025-03-19 18:00:00,2,down,0.4685372,0.46,0.008537203,0,0.46
2025-03-19 19:00:00,2,down,0.45480776,0.46,0.00519225,0,0.46
2025-03-19 20:00:00,2,up,0.47940075,0.46,0.019400746,0,0.46
2025-03-19 21:00:00,2,up,0.4369909,0.46,0.023009121,0,0.46
2025-03-19 22:00:00,2,up,0.43840978,0.46,0.021590233,0,0.46
2025-03-19 23:00:00,2,down,0.3915805,0.46,0.068419516,0,0.46
2025-03-20 00:00:00,1,down,0.54333043,0.46,0.08333042,1,0.54333043
2025-03-20 01:00:00,2,up,0.5264874,0.46,0.0664874,0,0.46
2025-03-20 02:00:00,2,down,0.42405498,0.46,0.035945028,0,0.46
2025-03-20 03:00:00,2,down,0.5056244,0.46,0.045624405,0,0.46
2025-03-20 04:00:00,2,up,0.485302,0.46,0.025301993,0,0.46
2025-03-20 05:00:00,0,down,0.36090842,0.46,0.09909159,1,0.36090842
2025-03-20 06:00:00,2,up,0.47170743,0.46,0.011707425,0,0.46
2025-03-20 07:00:00,2,up,0.49083248,0.46,0.03083247,0,0.46
2025-03-20 08:00:00,0,down,0.37501195,0.46,0.08498806,1,0.37501195
2025-03-20 09:00:00,2,down,0.47408736,0.46,0.014087349,0,0.46
2025-03-20 10:00:00,1,up,0.553231,0.46,0.09323099,1,0.553231
2025-03-20 11:00:00,2,down,0.4459385,0.46,0.014061511,0,0.46
2025-03-20 12:00:00,2,up,0.5172403,0.46,0.057240278,0,0.46
2025-03-20 13:00:00,2,up,0.45669526,0.46,0.0033047497,0,0.46
2025-03-20 14:00:00,2,down,0.43603504,0.46,0.023964971,0,0.46
2025-03-20 15:00:00,1,down,0.55041754,0.46,0.090417534,1,0.55041754
2025-03-20 16:00:00,1,up,0.61702543,0.46,0.15702543,1,0.61702543
2025-03-20 17:00:00,2,down,0.5253621,0.46,0.065362066,0,0.46
2025-03-20 18:00:00,1,up,0.59469986,0.46,0.13469985,1,0.59469986
2025-03-20 19:00:00,1,up,0.54763836,0.46,0.08763835,1,0.54763836
2025-03-20 20:00:00,2,down,0.4872834,0.46,0.0272834,0,0.46
2025-03-20 21:00:00,2,down,0.4840304,0.46,0.024030387,0,0.46
2025-03-20 22:00:00,2,up,0.52943206,0.46,0.06943205,0,0.46
2025-03-20 23:00:00,2,up,0.49515682,0.46,0.035156816,0,0.46
2025-03-21 00:00:00,2,up,0.4283895,0.46,0.03161052,0,0.46
2025-03-21 01:00:00,2,down,0.39961034,0.46,0.060389668,0,0.46
2025-03-21 02:00:00,2,down,0.41521645,0.46,0.044783562,0,0.46
2025-03-21 03:00:00,2,up,0.44975653,0.46,0.010243475,0,0.46
2025-03-21 04:00:00,2,down,0.48544434,0.46,0.025444329,0,0.46
2025-03-21 05:00:00,2,down,0.471932,0.46,0.011931986,0,0.46
2025-03-21 06:00:00,2,down,0.47117248,0.46,0.011172473,0,0.46
2025-03-21 07:00:00,2,up,0.5052058,0.46,0.0452058,0,0.46
2025-03-21 08:00:00,2,up,0.49439245,0.46,0.034392446,0,0.46
2025-03-21 09:00:00,2,up,0.5126481,0.46,0.052648097,0,0.46
2025-03-21 10:00:00,2,down,0.4665619,0.46,0.006561905,0,0.46
2025-03-21 11:00:00,2,down,0.5084186,0.46,0.04841861,0,0.46
2025-03-21 12:00:00,1,up,0.55456704,0.46,0.09456703,1,0.55456704
2025-03-21 13:00:00,2,up,0.47624058,0.46,0.016240567,0,0.46
2025-03-21 14:00:00,2,down,0.42802545,0.46,0.031974554,0,0.46
2025-03-21 15:00:00,1,up,0.57162434,0.46,0.11162433,1,0.57162434
2025-03-21 16:00:00,2,down,0.43125325,0.46,0.028746754,0,0.46
2025-03-21 17:00:00,2,up,0.46811408,0.46,0.00811407,0,0.46
2025-03-21 18:00:00,2,down,0.46701044,0.46,0.00701043,0,0.46
2025-03-21 19:00:00,2,up,0.5102629,0.46,0.0502629,0,0.46
2025-03-21 20:00:00,2,up,0.3919526,0.46,0.068047404,0,0.46
2025-03-21 21:00:00,2,down,0.39964327,0.46,0.060356736,0,0.46
2025-03-21 22:00:00,2,down,0.45873117,0.46,0.0012688339,0,0.46
2025-03-21 23:00:00,2,up,0.4972505,0.46,0.03725049,0,0.46
2025-03-22 00:00:00,2,down,0.50075424,0.46,0.04075423,0,0.46
2025-03-22 01:00:00,2,up,0.47673956,0.46,0.016739547,0,0.46
2025-03-22 02:00:00,2,up,0.49842343,0.46,0.03842342,0,0.46
2025-03-22 03:00:00,2,up,0.45857626,0.46,0.0014237463,0,0.46
2025-03-22 04:00:00,2,down,0.39885992,0.46,0.06114009,0,0.46
2025-03-22 05:00:00,2,up,0.46414676,0.46,0.0041467547,0,0.46
2025-03-22 06:00:00,2,down,0.42846182,0.46,0.03153819,0,0.46
2025-03-22 07:00:00,2,down,0.48094893,0.46,0.020948917,0,0.46
2025-03-22 08:00:00,2,up,0.47387975,0.46,0.013879746,0,0.46
2025-03-22 09:00:00,2,up,0.4340215,0.46,0.025978506,0,0.46
2025-03-22 10:00:00,2,down,0.40682575,0.46,0.053174257,0,0.46
2025-03-22 11:00:00,2,down,0.46541905,0.46,0.0054190457,0,0.46
2025-03-22 12:00:00,2,down,0.4749148,0.46,0.014914781,0,0.46
2025-03-22 13:00:00,2,down,0.48598897,0.46,0.025988966,0,0.46
2025-03-22 14:00:00,1,up,0.6021343,0.46,0.14213428,1,0.6021343
2025-03-22 15:00:00,2,up,0.46026164,0.46,0.0002616346,0,0.46
2025-03-22 16:00:00,2,up,0.5129147,0.46,0.05291471,0,0.46
2025-03-22 17:00:00,2,up,0.48808718,0.46,0.028087169,0,0.46
2025-03-22 18:00:00,2,down,0.47694924,0.46,0.016949236,0,0.46
2025-03-22 19:00:00,1,down,0.53014493,0.46,0.07014492,1,0.53014493
2025-03-22 20:00:00,1,up,0.5727158,0.46,0.11271581,1,0.5727158
2025-03-22 21:00:00,2,down,0.5026796,0.46,0.042679578,0,0.46
2025-03-22 22:00:00,1,down,0.6237872,0.46,0.16378722,1,0.6237872
2025-03-22 23:00:00,2,up,0.4909259,0.46,0.0309259,0,0.46
2025-03-23 00:00:00,2,up,0.45887813,0.46,0.0011218786,0,0.46
2025-03-23 01:00:00,2,up,0.46788388,0.46,0.007883877,0,0.46
2025-03-23 02:00:00,0,down,0.37944698,0.46,0.080553025,1,0.37944698
2025-03-23 03:00:00,2,down,0.40952992,0.46,0.050470084,0,0.46
2025-03-23 04:00:00,2,up,0.5127646,0.46,0.052764565,0,0.46
2025-03-23 05:00:00,2,up,0.44678956,0.46,0.013210446,0,0.46
2025-03-23 06:00:00,2,up,0.47193325,0.46,0.011933237,0,0.46
2025-03-23 07:00:00,2,up,0.4352595,0.46,0.024740517,0,0.46
2025-03-23 08:00:00,0,down,0.37916264,0.46,0.08083737,1,0.37916264
2025-03-23 09:00:00,2,up,0.5120213,0.46,0.052021295,0,0.46
2025-03-23 10:00:00,0,up,0.37246233,0.46,0.087537676,1,0.37246233
2025-03-23 11:00:00,2,up,0.4403865,0.46,0.019613504,0,0.46
2025-03-23 12:00:00,2,up,0.40034422,0.46,0.059655786,0,0.46
2025-03-23 13:00:00,0,down,0.3781373,0.46,0.08186272,1,0.3781373
2025-03-23 14:00:00,2,up,0.49379748,0.46,0.033797473,0,0.46
2025-03-23 15:00:00,0,up,0.36069345,0.46,0.09930655,1,0.36069345
2025-03-23 16:00:00,0,down,0.37970898,0.46,0.08029103,1,0.37970898
2025-03-23 17:00:00,2,down,0.4918657,0.46,0.031865686,0,0.46
2025-03-23 18:00:00,2,up,0.4760705,0.46,0.016070485,0,0.46
2025-03-23 19:00:00,2,up,0.44669098,0.46,0.013309032,0,0.46
2025-03-23 20:00:00,2,up,0.48149085,0.46,0.021490842,0,0.46
2025-03-23 21:00:00,0,up,0.38562933,0.46,0.07437068,1,0.38562933
2025-03-23 22:00:00,2,up,0.45286575,0.46,0.0071342587,0,0.46
2025-03-23 23:00:00,0,down,0.38126084,0.46,0.078739166,1,0.38126084
2025-03-24 00:00:00,2,down,0.45015246,0.46,0.009847552,0,0.46
2025-03-24 01:00:00,2,up,0.51083225,0.46,0.05083224,0,0.46
2025-03-24 02:00:00,0,up,0.37606364,0.46,0.08393636,1,0.37606364
2025-03-24 03:00:00,0,up,0.35988027,0.46,0.10011974,1,0.35988027
2025-03-24 04:00:00,0,up,0.34912938,0.46,0.11087063,1,0.34912938
2025-03-24 05:00:00,2,up,0.43715256,0.46,0.022847444,0,0.46
2025-03-24 06:00:00,2,down,0.3987774,0.46,0.061222613,0,0.46
2025-03-24 07:00:00,2,up,0.4528368,0.46,0.007163197,0,0.46
2025-03-24 08:00:00,0,down,0.37383983,0.46,0.08616018,1,0.37383983
2025-03-24 09:00:00,2,up,0.4469861,0.46,0.013013899,0,0.46
2025-03-24 10:00:00,0,down,0.3577483,0.46,0.10225171,1,0.3577483
2025-03-24 11:00:00,0,down,0.3807695,0.46,0.07923052,1,0.3807695
2025-03-24 12:00:00,2,up,0.48246676,0.46,0.022466749,0,0.46
2025-03-24 13:00:00,2,up,0.3970386,0.46,0.0629614,0,0.46
2025-03-24 14:00:00,2,up,0.44777024,0.46,0.01222977,0,0.46
2025-03-24 15:00:00,0,down,0.3703112,0.46,0.08968881,1,0.3703112
2025-03-24 16:00:00,2,up,0.46060538,0.46,0.0006053746,0,0.46
2025-03-24 17:00:00,0,up,0.3661791,0.46,0.0938209,1,0.3661791
2025-03-24 18:00:00,0,down,0.34667253,0.46,0.11332747,1,0.34667253
2025-03-24 19:00:00,2,down,0.44131234,0.46,0.018687665,0,0.46
2025-03-24 20:00:00,1,up,0.5791262,0.46,0.11912617,1,0.5791262
2025-03-24 21:00:00,2,down,0.43816292,0.46,0.021837085,0,0.46
2025-03-24 22:00:00,1,up,0.5469748,0.46,0.08697477,1,0.5469748
2025-03-24 23:00:00,2,up,0.5076041,0.46,0.047604114,0,0.46
2025-03-25 00:00:00,2,down,0.44618627,0.46,0.013813734,0,0.46
2025-03-25 01:00:00,1,down,0.5497046,0.46,0.0897046,1,0.5497046
2025-03-25 02:00:00,1,down,0.5900383,0.46,0.13003829,1,0.5900383
2025-03-25 03:00:00,1,up,0.58052725,0.46,0.12052724,1,0.58052725
2025-03-25 04:00:00,2,up,0.5244019,0.46,0.064401895,0,0.46
2025-03-25 05:00:00,2,down,0.5276774,0.46,0.06767741,0,0.46
2025-03-25 06:00:00,1,down,0.60476065,0.46,0.14476064,1,0.60476065
2025-03-25 07:00:00,1,up,0.548009,0.46,0.08800897,1,0.548009
2025-03-25 08:00:00,2,up,0.48667473,0.46,0.026674718,0,0.46
2025-03-25 09:00:00,2,down,0.40799853,0.46,0.052001476,0,0.46
2025-03-25 10:00:00,2,up,0.4011644,0.46,0.058835596,0,0.46
2025-03-25 11:00:00,0,down,0.35011804,0.46,0.10988197,1,0.35011804
2025-03-25 12:00:00,2,up,0.48011655,0.46,0.020116538,0,0.46
2025-03-25 13:00:00,2,up,0.45599023,0.46,0.0040097833,0,0.46
2025-03-25 14:00:00,2,down,0.4053727,0.46,0.0546273,0,0.46
2025-03-25 15:00:00,2,up,0.47264704,0.46,0.012647033,0,0.46
2025-03-25 16:00:00,2,up,0.42171195,0.46,0.038288057,0,0.46
2025-03-25 17:00:00,2,down,0.5157385,0.46,0.05573848,0,0.46
2025-03-25 18:00:00,2,up,0.41890672,0.46,0.04109329,0,0.46
2025-03-25 19:00:00,2,down,0.3900548,0.46,0.069945216,0,0.46
2025-03-25 20:00:00,2,down,0.50329,0.46,0.04328999,0,0.46
2025-03-25 21:00:00,2,down,0.51415205,0.46,0.05415204,0,0.46
2025-03-25 22:00:00,2,down,0.5017989,0.46,0.04179892,0,0.46
2025-03-25 23:00:00,2,up,0.453695,0.46,0.006305009,0,0.46
2025-03-26 00:00:00,2,up,0.48866472,0.46,0.028664708,0,0.46
2025-03-26 01:00:00,2,down,0.409809,0.46,0.050191015,0,0.46
2025-03-26 02:00:00,1,down,0.55140656,0.46,0.091406554,1,0.55140656
2025-03-26 03:00:00,2,up,0.51965976,0.46,0.05965975,0,0.46
2025-03-26 04:00:00,2,up,0.518164,0.46,0.05816397,0,0.46
2025-03-26 05:00:00,2,up,0.44424734,0.46,0.015752673,0,0.46
2025-03-26 06:00:00,2,up,0.41526863,0.46,0.04473138,0,0.46
2025-03-26 07:00:00,0,down,0.37818938,0.46,0.08181062,1,0.37818938
2025-03-26 08:00:00,2,down,0.45132858,0.46,0.008671433,0,0.46
2025-03-26 09:00:00,2,up,0.4235158,0.46,0.03648421,0,0.46
2025-03-26 10:00:00,2,down,0.3976981,0.46,0.062301904,0,0.46
2025-03-26 11:00:00,2,down,0.49588907,0.46,0.03588906,0,0.46
2025-03-26 12:00:00,2,down,0.47775218,0.46,0.01775217,0,0.46
2025-03-26 13:00:00,2,down,0.5198758,0.46,0.059875816,0,0.46
2025-03-26 14:00:00,1,down,0.5457045,0.46,0.085704476,1,0.5457045
2025-03-26 15:00:00,2,down,0.51828647,0.46,0.05828646,0,0.46
2025-03-26 16:00:00,1,up,0.6055211,0.46,0.14552107,1,0.6055211
2025-03-26 17:00:00,1,down,0.6071316,0.46,0.14713159,1,0.6071316
2025-03-26 18:00:00,1,up,0.633753,0.46,0.173753,1,0.633753
2025-03-26 19:00:00,2,up,0.49645224,0.46,0.036452234,0,0.46
2025-03-26 20:00:00,2,down,0.42326882,0.46,0.036731184,0,0.46
2025-03-26 21:00:00,2,down,0.39453197,0.46,0.06546804,0,0.46
2025-03-26 22:00:00,2,up,0.4576017,0.46,0.002398312,0,0.46
2025-03-26 23:00:00,2,up,0.47582716,0.46,0.01582715,0,0.46
2025-03-27 00:00:00,2,up,0.4099278,0.46,0.050072223,0,0.46
2025-03-27 01:00:00,2,up,0.39814508,0.46,0.06185493,0,0.46
2025-03-27 02:00:00,2,up,0.39284882,0.46,0.06715119,0,0.46
2025-03-27 03:00:00,0,down,0.3709688,0.46,0.08903122,1,0.3709688
2025-03-27 04:00:00,2,down,0.4197773,0.46,0.040222704,0,0.46
2025-03-27 05:00:00,2,up,0.5001317,0.46,0.040131718,0,0.46
2025-03-27 06:00:00,2,up,0.4983737,0.46,0.03837368,0,0.46
2025-03-27 07:00:00,2,up,0.45573002,0.46,0.0042699873,0,0.46
2025-03-27 08:00:00,2,down,0.42661536,0.46,0.03338465,0,0.46
2025-03-27 09:00:00,2,down,0.44720247,0.46,0.0127975345,0,0.46
2025-03-27 10:00:00,2,down,0.490332,0.46,0.030331999,0,0.46
2025-03-27 11:00:00,2,down,0.51392394,0.46,0.053923935,0,0.46
2025-03-27 12:00:00,1,down,0.5705351,0.46,0.110535115,1,0.5705351
2025-03-27 13:00:00,2,up,0.4825149,0.46,0.02251488,0,0.46
2025-03-27 14:00:00,2,down,0.44986793,0.46,0.010132074,0,0.46
2025-03-27 15:00:00,2,down,0.49772587,0.46,0.037725866,0,0.46
2025-03-27 16:00:00,2,up,0.4744924,0.46,0.014492393,0,0.46
2025-03-27 17:00:00,2,up,0.51275617,0.46,0.05275616,0,0.46
2025-03-27 18:00:00,2,down,0.43813106,0.46,0.021868944,0,0.46
2025-03-27 19:00:00,2,up,0.47067538,0.46,0.010675371,0,0.46
2025-03-27 20:00:00,0,up,0.36685026,0.46,0.09314975,1,0.36685026
2025-03-27 21:00:00,0,down,0.38977122,0.46,0.070228785,1,0.38977122
2025-03-27 22:00:00,2,down,0.48854956,0.46,0.028549552,0,0.46
2025-03-27 23:00:00,2,up,0.47647554,0.46,0.016475528,0,0.46
2025-03-28 00:00:00,2,down,0.41436863,0.46,0.04563138,0,0.46
2025-03-28 01:00:00,2,down,0.47296524,0.46,0.012965232,0,0.46
2025-03-28 02:00:00,2,down,0.5107097,0.46,0.050709695,0,0.46
2025-03-28 03:00:00,1,down,0.5816259,0.46,0.12162587,1,0.5816259
2025-03-28 04:00:00,2,down,0.5128096,0.46,0.052809566,0,0.46
2025-03-28 05:00:00,2,down,0.49603742,0.46,0.036037415,0,0.46
2025-03-28 06:00:00,1,down,0.5807775,0.46,0.12077752,1,0.5807775
2025-03-28 07:00:00,1,up,0.61052984,0.46,0.15052983,1,0.61052984
2025-03-28 08:00:00,2,down,0.5055071,0.46,0.045507103,0,0.46
2025-03-28 09:00:00,1,down,0.5747128,0.46,0.114712805,1,0.5747128
2025-03-28 10:00:00,1,up,0.6002128,0.46,0.1402128,1,0.6002128
2025-03-28 11:00:00,2,down,0.43196267,0.46,0.02803734,0,0.46
2025-03-28 12:00:00,1,down,0.54428697,0.46,0.08428696,1,0.54428697
2025-03-28 13:00:00,2,down,0.5133272,0.46,0.053327173,0,0.46
2025-03-28 14:00:00,1,down,0.55024093,0.46,0.090240926,1,0.55024093
2025-03-28 15:00:00,1,down,0.5613051,0.46,0.1013051,1,0.5613051
2025-03-28 16:00:00,1,up,0.55927765,0.46,0.099277645,1,0.55927765
2025-03-28 17:00:00,2,down,0.48289025,0.46,0.02289024,0,0.46
2025-03-28 18:00:00,1,down,0.5488657,0.46,0.08886567,1,0.5488657
2025-03-28 19:00:00,1,up,0.545618,0.46,0.08561799,1,0.545618
2025-03-28 20:00:00,2,up,0.5141501,0.46,0.054150075,0,0.46
2025-03-28 21:00:00,2,up,0.43654275,0.46,0.023457259,0,0.46
2025-03-28 22:00:00,2,down,0.39514723,0.46,0.064852774,0,0.46
2025-03-28 23:00:00,0,down,0.35786965,0.46,0.10213035,1,0.35786965
2025-03-29 00:00:00,2,down,0.4198315,0.46,0.040168494,0,0.46
2025-03-29 01:00:00,2,down,0.4730602,0.46,0.013060182,0,0.46
2025-03-29 02:00:00,1,up,0.5483296,0.46,0.08832958,1,0.5483296
2025-03-29 03:00:00,2,down,0.49907428,0.46,0.039074272,0,0.46
2025-03-29 04:00:00,1,down,0.5366133,0.46,0.07661328,1,0.5366133
2025-03-29 05:00:00,2,down,0.5047498,0.46,0.044749767,0,0.46
2025-03-29 06:00:00,2,down,0.5249929,0.46,0.064992875,0,0.46
2025-03-29 07:00:00,1,up,0.54964894,0.46,0.08964893,1,0.54964894
2025-03-29 08:00:00,2,down,0.47174037,0.46,0.011740357,0,0.46
2025-03-29 09:00:00,2,down,0.50108206,0.46,0.041082054,0,0.46
2025-03-29 10:00:00,1,down,0.5604403,0.46,0.10044029,1,0.5604403
2025-03-29 11:00:00,1,up,0.57064366,0.46,0.110643655,1,0.57064366
2025-03-29 12:00:00,2,up,0.43611252,0.46,0.023887485,0,0.46
2025-03-29 13:00:00,2,down,0.45618534,0.46,0.0038146675,0,0.46
2025-03-29 14:00:00,1,down,0.5410896,0.46,0.081089586,1,0.5410896
2025-03-29 15:00:00,1,down,0.560888,0.46,0.100887984,1,0.560888
2025-03-29 16:00:00,1,up,0.56423485,0.46,0.104234844,1,0.56423485
2025-03-29 17:00:00,2,up,0.47098994,0.46,0.010989934,0,0.46
2025-03-29 18:00:00,2,up,0.51488924,0.46,0.054889232,0,0.46
2025-03-29 19:00:00,2,down,0.39612126,0.46,0.063878745,0,0.46
2025-03-29 20:00:00,2,up,0.50920093,0.46,0.049200922,0,0.46
2025-03-29 21:00:00,2,down,0.44550917,0.46,0.014490843,0,0.46
2025-03-29 22:00:00,1,up,0.5325808,0.46,0.072580785,1,0.5325808
2025-03-29 23:00:00,2,up,0.42582986,0.46,0.03417015,0,0.46
2025-03-30 00:00:00,2,up,0.40607116,0.46,0.053928852,0,0.46
2025-03-30 01:00:00,2,up,0.40842164,0.46,0.051578373,0,0.46
2025-03-30 02:00:00,0,down,0.35546577,0.46,0.10453424,1,0.35546577
2025-03-30 03:00:00,2,up,0.43445346,0.46,0.02554655,0,0.46
2025-03-30 04:00:00,2,down,0.4710348,0.46,0.011034787,0,0.46
2025-03-30 05:00:00,2,up,0.5020591,0.46,0.042059094,0,0.46
2025-03-30 06:00:00,0,down,0.38132983,0.46,0.078670174,1,0.38132983
2025-03-30 07:00:00,2,up,0.5175274,0.46,0.057527393,0,0.46
2025-03-30 08:00:00,0,up,0.37479717,0.46,0.08520284,1,0.37479717
2025-03-30 09:00:00,0,down,0.38296863,0.46,0.077031374,1,0.38296863
2025-03-30 10:00:00,2,down,0.47341034,0.46,0.01341033,0,0.46
2025-03-30 11:00:00,2,down,0.47582597,0.46,0.015825957,0,0.46
2025-03-30 12:00:00,2,down,0.49592516,0.46,0.03592515,0,0.46
2025-03-30 13:00:00,2,up,0.52025604,0.46,0.060256034,0,0.46
2025-03-30 14:00:00,2,down,0.49630567,0.46,0.036305666,0,0.46
2025-03-30 15:00:00,1,down,0.5789165,0.46,0.11891648,1,0.5789165
2025-03-30 16:00:00,1,up,0.55383766,0.46,0.09383765,1,0.55383766
2025-03-30 17:00:00,1,up,0.5318976,0.46,0.071897596,1,0.5318976
2025-03-30 18:00:00,2,down,0.49278417,0.46,0.032784164,0,0.46
2025-03-30 19:00:00,1,up,0.53055537,0.46,0.07055536,1,0.53055537
2025-03-30 20:00:00,2,down,0.50325924,0.46,0.043259233,0,0.46
2025-03-30 21:00:00,1,up,0.5547062,0.46,0.09470621,1,0.5547062
2025-03-30 22:00:00,2,down,0.4682145,0.46,0.0082145035,0,0.46
2025-03-30 23:00:00,2,down,0.48512068,0.46,0.025120676,0,0.46
2025-03-31 00:00:00,2,up,0.49780196,0.46,0.03780195,0,0.46
2025-03-31 01:00:00,2,down,0.4682979,0.46,0.00829789,0,0.46
2025-03-31 02:00:00,2,down,0.5026544,0.46,0.042654365,0,0.46
2025-03-31 03:00:00,1,up,0.55233836,0.46,0.09233835,1,0.55233836
2025-03-31 04:00:00,2,up,0.48913178,0.46,0.02913177,0,0.46
2025-03-31 05:00:00,2,down,0.43615848,0.46,0.02384153,0,0.46
2025-03-31 06:00:00,2,down,0.45633525,0.46,0.0036647618,0,0.46
2025-03-31 07:00:00,2,down,0.4806887,0.46,0.020688683,0,0.46
2025-03-31 08:00:00,2,down,0.51457316,0.46,0.05457315,0,0.46
2025-03-31 09:00:00,2,up,0.5286178,0.46,0.06861779,0,0.46
2025-03-31 10:00:00,2,up,0.43275082,0.46,0.027249187,0,0.46
2025-03-31 11:00:00,2,up,0.4001457,0.46,0.0598543,0,0.46
2025-03-31 12:00:00,2,down,0.41932338,0.46,0.040676624,0,0.46
2025-03-31 13:00:00,2,up,0.39337653,0.46,0.06662348,0,0.46
2025-03-31 14:00:00,2,down,0.4574088,0.46,0.0025912225,0,0.46
2025-03-31 15:00:00,2,down,0.49239242,0.46,0.032392412,0,0.46
2025-03-31 16:00:00,2,down,0.44738442,0.46,0.012615591,0,0.46
2025-03-31 17:00:00,2,up,0.5219736,0.46,0.0619736,0,0.46
2025-03-31 18:00:00,2,down,0.45746714,0.46,0.0025328696,0,0.46
2025-03-31 19:00:00,1,down,0.5663066,0.46,0.10630658,1,0.5663066
2025-03-31 20:00:00,1,up,0.5565719,0.46,0.09657189,1,0.5565719
2025-03-31 21:00:00,1,down,0.5716519,0.46,0.11165187,1,0.5716519
2025-03-31 22:00:00,1,up,0.53881145,0.46,0.07881144,1,0.53881145
2025-03-31 23:00:00,1,up,0.53101027,0.46,0.07101026,1,0.53101027
2025-04-01 00:00:00,2,up,0.43892196,0.46,0.02107805,0,0.46
2025-04-01 01:00:00,2,up,0.3997214,0.46,0.060278594,0,0.46
2025-04-01 02:00:00,0,down,0.35846993,0.46,0.101530075,1,0.35846993
2025-04-01 03:00:00,2,up,0.40420377,0.46,0.055796236,0,0.46
2025-04-01 04:00:00,2,down,0.42017555,0.46,0.039824456,0,0.46
2025-04-01 05:00:00,2,up,0.47607115,0.46,0.01607114,0,0.46
2025-04-01 06:00:00,0,down,0.34818628,0.46,0.111813724,1,0.34818628
2025-04-01 07:00:00,2,up,0.42046684,0.46,0.039533168,0,0.46
2025-04-01 08:00:00,0,up,0.36758503,0.46,0.092414975,1,0.36758503
2025-04-01 09:00:00,0,down,0.3889788,0.46,0.0710212,1,0.3889788
2025-04-01 10:00:00,2,down,0.4517692,0.46,0.008230805,0,0.46
2025-04-01 11:00:00,2,down,0.47335547,0.46,0.013355464,0,0.46
2025-04-01 12:00:00,2,up,0.5238283,0.46,0.06382832,0,0.46
2025-04-01 13:00:00,2,up,0.5238978,0.46,0.06389782,0,0.46
2025-04-01 14:00:00,2,up,0.41058066,0.46,0.049419343,0,0.46
2025-04-01 15:00:00,2,down,0.46310386,0.46,0.0031038523,0,0.46
2025-04-01 16:00:00,2,down,0.45342493,0.46,0.006575078,0,0.46
2025-04-01 17:00:00,2,up,0.41229603,0.46,0.04770398,0,0.46
2025-04-01 18:00:00,2,down,0.3952911,0.46,0.06470892,0,0.46
2025-04-01 19:00:00,2,up,0.44926012,0.46,0.010739893,0,0.46
2025-04-01 20:00:00,0,down,0.37665638,0.46,0.083343625,1,0.37665638
2025-04-01 21:00:00,2,down,0.4363543,0.46,0.023645699,0,0.46
2025-04-01 22:00:00,2,up,0.45480746,0.46,0.005192548,0,0.46
2025-04-01 23:00:00,2,down,0.47192997,0.46,0.011929959,0,0.46
2025-04-02 00:00:00,2,up,0.48518398,0.46,0.025183976,0,0.46
2025-04-02 01:00:00,2,down,0.41859698,0.46,0.041403025,0,0.46
2025-04-02 02:00:00,1,down,0.54734504,0.46,0.087345034,1,0.54734504
2025-04-02 03:00:00,1,up,0.56182444,0.46,0.10182443,1,0.56182444
2025-04-02 04:00:00,2,down,0.50728565,0.46,0.047285646,0,0.46
2025-04-02 05:00:00,1,up,0.61815035,0.46,0.15815035,1,0.61815035
2025-04-02 06:00:00,1,up,0.5456819,0.46,0.085681885,1,0.5456819
2025-04-02 07:00:00,2,up,0.47556764,0.46,0.0155676305,0,0.46
2025-04-02 08:00:00,2,up,0.43018448,0.46,0.029815525,0,0.46
2025-04-02 09:00:00,2,down,0.45217073,0.46,0.007829279,0,0.46
2025-04-02 10:00:00,2,down,0.43556765,0.46,0.024432361,0,0.46
2025-04-02 11:00:00,2,up,0.4681005,0.46,0.00810048,0,0.46
2025-04-02 12:00:00,2,up,0.39813966,0.46,0.061860353,0,0.46
2025-04-02 13:00:00,2,up,0.45345277,0.46,0.0065472424,0,0.46
2025-04-02 14:00:00,0,up,0.38328496,0.46,0.07671505,1,0.38328496
2025-04-02 15:00:00,2,up,0.47627324,0.46,0.01627323,0,0.46
2025-04-02 16:00:00,2,down,0.42156428,0.46,0.038435727,0,0.46
2025-04-02 17:00:00,1,down,0.53403515,0.46,0.07403514,1,0.53403515
2025-04-02 18:00:00,2,up,0.47573438,0.46,0.015734375,0,0.46
2025-04-02 19:00:00,0,down,0.38875565,0.46,0.07124436,1,0.38875565
2025-04-02 20:00:00,1,down,0.53542835,0.46,0.07542834,1,0.53542835
2025-04-02 21:00:00,1,down,0.5521712,0.46,0.09217116,1,0.5521712
2025-04-02 22:00:00,1,down,0.55137604,0.46,0.09137604,1,0.55137604
2025-04-02 23:00:00,1,up,0.5474399,0.46,0.087439865,1,0.5474399
2025-04-03 00:00:00,2,up,0.4898931,0.46,0.0298931,0,0.46
2025-04-03 01:00:00,2,up,0.50516474,0.46,0.045164734,0,0.46
2025-04-03 02:00:00,2,down,0.47943166,0.46,0.01943165,0,0.46
2025-04-03 03:00:00,2,up,0.4769615,0.46,0.016961485,0,0.46
2025-04-03 04:00:00,2,down,0.49630708,0.46,0.036307067,0,0.46
2025-04-03 05:00:00,1,down,0.557954,0.46,0.097954005,1,0.557954
2025-04-03 06:00:00,1,up,0.5448168,0.46,0.08481678,1,0.5448168
2025-04-03 07:00:00,2,up,0.5238496,0.46,0.0638496,0,0.46
2025-04-03 08:00:00,2,down,0.44440216,0.46,0.01559785,0,0.46
2025-04-03 09:00:00,2,down,0.5169273,0.46,0.056927294,0,0.46
2025-04-03 10:00:00,2,down,0.52492046,0.46,0.064920455,0,0.46
2025-04-03 11:00:00,2,down,0.5139501,0.46,0.0539501,0,0.46
2025-04-03 12:00:00,1,up,0.55913556,0.46,0.09913555,1,0.55913556
2025-04-03 13:00:00,2,down,0.5014299,0.46,0.041429907,0,0.46
2025-04-03 14:00:00,1,up,0.5517741,0.46,0.091774076,1,0.5517741
2025-04-03 15:00:00,2,down,0.4721093,0.46,0.01210928,0,0.46
2025-04-03 16:00:00,1,down,0.5479874,0.46,0.08798739,1,0.5479874
2025-04-03 17:00:00,1,up,0.5444203,0.46,0.08442029,1,0.5444203
2025-04-03 18:00:00,2,down,0.50474083,0.46,0.044740826,0,0.46
2025-04-03 19:00:00,2,up,0.504759,0.46,0.044759005,0,0.46
2025-04-03 20:00:00,2,up,0.43823984,0.46,0.021760166,0,0.46
2025-04-03 21:00:00,2,up,0.42518002,0.46,0.03481999,0,0.46
2025-04-03 22:00:00,2,up,0.40853614,0.46,0.051463872,0,0.46
2025-04-03 23:00:00,0,down,0.36170477,0.46,0.09829524,1,0.36170477
2025-04-04 00:00:00,2,down,0.42374045,0.46,0.03625956,0,0.46
2025-04-04 01:00:00,2,up,0.49639764,0.46,0.036397636,0,0.46
2025-04-04 02:00:00,2,down,0.5290704,0.46,0.06907037,0,0.46
2025-04-04 03:00:00,2,down,0.47079763,0.46,0.01079762,0,0.46
2025-04-04 04:00:00,2,up,0.4917234,0.46,0.03172338,0,0.46
2025-04-04 05:00:00,0,down,0.38866743,0.46,0.071332574,1,0.38866743
2025-04-04 06:00:00,2,up,0.48479038,0.46,0.024790376,0,0.46
2025-04-04 07:00:00,2,up,0.43704566,0.46,0.022954345,0,0.46
2025-04-04 08:00:00,2,up,0.47560662,0.46,0.015606612,0,0.46
2025-04-04 09:00:00,0,down,0.3690711,0.46,0.09092891,1,0.3690711
2025-04-04 10:00:00,2,up,0.48443475,0.46,0.024434745,0,0.46
2025-04-04 11:00:00,2,up,0.415101,0.46,0.044899017,0,0.46
2025-04-04 12:00:00,2,up,0.49367926,0.46,0.033679247,0,0.46
2025-04-04 13:00:00,2,down,0.42215768,0.46,0.037842333,0,0.46
2025-04-04 14:00:00,2,up,0.4912059,0.46,0.031205893,0,0.46
2025-04-04 15:00:00,2,up,0.49260744,0.46,0.032607436,0,0.46
2025-04-04 16:00:00,2,up,0.4460442,0.46,0.013955802,0,0.46
2025-04-04 17:00:00,2,down,0.429051,0.46,0.030948997,0,0.46
2025-04-04 18:00:00,2,up,0.4975822,0.46,0.03758219,0,0.46
2025-04-04 19:00:00,2,up,0.4415329,0.46,0.018467098,0,0.46
2025-04-04 20:00:00,2,up,0.3987203,0.46,0.061279714,0,0.46
2025-04-04 21:00:00,2,down,0.41926742,0.46,0.040732592,0,0.46
2025-04-04 22:00:00,2,down,0.48457816,0.46,0.024578154,0,0.46
2025-04-04 23:00:00,2,down,0.4376284,0.46,0.02237162,0,0.46
2025-04-05 00:00:00,2,up,0.46696565,0.46,0.006965637,0,0.46
2025-04-05 01:00:00,2,down,0.5082626,0.46,0.048262566,0,0.46
2025-04-05 02:00:00,2,down,0.43360782,0.46,0.026392192,0,0.46
2025-04-05 03:00:00,2,up,0.5048156,0.46,0.04481557,0,0.46
2025-04-05 04:00:00,2,up,0.5149039,0.46,0.054903895,0,0.46
2025-04-05 05:00:00,2,down,0.4878349,0.46,0.027834892,0,0.46
2025-04-05 06:00:00,2,up,0.5124812,0.46,0.052481204,0,0.46
2025-04-05 07:00:00,2,down,0.48490095,0.46,0.024900943,0,0.46
2025-04-05 08:00:00,2,up,0.4993558,0.46,0.039355785,0,0.46
2025-04-05 09:00:00,2,down,0.40228173,0.46,0.057718277,0,0.46
2025-04-05 10:00:00,2,down,0.45848367,0.46,0.0015163422,0,0.46
2025-04-05 11:00:00,2,down,0.5285043,0.46,0.0685043,0,0.46
2025-04-05 12:00:00,2,down,0.4785275,0.46,0.018527478,0,0.46
2025-04-05 13:00:00,2,up,0.50367653,0.46,0.043676525,0,0.46
2025-04-05 14:00:00,2,down,0.5030405,0.46,0.043040484,0,0.46
2025-04-05 15:00:00,2,up,0.4976786,0.46,0.0376786,0,0.46
2025-04-05 16:00:00,1,up,0.58777684,0.46,0.12777683,1,0.58777684
2025-04-05 17:00:00,1,up,0.56308967,0.46,0.10308966,1,0.56308967
2025-04-05 18:00:00,2,down,0.47943494,0.46,0.019434929,0,0.46
2025-04-05 19:00:00,2,up,0.4724295,0.46,0.012429506,0,0.46
2025-04-05 20:00:00,2,down,0.42309242,0.46,0.036907583,0,0.46
2025-04-05 21:00:00,2,up,0.5293852,0.46,0.0693852,0,0.46
2025-04-05 22:00:00,2,up,0.41735256,0.46,0.04264745,0,0.46
2025-04-05 23:00:00,2,down,0.39886567,0.46,0.06113434,0,0.46
2025-04-06 00:00:00,2,down,0.4095196,0.46,0.050480396,0,0.46
2025-04-06 01:00:00,2,down,0.44680247,0.46,0.013197541,0,0.46
2025-04-06 02:00:00,2,up,0.49246168,0.46,0.032461673,0,0.46
2025-04-06 03:00:00,2,up,0.4488694,0.46,0.011130601,0,0.46
2025-04-06 04:00:00,0,down,0.3847779,0.46,0.075222105,1,0.3847779
2025-04-06 05:00:00,2,down,0.41104314,0.46,0.04895687,0,0.46
2025-04-06 06:00:00,1,down,0.5440214,0.46,0.08402142,1,0.5440214
2025-04-06 07:00:00,1,up,0.5999044,0.46,0.13990441,1,0.5999044
2025-04-06 08:00:00,2,up,0.46509713,0.46,0.005097121,0,0.46
2025-04-06 09:00:00,1,down,0.5348057,0.46,0.07480571,1,0.5348057
2025-04-06 10:00:00,1,down,0.5412477,0.46,0.08124772,1,0.5412477
2025-04-06 11:00:00,2,down,0.50920326,0.46,0.049203247,0,0.46
2025-04-06 12:00:00,1,down,0.56282884,0.46,0.10282883,1,0.56282884
2025-04-06 13:00:00,1,up,0.5706724,0.46,0.110672385,1,0.5706724
2025-04-06 14:00:00,2,down,0.4758672,0.46,0.015867203,0,0.46
2025-04-06 15:00:00,2,down,0.5020356,0.46,0.04203561,0,0.46
2025-04-06 16:00:00,1,down,0.5736588,0.46,0.113658816,1,0.5736588
2025-04-06 17:00:00,2,down,0.51406646,0.46,0.05406645,0,0.46
2025-04-06 18:00:00,2,up,0.5127107,0.46,0.052710682,0,0.46
2025-04-06 19:00:00,2,down,0.49893665,0.46,0.038936645,0,0.46
2025-04-06 20:00:00,1,up,0.5502904,0.46,0.0902904,1,0.5502904
2025-04-06 21:00:00,2,down,0.51572543,0.46,0.055725425,0,0.46
2025-04-06 22:00:00,1,up,0.53717476,0.46,0.07717475,1,0.53717476
2025-04-06 23:00:00,2,down,0.4484981,0.46,0.011501908,0,0.46
2025-04-07 00:00:00,2,up,0.4543699,0.46,0.0056301057,0,0.46
2025-04-07 01:00:00,2,down,0.4538235,0.46,0.0061765015,0,0.46
2025-04-07 02:00:00,1,down,0.54777205,0.46,0.08777204,1,0.54777205
2025-04-07 03:00:00,1,down,0.5306022,0.46,0.07060221,1,0.5306022
2025-04-07 04:00:00,1,down,0.54169226,0.46,0.08169225,1,0.54169226
2025-04-07 05:00:00,1,down,0.5528942,0.46,0.09289417,1,0.5528942
2025-04-07 06:00:00,1,up,0.5634372,0.46,0.103437215,1,0.5634372
2025-04-07 07:00:00,2,up,0.41900742,0.46,0.040992588,0,0.46
2025-04-07 08:00:00,1,up,0.53544104,0.46,0.07544103,1,0.53544104
2025-04-07 09:00:00,2,up,0.47218955,0.46,0.012189537,0,0.46
2025-04-07 10:00:00,2,down,0.4635673,0.46,0.0035672784,0,0.46
2025-04-07 11:00:00,2,up,0.4430631,0.46,0.016936898,0,0.46
2025-04-07 12:00:00,2,up,0.42238727,0.46,0.037612736,0,0.46
2025-04-07 13:00:00,2,up,0.45729846,0.46,0.0027015507,0,0.46
2025-04-07 14:00:00,2,down,0.47788513,0.46,0.017885119,0,0.46
2025-04-07 15:00:00,2,down,0.4874819,0.46,0.027481884,0,0.46
2025-04-07 16:00:00,1,up,0.5300329,0.46,0.070032865,1,0.5300329
2025-04-07 17:00:00,2,down,0.4201622,0.46,0.039837807,0,0.46
2025-04-07 18:00:00,2,down,0.47433046,0.46,0.014330447,0,0.46
2025-04-07 19:00:00,2,up,0.47312775,0.46,0.013127744,0,0.46
2025-04-07 20:00:00,2,up,0.45440632,0.46,0.0055936873,0,0.46
2025-04-07 21:00:00,2,up,0.4211854,0.46,0.038814604,0,0.46
2025-04-07 22:00:00,2,down,0.41012356,0.46,0.04987645,0,0.46
2025-04-07 23:00:00,2,down,0.4783416,0.46,0.0183416,0,0.46
2025-04-08 00:00:00,2,up,0.5060959,0.46,0.046095878,0,0.46
2025-04-08 01:00:00,2,down,0.42273134,0.46,0.03726867,0,0.46
2025-04-08 02:00:00,2,down,0.5088137,0.46,0.04881367,0,0.46
2025-04-08 03:00:00,2,up,0.44543475,0.46,0.014565259,0,0.46
2025-04-08 04:00:00,2,down,0.41903618,0.46,0.04096383,0,0.46
2025-04-08 05:00:00,2,down,0.4454727,0.46,0.014527321,0,0.46
2025-04-08 06:00:00,2,up,0.51414853,0.46,0.054148525,0,0.46
2025-04-08 07:00:00,2,down,0.50232697,0.46,0.042326957,0,0.46
2025-04-08 08:00:00,2,down,0.5149609,0.46,0.054960877,0,0.46
2025-04-08 09:00:00,2,up,0.5248875,0.46,0.064887494,0,0.46
2025-04-08 10:00:00,1,up,0.54521734,0.46,0.08521733,1,0.54521734
2025-04-08 11:00:00,2,down,0.40009966,0.46,0.059900343,0,0.46
2025-04-08 12:00:00,2,up,0.41381726,0.46,0.04618275,0,0.46
2025-04-08 13:00:00,2,down,0.41370237,0.46,0.04629764,0,0.46
2025-04-08 14:00:00,1,up,0.59488183,0.46,0.13488182,1,0.59488183
2025-04-08 15:00:00,2,down,0.50984585,0.46,0.049845845,0,0.46
2025-04-08 16:00:00,1,down,0.6315804,0.46,0.1715804,1,0.6315804
2025-04-08 17:00:00,2,down,0.4543949,0.46,0.0056051016,0,0.46
2025-04-08 18:00:00,1,down,0.58879244,0.46,0.12879243,1,0.58879244
2025-04-08 19:00:00,2,up,0.49590507,0.46,0.035905063,0,0.46
2025-04-08 20:00:00,2,down,0.51409,0.46,0.054089993,0,0.46
2025-04-08 21:00:00,1,down,0.5402062,0.46,0.080206186,1,0.5402062
2025-04-08 22:00:00,2,down,0.5086916,0.46,0.0486916,0,0.46
2025-04-08 23:00:00,1,up,0.5951409,0.46,0.13514087,1,0.5951409
2025-04-09 00:00:00,2,down,0.52859044,0.46,0.06859043,0,0.46
2025-04-09 01:00:00,2,down,0.45042592,0.46,0.0095740855,0,0.46
2025-04-09 02:00:00,2,down,0.50951594,0.46,0.049515933,0,0.46
2025-04-09 03:00:00,1,up,0.5850852,0.46,0.1250852,1,0.5850852
2025-04-09 04:00:00,2,up,0.5198596,0.46,0.059859604,0,0.46
2025-04-09 05:00:00,2,up,0.4270982,0.46,0.032901794,0,0.46
2025-04-09 06:00:00,2,up,0.48867923,0.46,0.028679222,0,0.46
2025-04-09 07:00:00,2,down,0.46082523,0.46,0.0008252263,0,0.46
2025-04-09 08:00:00,2,up,0.4493424,0.46,0.0106576085,0,0.46
2025-04-09 09:00:00,0,down,0.37765545,0.46,0.08234456,1,0.37765545
2025-04-09 10:00:00,2,down,0.47407588,0.46,0.014075875,0,0.46
2025-04-09 11:00:00,2,up,0.5104741,0.46,0.050474077,0,0.46
2025-04-09 12:00:00,2,up,0.51321477,0.46,0.05321476,0,0.46
2025-04-09 13:00:00,2,down,0.45315066,0.46,0.0068493485,0,0.46
2025-04-09 14:00:00,2,up,0.52758133,0.46,0.067581326,0,0.46
2025-04-09 15:00:00,2,up,0.47096923,0.46,0.010969222,0,0.46
2025-04-09 16:00:00,0,up,0.3819373,0.46,0.07806271,1,0.3819373
2025-04-09 17:00:00,2,down,0.5187339,0.46,0.05873391,0,0.46
2025-04-09 18:00:00,1,up,0.54120433,0.46,0.081204325,1,0.54120433
2025-04-09 19:00:00,2,up,0.42343688,0.46,0.03656313,0,0.46
2025-04-09 20:00:00,2,up,0.4047216,0.46,0.05527842,0,0.46
2025-04-09 21:00:00,2,down,0.44025555,0.46,0.019744456,0,0.46
2025-04-09 22:00:00,2,down,0.5124149,0.46,0.052414864,0,0.46
2025-04-09 23:00:00,1,down,0.5488951,0.46,0.08889511,1,0.5488951
2025-04-10 00:00:00,1,down,0.55425,0.46,0.09424999,1,0.55425
2025-04-10 01:00:00,1,down,0.59120435,0.46,0.13120434,1,0.59120435
2025-04-10 02:00:00,1,down,0.5978575,0.46,0.13785747,1,0.5978575
2025-04-10 03:00:00,2,up,0.5164447,0.46,0.056444675,0,0.46
2025-04-10 04:00:00,2,up,0.4302791,0.46,0.029720902,0,0.46
2025-04-10 05:00:00,2,down,0.4260674,0.46,0.033932596,0,0.46
2025-04-10 06:00:00,2,down,0.39797056,0.46,0.06202945,0,0.46
2025-04-10 07:00:00,2,down,0.49555105,0.46,0.03555104,0,0.46
2025-04-10 08:00:00,2,up,0.4639809,0.46,0.003980905,0,0.46
2025-04-10 09:00:00,2,down,0.44623014,0.46,0.013769865,0,0.46
2025-04-10 10:00:00,2,up,0.4759549,0.46,0.015954882,0,0.46
2025-04-10 11:00:00,0,down,0.3778235,0.46,0.08217651,1,0.3778235
2025-04-10 12:00:00,2,down,0.45180008,0.46,0.00819993,0,0.46
2025-04-10 13:00:00,2,up,0.5153432,0.46,0.05534318,0,0.46
2025-04-10 14:00:00,2,down,0.48375338,0.46,0.023753375,0,0.46
2025-04-10 15:00:00,2,up,0.51545715,0.46,0.055457145,0,0.46
2025-04-10 16:00:00,2,down,0.50010926,0.46,0.040109247,0,0.46
2025-04-10 17:00:00,2,up,0.5029089,0.46,0.042908877,0,0.46
2025-04-10 18:00:00,1,up,0.57541406,0.46,0.11541405,1,0.57541406
2025-04-10 19:00:00,1,up,0.56470776,0.46,0.10470775,1,0.56470776
2025-04-10 20:00:00,2,down,0.43042544,0.46,0.029574573,0,0.46
2025-04-10 21:00:00,2,down,0.5128023,0.46,0.052802294,0,0.46
2025-04-10 22:00:00,2,down,0.48267913,0.46,0.02267912,0,0.46
2025-04-10 23:00:00,2,down,0.5146257,0.46,0.05462572,0,0.46
2025-04-11 00:00:00,2,up,0.5132384,0.46,0.053238362,0,0.46
2025-04-11 01:00:00,2,down,0.4242909,0.46,0.035709113,0,0.46
2025-04-11 02:00:00,2,up,0.45764396,0.46,0.0023560524,0,0.46
2025-04-11 03:00:00,0,up,0.38752708,0.46,0.07247293,1,0.38752708
2025-04-11 04:00:00,2,down,0.41329494,0.46,0.046705067,0,0.46
2025-04-11 05:00:00,0,up,0.35615695,0.46,0.10384306,1,0.35615695
2025-04-11 06:00:00,2,up,0.42015678,0.46,0.03984323,0,0.46
2025-04-11 07:00:00,0,up,0.36614642,0.46,0.09385359,1,0.36614642
2025-04-11 08:00:00,2,up,0.40354696,0.46,0.05645305,0,0.46
2025-04-11 09:00:00,0,up,0.37389886,0.46,0.086101145,1,0.37389886
2025-04-11 10:00:00,2,down,0.41723594,0.46,0.042764068,0,0.46
2025-04-11 11:00:00,2,down,0.51232874,0.46,0.052328736,0,0.46
2025-04-11 12:00:00,2,up,0.47255173,0.46,0.012551725,0,0.46
2025-04-11 13:00:00,2,down,0.4200817,0.46,0.039918303,0,0.46
2025-04-11 14:00:00,2,up,0.478852,0.46,0.018851995,0,0.46
2025-04-11 15:00:00,2,up,0.42305785,0.46,0.036942154,0,0.46
2025-04-11 16:00:00,2,up,0.41011417,0.46,0.04988584,0,0.46
2025-04-11 17:00:00,2,down,0.40706474,0.46,0.052935272,0,0.46
2025-04-11 18:00:00,2,up,0.45945737,0.46,0.0005426407,0,0.46
2025-04-11 19:00:00,0,down,0.35029003,0.46,0.10970998,1,0.35029003
2025-04-11 20:00:00,2,down,0.45437792,0.46,0.005622089,0,0.46
2025-04-11 21:00:00,2,down,0.47751614,0.46,0.017516136,0,0.46
2025-04-11 22:00:00,2,up,0.4660663,0.46,0.0060662925,0,0.46
2025-04-11 23:00:00,2,down,0.42507446,0.46,0.03492555,0,0.46
2025-04-12 00:00:00,2,down,0.4594212,0.46,0.0005788207,0,0.46
2025-04-12 01:00:00,2,down,0.50026,0.46,0.040259987,0,0.46
2025-04-12 02:00:00,1,up,0.58763844,0.46,0.12763843,1,0.58763844
2025-04-12 03:00:00,2,up,0.4765254,0.46,0.016525388,0,0.46
2025-04-12 04:00:00,2,up,0.45347062,0.46,0.006529391,0,0.46
2025-04-12 05:00:00,2,up,0.4551695,0.46,0.0048305094,0,0.46
2025-04-12 06:00:00,2,up,0.4193821,0.46,0.040617913,0,0.46
2025-04-12 07:00:00,0,down,0.3377593,0.46,0.12224072,1,0.3377593
2025-04-12 08:00:00,2,down,0.4306702,0.46,0.029329807,0,0.46
2025-04-12 09:00:00,2,down,0.39419958,0.46,0.06580043,0,0.46
2025-04-12 10:00:00,2,up,0.45040047,0.46,0.009599537,0,0.46
2025-04-12 11:00:00,2,up,0.45466337,0.46,0.0053366423,0,0.46
2025-04-12 12:00:00,0,up,0.34860137,0.46,0.11139864,1,0.34860137
2025-04-12 13:00:00,2,up,0.3964906,0.46,0.063509405,0,0.46
2025-04-12 14:00:00,2,up,0.47524756,0.46,0.015247554,0,0.46
2025-04-12 15:00:00,2,down,0.48367178,0.46,0.023671776,0,0.46
2025-04-12 16:00:00,2,up,0.47160152,0.46,0.011601508,0,0.46
2025-04-12 17:00:00,0,up,0.38249508,0.46,0.07750493,1,0.38249508
2025-04-12 18:00:00,0,down,0.33797967,0.46,0.122020334,1,0.33797967
2025-04-12 19:00:00,2,up,0.424106,0.46,0.035894006,0,0.46
2025-04-12 20:00:00,2,down,0.41708317,0.46,0.042916834,0,0.46
2025-04-12 21:00:00,2,down,0.4203261,0.46,0.039673895,0,0.46
2025-04-12 22:00:00,2,down,0.453807,0.46,0.006193012,0,0.46
2025-04-12 23:00:00,2,up,0.46741295,0.46,0.0074129403,0,0.46
2025-04-13 00:00:00,0,down,0.36894202,0.46,0.091057986,1,0.36894202
2025-04-13 01:00:00,2,up,0.52730167,0.46,0.06730166,0,0.46
2025-04-13 02:00:00,2,up,0.40358937,0.46,0.05641064,0,0.46
2025-04-13 03:00:00,2,down,0.47311452,0.46,0.013114512,0,0.46
2025-04-13 04:00:00,1,down,0.54859793,0.46,0.08859792,1,0.54859793
2025-04-13 05:00:00,1,up,0.55645657,0.46,0.09645656,1,0.55645657
2025-04-13 06:00:00,1,down,0.53761184,0.46,0.077611834,1,0.53761184
2025-04-13 07:00:00,1,up,0.62335443,0.46,0.16335443,1,0.62335443
2025-04-13 08:00:00,2,up,0.41542682,0.46,0.044573188,0,0.46
2025-04-13 09:00:00,0,down,0.3767912,0.46,0.0832088,1,0.3767912
2025-04-13 10:00:00,2,down,0.47449142,0.46,0.014491409,0,0.46
2025-04-13 11:00:00,2,down,0.4832182,0.46,0.023218185,0,0.46
2025-04-13 12:00:00,2,down,0.5002365,0.46,0.040236503,0,0.46
2025-04-13 13:00:00,1,up,0.5460252,0.46,0.08602521,1,0.5460252
2025-04-13 14:00:00,2,down,0.50519043,0.46,0.045190424,0,0.46
2025-04-13 15:00:00,1,up,0.54218525,0.46,0.08218524,1,0.54218525
2025-04-13 16:00:00,1,up,0.5575096,0.46,0.09750959,1,0.5575096
2025-04-13 17:00:00,2,down,0.42694324,0.46,0.033056766,0,0.46
2025-04-13 18:00:00,2,down,0.41108122,0.46,0.048918784,0,0.46
2025-04-13 19:00:00,2,down,0.475047,0.46,0.015046984,0,0.46
2025-04-13 20:00:00,2,up,0.4915695,0.46,0.03156948,0,0.46
2025-04-13 21:00:00,1,down,0.53277725,0.46,0.07277724,1,0.53277725
2025-04-13 22:00:00,1,up,0.55726403,0.46,0.09726402,1,0.55726403
2025-04-13 23:00:00,2,up,0.48222008,0.46,0.022220075,0,0.46
2025-04-14 00:00:00,2,down,0.4784467,0.46,0.018446684,0,0.46
2025-04-14 01:00:00,2,up,0.45607284,0.46,0.003927171,0,0.46
2025-04-14 02:00:00,2,down,0.45844522,0.46,0.0015547872,0,0.46
2025-04-14 03:00:00,2,up,0.50307107,0.46,0.04307106,0,0.46
2025-04-14 04:00:00,2,down,0.45349395,0.46,0.0065060556,0,0.46
2025-04-14 05:00:00,2,up,0.4688747,0.46,0.008874685,0,0.46
2025-04-14 06:00:00,0,down,0.38579342,0.46,0.07420659,1,0.38579342
2025-04-14 07:00:00,2,up,0.5040721,0.46,0.04407212,0,0.46
2025-04-14 08:00:00,2,down,0.43337926,0.46,0.026620746,0,0.46
2025-04-14 09:00:00,2,up,0.5131363,0.46,0.05313632,0,0.46
2025-04-14 10:00:00,2,up,0.40711614,0.46,0.052883863,0,0.46
2025-04-14 11:00:00,0,up,0.36555147,0.46,0.09444854,1,0.36555147
2025-04-14 12:00:00,0,down,0.35447085,0.46,0.10552916,1,0.35447085
2025-04-14 13:00:00,2,up,0.5082307,0.46,0.048230678,0,0.46
2025-04-14 14:00:00,2,down,0.4654283,0.46,0.0054282844,0,0.46
2025-04-14 15:00:00,2,up,0.50501096,0.46,0.045010954,0,0.46
2025-04-14 16:00:00,2,up,0.5004114,0.46,0.040411383,0,0.46
2025-04-14 17:00:00,2,up,0.46591657,0.46,0.0059165657,0,0.46
2025-04-14 18:00:00,0,down,0.3789497,0.46,0.08105031,1,0.3789497
2025-04-14 19:00:00,2,down,0.4702107,0.46,0.010210693,0,0.46
2025-04-14 20:00:00,2,down,0.40449077,0.46,0.05550924,0,0.46
2025-04-14 21:00:00,2,down,0.4720948,0.46,0.012094796,0,0.46
2025-04-14 22:00:00,2,up,0.517533,0.46,0.057532996,0,0.46
2025-04-14 23:00:00,2,up,0.5216576,0.46,0.061657578,0,0.46
2025-04-15 00:00:00,2,up,0.40381363,0.46,0.056186378,0,0.46
2025-04-15 01:00:00,0,up,0.3778495,0.46,0.08215052,1,0.3778495
2025-04-15 02:00:00,0,up,0.36449286,0.46,0.095507145,1,0.36449286
2025-04-15 03:00:00,0,up,0.33559453,0.46,0.12440547,1,0.33559453
2025-04-15 04:00:00,0,up,0.3452194,0.46,0.114780605,1,0.3452194
2025-04-15 05:00:00,2,down,0.4506777,0.46,0.009322315,0,0.46
2025-04-15 06:00:00,2,up,0.43555507,0.46,0.024444938,0,0.46
2025-04-15 07:00:00,0,up,0.37212616,0.46,0.08787385,1,0.37212616
2025-04-15 08:00:00,0,up,0.37740234,0.46,0.08259767,1,0.37740234
2025-04-15 09:00:00,0,down,0.33349308,0.46,0.12650692,1,0.33349308
2025-04-15 10:00:00,2,down,0.4601661,0.46,0.00016608834,0,0.46
2025-04-15 11:00:00,2,up,0.43054748,0.46,0.029452533,0,0.46
2025-04-15 12:00:00,0,down,0.38256353,0.46,0.07743648,1,0.38256353
2025-04-15 13:00:00,2,down,0.500364,0.46,0.040363997,0,0.46
2025-04-15 14:00:00,2,down,0.5175454,0.46,0.057545394,0,0.46
2025-04-15 15:00:00,2,down,0.5281013,0.46,0.06810132,0,0.46
2025-04-15 16:00:00,1,down,0.57821506,0.46,0.118215054,1,0.57821506
2025-04-15 17:00:00,1,down,0.58754057,0.46,0.12754056,1,0.58754057
2025-04-15 18:00:00,1,down,0.59512997,0.46,0.13512996,1,0.59512997
2025-04-15 19:00:00,1,up,0.5737518,0.46,0.1137518,1,0.5737518
2025-04-15 20:00:00,1,up,0.5436401,0.46,0.08364007,1,0.5436401
2025-04-15 21:00:00,2,down,0.50783956,0.46,0.047839552,0,0.46
2025-04-15 22:00:00,1,down,0.5488691,0.46,0.088869065,1,0.5488691
2025-04-15 23:00:00,1,down,0.59054214,0.46,0.13054213,1,0.59054214
2025-04-16 00:00:00,1,up,0.62847316,0.46,0.16847315,1,0.62847316
2025-04-16 01:00:00,2,up,0.48479003,0.46,0.024790019,0,0.46
2025-04-16 02:00:00,2,down,0.4305969,0.46,0.02940312,0,0.46
2025-04-16 03:00:00,1,down,0.5349505,0.46,0.07495049,1,0.5349505
2025-04-16 04:00:00,2,down,0.51298565,0.46,0.05298564,0,0.46
2025-04-16 05:00:00,1,up,0.5337861,0.46,0.07378611,1,0.5337861
2025-04-16 06:00:00,2,down,0.49981636,0.46,0.03981635,0,0.46
2025-04-16 07:00:00,2,up,0.5265331,0.46,0.06653312,0,0.46
2025-04-16 08:00:00,2,down,0.46684018,0.46,0.0068401694,0,0.46
2025-04-16 09:00:00,1,up,0.54822767,0.46,0.08822766,1,0.54822767
2025-04-16 10:00:00,2,up,0.41853908,0.46,0.04146093,0,0.46
2025-04-16 11:00:00,2,down,0.39737198,0.46,0.06262803,0,0.46
2025-04-16 12:00:00,2,down,0.47534633,0.46,0.0153463185,0,0.46
2025-04-16 13:00:00,2,up,0.50904256,0.46,0.049042553,0,0.46
2025-04-16 14:00:00,2,up,0.43671247,0.46,0.023287535,0,0.46
2025-04-16 15:00:00,2,up,0.4788945,0.46,0.018894494,0,0.46
2025-04-16 16:00:00,0,down,0.38508916,0.46,0.07491085,1,0.38508916
2025-04-16 17:00:00,1,up,0.5332718,0.46,0.07327178,1,0.5332718
2025-04-16 18:00:00,2,up,0.4914832,0.46,0.031483203,0,0.46
2025-04-16 19:00:00,2,down,0.50059855,0.46,0.04059854,0,0.46
2025-04-16 20:00:00,2,up,0.47906065,0.46,0.019060642,0,0.46
2025-04-16 21:00:00,2,down,0.41183898,0.46,0.04816103,0,0.46
2025-04-16 22:00:00,2,down,0.40746313,0.46,0.052536875,0,0.46
2025-04-16 23:00:00,2,up,0.5050096,0.46,0.045009583,0,0.46
2025-04-17 00:00:00,2,up,0.44436488,0.46,0.015635133,0,0.46
2025-04-17 01:00:00,2,down,0.47417992,0.46,0.014179915,0,0.46
2025-04-17 02:00:00,2,down,0.48614547,0.46,0.026145458,0,0.46
2025-04-17 03:00:00,2,up,0.48893973,0.46,0.028939724,0,0.46
2025-04-17 04:00:00,2,up,0.45180026,0.46,0.008199751,0,0.46
2025-04-17 05:00:00,2,up,0.39031428,0.46,0.06968573,0,0.46
2025-04-17 06:00:00,0,down,0.36473083,0.46,0.09526917,1,0.36473083
2025-04-17 07:00:00,2,down,0.42762262,0.46,0.032377392,0,0.46
2025-04-17 08:00:00,2,up,0.42198867,0.46,0.038011342,0,0.46
2025-04-17 09:00:00,2,down,0.45674735,0.46,0.0032526553,0,0.46
2025-04-17 10:00:00,2,up,0.47004324,0.46,0.010043234,0,0.46
2025-04-17 11:00:00,2,up,0.43633235,0.46,0.023667663,0,0.46
2025-04-17 12:00:00,2,down,0.39347196,0.46,0.06652805,0,0.46
2025-04-17 13:00:00,2,down,0.43554,0.46,0.024460018,0,0.46
2025-04-17 14:00:00,2,up,0.4734072,0.46,0.013407201,0,0.46
2025-04-17 15:00:00,2,up,0.46858743,0.46,0.00858742,0,0.46
2025-04-17 16:00:00,2,up,0.39627442,0.46,0.06372559,0,0.46
2025-04-17 17:00:00,0,down,0.36729455,0.46,0.09270546,1,0.36729455
2025-04-17 18:00:00,2,down,0.47791734,0.46,0.017917335,0,0.46
2025-04-17 19:00:00,2,up,0.44584996,0.46,0.014150053,0,0.46
2025-04-17 20:00:00,0,down,0.3886324,0.46,0.07136762,1,0.3886324
2025-04-17 21:00:00,0,down,0.37635472,0.46,0.083645284,1,0.37635472
2025-04-17 22:00:00,1,up,0.5578506,0.46,0.09785059,1,0.5578506
2025-04-17 23:00:00,2,down,0.4620234,0.46,0.0020233989,0,0.46
2025-04-18 00:00:00,2,up,0.48353451,0.46,0.023534507,0,0.46
2025-04-18 01:00:00,2,down,0.5037719,0.46,0.043771893,0,0.46
2025-04-18 02:00:00,2,down,0.48894823,0.46,0.028948218,0,0.46
2025-04-18 03:00:00,2,down,0.47952193,0.46,0.019521922,0,0.46
2025-04-18 04:00:00,2,up,0.49885356,0.46,0.038853556,0,0.46
2025-04-18 05:00:00,2,down,0.43115735,0.46,0.028842658,0,0.46
2025-04-18 06:00:00,2,down,0.5156938,0.46,0.055693775,0,0.46
2025-04-18 07:00:00,2,down,0.47031432,0.46,0.010314316,0,0.46
2025-04-18 08:00:00,2,down,0.50922203,0.46,0.049222022,0,0.46
2025-04-18 09:00:00,1,down,0.5304555,0.46,0.07045552,1,0.5304555
2025-04-18 10:00:00,2,up,0.5258957,0.46,0.06589571,0,0.46
2025-04-18 11:00:00,2,down,0.46294758,0.46,0.002947569,0,0.46
2025-04-18 12:00:00,2,down,0.482119,0.46,0.022118986,0,0.46
2025-04-18 13:00:00,2,up,0.4922254,0.46,0.0322254,0,0.46
2025-04-18 14:00:00,2,down,0.47320044,0.46,0.013200432,0,0.46
2025-04-18 15:00:00,2,up,0.5258884,0.46,0.065888375,0,0.46
2025-04-18 16:00:00,2,up,0.51549876,0.46,0.05549875,0,0.46
2025-04-18 17:00:00,2,up,0.50212854,0.46,0.042128533,0,0.46
2025-04-18 18:00:00,2,down,0.4600942,0.46,9.420514e-05,0,0.46
2025-04-18 19:00:00,2,down,0.5107267,0.46,0.050726682,0,0.46
2025-04-18 20:00:00,2,up,0.506679,0.46,0.04667899,0,0.46
2025-04-18 21:00:00,2,down,0.5029474,0.46,0.04294738,0,0.46
2025-04-18 22:00:00,2,down,0.50118506,0.46,0.04118505,0,0.46
2025-04-18 23:00:00,2,down,0.523737,0.46,0.063737005,0,0.46
2025-04-19 00:00:00,2,up,0.5142343,0.46,0.054234296,0,0.46
2025-04-19 01:00:00,2,up,0.49395683,0.46,0.033956826,0,0.46
2025-04-19 02:00:00,0,up,0.36131334,0.46,0.098686665,1,0.36131334
2025-04-19 03:00:00,2,up,0.4396852,0.46,0.020314813,0,0.46
2025-04-19 04:00:00,2,up,0.44415396,0.46,0.015846044,0,0.46
2025-04-19 05:00:00,2,down,0.45463654,0.46,0.0053634644,0,0.46
2025-04-19 06:00:00,2,up,0.5198341,0.46,0.059834093,0,0.46
2025-04-19 07:00:00,0,up,0.37848508,0.46,0.081514925,1,0.37848508
2025-04-19 08:00:00,0,up,0.38351136,0.46,0.076488644,1,0.38351136
2025-04-19 09:00:00,2,down,0.41972178,0.46,0.040278226,0,0.46
2025-04-19 10:00:00,2,down,0.45222756,0.46,0.0077724457,0,0.46
2025-04-19 11:00:00,2,up,0.45655045,0.46,0.0034495592,0,0.46
2025-04-19 12:00:00,2,up,0.42645237,0.46,0.03354764,0,0.46
2025-04-19 13:00:00,0,down,0.35946956,0.46,0.100530446,1,0.35946956
2025-04-19 14:00:00,2,down,0.46742764,0.46,0.007427633,0,0.46
2025-04-19 15:00:00,2,down,0.4887647,0.46,0.028764695,0,0.46
2025-04-19 16:00:00,2,up,0.5072262,0.46,0.04722622,0,0.46
2025-04-19 17:00:00,2,down,0.42026678,0.46,0.03973323,0,0.46
2025-04-19 18:00:00,1,down,0.56232154,0.46,0.102321535,1,0.56232154
2025-04-19 19:00:00,1,up,0.53870577,0.46,0.07870576,1,0.53870577
2025-04-19 20:00:00,2,up,0.48162964,0.46,0.021629632,0,0.46
2025-04-19 21:00:00,0,down,0.386409,0.46,0.073590994,1,0.386409
2025-04-19 22:00:00,2,down,0.4765321,0.46,0.016532093,0,0.46
2025-04-19 23:00:00,1,up,0.56618196,0.46,0.10618195,1,0.56618196
2025-04-20 00:00:00,2,up,0.45809639,0.46,0.0019036233,0,0.46
2025-04-20 01:00:00,2,down,0.39044833,0.46,0.06955168,0,0.46
2025-04-20 02:00:00,2,down,0.5077364,0.46,0.047736377,0,0.46
2025-04-20 03:00:00,2,up,0.48755065,0.46,0.027550638,0,0.46
2025-04-20 04:00:00,2,down,0.46578816,0.46,0.0057881474,0,0.46
2025-04-20 05:00:00,1,down,0.57170945,0.46,0.111709446,1,0.57170945
2025-04-20 06:00:00,2,down,0.52611697,0.46,0.06611696,0,0.46
2025-04-20 07:00:00,2,down,0.5105184,0.46,0.050518364,0,0.46
2025-04-20 08:00:00,1,down,0.59282756,0.46,0.13282755,1,0.59282756
2025-04-20 09:00:00,2,down,0.4844501,0.46,0.024450094,0,0.46
2025-04-20 10:00:00,1,down,0.5328469,0.46,0.07284692,1,0.5328469
2025-04-20 11:00:00,1,up,0.5564458,0.46,0.09644577,1,0.5564458
2025-04-20 12:00:00,2,down,0.4971992,0.46,0.0371992,0,0.46
2025-04-20 13:00:00,2,up,0.5082182,0.46,0.04821822,0,0.46
2025-04-20 14:00:00,2,down,0.41212225,0.46,0.04787776,0,0.46
2025-04-20 15:00:00,1,up,0.53936476,0.46,0.07936475,1,0.53936476
2025-04-20 16:00:00,2,down,0.39039668,0.46,0.069603324,0,0.46
2025-04-20 17:00:00,2,down,0.46144432,0.46,0.00144431,0,0.46
2025-04-20 18:00:00,2,up,0.4259031,0.46,0.034096897,0,0.46
2025-04-20 19:00:00,2,up,0.4454242,0.46,0.014575809,0,0.46
2025-04-20 20:00:00,2,down,0.401404,0.46,0.058596015,0,0.46
2025-04-20 21:00:00,2,down,0.42488956,0.46,0.035110444,0,0.46
2025-04-20 22:00:00,2,up,0.44421163,0.46,0.015788376,0,0.46
2025-04-20 23:00:00,2,up,0.40330815,0.46,0.056691855,0,0.46
2025-04-21 00:00:00,1,up,0.5301147,0.46,0.0701147,1,0.5301147
2025-04-21 01:00:00,2,up,0.41990346,0.46,0.04009655,0,0.46
2025-04-21 02:00:00,2,down,0.49691546,0.46,0.03691545,0,0.46
2025-04-21 03:00:00,2,up,0.49347082,0.46,0.03347081,0,0.46
2025-04-21 04:00:00,2,up,0.3959536,0.46,0.06404641,0,0.46
2025-04-21 05:00:00,0,down,0.37112966,0.46,0.08887035,1,0.37112966
2025-04-21 06:00:00,2,down,0.43351105,0.46,0.02648896,0,0.46
2025-04-21 07:00:00,2,up,0.44580716,0.46,0.014192849,0,0.46
2025-04-21 08:00:00,2,down,0.4232386,0.46,0.036761403,0,0.46
2025-04-21 09:00:00,2,down,0.48013678,0.46,0.020136774,0,0.46
2025-04-21 10:00:00,2,down,0.49076253,0.46,0.030762523,0,0.46
2025-04-21 11:00:00,2,up,0.52359533,0.46,0.063595325,0,0.46
2025-04-21 12:00:00,1,down,0.6108009,0.46,0.15080091,1,0.6108009
2025-04-21 13:00:00,1,up,0.5360243,0.46,0.076024264,1,0.5360243
2025-04-21 14:00:00,2,down,0.45317107,0.46,0.006828934,0,0.46
2025-04-21 15:00:00,2,down,0.4397917,0.46,0.0202083,0,0.46
2025-04-21 16:00:00,2,down,0.5000169,0.46,0.04001692,0,0.46
2025-04-21 17:00:00,1,down,0.5422264,0.46,0.082226366,1,0.5422264
2025-04-21 18:00:00,1,up,0.5487708,0.46,0.08877078,1,0.5487708
2025-04-21 19:00:00,2,down,0.43664795,0.46,0.023352057,0,0.46
2025-04-21 20:00:00,2,down,0.4330071,0.46,0.026992917,0,0.46
2025-04-21 21:00:00,2,down,0.398913,0.46,0.061087012,0,0.46
2025-04-21 22:00:00,2,up,0.42456913,0.46,0.03543088,0,0.46
2025-04-21 23:00:00,2,up,0.40087396,0.46,0.05912605,0,0.46
2025-04-22 00:00:00,0,up,0.36681616,0.46,0.093183845,1,0.36681616
2025-04-22 01:00:00,2,down,0.45703664,0.46,0.0029633641,0,0.46
2025-04-22 02:00:00,2,down,0.43742743,0.46,0.022572577,0,0.46
2025-04-22 03:00:00,0,down,0.33736327,0.46,0.122636735,1,0.33736327
2025-04-22 04:00:00,2,up,0.46234813,0.46,0.002348125,0,0.46
2025-04-22 05:00:00,0,down,0.34158826,0.46,0.11841175,1,0.34158826
2025-04-22 06:00:00,2,up,0.4050665,0.46,0.05493352,0,0.46
2025-04-22 07:00:00,0,down,0.34070626,0.46,0.11929375,1,0.34070626
2025-04-22 08:00:00,2,up,0.4324343,0.46,0.027565718,0,0.46
2025-04-22 09:00:00,0,down,0.3654635,0.46,0.09453651,1,0.3654635
2025-04-22 10:00:00,2,up,0.39725462,0.46,0.06274539,0,0.46
2025-04-22 11:00:00,2,up,0.4054593,0.46,0.054540694,0,0.46
2025-04-22 12:00:00,0,up,0.36424237,0.46,0.09575763,1,0.36424237
2025-04-22 13:00:00,2,up,0.4679339,0.46,0.007933885,0,0.46
2025-04-22 14:00:00,2,up,0.39796737,0.46,0.06203264,0,0.46
2025-04-22 15:00:00,2,down,0.43641797,0.46,0.023582041,0,0.46
2025-04-22 16:00:00,2,up,0.45213553,0.46,0.007864475,0,0.46
2025-04-22 17:00:00,0,up,0.36988366,0.46,0.09011635,1,0.36988366
2025-04-22 18:00:00,0,down,0.38300613,0.46,0.07699388,1,0.38300613
2025-04-22 19:00:00,0,down,0.36993718,0.46,0.09006283,1,0.36993718
2025-04-22 20:00:00,2,up,0.48370335,0.46,0.023703337,0,0.46
2025-04-22 21:00:00,1,down,0.5312598,0.46,0.07125977,1,0.5312598
2025-04-22 22:00:00,2,up,0.5053568,0.46,0.04535678,0,0.46
2025-04-22 23:00:00,2,down,0.4979453,0.46,0.0379453,0,0.46
2025-04-23 00:00:00,1,down,0.5967223,0.46,0.1367223,1,0.5967223
2025-04-23 01:00:00,1,up,0.552787,0.46,0.092787,1,0.552787
2025-04-23 02:00:00,1,up,0.54527795,0.46,0.085277945,1,0.54527795
2025-04-23 03:00:00,2,up,0.39600858,0.46,0.06399143,0,0.46
2025-04-23 04:00:00,2,down,0.41951343,0.46,0.040486574,0,0.46
2025-04-23 05:00:00,2,up,0.39895466,0.46,0.06104535,0,0.46
2025-04-23 06:00:00,2,up,0.42416742,0.46,0.035832584,0,0.46
2025-04-23 07:00:00,0,up,0.37458143,0.46,0.08541858,1,0.37458143
2025-04-23 08:00:00,0,down,0.3878597,0.46,0.072140306,1,0.3878597
2025-04-23 09:00:00,2,down,0.461215,0.46,0.0012149811,0,0.46
2025-04-23 10:00:00,2,down,0.42925292,0.46,0.030747086,0,0.46
2025-04-23 11:00:00,2,up,0.46546814,0.46,0.00546813,0,0.46
2025-04-23 12:00:00,2,down,0.43064368,0.46,0.02935633,0,0.46
2025-04-23 13:00:00,1,down,0.6175163,0.46,0.15751627,1,0.6175163
2025-04-23 14:00:00,1,up,0.5826531,0.46,0.1226531,1,0.5826531
2025-04-23 15:00:00,2,up,0.41254932,0.46,0.04745069,0,0.46
2025-04-23 16:00:00,0,up,0.37255475,0.46,0.08744526,1,0.37255475
2025-04-23 17:00:00,0,down,0.36644733,0.46,0.09355268,1,0.36644733
2025-04-23 18:00:00,2,down,0.48474786,0.46,0.024747849,0,0.46
2025-04-23 19:00:00,2,up,0.3991933,0.46,0.06080672,0,0.46
2025-04-23 20:00:00,2,down,0.47296587,0.46,0.012965858,0,0.46
2025-04-23 21:00:00,2,up,0.47120696,0.46,0.011206955,0,0.46
2025-04-23 22:00:00,0,down,0.37570232,0.46,0.08429769,1,0.37570232
2025-04-23 23:00:00,2,down,0.41371587,0.46,0.04628414,0,0.46
2025-04-24 00:00:00,2,up,0.47203216,0.46,0.012032151,0,0.46
2025-04-24 01:00:00,2,down,0.44166216,0.46,0.018337846,0,0.46
2025-04-24 02:00:00,2,down,0.51977944,0.46,0.059779435,0,0.46
2025-04-24 03:00:00,1,up,0.5982134,0.46,0.13821337,1,0.5982134
2025-04-24 04:00:00,2,down,0.44269425,0.46,0.017305762,0,0.46
2025-04-24 05:00:00,1,down,0.58227295,0.46,0.12227294,1,0.58227295
2025-04-24 06:00:00,1,down,0.54507315,0.46,0.08507314,1,0.54507315
2025-04-24 07:00:00,1,down,0.5918817,0.46,0.13188168,1,0.5918817
2025-04-24 08:00:00,2,up,0.51936656,0.46,0.059366554,0,0.46
2025-04-24 09:00:00,2,up,0.4816079,0.46,0.021607906,0,0.46
2025-04-24 10:00:00,2,up,0.4849098,0.46,0.024909794,0,0.46
2025-04-24 11:00:00,2,up,0.40655103,0.46,0.053448975,0,0.46
2025-04-24 12:00:00,0,up,0.38725972,0.46,0.07274029,1,0.38725972
2025-04-24 13:00:00,2,up,0.41241595,0.46,0.047584057,0,0.46
2025-04-24 14:00:00,2,up,0.42470008,0.46,0.035299927,0,0.46
2025-04-24 15:00:00,2,up,0.4273868,0.46,0.032613218,0,0.46
2025-04-24 16:00:00,2,down,0.42689934,0.46,0.033100665,0,0.46
2025-04-24 17:00:00,2,up,0.4711735,0.46,0.011173487,0,0.46
2025-04-24 18:00:00,0,up,0.38530836,0.46,0.07469165,1,0.38530836
2025-04-24 19:00:00,0,down,0.33468774,0.46,0.12531227,1,0.33468774
2025-04-24 20:00:00,2,down,0.4243238,0.46,0.03567621,0,0.46
2025-04-24 21:00:00,2,up,0.43478522,0.46,0.025214791,0,0.46
2025-04-24 22:00:00,2,up,0.45568216,0.46,0.00431785,0,0.46
2025-04-24 23:00:00,0,down,0.388406,0.46,0.071594,1,0.388406
2025-04-25 00:00:00,0,down,0.35038525,0.46,0.10961476,1,0.35038525
2025-04-25 01:00:00,2,down,0.47439364,0.46,0.014393628,0,0.46
2025-04-25 02:00:00,1,up,0.532874,0.46,0.07287398,1,0.532874
2025-04-25 03:00:00,2,down,0.44368234,0.46,0.016317666,0,0.46
2025-04-25 04:00:00,1,up,0.6141824,0.46,0.1541824,1,0.6141824
2025-04-25 05:00:00,2,up,0.5194475,0.46,0.059447497,0,0.46
2025-04-25 06:00:00,2,up,0.4173594,0.46,0.042640597,0,0.46
2025-04-25 07:00:00,0,down,0.37113655,0.46,0.08886346,1,0.37113655
2025-04-25 08:00:00,2,up,0.44550788,0.46,0.014492124,0,0.46
2025-04-25 09:00:00,0,down,0.38454658,0.46,0.07545343,1,0.38454658
2025-04-25 10:00:00,2,up,0.46482378,0.46,0.004823774,0,0.46
2025-04-25 11:00:00,2,down,0.42676136,0.46,0.03323865,0,0.46
2025-04-25 12:00:00,2,down,0.46548232,0.46,0.005482316,0,0.46
2025-04-25 13:00:00,2,up,0.4139117,0.46,0.046088308,0,0.46
2025-04-25 14:00:00,2,down,0.46225896,0.46,0.0022589564,0,0.46
2025-04-25 15:00:00,2,up,0.49679676,0.46,0.03679675,0,0.46
2025-04-25 16:00:00,0,down,0.36524814,0.46,0.094751865,1,0.36524814
2025-04-25 17:00:00,1,up,0.5436823,0.46,0.08368227,1,0.5436823
2025-04-25 18:00:00,2,up,0.48013347,0.46,0.020133466,0,0.46
2025-04-25 19:00:00,0,down,0.37247312,0.46,0.08752689,1,0.37247312
2025-04-25 20:00:00,2,down,0.48978862,0.46,0.029788613,0,0.46
2025-04-25 21:00:00,2,up,0.5062295,0.46,0.04622951,0,0.46
2025-04-25 22:00:00,2,down,0.424257,0.46,0.035742998,0,0.46
2025-04-25 23:00:00,1,up,0.5305836,0.46,0.07058361,1,0.5305836
2025-04-26 00:00:00,2,up,0.40636906,0.46,0.053630948,0,0.46
2025-04-26 01:00:00,2,down,0.41823474,0.46,0.041765273,0,0.46
2025-04-26 02:00:00,2,down,0.39162245,0.46,0.068377554,0,0.46
2025-04-26 03:00:00,2,down,0.49615157,0.46,0.03615156,0,0.46
2025-04-26 04:00:00,1,up,0.53358734,0.46,0.07358733,1,0.53358734
2025-04-26 05:00:00,2,up,0.4829081,0.46,0.022908092,0,0.46
2025-04-26 06:00:00,2,down,0.52171296,0.46,0.06171295,0,0.46
2025-04-26 07:00:00,1,down,0.5365627,0.46,0.07656267,1,0.5365627
2025-04-26 08:00:00,2,down,0.5288215,0.46,0.06882152,0,0.46
2025-04-26 09:00:00,2,down,0.5179516,0.46,0.0579516,0,0.46
2025-04-26 10:00:00,1,down,0.56980795,0.46,0.10980794,1,0.56980795
2025-04-26 11:00:00,2,up,0.5078642,0.46,0.04786417,0,0.46
2025-04-26 12:00:00,2,down,0.5251921,0.46,0.06519207,0,0.46
2025-04-26 13:00:00,2,up,0.48173037,0.46,0.021730363,0,0.46
2025-04-26 14:00:00,2,up,0.45953706,0.46,0.00046294928,0,0.46
2025-04-26 15:00:00,2,down,0.42773724,0.46,0.032262772,0,0.46
2025-04-26 16:00:00,2,up,0.46672213,0.46,0.0067221224,0,0.46
2025-04-26 17:00:00,2,down,0.4951408,0.46,0.035140783,0,0.46
2025-04-26 18:00:00,2,up,0.5297808,0.46,0.0697808,0,0.46
2025-04-26 19:00:00,2,down,0.48167628,0.46,0.021676272,0,0.46
2025-04-26 20:00:00,1,up,0.59991825,0.46,0.13991824,1,0.59991825
2025-04-26 21:00:00,2,up,0.43621546,0.46,0.023784548,0,0.46
2025-04-26 22:00:00,0,down,0.37800822,0.46,0.08199179,1,0.37800822
2025-04-26 23:00:00,2,up,0.45307744,0.46,0.006922573,0,0.46
2025-04-27 00:00:00,0,down,0.37336978,0.46,0.086630225,1,0.37336978
2025-04-27 01:00:00,2,up,0.48356482,0.46,0.023564816,0,0.46
2025-04-27 02:00:00,2,down,0.416806,0.46,0.043193996,0,0.46
2025-04-27 03:00:00,1,down,0.5555011,0.46,0.095501095,1,0.5555011
2025-04-27 04:00:00,1,down,0.58458483,0.46,0.124584824,1,0.58458483
2025-04-27 05:00:00,2,up,0.5212434,0.46,0.061243385,0,0.46
2025-04-27 06:00:00,2,up,0.5101967,0.46,0.050196677,0,0.46
2025-04-27 07:00:00,2,up,0.49802834,0.46,0.03802833,0,0.46
2025-04-27 08:00:00,2,down,0.47109464,0.46,0.01109463,0,0.46
2025-04-27 09:00:00,2,down,0.49449483,0.46,0.034494817,0,0.46
2025-04-27 10:00:00,2,down,0.4997219,0.46,0.039721906,0,0.46
2025-04-27 11:00:00,1,down,0.5451745,0.46,0.08517447,1,0.5451745
2025-04-27 12:00:00,1,up,0.56616676,0.46,0.10616675,1,0.56616676
2025-04-27 13:00:00,2,down,0.46662098,0.46,0.0066209733,0,0.46
2025-04-27 14:00:00,2,down,0.49750212,0.46,0.03750211,0,0.46
2025-04-27 15:00:00,2,down,0.49587187,0.46,0.035871863,0,0.46
2025-04-27 16:00:00,2,up,0.5132324,0.46,0.0532324,0,0.46
2025-04-27 17:00:00,2,up,0.4422672,0.46,0.017732799,0,0.46
2025-04-27 18:00:00,0,up,0.37511328,0.46,0.08488673,1,0.37511328
2025-04-27 19:00:00,0,down,0.35696268,0.46,0.10303733,1,0.35696268
2025-04-27 20:00:00,2,up,0.51429605,0.46,0.054296046,0,0.46
2025-04-27 21:00:00,2,down,0.41192812,0.46,0.04807189,0,0.46
2025-04-27 22:00:00,2,down,0.4879618,0.46,0.02796179,0,0.46
2025-04-27 23:00:00,1,down,0.54003704,0.46,0.08003703,1,0.54003704
2025-04-28 00:00:00,1,down,0.56378967,0.46,0.10378966,1,0.56378967
2025-04-28 01:00:00,1,up,0.5669979,0.46,0.10699788,1,0.5669979
2025-04-28 02:00:00,2,up,0.45046383,0.46,0.009536177,0,0.46
2025-04-28 03:00:00,2,up,0.4595019,0.46,0.000498116,0,0.46
2025-04-28 04:00:00,2,up,0.4665229,0.46,0.006522894,0,0.46
2025-04-28 05:00:00,0,up,0.381396,0.46,0.07860401,1,0.381396
2025-04-28 06:00:00,0,up,0.37471333,0.46,0.08528668,1,0.37471333
2025-04-28 07:00:00,2,up,0.42017806,0.46,0.039821953,0,0.46
2025-04-28 08:00:00,2,up,0.42155376,0.46,0.038446248,0,0.46
2025-04-28 09:00:00,2,up,0.44435018,0.46,0.015649825,0,0.46
2025-04-28 10:00:00,0,up,0.3875857,0.46,0.07241431,1,0.3875857
2025-04-28 11:00:00,2,up,0.42553347,0.46,0.034466535,0,0.46
2025-04-28 12:00:00,2,down,0.42888877,0.46,0.03111124,0,0.46
2025-04-28 13:00:00,1,up,0.5430103,0.46,0.083010286,1,0.5430103
2025-04-28 14:00:00,2,down,0.48559427,0.46,0.025594264,0,0.46
2025-04-28 15:00:00,1,down,0.5549069,0.46,0.0949069,1,0.5549069
2025-04-28 16:00:00,1,up,0.576053,0.46,0.116053015,1,0.576053
2025-04-28 17:00:00,2,up,0.48354214,0.46,0.023542136,0,0.46
2025-04-28 18:00:00,2,up,0.4536141,0.46,0.0063859224,0,0.46
2025-04-28 19:00:00,0,down,0.3872623,0.46,0.072737694,1,0.3872623
2025-04-28 20:00:00,2,up,0.4508324,0.46,0.009167612,0,0.46
2025-04-28 21:00:00,2,up,0.40012962,0.46,0.059870392,0,0.46
2025-04-28 22:00:00,2,up,0.39372653,0.46,0.06627348,0,0.46
2025-04-28 23:00:00,0,up,0.38814422,0.46,0.07185578,1,0.38814422
2025-04-29 00:00:00,0,down,0.37238628,0.46,0.08761373,1,0.37238628
2025-04-29 01:00:00,2,down,0.4357806,0.46,0.024219394,0,0.46
2025-04-29 02:00:00,2,up,0.45108908,0.46,0.008910924,0,0.46
2025-04-29 03:00:00,2,down,0.4630769,0.46,0.0030768812,0,0.46
2025-04-29 04:00:00,2,down,0.52763385,0.46,0.06763384,0,0.46
2025-04-29 05:00:00,2,up,0.49442405,0.46,0.034424037,0,0.46
2025-04-29 06:00:00,2,up,0.40713003,0.46,0.052869976,0,0.46
2025-04-29 07:00:00,0,up,0.36606583,0.46,0.09393418,1,0.36606583
2025-04-29 08:00:00,0,down,0.3685681,0.46,0.091431916,1,0.3685681
2025-04-29 09:00:00,2,down,0.3944051,0.46,0.06559491,0,0.46
2025-04-29 10:00:00,2,up,0.47182113,0.46,0.011821121,0,0.46
2025-04-29 11:00:00,0,down,0.38733396,0.46,0.07266605,1,0.38733396
2025-04-29 12:00:00,2,down,0.46928173,0.46,0.009281725,0,0.46
2025-04-29 13:00:00,2,up,0.4581109,0.46,0.0018891096,0,0.46
2025-04-29 14:00:00,2,down,0.42060778,0.46,0.039392233,0,0.46
2025-04-29 15:00:00,2,up,0.43243155,0.46,0.02756846,0,0.46
2025-04-29 16:00:00,2,up,0.44500822,0.46,0.01499179,0,0.46
2025-04-29 17:00:00,0,up,0.38398546,0.46,0.07601455,1,0.38398546
2025-04-29 18:00:00,0,down,0.351621,0.46,0.10837901,1,0.351621
2025-04-29 19:00:00,2,down,0.42078528,0.46,0.03921473,0,0.46
2025-04-29 20:00:00,2,down,0.51651317,0.46,0.05651316,0,0.46
2025-04-29 21:00:00,2,down,0.48455912,0.46,0.02455911,0,0.46
2025-04-29 22:00:00,1,up,0.5551044,0.46,0.09510437,1,0.5551044
2025-04-29 23:00:00,2,up,0.45704085,0.46,0.002959162,0,0.46
2025-04-30 00:00:00,2,down,0.47577006,0.46,0.015770048,0,0.46
2025-04-30 01:00:00,2,up,0.49441698,0.46,0.034416974,0,0.46
2025-04-30 02:00:00,2,up,0.49092394,0.46,0.030923933,0,0.46
2025-04-30 03:00:00,2,up,0.39421174,0.46,0.06578827,0,0.46
2025-04-30 04:00:00,2,down,0.40786478,0.46,0.05213523,0,0.46
2025-04-30 05:00:00,2,down,0.46665257,0.46,0.006652564,0,0.46
2025-04-30 06:00:00,1,down,0.53089905,0.46,0.07089904,1,0.53089905
2025-04-30 07:00:00,2,up,0.46678114,0.46,0.006781131,0,0.46
2025-04-30 08:00:00,2,up,0.5148927,0.46,0.05489269,0,0.46
2025-04-30 09:00:00,0,down,0.38275728,0.46,0.07724273,1,0.38275728
2025-04-30 10:00:00,2,up,0.4250173,0.46,0.03498271,0,0.46
2025-04-30 11:00:00,0,down,0.35359636,0.46,0.10640365,1,0.35359636
2025-04-30 12:00:00,2,down,0.4823193,0.46,0.022319287,0,0.46
2025-04-30 13:00:00,1,up,0.60036695,0.46,0.14036694,1,0.60036695
2025-04-30 14:00:00,2,up,0.5039669,0.46,0.04396692,0,0.46
2025-04-30 15:00:00,2,down,0.46097818,0.46,0.0009781718,0,0.46
2025-04-30 16:00:00,2,up,0.51196057,0.46,0.051960558,0,0.46
2025-04-30 17:00:00,2,down,0.4734657,0.46,0.0134657025,0,0.46
2025-04-30 18:00:00,2,up,0.4945663,0.46,0.034566283,0,0.46
2025-04-30 19:00:00,2,up,0.45049772,0.46,0.009502292,0,0.46
2025-04-30 20:00:00,2,down,0.40547758,0.46,0.054522425,0,0.46
2025-04-30 21:00:00,2,down,0.44636738,0.46,0.013632625,0,0.46
2025-04-30 22:00:00,2,up,0.50214076,0.46,0.042140752,0,0.46
2025-04-30 23:00:00,2,up,0.49278533,0.46,0.032785326,0,0.46
2025-05-01 00:00:00,2,up,0.42672205,0.46,0.03327796,0,0.46
2025-05-01 01:00:00,2,up,0.40606046,0.46,0.05393955,0,0.46
2025-05-01 02:00:00,0,down,0.37060472,0.46,0.089395285,1,0.37060472
2025-05-01 03:00:00,2,up,0.4325882,0.46,0.027411819,0,0.46
2025-05-01 04:00:00,0,up,0.34738365,0.46,0.11261636,1,0.34738365
2025-05-01 05:00:00,0,down,0.3543543,0.46,0.105645716,1,0.3543543
2025-05-01 06:00:00,2,up,0.4584888,0.46,0.0015112162,0,0.46
2025-05-01 07:00:00,2,up,0.39134285,0.46,0.06865716,0,0.46
2025-05-01 08:00:00,0,up,0.37151882,0.46,0.08848119,1,0.37151882
2025-05-01 09:00:00,2,up,0.41697147,0.46,0.043028533,0,0.46
2025-05-01 10:00:00,2,up,0.3998439,0.46,0.060156107,0,0.46
2025-05-01 11:00:00,0,up,0.3493901,0.46,0.11060992,1,0.3493901
2025-05-01 12:00:00,0,down,0.35727516,0.46,0.10272485,1,0.35727516
2025-05-01 13:00:00,2,up,0.48588184,0.46,0.025881827,0,0.46
2025-05-01 14:00:00,2,up,0.41434008,0.46,0.04565993,0,0.46
2025-05-01 15:00:00,2,up,0.4799419,0.46,0.019941896,0,0.46
2025-05-01 16:00:00,2,down,0.4715805,0.46,0.011580497,0,0.46
2025-05-01 17:00:00,2,up,0.46007732,0.46,7.7307224e-05,0,0.46
2025-05-01 18:00:00,2,down,0.3907893,0.46,0.06921071,0,0.46
2025-05-01 19:00:00,2,down,0.49919224,0.46,0.03919223,0,0.46
2025-05-01 20:00:00,1,up,0.57174724,0.46,0.111747235,1,0.57174724
2025-05-01 21:00:00,1,down,0.5632145,0.46,0.10321447,1,0.5632145
2025-05-01 22:00:00,1,up,0.5958578,0.46,0.13585779,1,0.5958578
2025-05-01 23:00:00,2,up,0.40644607,0.46,0.05355394,0,0.46
2025-05-02 00:00:00,0,down,0.34986785,0.46,0.11013216,1,0.34986785
2025-05-02 01:00:00,0,down,0.3867849,0.46,0.0732151,1,0.3867849
2025-05-02 02:00:00,0,up,0.37609535,0.46,0.083904654,1,0.37609535
2025-05-02 03:00:00,2,down,0.40985915,0.46,0.050140858,0,0.46
2025-05-02 04:00:00,2,down,0.42123434,0.46,0.03876567,0,0.46
2025-05-02 05:00:00,2,up,0.48900804,0.46,0.02900803,0,0.46
2025-05-02 06:00:00,2,down,0.4878605,0.46,0.027860492,0,0.46
2025-05-02 07:00:00,1,up,0.564461,0.46,0.104460984,1,0.564461
2025-05-02 08:00:00,2,down,0.44460344,0.46,0.015396565,0,0.46
2025-05-02 09:00:00,2,up,0.5149292,0.46,0.054929167,0,0.46
2025-05-02 10:00:00,2,up,0.4091184,0.46,0.050881594,0,0.46
2025-05-02 11:00:00,2,up,0.48449633,0.46,0.024496317,0,0.46
2025-05-02 12:00:00,0,down,0.3692893,0.46,0.0907107,1,0.3692893
2025-05-02 13:00:00,2,up,0.46337944,0.46,0.0033794343,0,0.46
2025-05-02 14:00:00,2,down,0.40970722,0.46,0.05029279,0,0.46
2025-05-02 15:00:00,2,up,0.47563806,0.46,0.015638053,0,0.46
2025-05-02 16:00:00,2,up,0.47872224,0.46,0.018722236,0,0.46
2025-05-02 17:00:00,2,down,0.3968131,0.46,0.063186914,0,0.46
2025-05-02 18:00:00,2,down,0.5215886,0.46,0.061588615,0,0.46
2025-05-02 19:00:00,2,up,0.5176611,0.46,0.057661086,0,0.46
2025-05-02 20:00:00,2,down,0.5017193,0.46,0.041719288,0,0.46
2025-05-02 21:00:00,1,down,0.5374164,0.46,0.07741639,1,0.5374164
2025-05-02 22:00:00,1,up,0.54933923,0.46,0.08933923,1,0.54933923
2025-05-02 23:00:00,2,down,0.4391739,0.46,0.020826101,0,0.46
2025-05-03 00:00:00,2,down,0.5166237,0.46,0.056623667,0,0.46
2025-05-03 01:00:00,1,up,0.58154255,0.46,0.12154254,1,0.58154255
2025-05-03 02:00:00,1,down,0.56070006,0.46,0.10070005,1,0.56070006
2025-05-03 03:00:00,1,up,0.56813335,0.46,0.108133346,1,0.56813335
2025-05-03 04:00:00,2,down,0.5200255,0.46,0.060025483,0,0.46
2025-05-03 05:00:00,1,down,0.6060914,0.46,0.14609137,1,0.6060914
2025-05-03 06:00:00,1,up,0.56237185,0.46,0.10237184,1,0.56237185
2025-05-03 07:00:00,2,down,0.52771354,0.46,0.06771353,0,0.46
2025-05-03 08:00:00,2,down,0.51838344,0.46,0.058383435,0,0.46
2025-05-03 09:00:00,2,down,0.50574595,0.46,0.04574594,0,0.46
2025-05-03 10:00:00,1,up,0.549047,0.46,0.089046985,1,0.549047
2025-05-03 11:00:00,1,up,0.5625294,0.46,0.10252938,1,0.5625294
2025-05-03 12:00:00,2,up,0.4975465,0.46,0.037546486,0,0.46
2025-05-03 13:00:00,2,up,0.4451588,0.46,0.014841199,0,0.46
2025-05-03 14:00:00,2,up,0.43296963,0.46,0.027030379,0,0.46
2025-05-03 15:00:00,2,down,0.45059258,0.46,0.009407431,0,0.46
2025-05-03 16:00:00,2,down,0.5092706,0.46,0.0492706,0,0.46
2025-05-03 17:00:00,2,down,0.49147525,0.46,0.031475246,0,0.46
2025-05-03 18:00:00,1,up,0.54899657,0.46,0.08899656,1,0.54899657
2025-05-03 19:00:00,2,down,0.46518156,0.46,0.005181551,0,0.46
2025-05-03 20:00:00,2,down,0.4811307,0.46,0.021130681,0,0.46
2025-05-03 21:00:00,2,down,0.46927497,0.46,0.00927496,0,0.46
2025-05-03 22:00:00,1,down,0.53493685,0.46,0.07493684,1,0.53493685
2025-05-03 23:00:00,2,up,0.51477575,0.46,0.054775745,0,0.46
2025-05-04 00:00:00,2,up,0.4744148,0.46,0.014414787,0,0.46
2025-05-04 01:00:00,2,down,0.43920574,0.46,0.020794272,0,0.46
2025-05-04 02:00:00,2,down,0.5023261,0.46,0.042326063,0,0.46
2025-05-04 03:00:00,1,up,0.5756031,0.46,0.11560312,1,0.5756031
2025-05-04 04:00:00,1,up,0.6018147,0.46,0.14181468,1,0.6018147
2025-05-04 05:00:00,2,down,0.426063,0.46,0.033937007,0,0.46
2025-05-04 06:00:00,2,down,0.49320075,0.46,0.03320074,0,0.46
2025-05-04 07:00:00,2,down,0.48437345,0.46,0.024373442,0,0.46
2025-05-04 08:00:00,1,down,0.53185344,0.46,0.07185343,1,0.53185344
2025-05-04 09:00:00,1,down,0.5509414,0.46,0.0909414,1,0.5509414
2025-05-04 10:00:00,1,up,0.5321586,0.46,0.072158605,1,0.5321586
2025-05-04 11:00:00,1,up,0.5790262,0.46,0.119026214,1,0.5790262
2025-05-04 12:00:00,1,down,0.5514122,0.46,0.09141222,1,0.5514122
2025-05-04 13:00:00,2,up,0.5099194,0.46,0.049919397,0,0.46
2025-05-04 14:00:00,2,down,0.4378998,0.46,0.02210021,0,0.46
2025-05-04 15:00:00,2,down,0.5160002,0.46,0.056000203,0,0.46
2025-05-04 16:00:00,2,up,0.5220821,0.46,0.062082082,0,0.46
2025-05-04 17:00:00,2,down,0.51716363,0.46,0.057163626,0,0.46
2025-05-04 18:00:00,1,up,0.5500715,0.46,0.09007147,1,0.5500715
2025-05-04 19:00:00,2,up,0.4480919,0.46,0.011908114,0,0.46
2025-05-04 20:00:00,2,down,0.43032387,0.46,0.02967614,0,0.46
2025-05-04 21:00:00,2,down,0.44057515,0.46,0.019424856,0,0.46
2025-05-04 22:00:00,2,down,0.4839105,0.46,0.023910493,0,0.46
2025-05-04 23:00:00,1,up,0.54751384,0.46,0.087513834,1,0.54751384
2025-05-05 00:00:00,2,down,0.44460034,0.46,0.015399665,0,0.46
2025-05-05 01:00:00,2,up,0.5286463,0.46,0.06864628,0,0.46
2025-05-05 02:00:00,2,down,0.4555487,0.46,0.0044513047,0,0.46
2025-05-05 03:00:00,1,up,0.5971629,0.46,0.1371629,1,0.5971629
2025-05-05 04:00:00,2,up,0.43892893,0.46,0.021071076,0,0.46
2025-05-05 05:00:00,2,up,0.4256101,0.46,0.034389913,0,0.46
2025-05-05 06:00:00,2,up,0.3953922,0.46,0.0646078,0,0.46
2025-05-05 07:00:00,2,down,0.40425915,0.46,0.055740863,0,0.46
2025-05-05 08:00:00,2,down,0.49892965,0.46,0.03892964,0,0.46
2025-05-05 09:00:00,2,down,0.49111825,0.46,0.031118244,0,0.46
2025-05-05 10:00:00,1,down,0.53019243,0.46,0.07019243,1,0.53019243
2025-05-05 11:00:00,2,up,0.519148,0.46,0.059147984,0,0.46
2025-05-05 12:00:00,2,down,0.45395032,0.46,0.0060496926,0,0.46
2025-05-05 13:00:00,2,down,0.4480224,0.46,0.011977613,0,0.46
2025-05-05 14:00:00,1,down,0.5632411,0.46,0.103241116,1,0.5632411
2025-05-05 15:00:00,2,up,0.52489275,0.46,0.06489274,0,0.46
2025-05-05 16:00:00,1,up,0.5338603,0.46,0.07386032,1,0.5338603
2025-05-05 17:00:00,2,up,0.43525487,0.46,0.024745136,0,0.46
2025-05-05 18:00:00,2,down,0.3916976,0.46,0.06830242,0,0.46
2025-05-05 19:00:00,2,down,0.4714624,0.46,0.01146239,0,0.46
2025-05-05 20:00:00,2,up,0.4722848,0.46,0.0122847855,0,0.46
2025-05-05 21:00:00,2,up,0.43681115,0.46,0.02318886,0,0.46
2025-05-05 22:00:00,0,down,0.38924196,0.46,0.070758045,1,0.38924196
2025-05-05 23:00:00,2,down,0.44698277,0.46,0.013017237,0,0.46
2025-05-06 00:00:00,2,down,0.46955666,0.46,0.009556651,0,0.46
2025-05-06 01:00:00,1,up,0.5731922,0.46,0.11319217,1,0.5731922
2025-05-06 02:00:00,2,up,0.4784478,0.46,0.018447787,0,0.46
2025-05-06 03:00:00,2,up,0.49161047,0.46,0.03161046,0,0.46
2025-05-06 04:00:00,2,down,0.4745165,0.46,0.014516503,0,0.46
2025-05-06 05:00:00,1,up,0.53009766,0.46,0.070097655,1,0.53009766
2025-05-06 06:00:00,2,down,0.49428484,0.46,0.03428483,0,0.46
2025-05-06 07:00:00,2,down,0.51449436,0.46,0.05449435,0,0.46
2025-05-06 08:00:00,2,down,0.4463769,0.46,0.013623118,0,0.46
2025-05-06 09:00:00,2,down,0.51824474,0.46,0.058244735,0,0.46
2025-05-06 10:00:00,2,down,0.5264205,0.46,0.066420466,0,0.46
2025-05-06 11:00:00,1,up,0.54370517,0.46,0.08370516,1,0.54370517
2025-05-06 12:00:00,2,down,0.5171591,0.46,0.057159096,0,0.46
2025-05-06 13:00:00,1,up,0.53527683,0.46,0.07527682,1,0.53527683
2025-05-06 14:00:00,2,up,0.52473354,0.46,0.064733535,0,0.46
2025-05-06 15:00:00,2,down,0.41654292,0.46,0.04345709,0,0.46
2025-05-06 16:00:00,2,up,0.47942808,0.46,0.019428074,0,0.46
2025-05-06 17:00:00,2,up,0.45991305,0.46,8.696318e-05,0,0.46
2025-05-06 18:00:00,0,down,0.38007963,0.46,0.07992038,1,0.38007963
2025-05-06 19:00:00,2,down,0.4269022,0.46,0.033097804,0,0.46
2025-05-06 20:00:00,2,up,0.45493647,0.46,0.005063534,0,0.46
2025-05-06 21:00:00,2,up,0.42815045,0.46,0.031849563,0,0.46
2025-05-06 22:00:00,2,up,0.4449917,0.46,0.015008301,0,0.46
2025-05-06 23:00:00,2,up,0.4054251,0.46,0.054574907,0,0.46
2025-05-07 00:00:00,2,down,0.43663523,0.46,0.023364782,0,0.46
2025-05-07 01:00:00,1,down,0.5379343,0.46,0.077934295,1,0.5379343
2025-05-07 02:00:00,1,down,0.5358201,0.46,0.07582012,1,0.5358201
2025-05-07 03:00:00,2,up,0.4723206,0.46,0.012320578,0,0.46
2025-05-07 04:00:00,2,down,0.47038504,0.46,0.0103850365,0,0.46
2025-05-07 05:00:00,2,up,0.52815264,0.46,0.06815264,0,0.46
2025-05-07 06:00:00,2,up,0.47938254,0.46,0.019382536,0,0.46
2025-05-07 07:00:00,0,up,0.360841,0.46,0.099159,1,0.360841
2025-05-07 08:00:00,0,down,0.3668626,0.46,0.09313741,1,0.3668626
2025-05-07 09:00:00,2,up,0.3970915,0.46,0.0629085,0,0.46
2025-05-07 10:00:00,0,up,0.384982,0.46,0.07501802,1,0.384982
2025-05-07 11:00:00,0,down,0.3891862,0.46,0.070813805,1,0.3891862
2025-05-07 12:00:00,2,up,0.45044237,0.46,0.009557635,0,0.46
2025-05-07 13:00:00,2,down,0.43065012,0.46,0.029349893,0,0.46
2025-05-07 14:00:00,2,down,0.46443456,0.46,0.004434556,0,0.46
2025-05-07 15:00:00,2,down,0.45037097,0.46,0.009629041,0,0.46
2025-05-07 16:00:00,2,down,0.42746067,0.46,0.032539338,0,0.46
2025-05-07 17:00:00,1,up,0.55289114,0.46,0.09289113,1,0.55289114
2025-05-07 18:00:00,2,down,0.46983948,0.46,0.009839475,0,0.46
2025-05-07 19:00:00,2,up,0.5179281,0.46,0.057928115,0,0.46
2025-05-07 20:00:00,2,up,0.4327451,0.46,0.02725491,0,0.46
2025-05-07 21:00:00,2,up,0.4100287,0.46,0.049971312,0,0.46
2025-05-07 22:00:00,0,down,0.35957307,0.46,0.10042694,1,0.35957307
2025-05-07 23:00:00,2,up,0.42948812,0.46,0.030511886,0,0.46
2025-05-08 00:00:00,2,up,0.39608377,0.46,0.063916236,0,0.46
2025-05-08 01:00:00,2,up,0.480057,0.46,0.020056993,0,0.46
2025-05-08 02:00:00,2,up,0.41534284,0.46,0.04465717,0,0.46
2025-05-08 03:00:00,2,down,0.41748202,0.46,0.04251799,0,0.46
2025-05-08 04:00:00,1,down,0.5316361,0.46,0.07163611,1,0.5316361
2025-05-08 05:00:00,2,up,0.46377754,0.46,0.0037775338,0,0.46
2025-05-08 06:00:00,0,up,0.37965837,0.46,0.08034164,1,0.37965837
2025-05-08 07:00:00,0,up,0.38614386,0.46,0.073856145,1,0.38614386
2025-05-08 08:00:00,0,up,0.35066438,0.46,0.10933563,1,0.35066438
2025-05-08 09:00:00,0,down,0.36036512,0.46,0.099634886,1,0.36036512
2025-05-08 10:00:00,2,down,0.40117678,0.46,0.058823228,0,0.46
2025-05-08 11:00:00,2,down,0.49606454,0.46,0.036064535,0,0.46
2025-05-08 12:00:00,2,up,0.5095723,0.46,0.04957232,0,0.46
2025-05-08 13:00:00,2,up,0.51792336,0.46,0.057923347,0,0.46
2025-05-08 14:00:00,2,up,0.51840824,0.46,0.05840823,0,0.46
2025-05-08 15:00:00,2,up,0.47110823,0.46,0.01110822,0,0.46
2025-05-08 16:00:00,2,down,0.39158905,0.46,0.06841096,0,0.46
2025-05-08 17:00:00,2,up,0.50425816,0.46,0.044258147,0,0.46
2025-05-08 18:00:00,0,down,0.3640389,0.46,0.095961094,1,0.3640389
2025-05-08 19:00:00,0,up,0.36042768,0.46,0.09957233,1,0.36042768
2025-05-08 20:00:00,2,up,0.44602847,0.46,0.013971537,0,0.46
2025-05-08 21:00:00,2,up,0.47042304,0.46,0.010423034,0,0.46
2025-05-08 22:00:00,2,up,0.4045038,0.46,0.055496216,0,0.46
2025-05-08 23:00:00,2,down,0.40271962,0.46,0.05728039,0,0.46
2025-05-09 00:00:00,2,up,0.47085366,0.46,0.010853648,0,0.46
2025-05-09 01:00:00,0,down,0.38062465,0.46,0.07937536,1,0.38062465
2025-05-09 02:00:00,2,down,0.5053328,0.46,0.04533282,0,0.46
2025-05-09 03:00:00,1,up,0.5431783,0.46,0.08317831,1,0.5431783
2025-05-09 04:00:00,2,up,0.43992603,0.46,0.02007398,0,0.46
2025-05-09 05:00:00,0,up,0.3884681,0.46,0.07153192,1,0.3884681
2025-05-09 06:00:00,0,up,0.3845381,0.46,0.075461894,1,0.3845381
2025-05-09 07:00:00,2,down,0.456672,0.46,0.0033279955,0,0.46
2025-05-09 08:00:00,2,down,0.4871002,0.46,0.027100205,0,0.46
2025-05-09 09:00:00,2,up,0.45901105,0.46,0.0009889603,0,0.46
2025-05-09 10:00:00,2,down,0.40275672,0.46,0.057243288,0,0.46
2025-05-09 11:00:00,2,down,0.45861673,0.46,0.0013832748,0,0.46
2025-05-09 12:00:00,1,up,0.5315329,0.46,0.071532875,1,0.5315329
2025-05-09 13:00:00,0,down,0.36829007,0.46,0.09170994,1,0.36829007
2025-05-09 14:00:00,2,down,0.40561604,0.46,0.054383963,0,0.46
2025-05-09 15:00:00,2,down,0.47275126,0.46,0.012751251,0,0.46
2025-05-09 16:00:00,1,up,0.5324084,0.46,0.07240841,1,0.5324084
2025-05-09 17:00:00,2,down,0.4080949,0.46,0.051905096,0,0.46
2025-05-09 18:00:00,2,up,0.41342133,0.46,0.046578676,0,0.46
2025-05-09 19:00:00,2,down,0.39292473,0.46,0.06707528,0,0.46
2025-05-09 20:00:00,2,down,0.44426447,0.46,0.015735537,0,0.46
2025-05-09 21:00:00,2,down,0.4513639,0.46,0.008636117,0,0.46
2025-05-09 22:00:00,2,up,0.51583976,0.46,0.055839747,0,0.46
2025-05-09 23:00:00,2,down,0.44003,0.46,0.01997,0,0.46
2025-05-10 00:00:00,2,up,0.46999896,0.46,0.009998947,0,0.46
2025-05-10 01:00:00,2,up,0.4633868,0.46,0.0033867955,0,0.46
2025-05-10 02:00:00,2,up,0.4095458,0.46,0.0504542,0,0.46
2025-05-10 03:00:00,0,down,0.37033436,0.46,0.08966565,1,0.37033436
2025-05-10 04:00:00,2,up,0.41851532,0.46,0.041484684,0,0.46
2025-05-10 05:00:00,0,up,0.33959043,0.46,0.12040958,1,0.33959043
2025-05-10 06:00:00,0,down,0.34830946,0.46,0.11169055,1,0.34830946
2025-05-10 07:00:00,2,down,0.40465897,0.46,0.055341035,0,0.46
2025-05-10 08:00:00,2,up,0.44624147,0.46,0.01375854,0,0.46
2025-05-10 09:00:00,0,down,0.38863087,0.46,0.07136914,1,0.38863087
2025-05-10 10:00:00,2,down,0.48852104,0.46,0.028521031,0,0.46
2025-05-10 11:00:00,2,up,0.52035266,0.46,0.060352653,0,0.46
2025-05-10 12:00:00,2,down,0.4147351,0.46,0.0452649,0,0.46
2025-05-10 13:00:00,2,down,0.44696382,0.46,0.013036191,0,0.46
2025-05-10 14:00:00,2,down,0.48047003,0.46,0.020470023,0,0.46
2025-05-10 15:00:00,1,up,0.5348582,0.46,0.07485822,1,0.5348582
2025-05-10 16:00:00,2,down,0.46426246,0.46,0.0042624474,0,0.46
2025-05-10 17:00:00,1,up,0.5934701,0.46,0.13347009,1,0.5934701
2025-05-10 18:00:00,2,down,0.45632127,0.46,0.003678739,0,0.46
2025-05-10 19:00:00,1,up,0.5387831,0.46,0.078783065,1,0.5387831
2025-05-10 20:00:00,2,up,0.5176226,0.46,0.05762258,0,0.46
2025-05-10 21:00:00,0,down,0.37757814,0.46,0.08242187,1,0.37757814
2025-05-10 22:00:00,2,up,0.46198758,0.46,0.0019875765,0,0.46
2025-05-10 23:00:00,2,down,0.48014888,0.46,0.020148873,0,0.46
2025-05-11 00:00:00,2,down,0.45345318,0.46,0.006546825,0,0.46
2025-05-11 01:00:00,2,down,0.44003192,0.46,0.019968092,0,0.46
2025-05-11 02:00:00,2,up,0.47433376,0.46,0.014333755,0,0.46
2025-05-11 03:00:00,2,up,0.45220837,0.46,0.0077916384,0,0.46
2025-05-11 04:00:00,2,down,0.50419974,0.46,0.044199735,0,0.46
2025-05-11 05:00:00,2,up,0.50167155,0.46,0.041671544,0,0.46
2025-05-11 06:00:00,2,down,0.46946794,0.46,0.00946793,0,0.46
2025-05-11 07:00:00,1,up,0.5616671,0.46,0.10166708,1,0.5616671
2025-05-11 08:00:00,2,up,0.50050527,0.46,0.04050526,0,0.46
2025-05-11 09:00:00,2,up,0.42633334,0.46,0.03366667,0,0.46
2025-05-11 10:00:00,0,up,0.35637352,0.46,0.10362649,1,0.35637352
2025-05-11 11:00:00,0,down,0.33580047,0.46,0.12419954,1,0.33580047
2025-05-11 12:00:00,2,down,0.44289637,0.46,0.017103642,0,0.46
2025-05-11 13:00:00,2,up,0.52430934,0.46,0.06430933,0,0.46
2025-05-11 14:00:00,2,down,0.4573951,0.46,0.0026049018,0,0.46
2025-05-11 15:00:00,2,down,0.5031487,0.46,0.043148667,0,0.46
2025-05-11 16:00:00,2,up,0.47638533,0.46,0.016385317,0,0.46
2025-05-11 17:00:00,2,up,0.4866569,0.46,0.026656896,0,0.46
2025-05-11 18:00:00,2,down,0.41771877,0.46,0.04228124,0,0.46
2025-05-11 19:00:00,2,down,0.4291284,0.46,0.0308716,0,0.46
2025-05-11 20:00:00,2,up,0.4584031,0.46,0.0015968978,0,0.46
2025-05-11 21:00:00,2,down,0.41783735,0.46,0.042162657,0,0.46
2025-05-11 22:00:00,2,up,0.50654286,0.46,0.046542853,0,0.46
2025-05-11 23:00:00,2,up,0.47031125,0.46,0.010311246,0,0.46
2025-05-12 00:00:00,2,down,0.39360732,0.46,0.06639269,0,0.46
2025-05-12 01:00:00,2,down,0.48758617,0.46,0.027586162,0,0.46
2025-05-12 02:00:00,2,up,0.5033753,0.46,0.043375283,0,0.46
2025-05-12 03:00:00,2,down,0.41017088,0.46,0.049829125,0,0.46
2025-05-12 04:00:00,2,down,0.46005708,0.46,5.7071447e-05,0,0.46
2025-05-12 05:00:00,2,up,0.50170416,0.46,0.041704148,0,0.46
2025-05-12 06:00:00,0,up,0.37697104,0.46,0.08302897,1,0.37697104
2025-05-12 07:00:00,2,up,0.44190443,0.46,0.018095583,0,0.46
2025-05-12 08:00:00,0,down,0.34224924,0.46,0.117750764,1,0.34224924
2025-05-12 09:00:00,2,up,0.4375819,0.46,0.022418112,0,0.46
2025-05-12 10:00:00,0,down,0.38034692,0.46,0.079653084,1,0.38034692
2025-05-12 11:00:00,2,up,0.4947412,0.46,0.034741193,0,0.46
2025-05-12 12:00:00,1,up,0.5396754,0.46,0.079675406,1,0.5396754
2025-05-12 13:00:00,2,down,0.48939386,0.46,0.029393852,0,0.46
2025-05-12 14:00:00,1,down,0.5426974,0.46,0.08269742,1,0.5426974
2025-05-12 15:00:00,1,up,0.6037871,0.46,0.14378712,1,0.6037871
2025-05-12 16:00:00,1,down,0.53206563,0.46,0.07206562,1,0.53206563
2025-05-12 17:00:00,1,down,0.6162042,0.46,0.1562042,1,0.6162042
2025-05-12 18:00:00,2,up,0.51102984,0.46,0.05102983,0,0.46
2025-05-12 19:00:00,1,up,0.54796034,0.46,0.08796033,1,0.54796034
2025-05-12 20:00:00,2,down,0.502496,0.46,0.042495996,0,0.46
2025-05-12 21:00:00,2,up,0.48898977,0.46,0.028989762,0,0.46
2025-05-12 22:00:00,2,down,0.45636052,0.46,0.0036394894,0,0.46
2025-05-12 23:00:00,1,down,0.54056627,0.46,0.08056626,1,0.54056627
2025-05-13 00:00:00,1,up,0.56367475,0.46,0.10367474,1,0.56367475
2025-05-13 01:00:00,1,down,0.5662438,0.46,0.10624382,1,0.5662438
2025-05-13 02:00:00,2,down,0.5053556,0.46,0.04535559,0,0.46
2025-05-13 03:00:00,2,up,0.51924515,0.46,0.05924514,0,0.46
2025-05-13 04:00:00,2,down,0.43633038,0.46,0.02366963,0,0.46
2025-05-13 05:00:00,2,up,0.4876893,0.46,0.027689278,0,0.46
2025-05-13 06:00:00,2,up,0.44987613,0.46,0.010123879,0,0.46
2025-05-13 07:00:00,2,up,0.52280337,0.46,0.06280336,0,0.46
2025-05-13 08:00:00,2,up,0.43421727,0.46,0.025782734,0,0.46
2025-05-13 09:00:00,2,up,0.3983518,0.46,0.06164822,0,0.46
2025-05-13 10:00:00,2,up,0.39113632,0.46,0.06886369,0,0.46
2025-05-13 11:00:00,0,down,0.373517,0.46,0.086483,1,0.373517
2025-05-13 12:00:00,2,up,0.4308399,0.46,0.029160112,0,0.46
2025-05-13 13:00:00,2,down,0.39960474,0.46,0.06039527,0,0.46
2025-05-13 14:00:00,2,up,0.46462297,0.46,0.004622966,0,0.46
2025-05-13 15:00:00,2,up,0.42421323,0.46,0.035786778,0,0.46
2025-05-13 16:00:00,2,up,0.45277247,0.46,0.00722754,0,0.46
2025-05-13 17:00:00,0,up,0.36754975,0.46,0.09245026,1,0.36754975
2025-05-13 18:00:00,0,up,0.3867399,0.46,0.0732601,1,0.3867399
2025-05-13 19:00:00,0,down,0.37526166,0.46,0.084738344,1,0.37526166
2025-05-13 20:00:00,2,down,0.4102276,0.46,0.04977241,0,0.46
2025-05-13 21:00:00,2,down,0.4093147,0.46,0.050685316,0,0.46
2025-05-13 22:00:00,2,down,0.47731507,0.46,0.01731506,0,0.46
2025-05-13 23:00:00,2,down,0.45235175,0.46,0.0076482594,0,0.46
2025-05-14 00:00:00,2,down,0.522572,0.46,0.06257197,0,0.46
2025-05-14 01:00:00,1,down,0.5537105,0.46,0.09371051,1,0.5537105
2025-05-14 02:00:00,2,down,0.48953933,0.46,0.029539317,0,0.46
2025-05-14 03:00:00,1,up,0.5418645,0.46,0.081864506,1,0.5418645
2025-05-14 04:00:00,2,up,0.5055705,0.46,0.045570463,0,0.46
2025-05-14 05:00:00,2,down,0.44804657,0.46,0.011953443,0,0.46
2025-05-14 06:00:00,2,down,0.46994135,0.46,0.0099413395,0,0.46
2025-05-14 07:00:00,2,down,0.42206994,0.46,0.03793007,0,0.46
2025-05-14 08:00:00,1,up,0.6217911,0.46,0.16179112,1,0.6217911
2025-05-14 09:00:00,2,up,0.44360164,0.46,0.01639837,0,0.46
2025-05-14 10:00:00,2,up,0.4784395,0.46,0.018439502,0,0.46
2025-05-14 11:00:00,2,up,0.41392553,0.46,0.04607448,0,0.46
2025-05-14 12:00:00,2,down,0.44450936,0.46,0.015490651,0,0.46
2025-05-14 13:00:00,2,down,0.4259748,0.46,0.034025222,0,0.46
2025-05-14 14:00:00,2,up,0.49486262,0.46,0.034862608,0,0.46
2025-05-14 15:00:00,2,down,0.44118407,0.46,0.018815935,0,0.46
2025-05-14 16:00:00,2,down,0.5166853,0.46,0.0566853,0,0.46
2025-05-14 17:00:00,2,up,0.4740817,0.46,0.014081687,0,0.46
2025-05-14 18:00:00,2,down,0.47199464,0.46,0.01199463,0,0.46
2025-05-14 19:00:00,2,up,0.50594205,0.46,0.04594204,0,0.46
2025-05-14 20:00:00,2,up,0.5032635,0.46,0.043263465,0,0.46
2025-05-14 21:00:00,2,down,0.4470065,0.46,0.012993515,0,0.46
2025-05-14 22:00:00,2,down,0.47346306,0.46,0.01346305,0,0.46
2025-05-14 23:00:00,2,up,0.48955938,0.46,0.029559374,0,0.46
2025-05-15 00:00:00,0,down,0.38001838,0.46,0.079981625,1,0.38001838
2025-05-15 01:00:00,2,up,0.49932867,0.46,0.039328665,0,0.46
2025-05-15 02:00:00,2,down,0.48350027,0.46,0.023500264,0,0.46
2025-05-15 03:00:00,1,up,0.5693814,0.46,0.10938141,1,0.5693814
2025-05-15 04:00:00,2,down,0.52378327,0.46,0.06378326,0,0.46
2025-05-15 05:00:00,1,down,0.59328103,0.46,0.13328102,1,0.59328103
2025-05-15 06:00:00,1,down,0.5833611,0.46,0.12336108,1,0.5833611
2025-05-15 07:00:00,1,up,0.5923633,0.46,0.13236329,1,0.5923633
2025-05-15 08:00:00,2,down,0.48330227,0.46,0.023302257,0,0.46
2025-05-15 09:00:00,2,down,0.49618366,0.46,0.036183655,0,0.46
2025-05-15 10:00:00,2,up,0.5180445,0.46,0.058044463,0,0.46
2025-05-15 11:00:00,2,up,0.46635774,0.46,0.0063577294,0,0.46
2025-05-15 12:00:00,2,down,0.46725434,0.46,0.0072543323,0,0.46
2025-05-15 13:00:00,2,down,0.5120359,0.46,0.052035898,0,0.46
2025-05-15 14:00:00,2,up,0.5004065,0.46,0.040406495,0,0.46
2025-05-15 15:00:00,2,up,0.43266073,0.46,0.02733928,0,0.46
2025-05-15 16:00:00,2,up,0.40837562,0.46,0.051624388,0,0.46
2025-05-15 17:00:00,2,down,0.46863753,0.46,0.008637518,0,0.46
2025-05-15 18:00:00,2,up,0.51266366,0.46,0.052663654,0,0.46
2025-05-15 19:00:00,2,up,0.43510252,0.46,0.024897486,0,0.46
2025-05-15 20:00:00,2,down,0.41529703,0.46,0.044702977,0,0.46
2025-05-15 21:00:00,2,up,0.397783,0.46,0.062216997,0,0.46
2025-05-15 22:00:00,2,up,0.4839838,0.46,0.023983806,0,0.46
2025-05-15 23:00:00,0,up,0.3779506,0.46,0.0820494,1,0.3779506
2025-05-16 00:00:00,2,up,0.45848536,0.46,0.0015146434,0,0.46
2025-05-16 01:00:00,0,up,0.37422958,0.46,0.08577043,1,0.37422958
2025-05-16 02:00:00,2,down,0.44830203,0.46,0.011697978,0,0.46
2025-05-16 03:00:00,2,down,0.44964135,0.46,0.010358661,0,0.46
2025-05-16 04:00:00,2,down,0.46058273,0.46,0.0005827248,0,0.46
2025-05-16 05:00:00,2,up,0.47453642,0.46,0.014536411,0,0.46
2025-05-16 06:00:00,2,down,0.42468074,0.46,0.03531927,0,0.46
2025-05-16 07:00:00,2,down,0.52748483,0.46,0.067484826,0,0.46
2025-05-16 08:00:00,2,up,0.49019277,0.46,0.030192763,0,0.46
2025-05-16 09:00:00,2,up,0.45373014,0.46,0.006269872,0,0.46
2025-05-16 10:00:00,2,down,0.43335438,0.46,0.02664563,0,0.46
2025-05-16 11:00:00,2,down,0.501852,0.46,0.041851968,0,0.46
2025-05-16 12:00:00,2,up,0.5295056,0.46,0.0695056,0,0.46
2025-05-16 13:00:00,0,down,0.38921717,0.46,0.07078284,1,0.38921717
2025-05-16 14:00:00,2,up,0.47109523,0.46,0.011095226,0,0.46
2025-05-16 15:00:00,0,down,0.3895457,0.46,0.0704543,1,0.3895457
2025-05-16 16:00:00,2,down,0.44333324,0.46,0.01666677,0,0.46
2025-05-16 17:00:00,2,down,0.4635256,0.46,0.003525585,0,0.46
2025-05-16 18:00:00,1,up,0.550856,0.46,0.090855986,1,0.550856
2025-05-16 19:00:00,2,down,0.40659297,0.46,0.053407043,0,0.46
2025-05-16 20:00:00,2,down,0.50507325,0.46,0.04507324,0,0.46
2025-05-16 21:00:00,2,down,0.51002944,0.46,0.050029427,0,0.46
2025-05-16 22:00:00,2,down,0.5132059,0.46,0.053205878,0,0.46
2025-05-16 23:00:00,1,down,0.54350543,0.46,0.08350542,1,0.54350543
2025-05-17 00:00:00,2,down,0.4611787,0.46,0.0011786819,0,0.46
2025-05-17 01:00:00,2,up,0.50305974,0.46,0.043059736,0,0.46
2025-05-17 02:00:00,2,up,0.44363606,0.46,0.016363949,0,0.46
2025-05-17 03:00:00,2,up,0.4475488,0.46,0.012451202,0,0.46
2025-05-17 04:00:00,2,down,0.41478503,0.46,0.04521498,0,0.46
2025-05-17 05:00:00,2,up,0.51971513,0.46,0.059715122,0,0.46
2025-05-17 06:00:00,2,down,0.4668777,0.46,0.0068776906,0,0.46
2025-05-17 07:00:00,2,down,0.5244396,0.46,0.064439565,0,0.46
2025-05-17 08:00:00,2,down,0.431112,0.46,0.028888017,0,0.46
2025-05-17 09:00:00,2,down,0.52165204,0.46,0.061652035,0,0.46
2025-05-17 10:00:00,1,up,0.532105,0.46,0.07210502,1,0.532105
2025-05-17 11:00:00,2,down,0.50878656,0.46,0.04878655,0,0.46
2025-05-17 12:00:00,1,down,0.5601132,0.46,0.10011318,1,0.5601132
2025-05-17 13:00:00,1,up,0.53780293,0.46,0.07780293,1,0.53780293
2025-05-17 14:00:00,2,down,0.4402466,0.46,0.019753397,0,0.46
2025-05-17 15:00:00,1,down,0.5591156,0.46,0.09911558,1,0.5591156
2025-05-17 16:00:00,2,up,0.4852782,0.46,0.02527818,0,0.46
2025-05-17 17:00:00,2,down,0.51173973,0.46,0.051739722,0,0.46
2025-05-17 18:00:00,2,up,0.45685753,0.46,0.003142476,0,0.46
2025-05-17 19:00:00,2,up,0.4632426,0.46,0.003242582,0,0.46
2025-05-17 20:00:00,0,down,0.38577598,0.46,0.074224025,1,0.38577598
2025-05-17 21:00:00,2,down,0.45719698,0.46,0.0028030276,0,0.46
2025-05-17 22:00:00,2,up,0.4837647,0.46,0.0237647,0,0.46
2025-05-17 23:00:00,2,up,0.50595576,0.46,0.045955747,0,0.46
2025-05-18 00:00:00,2,down,0.3982895,0.46,0.061710507,0,0.46
2025-05-18 01:00:00,2,up,0.4829629,0.46,0.022962898,0,0.46
2025-05-18 02:00:00,2,down,0.44879237,0.46,0.01120764,0,0.46
2025-05-18 03:00:00,2,up,0.49041745,0.46,0.030417442,0,0.46
2025-05-18 04:00:00,2,up,0.45052502,0.46,0.009474993,0,0.46
2025-05-18 05:00:00,0,down,0.37596864,0.46,0.08403137,1,0.37596864
2025-05-18 06:00:00,2,up,0.45385253,0.46,0.006147474,0,0.46
2025-05-18 07:00:00,0,down,0.36667556,0.46,0.09332445,1,0.36667556
2025-05-18 08:00:00,2,down,0.45292297,0.46,0.0070770383,0,0.46
2025-05-18 09:00:00,2,down,0.43059433,0.46,0.029405683,0,0.46
2025-05-18 10:00:00,2,down,0.4532072,0.46,0.0067928135,0,0.46
2025-05-18 11:00:00,2,up,0.5008359,0.46,0.040835887,0,0.46
2025-05-18 12:00:00,0,up,0.38681996,0.46,0.07318005,1,0.38681996
2025-05-18 13:00:00,2,up,0.39894357,0.46,0.061056435,0,0.46
2025-05-18 14:00:00,2,up,0.42949593,0.46,0.030504078,0,0.46
2025-05-18 15:00:00,0,up,0.38195202,0.46,0.07804799,1,0.38195202
2025-05-18 16:00:00,0,down,0.34208265,0.46,0.11791736,1,0.34208265
2025-05-18 17:00:00,2,down,0.52546686,0.46,0.06546685,0,0.46
2025-05-18 18:00:00,2,down,0.47139072,0.46,0.011390716,0,0.46
2025-05-18 19:00:00,1,up,0.6094687,0.46,0.14946869,1,0.6094687
2025-05-18 20:00:00,2,up,0.46438536,0.46,0.004385352,0,0.46
2025-05-18 21:00:00,1,up,0.5617804,0.46,0.101780385,1,0.5617804
2025-05-18 22:00:00,2,up,0.44630188,0.46,0.013698131,0,0.46
2025-05-18 23:00:00,2,down,0.41917378,0.46,0.04082623,0,0.46
2025-05-19 00:00:00,2,down,0.5141154,0.46,0.054115385,0,0.46
2025-05-19 01:00:00,2,down,0.49499488,0.46,0.03499487,0,0.46
2025-05-19 02:00:00,2,down,0.5102455,0.46,0.050245494,0,0.46
2025-05-19 03:00:00,1,down,0.5556264,0.46,0.095626384,1,0.5556264
2025-05-19 04:00:00,1,up,0.56758064,0.46,0.10758063,1,0.56758064
2025-05-19 05:00:00,2,down,0.48923424,0.46,0.02923423,0,0.46
2025-05-19 06:00:00,1,up,0.582626,0.46,0.12262598,1,0.582626
2025-05-19 07:00:00,2,up,0.5282366,0.46,0.06823662,0,0.46
2025-05-19 08:00:00,2,down,0.5095472,0.46,0.049547166,0,0.46
2025-05-19 09:00:00,2,down,0.50167054,0.46,0.04167053,0,0.46
2025-05-19 10:00:00,1,up,0.55882293,0.46,0.09882292,1,0.55882293
2025-05-19 11:00:00,1,down,0.536132,0.46,0.07613197,1,0.536132
2025-05-19 12:00:00,1,up,0.53336155,0.46,0.073361546,1,0.53336155
2025-05-19 13:00:00,2,up,0.45702595,0.46,0.0029740632,0,0.46
2025-05-19 14:00:00,2,up,0.41432524,0.46,0.04567477,0,0.46
2025-05-19 15:00:00,2,up,0.41901103,0.46,0.04098898,0,0.46
2025-05-19 16:00:00,2,up,0.41084534,0.46,0.04915467,0,0.46
2025-05-19 17:00:00,0,down,0.36648715,0.46,0.09351286,1,0.36648715
2025-05-19 18:00:00,2,up,0.48606792,0.46,0.026067913,0,0.46
2025-05-19 19:00:00,0,down,0.3484137,0.46,0.1115863,1,0.3484137
2025-05-19 20:00:00,2,up,0.42091078,0.46,0.039089233,0,0.46
2025-05-19 21:00:00,0,up,0.3704584,0.46,0.089541614,1,0.3704584
2025-05-19 22:00:00,0,up,0.38907075,0.46,0.07092926,1,0.38907075
2025-05-19 23:00:00,2,up,0.43983746,0.46,0.020162553,0,0.46
2025-05-20 00:00:00,2,up,0.48539522,0.46,0.025395215,0,0.46
2025-05-20 01:00:00,2,down,0.4139119,0.46,0.0460881,0,0.46
2025-05-20 02:00:00,2,down,0.47841603,0.46,0.018416017,0,0.46
2025-05-20 03:00:00,2,up,0.44145536,0.46,0.018544644,0,0.46
2025-05-20 04:00:00,2,down,0.40386978,0.46,0.05613023,0,0.46
2025-05-20 05:00:00,2,down,0.44705787,0.46,0.012942135,0,0.46
2025-05-20 06:00:00,2,down,0.51895475,0.46,0.058954746,0,0.46
2025-05-20 07:00:00,1,up,0.58690906,0.46,0.12690905,1,0.58690906
2025-05-20 08:00:00,2,up,0.4774135,0.46,0.017413497,0,0.46
2025-05-20 09:00:00,1,down,0.57369685,0.46,0.11369684,1,0.57369685
2025-05-20 10:00:00,1,up,0.5705861,0.46,0.11058608,1,0.5705861
2025-05-20 11:00:00,2,down,0.4974849,0.46,0.037484884,0,0.46
2025-05-20 12:00:00,1,down,0.5400297,0.46,0.080029696,1,0.5400297
2025-05-20 13:00:00,2,up,0.50620675,0.46,0.046206743,0,0.46
2025-05-20 14:00:00,1,up,0.5337913,0.46,0.073791295,1,0.5337913
2025-05-20 15:00:00,2,down,0.43384674,0.46,0.026153266,0,0.46
2025-05-20 16:00:00,2,up,0.44512329,0.46,0.014876723,0,0.46
2025-05-20 17:00:00,2,down,0.4422718,0.46,0.01772821,0,0.46
2025-05-20 18:00:00,2,up,0.52155435,0.46,0.061554343,0,0.46
2025-05-20 19:00:00,2,down,0.42095166,0.46,0.039048344,0,0.46
2025-05-20 20:00:00,2,down,0.4339693,0.46,0.02603072,0,0.46
2025-05-20 21:00:00,2,up,0.4586887,0.46,0.0013113022,0,0.46
2025-05-20 22:00:00,2,up,0.40163177,0.46,0.058368236,0,0.46
2025-05-20 23:00:00,2,down,0.46236363,0.46,0.0023636222,0,0.46
2025-05-21 00:00:00,2,down,0.48087233,0.46,0.020872325,0,0.46
2025-05-21 01:00:00,2,up,0.5039451,0.46,0.043945104,0,0.46
2025-05-21 02:00:00,2,down,0.3961473,0.46,0.0638527,0,0.46
2025-05-21 03:00:00,2,up,0.45674044,0.46,0.0032595694,0,0.46
2025-05-21 04:00:00,2,up,0.43591234,0.46,0.024087667,0,0.46
2025-05-21 05:00:00,2,up,0.40714693,0.46,0.052853078,0,0.46
2025-05-21 06:00:00,0,down,0.3846319,0.46,0.07536811,1,0.3846319
2025-05-21 07:00:00,2,down,0.4896597,0.46,0.029659688,0,0.46
2025-05-21 08:00:00,1,down,0.5625723,0.46,0.10257229,1,0.5625723
2025-05-21 09:00:00,1,up,0.5645389,0.46,0.10453889,1,0.5645389
2025-05-21 10:00:00,1,up,0.56731254,0.46,0.10731253,1,0.56731254
2025-05-21 11:00:00,2,up,0.48313728,0.46,0.023137271,0,0.46
2025-05-21 12:00:00,2,up,0.49430016,0.46,0.03430015,0,0.46
2025-05-21 13:00:00,2,up,0.42630318,0.46,0.03369683,0,0.46
2025-05-21 14:00:00,2,down,0.425916,0.46,0.034084022,0,0.46
2025-05-21 15:00:00,2,up,0.43857053,0.46,0.02142948,0,0.46
2025-05-21 16:00:00,2,down,0.5148604,0.46,0.054860383,0,0.46
2025-05-21 17:00:00,2,up,0.48490408,0.46,0.024904072,0,0.46
2025-05-21 18:00:00,2,up,0.49631143,0.46,0.036311418,0,0.46
2025-05-21 19:00:00,2,down,0.48568514,0.46,0.025685132,0,0.46
2025-05-21 20:00:00,2,up,0.4581063,0.46,0.0018936992,0,0.46
2025-05-21 21:00:00,2,up,0.4480082,0.46,0.011991799,0,0.46
2025-05-21 22:00:00,2,up,0.42588893,0.46,0.034111083,0,0.46
2025-05-21 23:00:00,2,up,0.47820565,0.46,0.018205643,0,0.46
2025-05-22 00:00:00,0,down,0.3726686,0.46,0.087331414,1,0.3726686
2025-05-22 01:00:00,2,up,0.44787034,0.46,0.012129664,0,0.46
2025-05-22 02:00:00,2,up,0.43960473,0.46,0.020395279,0,0.46
2025-05-22 03:00:00,2,down,0.4160858,0.46,0.0439142,0,0.46
2025-05-22 04:00:00,2,down,0.42007428,0.46,0.039925724,0,0.46
2025-05-22 05:00:00,2,down,0.48189485,0.46,0.021894842,0,0.46
2025-05-22 06:00:00,2,up,0.5077998,0.46,0.047799796,0,0.46
2025-05-22 07:00:00,2,down,0.40172717,0.46,0.05827284,0,0.46
2025-05-22 08:00:00,1,up,0.56875765,0.46,0.108757645,1,0.56875765
2025-05-22 09:00:00,2,down,0.40204832,0.46,0.05795169,0,0.46
2025-05-22 10:00:00,2,up,0.4591325,0.46,0.0008675158,0,0.46
2025-05-22 11:00:00,2,up,0.4008289,0.46,0.05917111,0,0.46
2025-05-22 12:00:00,0,down,0.36516494,0.46,0.09483507,1,0.36516494
2025-05-22 13:00:00,2,down,0.50714386,0.46,0.047143847,0,0.46
2025-05-22 14:00:00,2,up,0.4738675,0.46,0.013867497,0,0.46
2025-05-22 15:00:00,2,down,0.44518054,0.46,0.014819473,0,0.46
2025-05-22 16:00:00,2,up,0.43986163,0.46,0.020138383,0,0.46
2025-05-22 17:00:00,2,up,0.4562058,0.46,0.003794223,0,0.46
2025-05-22 18:00:00,2,down,0.39489555,0.46,0.065104455,0,0.46
2025-05-22 19:00:00,2,down,0.4571883,0.46,0.0028117,0,0.46
2025-05-22 20:00:00,2,down,0.48675826,0.46,0.026758254,0,0.46
2025-05-22 21:00:00,2,up,0.48071855,0.46,0.020718545,0,0.46
2025-05-22 22:00:00,1,up,0.5405818,0.46,0.080581814,1,0.5405818
2025-05-22 23:00:00,0,down,0.38018772,0.46,0.07981229,1,0.38018772
2025-05-23 00:00:00,0,down,0.38159856,0.46,0.07840145,1,0.38159856
2025-05-23 01:00:00,2,down,0.42184356,0.46,0.03815645,0,0.46
2025-05-23 02:00:00,2,down,0.453622,0.46,0.006377995,0,0.46
2025-05-23 03:00:00,2,down,0.47424173,0.46,0.014241725,0,0.46
2025-05-23 04:00:00,2,up,0.4966815,0.46,0.036681503,0,0.46
2025-05-23 05:00:00,2,down,0.5179017,0.46,0.05790171,0,0.46
2025-05-23 06:00:00,1,up,0.5447001,0.46,0.08470008,1,0.5447001
2025-05-23 07:00:00,1,up,0.54229593,0.46,0.082295924,1,0.54229593
2025-05-23 08:00:00,2,up,0.5137376,0.46,0.05373761,0,0.46
2025-05-23 09:00:00,0,down,0.37645024,0.46,0.08354977,1,0.37645024
2025-05-23 10:00:00,2,down,0.46275106,0.46,0.0027510524,0,0.46
2025-05-23 11:00:00,1,down,0.56877327,0.46,0.10877326,1,0.56877327
2025-05-23 12:00:00,2,up,0.45307335,0.46,0.006926656,0,0.46
2025-05-23 13:00:00,2,up,0.433108,0.46,0.026892006,0,0.46
2025-05-23 14:00:00,2,down,0.5207812,0.46,0.06078121,0,0.46
2025-05-23 15:00:00,1,up,0.5320214,0.46,0.072021395,1,0.5320214
2025-05-23 16:00:00,2,up,0.46698073,0.46,0.006980717,0,0.46
2025-05-23 17:00:00,1,down,0.545603,0.46,0.08560297,1,0.545603
2025-05-23 18:00:00,1,down,0.544274,0.46,0.084273964,1,0.544274
2025-05-23 19:00:00,1,down,0.5666028,0.46,0.10660282,1,0.5666028
2025-05-23 20:00:00,1,up,0.55146575,0.46,0.09146574,1,0.55146575
2025-05-23 21:00:00,1,down,0.57450545,0.46,0.11450544,1,0.57450545
2025-05-23 22:00:00,1,down,0.57163185,0.46,0.11163184,1,0.57163185
2025-05-23 23:00:00,2,up,0.47032234,0.46,0.010322332,0,0.46
2025-05-24 00:00:00,2,up,0.5194919,0.46,0.059491903,0,0.46
2025-05-24 01:00:00,1,up,0.59489685,0.46,0.13489684,1,0.59489685
2025-05-24 02:00:00,2,up,0.52702564,0.46,0.06702563,0,0.46
2025-05-24 03:00:00,2,up,0.42766064,0.46,0.032339364,0,0.46
2025-05-24 04:00:00,2,down,0.41702434,0.46,0.042975664,0,0.46
2025-05-24 05:00:00,2,down,0.46243823,0.46,0.0024382174,0,0.46
2025-05-24 06:00:00,2,down,0.50111926,0.46,0.041119248,0,0.46
2025-05-24 07:00:00,1,up,0.5534905,0.46,0.09349051,1,0.5534905
2025-05-24 08:00:00,2,down,0.5136226,0.46,0.053622574,0,0.46
2025-05-24 09:00:00,1,up,0.5374953,0.46,0.07749531,1,0.5374953
2025-05-24 10:00:00,2,up,0.45511532,0.46,0.00488469,0,0.46
2025-05-24 11:00:00,2,down,0.52492857,0.46,0.06492856,0,0.46
2025-05-24 12:00:00,2,down,0.47086325,0.46,0.0108632445,0,0.46
2025-05-24 13:00:00,2,up,0.5040778,0.46,0.044077784,0,0.46
2025-05-24 14:00:00,2,down,0.44246438,0.46,0.017535627,0,0.46
2025-05-24 15:00:00,2,up,0.47273016,0.46,0.012730151,0,0.46
2025-05-24 16:00:00,2,down,0.41976196,0.46,0.040238053,0,0.46
2025-05-24 17:00:00,2,down,0.45807168,0.46,0.0019283295,0,0.46
2025-05-24 18:00:00,2,up,0.46640554,0.46,0.0064055324,0,0.46
2025-05-24 19:00:00,2,down,0.44430882,0.46,0.015691191,0,0.46
2025-05-24 20:00:00,2,down,0.52078265,0.46,0.06078264,0,0.46
2025-05-24 21:00:00,2,down,0.47478372,0.46,0.01478371,0,0.46
2025-05-24 22:00:00,1,down,0.53154856,0.46,0.07154855,1,0.53154856
2025-05-24 23:00:00,1,down,0.5440935,0.46,0.08409348,1,0.5440935
2025-05-25 00:00:00,1,up,0.59433365,0.46,0.13433364,1,0.59433365
2025-05-25 01:00:00,2,up,0.49933925,0.46,0.039339244,0,0.46
2025-05-25 02:00:00,2,up,0.48841673,0.46,0.028416723,0,0.46
2025-05-25 03:00:00,1,up,0.5398389,0.46,0.0798389,1,0.5398389
2025-05-25 04:00:00,2,down,0.40062228,0.46,0.05937773,0,0.46
2025-05-25 05:00:00,2,down,0.45830864,0.46,0.0016913712,0,0.46
2025-05-25 06:00:00,2,down,0.48129854,0.46,0.021298528,0,0.46
2025-05-25 07:00:00,2,down,0.5127969,0.46,0.05279687,0,0.46
2025-05-25 08:00:00,1,up,0.5510777,0.46,0.091077715,1,0.5510777
2025-05-25 09:00:00,2,down,0.4777185,0.46,0.017718494,0,0.46
2025-05-25 10:00:00,1,up,0.578567,0.46,0.11856702,1,0.578567
2025-05-25 11:00:00,2,up,0.44868422,0.46,0.011315793,0,0.46
2025-05-25 12:00:00,2,down,0.4515132,0.46,0.008486807,0,0.46
2025-05-25 13:00:00,2,down,0.45487854,0.46,0.0051214695,0,0.46
2025-05-25 14:00:00,2,down,0.48575056,0.46,0.025750548,0,0.46
2025-05-25 15:00:00,2,up,0.51903826,0.46,0.05903825,0,0.46
2025-05-25 16:00:00,2,up,0.4480767,0.46,0.011923313,0,0.46
2025-05-25 17:00:00,2,up,0.46123967,0.46,0.0012396574,0,0.46
2025-05-25 18:00:00,2,up,0.47325832,0.46,0.013258308,0,0.46
2025-05-25 19:00:00,2,down,0.44493535,0.46,0.015064657,0,0.46
2025-05-25 20:00:00,2,down,0.40164447,0.46,0.05835554,0,0.46
2025-05-25 21:00:00,2,up,0.46690154,0.46,0.0069015324,0,0.46
2025-05-25 22:00:00,2,down,0.43198144,0.46,0.028018564,0,0.46
2025-05-25 23:00:00,2,up,0.42415857,0.46,0.035841435,0,0.46
2025-05-26 00:00:00,2,up,0.43123025,0.46,0.028769761,0,0.46
2025-05-26 01:00:00,2,down,0.4346245,0.46,0.025375515,0,0.46
2025-05-26 02:00:00,2,up,0.45511362,0.46,0.004886389,0,0.46
2025-05-26 03:00:00,2,down,0.39057076,0.46,0.06942925,0,0.46
2025-05-26 04:00:00,2,up,0.454113,0.46,0.0058870018,0,0.46
2025-05-26 05:00:00,2,up,0.4116157,0.46,0.04838431,0,0.46
2025-05-26 06:00:00,0,up,0.32687673,0.46,0.13312328,1,0.32687673
2025-05-26 07:00:00,0,down,0.37156034,0.46,0.08843967,1,0.37156034
2025-05-26 08:00:00,2,up,0.4453434,0.46,0.014656603,0,0.46
2025-05-26 09:00:00,2,down,0.4931832,0.46,0.033183187,0,0.46
2025-05-26 10:00:00,2,up,0.50541216,0.46,0.045412153,0,0.46
2025-05-26 11:00:00,2,up,0.412781,0.46,0.04721901,0,0.46
2025-05-26 12:00:00,2,down,0.4542267,0.46,0.005773306,0,0.46
2025-05-26 13:00:00,2,up,0.48510766,0.46,0.025107652,0,0.46
2025-05-26 14:00:00,2,up,0.45945176,0.46,0.0005482435,0,0.46
2025-05-26 15:00:00,2,down,0.43870142,0.46,0.021298587,0,0.46
2025-05-26 16:00:00,2,down,0.48494175,0.46,0.024941742,0,0.46
2025-05-26 17:00:00,2,down,0.5151836,0.46,0.05518362,0,0.46
2025-05-26 18:00:00,1,up,0.53033483,0.46,0.07033482,1,0.53033483
2025-05-26 19:00:00,2,up,0.5100118,0.46,0.050011784,0,0.46
2025-05-26 20:00:00,2,down,0.4193399,0.46,0.040660113,0,0.46
2025-05-26 21:00:00,2,down,0.48483828,0.46,0.024838269,0,0.46
2025-05-26 22:00:00,2,up,0.50174814,0.46,0.041748136,0,0.46
2025-05-26 23:00:00,2,down,0.443502,0.46,0.016498,0,0.46
2025-05-27 00:00:00,1,down,0.5353884,0.46,0.0753884,1,0.5353884
2025-05-27 01:00:00,2,down,0.47332945,0.46,0.013329446,0,0.46
2025-05-27 02:00:00,2,up,0.5106611,0.46,0.050661117,0,0.46
2025-05-27 03:00:00,1,up,0.5518442,0.46,0.09184417,1,0.5518442
2025-05-27 04:00:00,2,down,0.48424917,0.46,0.024249166,0,0.46
2025-05-27 05:00:00,2,down,0.43763295,0.46,0.02236706,0,0.46
2025-05-27 06:00:00,2,up,0.52839816,0.46,0.06839815,0,0.46
2025-05-27 07:00:00,2,up,0.3925071,0.46,0.0674929,0,0.46
2025-05-27 08:00:00,0,up,0.38028777,0.46,0.07971224,1,0.38028777
2025-05-27 09:00:00,0,down,0.35268408,0.46,0.10731593,1,0.35268408
2025-05-27 10:00:00,2,down,0.44468197,0.46,0.015318036,0,0.46
2025-05-27 11:00:00,2,up,0.44779527,0.46,0.0122047365,0,0.46
2025-05-27 12:00:00,2,up,0.47968772,0.46,0.019687712,0,0.46
2025-05-27 13:00:00,2,down,0.46378386,0.46,0.0037838519,0,0.46
2025-05-27 14:00:00,2,up,0.4761654,0.46,0.016165406,0,0.46
2025-05-27 15:00:00,2,up,0.4013444,0.46,0.05865562,0,0.46
2025-05-27 16:00:00,2,up,0.43654975,0.46,0.023450255,0,0.46
2025-05-27 17:00:00,2,down,0.40773556,0.46,0.052264452,0,0.46
2025-05-27 18:00:00,2,down,0.4849578,0.46,0.024957806,0,0.46
2025-05-27 19:00:00,2,down,0.4556728,0.46,0.004327208,0,0.46
2025-05-27 20:00:00,1,down,0.5982423,0.46,0.13824227,1,0.5982423
2025-05-27 21:00:00,1,up,0.5565123,0.46,0.09651229,1,0.5565123
2025-05-27 22:00:00,2,down,0.5034457,0.46,0.043445677,0,0.46
2025-05-27 23:00:00,1,up,0.64013815,0.46,0.18013814,1,0.64013815
2025-05-28 00:00:00,2,down,0.46615136,0.46,0.0061513484,0,0.46
2025-05-28 01:00:00,1,down,0.5854422,0.46,0.12544218,1,0.5854422
2025-05-28 02:00:00,1,up,0.5371272,0.46,0.07712719,1,0.5371272
2025-05-28 03:00:00,1,up,0.54305416,0.46,0.083054155,1,0.54305416
2025-05-28 04:00:00,2,up,0.45877573,0.46,0.0012242794,0,0.46
2025-05-28 05:00:00,2,down,0.46104807,0.46,0.0010480583,0,0.46
2025-05-28 06:00:00,2,up,0.51397896,0.46,0.05397895,0,0.46
2025-05-28 07:00:00,1,up,0.55712867,0.46,0.09712866,1,0.55712867
2025-05-28 08:00:00,2,down,0.45765454,0.46,0.0023454726,0,0.46
2025-05-28 09:00:00,2,up,0.48312235,0.46,0.02312234,0,0.46
2025-05-28 10:00:00,2,up,0.438705,0.46,0.021295011,0,0.46
2025-05-28 11:00:00,2,up,0.5063273,0.46,0.046327263,0,0.46
2025-05-28 12:00:00,2,down,0.47811827,0.46,0.018118262,0,0.46
2025-05-28 13:00:00,2,down,0.5278132,0.46,0.06781319,0,0.46
2025-05-28 14:00:00,1,down,0.6106955,0.46,0.15069547,1,0.6106955
2025-05-28 15:00:00,1,up,0.6033661,0.46,0.14336607,1,0.6033661
2025-05-28 16:00:00,2,up,0.46499586,0.46,0.0049958527,0,0.46
2025-05-28 17:00:00,2,down,0.47357482,0.46,0.013574809,0,0.46
2025-05-28 18:00:00,2,down,0.5093745,0.46,0.04937449,0,0.46
2025-05-28 19:00:00,1,up,0.61662924,0.46,0.15662923,1,0.61662924
2025-05-28 20:00:00,2,up,0.49696735,0.46,0.036967337,0,0.46
2025-05-28 21:00:00,2,down,0.45992526,0.46,7.4744225e-05,0,0.46
2025-05-28 22:00:00,2,up,0.4446576,0.46,0.015342414,0,0.46
2025-05-28 23:00:00,2,up,0.4758627,0.46,0.015862703,0,0.46
2025-05-29 00:00:00,2,down,0.41755375,0.46,0.042446256,0,0.46
2025-05-29 01:00:00,2,up,0.41797113,0.46,0.042028874,0,0.46
2025-05-29 02:00:00,2,down,0.39188012,0.46,0.06811988,0,0.46
2025-05-29 03:00:00,2,down,0.48196155,0.46,0.02196154,0,0.46
2025-05-29 04:00:00,2,up,0.48614347,0.46,0.026143461,0,0.46
2025-05-29 05:00:00,2,up,0.5115642,0.46,0.051564187,0,0.46
2025-05-29 06:00:00,2,down,0.49133337,0.46,0.031333357,0,0.46
2025-05-29 07:00:00,2,up,0.4907023,0.46,0.030702293,0,0.46
2025-05-29 08:00:00,0,up,0.38344598,0.46,0.07655403,1,0.38344598
2025-05-29 09:00:00,2,up,0.40349346,0.46,0.056506544,0,0.46
2025-05-29 10:00:00,0,up,0.3602219,0.46,0.099778116,1,0.3602219
2025-05-29 11:00:00,2,down,0.40385935,0.46,0.05614066,0,0.46
2025-05-29 12:00:00,2,down,0.4709359,0.46,0.010935903,0,0.46
2025-05-29 13:00:00,2,up,0.49476612,0.46,0.034766108,0,0.46
2025-05-29 14:00:00,2,down,0.45214266,0.46,0.0078573525,0,0.46
2025-05-29 15:00:00,1,down,0.6003729,0.46,0.1403729,1,0.6003729
2025-05-29 16:00:00,1,down,0.58149874,0.46,0.121498734,1,0.58149874
2025-05-29 17:00:00,1,down,0.5704985,0.46,0.11049852,1,0.5704985
2025-05-29 18:00:00,1,down,0.62014747,0.46,0.16014746,1,0.62014747
2025-05-29 19:00:00,1,up,0.60133106,0.46,0.14133105,1,0.60133106
2025-05-29 20:00:00,2,up,0.5275489,0.46,0.0675489,0,0.46
2025-05-29 21:00:00,2,down,0.5215117,0.46,0.061511666,0,0.46
2025-05-29 22:00:00,1,down,0.54641914,0.46,0.086419135,1,0.54641914
2025-05-29 23:00:00,1,down,0.53145033,0.46,0.07145032,1,0.53145033
2025-05-30 00:00:00,2,up,0.52576256,0.46,0.06576255,0,0.46
2025-05-30 01:00:00,1,up,0.5332378,0.46,0.07323781,1,0.5332378
2025-05-30 02:00:00,2,up,0.49482325,0.46,0.03482324,0,0.46
2025-05-30 03:00:00,2,up,0.49267063,0.46,0.032670617,0,0.46
2025-05-30 04:00:00,2,down,0.41071427,0.46,0.04928574,0,0.46
2025-05-30 05:00:00,2,down,0.48053715,0.46,0.020537138,0,0.46
2025-05-30 06:00:00,1,down,0.53219587,0.46,0.07219586,1,0.53219587
2025-05-30 07:00:00,2,up,0.510085,0.46,0.05008498,0,0.46
2025-05-30 08:00:00,2,up,0.52679825,0.46,0.06679824,0,0.46
2025-05-30 09:00:00,2,up,0.4463829,0.46,0.013617098,0,0.46
2025-05-30 10:00:00,2,down,0.4099971,0.46,0.050002903,0,0.46
2025-05-30 11:00:00,2,down,0.44263586,0.46,0.017364144,0,0.46
2025-05-30 12:00:00,2,down,0.44846186,0.46,0.011538148,0,0.46
2025-05-30 13:00:00,2,down,0.5146418,0.46,0.054641813,0,0.46
2025-05-30 14:00:00,1,up,0.54688716,0.46,0.08688715,1,0.54688716
2025-05-30 15:00:00,1,down,0.55837446,0.46,0.098374456,1,0.55837446
2025-05-30 16:00:00,1,up,0.53737485,0.46,0.077374846,1,0.53737485
2025-05-30 17:00:00,2,up,0.50740707,0.46,0.04740706,0,0.46
2025-05-30 18:00:00,2,down,0.4992179,0.46,0.03921789,0,0.46
2025-05-30 19:00:00,2,down,0.52671915,0.46,0.066719145,0,0.46
2025-05-30 20:00:00,2,up,0.5096943,0.46,0.04969427,0,0.46
2025-05-30 21:00:00,1,down,0.5442875,0.46,0.084287494,1,0.5442875
2025-05-30 22:00:00,1,up,0.5941351,0.46,0.1341351,1,0.5941351
2025-05-30 23:00:00,1,down,0.5472404,0.46,0.08724037,1,0.5472404
2025-05-31 00:00:00,2,down,0.52388215,0.46,0.06388214,0,0.46
2025-05-31 01:00:00,1,down,0.5335394,0.46,0.073539406,1,0.5335394
2025-05-31 02:00:00,1,up,0.55843085,0.46,0.09843084,1,0.55843085
2025-05-31 03:00:00,2,up,0.4930433,0.46,0.033043295,0,0.46
2025-05-31 04:00:00,2,down,0.46445334,0.46,0.004453331,0,0.46
2025-05-31 05:00:00,1,up,0.53139883,0.46,0.071398824,1,0.53139883
2025-05-31 06:00:00,2,down,0.5265663,0.46,0.06656632,0,0.46
2025-05-31 07:00:00,2,down,0.52239615,0.46,0.06239614,0,0.46
2025-05-31 08:00:00,2,down,0.5182745,0.46,0.058274478,0,0.46
2025-05-31 09:00:00,1,down,0.56201583,0.46,0.10201582,1,0.56201583
2025-05-31 10:00:00,1,up,0.537903,0.46,0.077903,1,0.537903
2025-05-31 11:00:00,2,up,0.49815148,0.46,0.038151473,0,0.46
2025-05-31 12:00:00,2,up,0.39924753,0.46,0.06075248,0,0.46
2025-05-31 13:00:00,2,up,0.3998782,0.46,0.060121804,0,0.46
2025-05-31 14:00:00,2,down,0.3915307,0.46,0.068469316,0,0.46
2025-05-31 15:00:00,2,down,0.4274584,0.46,0.032541603,0,0.46
2025-05-31 16:00:00,2,down,0.4374513,0.46,0.022548705,0,0.46
2025-05-31 17:00:00,2,up,0.48859435,0.46,0.028594345,0,0.46
2025-05-31 18:00:00,2,up,0.48256817,0.46,0.022568166,0,0.46
2025-05-31 19:00:00,2,up,0.4023074,0.46,0.057692617,0,0.46
2025-05-31 20:00:00,0,up,0.3619359,0.46,0.098064095,1,0.3619359
2025-05-31 21:00:00,0,down,0.35262996,0.46,0.10737005,1,0.35262996
2025-05-31 22:00:00,2,down,0.48428407,0.46,0.024284065,0,0.46
2025-05-31 23:00:00,2,down,0.47439033,0.46,0.01439032,0,0.46
2025-06-01 00:00:00,2,down,0.49196088,0.46,0.031960875,0,0.46
2025-06-01 01:00:00,1,up,0.5422183,0.46,0.08221832,1,0.5422183
2025-06-01 02:00:00,2,up,0.47858876,0.46,0.018588752,0,0.46
2025-06-01 03:00:00,2,up,0.4719485,0.46,0.011948496,0,0.46
2025-06-01 04:00:00,2,down,0.3982671,0.46,0.061732918,0,0.46
2025-06-01 05:00:00,2,down,0.46686947,0.46,0.006869465,0,0.46
2025-06-01 06:00:00,2,up,0.51576626,0.46,0.055766255,0,0.46
2025-06-01 07:00:00,2,up,0.52674407,0.46,0.06674406,0,0.46
2025-06-01 08:00:00,2,down,0.48149768,0.46,0.021497667,0,0.46
2025-06-01 09:00:00,2,down,0.52253073,0.46,0.062530726,0,0.46
2025-06-01 10:00:00,2,up,0.5006349,0.46,0.0406349,0,0.46
2025-06-01 11:00:00,2,down,0.52703947,0.46,0.06703946,0,0.46
2025-06-01 12:00:00,2,up,0.49423388,0.46,0.034233868,0,0.46
2025-06-01 13:00:00,2,up,0.4395539,0.46,0.020446122,0,0.46
2025-06-01 14:00:00,2,up,0.4340276,0.46,0.025972396,0,0.46
2025-06-01 15:00:00,2,up,0.39323792,0.46,0.06676209,0,0.46
2025-06-01 16:00:00,2,up,0.4348017,0.46,0.02519831,0,0.46
2025-06-01 17:00:00,2,down,0.4146167,0.46,0.045383304,0,0.46
2025-06-01 18:00:00,0,up,0.3570168,0.46,0.10298321,1,0.3570168
2025-06-01 19:00:00,0,down,0.37189066,0.46,0.088109344,1,0.37189066
2025-06-01 20:00:00,2,up,0.48012188,0.46,0.020121872,0,0.46
2025-06-01 21:00:00,0,up,0.3468791,0.46,0.11312091,1,0.3468791
2025-06-01 22:00:00,2,up,0.456398,0.46,0.003601998,0,0.46
2025-06-01 23:00:00,2,down,0.44517553,0.46,0.01482448,0,0.46
2025-06-02 00:00:00,2,down,0.46514967,0.46,0.0051496625,0,0.46
2025-06-02 01:00:00,2,down,0.50690615,0.46,0.046906143,0,0.46
2025-06-02 02:00:00,1,down,0.58098584,0.46,0.120985836,1,0.58098584
2025-06-02 03:00:00,2,down,0.5057774,0.46,0.04577741,0,0.46
2025-06-02 04:00:00,1,up,0.5525344,0.46,0.09253439,1,0.5525344
2025-06-02 05:00:00,2,up,0.5040612,0.46,0.044061214,0,0.46
2025-06-02 06:00:00,2,up,0.397996,0.46,0.062004,0,0.46
2025-06-02 07:00:00,0,down,0.37593555,0.46,0.084064454,1,0.37593555
2025-06-02 08:00:00,2,down,0.43709472,0.46,0.02290529,0,0.46
2025-06-02 09:00:00,2,down,0.49429178,0.46,0.034291774,0,0.46
2025-06-02 10:00:00,2,down,0.502872,0.46,0.04287198,0,0.46
2025-06-02 11:00:00,1,up,0.56748134,0.46,0.10748133,1,0.56748134
2025-06-02 12:00:00,2,down,0.44910574,0.46,0.010894269,0,0.46
2025-06-02 13:00:00,1,up,0.58319056,0.46,0.12319055,1,0.58319056
2025-06-02 14:00:00,2,up,0.52243686,0.46,0.06243685,0,0.46
2025-06-02 15:00:00,2,down,0.43778753,0.46,0.022212476,0,0.46
2025-06-02 16:00:00,2,up,0.45318007,0.46,0.0068199337,0,0.46
2025-06-02 17:00:00,2,down,0.4500794,0.46,0.009920597,0,0.46
2025-06-02 18:00:00,2,up,0.5037954,0.46,0.043795377,0,0.46
2025-06-02 19:00:00,2,up,0.40808436,0.46,0.051915646,0,0.46
2025-06-02 20:00:00,2,up,0.39183697,0.46,0.06816304,0,0.46
2025-06-02 21:00:00,0,up,0.36939782,0.46,0.09060219,1,0.36939782
2025-06-02 22:00:00,2,up,0.40327194,0.46,0.056728065,0,0.46
2025-06-02 23:00:00,0,up,0.36670202,0.46,0.09329799,1,0.36670202
2025-06-03 00:00:00,0,up,0.3635932,0.46,0.09640682,1,0.3635932
2025-06-03 01:00:00,0,down,0.36224762,0.46,0.09775239,1,0.36224762
2025-06-03 02:00:00,2,down,0.48559833,0.46,0.025598317,0,0.46
2025-06-03 03:00:00,2,down,0.48957843,0.46,0.029578418,0,0.46
2025-06-03 04:00:00,1,up,0.5741272,0.46,0.11412719,1,0.5741272
2025-06-03 05:00:00,2,down,0.44131216,0.46,0.018687844,0,0.46
2025-06-03 06:00:00,2,down,0.46738505,0.46,0.0073850453,0,0.46
2025-06-03 07:00:00,1,down,0.5658894,0.46,0.10588941,1,0.5658894
2025-06-03 08:00:00,2,up,0.48107815,0.46,0.02107814,0,0.46
2025-06-03 09:00:00,2,up,0.496287,0.46,0.03628698,0,0.46
2025-06-03 10:00:00,2,up,0.4731221,0.46,0.013122082,0,0.46
2025-06-03 11:00:00,2,up,0.44957122,0.46,0.010428786,0,0.46
2025-06-03 12:00:00,2,up,0.462335,0.46,0.0023349822,0,0.46
2025-06-03 13:00:00,2,up,0.41244203,0.46,0.04755798,0,0.46
2025-06-03 14:00:00,2,up,0.4275742,0.46,0.03242582,0,0.46
2025-06-03 15:00:00,2,down,0.41868678,0.46,0.04131323,0,0.46
2025-06-03 16:00:00,2,up,0.500545,0.46,0.040545017,0,0.46
2025-06-03 17:00:00,2,up,0.4751163,0.46,0.015116304,0,0.46
2025-06-03 18:00:00,2,up,0.3964447,0.46,0.0635553,0,0.46
2025-06-03 19:00:00,2,down,0.41430303,0.46,0.045696974,0,0.46
2025-06-03 20:00:00,2,down,0.4961744,0.46,0.036174387,0,0.46
2025-06-03 21:00:00,2,up,0.5237169,0.46,0.06371692,0,0.46
2025-06-03 22:00:00,2,down,0.48995164,0.46,0.029951632,0,0.46
2025-06-03 23:00:00,1,up,0.55221975,0.46,0.09221974,1,0.55221975
2025-06-04 00:00:00,2,up,0.455053,0.46,0.0049470067,0,0.46
2025-06-04 01:00:00,2,down,0.4821427,0.46,0.022142678,0,0.46
2025-06-04 02:00:00,2,up,0.4670635,0.46,0.007063478,0,0.46
2025-06-04 03:00:00,2,down,0.48116636,0.46,0.021166354,0,0.46
2025-06-04 04:00:00,1,down,0.53974855,0.46,0.07974854,1,0.53974855
2025-06-04 05:00:00,2,down,0.50292385,0.46,0.042923838,0,0.46
2025-06-04 06:00:00,2,up,0.52899855,0.46,0.068998545,0,0.46
2025-06-04 07:00:00,1,up,0.5385047,0.46,0.07850471,1,0.5385047
2025-06-04 08:00:00,2,up,0.4951561,0.46,0.0351561,0,0.46
2025-06-04 09:00:00,2,down,0.39455995,0.46,0.06544006,0,0.46
2025-06-04 10:00:00,2,down,0.42909974,0.46,0.03090027,0,0.46
2025-06-04 11:00:00,2,down,0.4868177,0.46,0.02681768,0,0.46
2025-06-04 12:00:00,2,down,0.4721635,0.46,0.01216349,0,0.46
2025-06-04 13:00:00,1,up,0.5776649,0.46,0.1176649,1,0.5776649
2025-06-04 14:00:00,2,up,0.44272232,0.46,0.017277688,0,0.46
2025-06-04 15:00:00,2,up,0.4487285,0.46,0.011271507,0,0.46
2025-06-04 16:00:00,0,down,0.38852796,0.46,0.07147205,1,0.38852796
2025-06-04 17:00:00,2,down,0.5006839,0.46,0.040683895,0,0.46
2025-06-04 18:00:00,1,down,0.55199516,0.46,0.09199515,1,0.55199516
2025-06-04 19:00:00,1,down,0.5456905,0.46,0.08569047,1,0.5456905
2025-06-04 20:00:00,1,up,0.539539,0.46,0.07953897,1,0.539539
2025-06-04 21:00:00,2,down,0.52435786,0.46,0.06435785,0,0.46
2025-06-04 22:00:00,1,down,0.5427349,0.46,0.08273491,1,0.5427349
2025-06-04 23:00:00,2,up,0.5201357,0.46,0.060135692,0,0.46
2025-06-05 00:00:00,2,down,0.47139347,0.46,0.011393458,0,0.46
2025-06-05 01:00:00,2,up,0.4701325,0.46,0.010132492,0,0.46
2025-06-05 02:00:00,2,up,0.48922798,0.46,0.029227972,0,0.46
2025-06-05 03:00:00,2,up,0.44259685,0.46,0.017403156,0,0.46
2025-06-05 04:00:00,2,down,0.40724206,0.46,0.05275795,0,0.46
2025-06-05 05:00:00,2,down,0.5120613,0.46,0.05206129,0,0.46
2025-06-05 06:00:00,2,up,0.50593066,0.46,0.045930654,0,0.46
2025-06-05 07:00:00,1,up,0.56152594,0.46,0.10152593,1,0.56152594
2025-06-05 08:00:00,2,up,0.46098042,0.46,0.000980407,0,0.46
2025-06-05 09:00:00,2,down,0.46097893,0.46,0.0009789169,0,0.46
2025-06-05 10:00:00,2,up,0.49874148,0.46,0.03874147,0,0.46
2025-06-05 11:00:00,2,up,0.43222436,0.46,0.027775645,0,0.46
2025-06-05 12:00:00,2,down,0.4007317,0.46,0.059268296,0,0.46
2025-06-05 13:00:00,2,up,0.5066925,0.46,0.04669252,0,0.46
2025-06-05 14:00:00,2,down,0.446712,0.46,0.013288021,0,0.46
2025-06-05 15:00:00,2,down,0.4961012,0.46,0.036101192,0,0.46
2025-06-05 16:00:00,1,down,0.59681827,0.46,0.13681826,1,0.59681827
2025-06-05 17:00:00,1,down,0.559222,0.46,0.099221975,1,0.559222
2025-06-05 18:00:00,2,down,0.5207239,0.46,0.06072387,0,0.46
2025-06-05 19:00:00,1,down,0.5479309,0.46,0.08793089,1,0.5479309
2025-06-05 20:00:00,1,up,0.63312256,0.46,0.17312256,1,0.63312256
2025-06-05 21:00:00,2,down,0.50869834,0.46,0.048698336,0,0.46
2025-06-05 22:00:00,2,up,0.52146626,0.46,0.061466247,0,0.46
2025-06-05 23:00:00,1,up,0.5602978,0.46,0.10029778,1,0.5602978
2025-06-06 00:00:00,2,down,0.45163238,0.46,0.008367628,0,0.46
2025-06-06 01:00:00,2,up,0.4306069,0.46,0.029393107,0,0.46
2025-06-06 02:00:00,0,up,0.3852077,0.46,0.074792296,1,0.3852077
2025-06-06 03:00:00,2,up,0.39577755,0.46,0.064222455,0,0.46
2025-06-06 04:00:00,0,up,0.38404745,0.46,0.07595256,1,0.38404745
2025-06-06 05:00:00,2,up,0.40535226,0.46,0.054647744,0,0.46
2025-06-06 06:00:00,0,down,0.3591835,0.46,0.10081652,1,0.3591835
2025-06-06 07:00:00,2,up,0.42356074,0.46,0.03643927,0,0.46
2025-06-06 08:00:00,0,up,0.35581526,0.46,0.10418475,1,0.35581526
2025-06-06 09:00:00,0,up,0.38593248,0.46,0.07406753,1,0.38593248
2025-06-06 10:00:00,2,up,0.3913522,0.46,0.0686478,0,0.46
2025-06-06 11:00:00,0,down,0.35711527,0.46,0.10288474,1,0.35711527
2025-06-06 12:00:00,2,up,0.43482488,0.46,0.025175124,0,0.46
2025-06-06 13:00:00,2,up,0.42847097,0.46,0.03152904,0,0.46
2025-06-06 14:00:00,0,up,0.35153824,0.46,0.10846177,1,0.35153824
2025-06-06 15:00:00,0,down,0.38226318,0.46,0.077736825,1,0.38226318
2025-06-06 16:00:00,2,up,0.48246515,0.46,0.02246514,0,0.46
2025-06-06 17:00:00,0,down,0.3605896,0.46,0.099410415,1,0.3605896
2025-06-06 18:00:00,2,down,0.4762663,0.46,0.016266286,0,0.46
2025-06-06 19:00:00,2,up,0.4942763,0.46,0.034276277,0,0.46
2025-06-06 20:00:00,2,down,0.4501671,0.46,0.009832919,0,0.46
2025-06-06 21:00:00,2,up,0.4858124,0.46,0.025812387,0,0.46
2025-06-06 22:00:00,2,down,0.40982917,0.46,0.05017084,0,0.46
2025-06-06 23:00:00,2,up,0.478524,0.46,0.018523991,0,0.46
2025-06-07 00:00:00,0,down,0.38549668,0.46,0.07450333,1,0.38549668
2025-06-07 01:00:00,2,up,0.45108667,0.46,0.008913338,0,0.46
2025-06-07 02:00:00,2,up,0.4072635,0.46,0.05273652,0,0.46
2025-06-07 03:00:00,0,down,0.3701772,0.46,0.0898228,1,0.3701772
2025-06-07 04:00:00,0,up,0.3672404,0.46,0.09275961,1,0.3672404
2025-06-07 05:00:00,2,up,0.4129098,0.46,0.047090203,0,0.46
2025-06-07 06:00:00,0,down,0.33807877,0.46,0.12192124,1,0.33807877
2025-06-07 07:00:00,2,down,0.489882,0.46,0.029881984,0,0.46
2025-06-07 08:00:00,2,up,0.4814059,0.46,0.021405905,0,0.46
2025-06-07 09:00:00,2,up,0.47686183,0.46,0.016861826,0,0.46
2025-06-07 10:00:00,0,up,0.3760732,0.46,0.0839268,1,0.3760732
2025-06-07 11:00:00,2,up,0.46305346,0.46,0.0030534565,0,0.46
2025-06-07 12:00:00,2,up,0.44856468,0.46,0.01143533,0,0.46
2025-06-07 13:00:00,2,down,0.4216437,0.46,0.038356304,0,0.46
2025-06-07 14:00:00,2,up,0.4553897,0.46,0.0046103,0,0.46
2025-06-07 15:00:00,0,down,0.35510695,0.46,0.10489306,1,0.35510695
2025-06-07 16:00:00,2,up,0.4779523,0.46,0.017952293,0,0.46
2025-06-07 17:00:00,2,up,0.468265,0.46,0.008264989,0,0.46
2025-06-07 18:00:00,2,up,0.45261064,0.46,0.0073893666,0,0.46
2025-06-07 19:00:00,2,up,0.44625372,0.46,0.013746291,0,0.46
2025-06-07 20:00:00,0,down,0.3709941,0.46,0.08900592,1,0.3709941
2025-06-07 21:00:00,2,up,0.4407866,0.46,0.019213408,0,0.46
2025-06-07 22:00:00,2,down,0.39268053,0.46,0.06731948,0,0.46
2025-06-07 23:00:00,2,down,0.5200054,0.46,0.060005397,0,0.46
2025-06-08 00:00:00,2,up,0.526314,0.46,0.06631401,0,0.46
2025-06-08 01:00:00,2,down,0.41698992,0.46,0.043010086,0,0.46
2025-06-08 02:00:00,1,up,0.5996949,0.46,0.1396949,1,0.5996949
2025-06-08 03:00:00,2,up,0.46784255,0.46,0.007842541,0,0.46
2025-06-08 04:00:00,2,down,0.4658853,0.46,0.005885303,0,0.46
2025-06-08 05:00:00,2,up,0.5183169,0.46,0.058316916,0,0.46
2025-06-08 06:00:00,2,down,0.5260758,0.46,0.06607577,0,0.46
2025-06-08 07:00:00,2,down,0.5241325,0.46,0.06413248,0,0.46
2025-06-08 08:00:00,1,down,0.5479795,0.46,0.087979466,1,0.5479795
2025-06-08 09:00:00,2,up,0.52070385,0.46,0.060703844,0,0.46
2025-06-08 10:00:00,2,up,0.4692121,0.46,0.0092121065,0,0.46
2025-06-08 11:00:00,2,up,0.43202302,0.46,0.02797699,0,0.46
2025-06-08 12:00:00,0,down,0.38430747,0.46,0.075692534,1,0.38430747
2025-06-08 13:00:00,2,up,0.47484866,0.46,0.0148486495,0,0.46
2025-06-08 14:00:00,0,up,0.38477588,0.46,0.07522413,1,0.38477588
2025-06-08 15:00:00,2,up,0.42018202,0.46,0.03981799,0,0.46
2025-06-08 16:00:00,2,down,0.41920018,0.46,0.040799826,0,0.46
2025-06-08 17:00:00,2,up,0.49059883,0.46,0.03059882,0,0.46
2025-06-08 18:00:00,0,down,0.3493156,0.46,0.110684395,1,0.3493156
2025-06-08 19:00:00,0,down,0.37519506,0.46,0.08480495,1,0.37519506
2025-06-08 20:00:00,2,up,0.49649003,0.46,0.036490023,0,0.46
2025-06-08 21:00:00,2,down,0.446341,0.46,0.013659,0,0.46
2025-06-08 22:00:00,2,down,0.51047045,0.46,0.05047044,0,0.46
2025-06-08 23:00:00,2,down,0.46785888,0.46,0.007858872,0,0.46
2025-06-09 00:00:00,2,down,0.5074328,0.46,0.04743281,0,0.46
2025-06-09 01:00:00,2,up,0.5219279,0.46,0.061927885,0,0.46
2025-06-09 02:00:00,1,up,0.58990014,0.46,0.12990013,1,0.58990014
2025-06-09 03:00:00,2,down,0.45868513,0.46,0.0013148785,0,0.46
2025-06-09 04:00:00,1,down,0.5995499,0.46,0.13954988,1,0.5995499
2025-06-09 05:00:00,1,up,0.59254485,0.46,0.13254485,1,0.59254485
2025-06-09 06:00:00,2,down,0.4639681,0.46,0.00396809,0,0.46
2025-06-09 07:00:00,2,up,0.49525166,0.46,0.035251647,0,0.46
2025-06-09 08:00:00,0,up,0.3737222,0.46,0.08627781,1,0.3737222
2025-06-09 09:00:00,2,up,0.42164335,0.46,0.03835666,0,0.46
2025-06-09 10:00:00,2,up,0.4407205,0.46,0.01927951,0,0.46
2025-06-09 11:00:00,0,down,0.3833794,0.46,0.07662061,1,0.3833794
2025-06-09 12:00:00,2,down,0.44164258,0.46,0.018357426,0,0.46
2025-06-09 13:00:00,2,up,0.47912857,0.46,0.019128561,0,0.46
2025-06-09 14:00:00,2,up,0.46268174,0.46,0.0026817322,0,0.46
2025-06-09 15:00:00,2,up,0.4821818,0.46,0.02218178,0,0.46
2025-06-09 16:00:00,2,up,0.49228522,0.46,0.032285213,0,0.46
2025-06-09 17:00:00,0,up,0.34180295,0.46,0.11819705,1,0.34180295
2025-06-09 18:00:00,2,up,0.41167948,0.46,0.04832053,0,0.46
2025-06-09 19:00:00,2,up,0.39809623,0.46,0.061903775,0,0.46
2025-06-09 20:00:00,0,up,0.35965937,0.46,0.100340635,1,0.35965937
2025-06-09 21:00:00,2,up,0.46960402,0.46,0.009604007,0,0.46
2025-06-09 22:00:00,2,up,0.4652986,0.46,0.0052985847,0,0.46
2025-06-09 23:00:00,0,down,0.37930158,0.46,0.08069843,1,0.37930158
2025-06-10 00:00:00,2,down,0.50942534,0.46,0.049425334,0,0.46
2025-06-10 01:00:00,2,down,0.4591117,0.46,0.0008883178,0,0.46
2025-06-10 02:00:00,2,down,0.4563146,0.46,0.0036854148,0,0.46
2025-06-10 03:00:00,2,down,0.4608362,0.46,0.00083619356,0,0.46
2025-06-10 04:00:00,2,down,0.46518135,0.46,0.0051813424,0,0.46
2025-06-10 05:00:00,1,up,0.5516003,0.46,0.09160027,1,0.5516003
2025-06-10 06:00:00,2,down,0.41369918,0.46,0.04630083,0,0.46
2025-06-10 07:00:00,1,down,0.54787207,0.46,0.08787206,1,0.54787207
2025-06-10 08:00:00,1,up,0.5828582,0.46,0.1228582,1,0.5828582
2025-06-10 09:00:00,2,down,0.41295445,0.46,0.04704556,0,0.46
2025-06-10 10:00:00,2,up,0.511476,0.46,0.051475972,0,0.46
2025-06-10 11:00:00,2,up,0.4111102,0.46,0.048889816,0,0.46
2025-06-10 12:00:00,0,down,0.3561043,0.46,0.103895694,1,0.3561043
2025-06-10 13:00:00,2,down,0.4574143,0.46,0.002585709,0,0.46
2025-06-10 14:00:00,2,up,0.524174,0.46,0.06417397,0,0.46
2025-06-10 15:00:00,2,down,0.4629311,0.46,0.0029310882,0,0.46
2025-06-10 16:00:00,1,down,0.60017264,0.46,0.14017263,1,0.60017264
2025-06-10 17:00:00,1,up,0.5373195,0.46,0.07731947,1,0.5373195
2025-06-10 18:00:00,2,up,0.42378908,0.46,0.036210924,0,0.46
2025-06-10 19:00:00,2,up,0.49794438,0.46,0.037944376,0,0.46
2025-06-10 20:00:00,0,down,0.36003226,0.46,0.09996775,1,0.36003226
2025-06-10 21:00:00,0,down,0.34554768,0.46,0.11445233,1,0.34554768
2025-06-10 22:00:00,2,up,0.4323784,0.46,0.027621597,0,0.46
2025-06-10 23:00:00,0,down,0.35169357,0.46,0.10830644,1,0.35169357
2025-06-11 00:00:00,2,down,0.46714923,0.46,0.0071492195,0,0.46
2025-06-11 01:00:00,2,up,0.48295274,0.46,0.022952735,0,0.46
2025-06-11 02:00:00,2,up,0.48423517,0.46,0.02423516,0,0.46
2025-06-11 03:00:00,2,down,0.47783285,0.46,0.017832845,0,0.46
2025-06-11 04:00:00,1,down,0.55842376,0.46,0.09842375,1,0.55842376
2025-06-11 05:00:00,1,up,0.5397544,0.46,0.07975438,1,0.5397544
2025-06-11 06:00:00,2,down,0.45295182,0.46,0.0070481896,0,0.46
2025-06-11 07:00:00,1,up,0.54722726,0.46,0.087227255,1,0.54722726
2025-06-11 08:00:00,2,down,0.46603066,0.46,0.006030649,0,0.46
2025-06-11 09:00:00,2,up,0.5265792,0.46,0.06657919,0,0.46
2025-06-11 10:00:00,2,down,0.45458964,0.46,0.005410373,0,0.46
2025-06-11 11:00:00,1,up,0.55565417,0.46,0.09565416,1,0.55565417
2025-06-11 12:00:00,2,down,0.41145858,0.46,0.048541427,0,0.46
2025-06-11 13:00:00,2,up,0.42073822,0.46,0.039261788,0,0.46
2025-06-11 14:00:00,2,down,0.44837207,0.46,0.011627942,0,0.46
2025-06-11 15:00:00,2,down,0.456729,0.46,0.0032710135,0,0.46
2025-06-11 16:00:00,2,down,0.47610384,0.46,0.016103834,0,0.46
2025-06-11 17:00:00,1,down,0.6096748,0.46,0.1496748,1,0.6096748
2025-06-11 18:00:00,2,down,0.5145721,0.46,0.054572076,0,0.46
2025-06-11 19:00:00,1,up,0.5666594,0.46,0.10665938,1,0.5666594
2025-06-11 20:00:00,2,down,0.4948883,0.46,0.034888297,0,0.46
2025-06-11 21:00:00,1,down,0.5820754,0.46,0.12207541,1,0.5820754
2025-06-11 22:00:00,2,up,0.52188826,0.46,0.061888248,0,0.46
2025-06-11 23:00:00,2,up,0.49196193,0.46,0.031961918,0,0.46
2025-06-12 00:00:00,2,down,0.5018714,0.46,0.0418714,0,0.46
2025-06-12 01:00:00,2,down,0.48638517,0.46,0.026385158,0,0.46
2025-06-12 02:00:00,1,down,0.5992511,0.46,0.13925108,1,0.5992511
2025-06-12 03:00:00,1,down,0.5458986,0.46,0.08589861,1,0.5458986
2025-06-12 04:00:00,2,down,0.46973425,0.46,0.009734243,0,0.46
2025-06-12 05:00:00,1,up,0.5763811,0.46,0.11638108,1,0.5763811
2025-06-12 06:00:00,2,down,0.51391226,0.46,0.053912252,0,0.46
2025-06-12 07:00:00,1,up,0.5480093,0.46,0.08800927,1,0.5480093
2025-06-12 08:00:00,2,down,0.5271163,0.46,0.06711629,0,0.46
2025-06-12 09:00:00,1,down,0.6003448,0.46,0.14034477,1,0.6003448
2025-06-12 10:00:00,1,down,0.54506457,0.46,0.08506456,1,0.54506457
2025-06-12 11:00:00,1,up,0.5893379,0.46,0.12933788,1,0.5893379
2025-06-12 12:00:00,1,up,0.5592095,0.46,0.09920952,1,0.5592095
2025-06-12 13:00:00,2,up,0.44779202,0.46,0.012207985,0,0.46
2025-06-12 14:00:00,2,down,0.42557898,0.46,0.034421027,0,0.46
2025-06-12 15:00:00,1,up,0.5503053,0.46,0.0903053,1,0.5503053
2025-06-12 16:00:00,2,up,0.40530354,0.46,0.05469647,0,0.46
2025-06-12 17:00:00,2,down,0.42606765,0.46,0.033932358,0,0.46
2025-06-12 18:00:00,2,down,0.49310362,0.46,0.033103615,0,0.46
2025-06-12 19:00:00,1,down,0.54940516,0.46,0.08940515,1,0.54940516
2025-06-12 20:00:00,1,down,0.5478069,0.46,0.08780691,1,0.5478069
2025-06-12 21:00:00,1,down,0.6026244,0.46,0.14262441,1,0.6026244
2025-06-12 22:00:00,1,down,0.5653661,0.46,0.10536608,1,0.5653661
2025-06-12 23:00:00,1,down,0.62353027,0.46,0.16353026,1,0.62353027
2025-06-13 00:00:00,1,down,0.5430583,0.46,0.08305827,1,0.5430583
2025-06-13 01:00:00,2,down,0.5072804,0.46,0.0472804,0,0.46
2025-06-13 02:00:00,2,up,0.51286286,0.46,0.052862853,0,0.46
2025-06-13 03:00:00,2,up,0.47103947,0.46,0.011039466,0,0.46
2025-06-13 04:00:00,2,down,0.45140806,0.46,0.00859195,0,0.46
2025-06-13 05:00:00,1,up,0.54223025,0.46,0.08223024,1,0.54223025
2025-06-13 06:00:00,2,up,0.40031388,0.46,0.059686124,0,0.46
2025-06-13 07:00:00,0,down,0.35978174,0.46,0.100218266,1,0.35978174
2025-06-13 08:00:00,2,up,0.44592944,0.46,0.0140705705,0,0.46
2025-06-13 09:00:00,0,up,0.38729528,0.46,0.07270473,1,0.38729528
2025-06-13 10:00:00,2,up,0.4385853,0.46,0.021414697,0,0.46
2025-06-13 11:00:00,0,down,0.36610296,0.46,0.093897045,1,0.36610296
2025-06-13 12:00:00,2,down,0.48447588,0.46,0.024475873,0,0.46
2025-06-13 13:00:00,2,up,0.5254768,0.46,0.065476805,0,0.46
2025-06-13 14:00:00,2,up,0.43387684,0.46,0.026123166,0,0.46
2025-06-13 15:00:00,2,up,0.40220496,0.46,0.057795048,0,0.46
2025-06-13 16:00:00,0,down,0.37419528,0.46,0.08580473,1,0.37419528
2025-06-13 17:00:00,2,down,0.41581342,0.46,0.044186592,0,0.46
2025-06-13 18:00:00,2,down,0.47316873,0.46,0.013168722,0,0.46
2025-06-13 19:00:00,2,up,0.5048552,0.46,0.044855207,0,0.46
2025-06-13 20:00:00,2,up,0.47310695,0.46,0.013106942,0,0.46
2025-06-13 21:00:00,2,up,0.40762672,0.46,0.05237329,0,0.46
2025-06-13 22:00:00,0,up,0.38952476,0.46,0.07047525,1,0.38952476
2025-06-13 23:00:00,0,down,0.35862547,0.46,0.10137454,1,0.35862547
2025-06-14 00:00:00,2,down,0.4337105,0.46,0.026289523,0,0.46
2025-06-14 01:00:00,2,down,0.4876882,0.46,0.027688205,0,0.46
2025-06-14 02:00:00,2,down,0.47585413,0.46,0.01585412,0,0.46
2025-06-14 03:00:00,1,up,0.5383146,0.46,0.07831457,1,0.5383146
2025-06-14 04:00:00,2,down,0.5196149,0.46,0.059614867,0,0.46
2025-06-14 05:00:00,2,down,0.525496,0.46,0.065496,0,0.46
2025-06-14 06:00:00,1,down,0.6129662,0.46,0.15296617,1,0.6129662
2025-06-14 07:00:00,2,up,0.49418923,0.46,0.034189224,0,0.46
2025-06-14 08:00:00,2,down,0.5285625,0.46,0.06856248,0,0.46
2025-06-14 09:00:00,1,up,0.60657847,0.46,0.14657846,1,0.60657847
2025-06-14 10:00:00,2,up,0.52782434,0.46,0.067824334,0,0.46
2025-06-14 11:00:00,2,down,0.4794148,0.46,0.019414783,0,0.46
2025-06-14 12:00:00,2,down,0.4628841,0.46,0.00288409,0,0.46
2025-06-14 13:00:00,2,down,0.4997462,0.46,0.039746195,0,0.46
2025-06-14 14:00:00,2,down,0.5248584,0.46,0.06485841,0,0.46
2025-06-14 15:00:00,2,down,0.48770893,0.46,0.027708918,0,0.46
2025-06-14 16:00:00,1,up,0.555776,0.46,0.09577599,1,0.555776
2025-06-14 17:00:00,2,up,0.5257396,0.46,0.0657396,0,0.46
2025-06-14 18:00:00,2,down,0.4715382,0.46,0.011538178,0,0.46
2025-06-14 19:00:00,2,up,0.5058271,0.46,0.04582712,0,0.46
2025-06-14 20:00:00,2,up,0.43768594,0.46,0.022314072,0,0.46
2025-06-14 21:00:00,2,up,0.41819054,0.46,0.04180947,0,0.46
2025-06-14 22:00:00,0,down,0.38450053,0.46,0.075499475,1,0.38450053
2025-06-14 23:00:00,2,up,0.4193477,0.46,0.040652305,0,0.46
2025-06-15 00:00:00,0,down,0.37053773,0.46,0.08946228,1,0.37053773
2025-06-15 01:00:00,2,up,0.51069534,0.46,0.05069533,0,0.46
2025-06-15 02:00:00,2,down,0.4647381,0.46,0.0047380924,0,0.46
2025-06-15 03:00:00,2,up,0.5093133,0.46,0.049313277,0,0.46
2025-06-15 04:00:00,0,up,0.38945758,0.46,0.070542425,1,0.38945758
2025-06-15 05:00:00,0,down,0.34829158,0.46,0.11170843,1,0.34829158
2025-06-15 06:00:00,2,down,0.49410114,0.46,0.03410113,0,0.46
2025-06-15 07:00:00,2,down,0.4350975,0.46,0.024902523,0,0.46
2025-06-15 08:00:00,2,down,0.52943605,0.46,0.06943604,0,0.46
2025-06-15 09:00:00,1,up,0.56427664,0.46,0.10427663,1,0.56427664
2025-06-15 10:00:00,2,down,0.5220983,0.46,0.062098294,0,0.46
2025-06-15 11:00:00,1,up,0.5804765,0.46,0.120476514,1,0.5804765
2025-06-15 12:00:00,2,up,0.43985137,0.46,0.020148635,0,0.46
2025-06-15 13:00:00,0,up,0.38289425,0.46,0.07710576,1,0.38289425
2025-06-15 14:00:00,2,down,0.42061305,0.46,0.039386958,0,0.46
2025-06-15 15:00:00,2,up,0.4442553,0.46,0.015744716,0,0.46
2025-06-15 16:00:00,2,up,0.41347072,0.46,0.046529293,0,0.46
2025-06-15 17:00:00,2,down,0.4056014,0.46,0.054398596,0,0.46
2025-06-15 18:00:00,2,down,0.50531226,0.46,0.045312256,0,0.46
2025-06-15 19:00:00,2,down,0.5181023,0.46,0.05810228,0,0.46
2025-06-15 20:00:00,1,up,0.5353614,0.46,0.0753614,1,0.5353614
2025-06-15 21:00:00,2,up,0.47190782,0.46,0.011907816,0,0.46
2025-06-15 22:00:00,2,up,0.43916646,0.46,0.020833552,0,0.46
2025-06-15 23:00:00,2,down,0.4067532,0.46,0.053246796,0,0.46
2025-06-16 00:00:00,2,up,0.42535475,0.46,0.03464526,0,0.46
2025-06-16 01:00:00,0,down,0.38081378,0.46,0.07918623,1,0.38081378
2025-06-16 02:00:00,2,up,0.4482733,0.46,0.011726707,0,0.46
2025-06-16 03:00:00,0,up,0.35468182,0.46,0.10531819,1,0.35468182
2025-06-16 04:00:00,0,up,0.35866815,0.46,0.10133186,1,0.35866815
2025-06-16 05:00:00,2,up,0.4289031,0.46,0.031096905,0,0.46
2025-06-16 06:00:00,2,up,0.4400839,0.46,0.019916117,0,0.46
2025-06-16 07:00:00,2,up,0.4077936,0.46,0.052206397,0,0.46
2025-06-16 08:00:00,0,down,0.3662581,0.46,0.093741894,1,0.3662581
2025-06-16 09:00:00,2,down,0.47114083,0.46,0.011140823,0,0.46
2025-06-16 10:00:00,2,up,0.48137376,0.46,0.021373749,0,0.46
2025-06-16 11:00:00,2,down,0.42036286,0.46,0.03963715,0,0.46
2025-06-16 12:00:00,2,up,0.49479,0.46,0.03478998,0,0.46
2025-06-16 13:00:00,0,up,0.37064803,0.46,0.08935198,1,0.37064803
2025-06-16 14:00:00,0,down,0.37714514,0.46,0.08285487,1,0.37714514
2025-06-16 15:00:00,2,up,0.43879172,0.46,0.021208286,0,0.46
2025-06-16 16:00:00,0,down,0.35028052,0.46,0.109719485,1,0.35028052
2025-06-16 17:00:00,2,up,0.43404603,0.46,0.025953978,0,0.46
2025-06-16 18:00:00,0,up,0.3204158,0.46,0.13958421,1,0.3204158
2025-06-16 19:00:00,2,up,0.4029093,0.46,0.0570907,0,0.46
2025-06-16 20:00:00,0,down,0.35568744,0.46,0.10431257,1,0.35568744
2025-06-16 21:00:00,2,down,0.43233913,0.46,0.027660877,0,0.46
2025-06-16 22:00:00,1,down,0.5540978,0.46,0.09409776,1,0.5540978
2025-06-16 23:00:00,1,up,0.5813688,0.46,0.121368796,1,0.5813688
2025-06-17 00:00:00,2,down,0.43589386,0.46,0.024106145,0,0.46
2025-06-17 01:00:00,1,up,0.5490026,0.46,0.08900258,1,0.5490026
2025-06-17 02:00:00,2,up,0.42345175,0.46,0.036548257,0,0.46
2025-06-17 03:00:00,2,down,0.44593173,0.46,0.014068276,0,0.46
2025-06-17 04:00:00,2,down,0.48011634,0.46,0.02011633,0,0.46
2025-06-17 05:00:00,1,down,0.5342076,0.46,0.074207574,1,0.5342076
2025-06-17 06:00:00,1,down,0.5448918,0.46,0.08489177,1,0.5448918
2025-06-17 07:00:00,2,down,0.5192607,0.46,0.059260696,0,0.46
2025-06-17 08:00:00,1,down,0.58676314,0.46,0.12676314,1,0.58676314
2025-06-17 09:00:00,1,down,0.5536403,0.46,0.0936403,1,0.5536403
2025-06-17 10:00:00,1,down,0.5674435,0.46,0.10744348,1,0.5674435
2025-06-17 11:00:00,2,down,0.5271908,0.46,0.067190796,0,0.46
2025-06-17 12:00:00,1,down,0.58409894,0.46,0.12409893,1,0.58409894
2025-06-17 13:00:00,1,down,0.5467493,0.46,0.086749285,1,0.5467493
2025-06-17 14:00:00,1,down,0.56902087,0.46,0.10902086,1,0.56902087
2025-06-17 15:00:00,1,down,0.5772267,0.46,0.11722669,1,0.5772267
2025-06-17 16:00:00,1,up,0.6442312,0.46,0.18423119,1,0.6442312
2025-06-17 17:00:00,2,up,0.52688825,0.46,0.06688824,0,0.46
2025-06-17 18:00:00,2,up,0.4975826,0.46,0.037582606,0,0.46
2025-06-17 19:00:00,2,down,0.48986968,0.46,0.029869676,0,0.46
2025-06-17 20:00:00,2,up,0.50534546,0.46,0.045345455,0,0.46
2025-06-17 21:00:00,2,down,0.43258533,0.46,0.02741468,0,0.46
2025-06-17 22:00:00,2,up,0.52197045,0.46,0.061970443,0,0.46
2025-06-17 23:00:00,2,up,0.49399674,0.46,0.03399673,0,0.46
2025-06-18 00:00:00,2,down,0.42038435,0.46,0.03961566,0,0.46
2025-06-18 01:00:00,2,up,0.46907595,0.46,0.00907594,0,0.46
2025-06-18 02:00:00,2,up,0.44185805,0.46,0.018141955,0,0.46
2025-06-18 03:00:00,2,up,0.4158657,0.46,0.04413432,0,0.46
2025-06-18 04:00:00,0,down,0.36886263,0.46,0.09113738,1,0.36886263
2025-06-18 05:00:00,2,down,0.4477926,0.46,0.012207419,0,0.46
2025-06-18 06:00:00,2,up,0.48056978,0.46,0.020569772,0,0.46
2025-06-18 07:00:00,2,down,0.461088,0.46,0.0010879934,0,0.46
2025-06-18 08:00:00,2,down,0.5041881,0.46,0.044188112,0,0.46
2025-06-18 09:00:00,1,down,0.5492665,0.46,0.08926651,1,0.5492665
2025-06-18 10:00:00,1,up,0.55752,0.46,0.097519964,1,0.55752
2025-06-18 11:00:00,2,down,0.48391223,0.46,0.023912221,0,0.46
2025-06-18 12:00:00,1,down,0.53072816,0.46,0.07072815,1,0.53072816
2025-06-18 13:00:00,2,up,0.43214676,0.46,0.02785325,0,0.46
2025-06-18 14:00:00,2,up,0.5077585,0.46,0.04775849,0,0.46
2025-06-18 15:00:00,2,down,0.40442368,0.46,0.055576324,0,0.46
2025-06-18 16:00:00,2,down,0.5268603,0.46,0.06686029,0,0.46
2025-06-18 17:00:00,2,down,0.45645145,0.46,0.0035485625,0,0.46
2025-06-18 18:00:00,1,up,0.5974464,0.46,0.13744637,1,0.5974464
2025-06-18 19:00:00,1,up,0.56148785,0.46,0.101487845,1,0.56148785
2025-06-18 20:00:00,2,up,0.45278317,0.46,0.007216841,0,0.46
2025-06-18 21:00:00,2,down,0.41277778,0.46,0.047222227,0,0.46
2025-06-18 22:00:00,2,up,0.48421705,0.46,0.02421704,0,0.46
2025-06-18 23:00:00,2,up,0.41497654,0.46,0.04502347,0,0.46
2025-06-19 00:00:00,2,down,0.4625987,0.46,0.002598703,0,0.46
2025-06-19 01:00:00,2,up,0.51058626,0.46,0.050586253,0,0.46
2025-06-19 02:00:00,2,up,0.52310866,0.46,0.06310865,0,0.46
2025-06-19 03:00:00,2,down,0.42405927,0.46,0.035940737,0,0.46
2025-06-19 04:00:00,0,down,0.38072732,0.46,0.07927269,1,0.38072732
2025-06-19 05:00:00,2,down,0.41402212,0.46,0.04597789,0,0.46
2025-06-19 06:00:00,2,down,0.4920822,0.46,0.0320822,0,0.46
2025-06-19 07:00:00,2,up,0.5296188,0.46,0.06961879,0,0.46
2025-06-19 08:00:00,1,up,0.54400074,0.46,0.08400074,1,0.54400074
2025-06-19 09:00:00,2,down,0.4149874,0.46,0.045012623,0,0.46
2025-06-19 10:00:00,2,down,0.46755624,0.46,0.00755623,0,0.46
2025-06-19 11:00:00,2,down,0.46675444,0.46,0.006754428,0,0.46
2025-06-19 12:00:00,2,down,0.49508777,0.46,0.035087764,0,0.46
2025-06-19 13:00:00,1,down,0.5556278,0.46,0.095627815,1,0.5556278
2025-06-19 14:00:00,1,down,0.5993771,0.46,0.13937709,1,0.5993771
2025-06-19 15:00:00,1,down,0.6335412,0.46,0.17354122,1,0.6335412
2025-06-19 16:00:00,1,up,0.5899728,0.46,0.12997279,1,0.5899728
2025-06-19 17:00:00,2,down,0.4647664,0.46,0.0047664046,0,0.46
2025-06-19 18:00:00,2,down,0.45429283,0.46,0.0057071745,0,0.46
2025-06-19 19:00:00,2,up,0.4805846,0.46,0.020584583,0,0.46
2025-06-19 20:00:00,2,up,0.52174217,0.46,0.061742157,0,0.46
2025-06-19 21:00:00,2,up,0.511688,0.46,0.051687986,0,0.46
2025-06-19 22:00:00,2,up,0.43673426,0.46,0.02326575,0,0.46
2025-06-19 23:00:00,2,up,0.39827088,0.46,0.061729133,0,0.46
2025-06-20 00:00:00,2,up,0.41913566,0.46,0.04086435,0,0.46
2025-06-20 01:00:00,0,down,0.3566554,0.46,0.10334462,1,0.3566554
2025-06-20 02:00:00,2,down,0.47730485,0.46,0.017304838,0,0.46
2025-06-20 03:00:00,2,down,0.48774153,0.46,0.027741522,0,0.46
2025-06-20 04:00:00,1,up,0.57551813,0.46,0.11551812,1,0.57551813
2025-06-20 05:00:00,2,up,0.44911587,0.46,0.010884136,0,0.46
2025-06-20 06:00:00,2,up,0.42972836,0.46,0.03027165,0,0.46
2025-06-20 07:00:00,2,up,0.39464337,0.46,0.06535664,0,0.46
2025-06-20 08:00:00,2,down,0.47747937,0.46,0.01747936,0,0.46
2025-06-20 09:00:00,2,up,0.42214742,0.46,0.037852585,0,0.46
2025-06-20 10:00:00,2,up,0.46390927,0.46,0.00390926,0,0.46
2025-06-20 11:00:00,2,up,0.42717013,0.46,0.03282988,0,0.46
2025-06-20 12:00:00,2,down,0.44253778,0.46,0.017462224,0,0.46
2025-06-20 13:00:00,2,down,0.49538958,0.46,0.035389572,0,0.46
2025-06-20 14:00:00,1,up,0.5472366,0.46,0.08723661,1,0.5472366
2025-06-20 15:00:00,1,down,0.5527964,0.46,0.092796415,1,0.5527964
2025-06-20 16:00:00,1,down,0.61140203,0.46,0.15140203,1,0.61140203
2025-06-20 17:00:00,2,down,0.46482584,0.46,0.0048258305,0,0.46
2025-06-20 18:00:00,1,up,0.5614336,0.46,0.101433605,1,0.5614336
2025-06-20 19:00:00,1,up,0.5306546,0.46,0.0706546,1,0.5306546
2025-06-20 20:00:00,2,down,0.4951637,0.46,0.0351637,0,0.46
2025-06-20 21:00:00,1,down,0.5394354,0.46,0.07943538,1,0.5394354
2025-06-20 22:00:00,1,up,0.55055696,0.46,0.09055695,1,0.55055696
2025-06-20 23:00:00,2,down,0.45961806,0.46,0.00038194656,0,0.46
2025-06-21 00:00:00,1,up,0.5497295,0.46,0.08972952,1,0.5497295
2025-06-21 01:00:00,2,down,0.44146624,0.46,0.018533766,0,0.46
2025-06-21 02:00:00,2,down,0.48375702,0.46,0.02375701,0,0.46
2025-06-21 03:00:00,2,down,0.5073711,0.46,0.04737112,0,0.46
2025-06-21 04:00:00,2,up,0.5237209,0.46,0.06372091,0,0.46
2025-06-21 05:00:00,2,up,0.51010805,0.46,0.050108045,0,0.46
2025-06-21 06:00:00,2,down,0.46255913,0.46,0.0025591254,0,0.46
2025-06-21 07:00:00,2,up,0.47816515,0.46,0.018165141,0,0.46
2025-06-21 08:00:00,0,up,0.38168302,0.46,0.07831699,1,0.38168302
2025-06-21 09:00:00,2,down,0.4128832,0.46,0.047116816,0,0.46
2025-06-21 10:00:00,2,up,0.44291613,0.46,0.017083883,0,0.46
2025-06-21 11:00:00,2,down,0.43546185,0.46,0.02453816,0,0.46
2025-06-21 12:00:00,2,down,0.47765014,0.46,0.017650127,0,0.46
2025-06-21 13:00:00,2,down,0.52497965,0.46,0.06497964,0,0.46
2025-06-21 14:00:00,2,up,0.5194532,0.46,0.05945322,0,0.46
2025-06-21 15:00:00,2,down,0.48210636,0.46,0.02210635,0,0.46
2025-06-21 16:00:00,1,down,0.55639285,0.46,0.09639284,1,0.55639285
2025-06-21 17:00:00,1,down,0.6258783,0.46,0.16587827,1,0.6258783
2025-06-21 18:00:00,1,down,0.64292043,0.46,0.18292043,1,0.64292043
2025-06-21 19:00:00,1,up,0.6178473,0.46,0.15784732,1,0.6178473
2025-06-21 20:00:00,2,down,0.48314652,0.46,0.02314651,0,0.46
2025-06-21 21:00:00,2,up,0.5174586,0.46,0.05745861,0,0.46
2025-06-21 22:00:00,2,up,0.51675636,0.46,0.056756347,0,0.46
2025-06-21 23:00:00,2,up,0.4566732,0.46,0.0033268034,0,0.46
2025-06-22 00:00:00,2,down,0.4485787,0.46,0.011421323,0,0.46
2025-06-22 01:00:00,2,down,0.49045557,0.46,0.03045556,0,0.46
2025-06-22 02:00:00,2,up,0.48381618,0.46,0.023816168,0,0.46
2025-06-22 03:00:00,2,up,0.50032055,0.46,0.040320545,0,0.46
2025-06-22 04:00:00,2,up,0.45889962,0.46,0.0011003911,0,0.46
2025-06-22 05:00:00,2,down,0.44117987,0.46,0.018820137,0,0.46
2025-06-22 06:00:00,2,down,0.45976213,0.46,0.00023788214,0,0.46
2025-06-22 07:00:00,2,up,0.49470186,0.46,0.034701854,0,0.46
2025-06-22 08:00:00,2,down,0.42721415,0.46,0.032785863,0,0.46
2025-06-22 09:00:00,2,up,0.5185533,0.46,0.05855331,0,0.46
2025-06-22 10:00:00,2,up,0.49253964,0.46,0.032539636,0,0.46
2025-06-22 11:00:00,2,up,0.43882626,0.46,0.021173745,0,0.46
2025-06-22 12:00:00,2,down,0.40558666,0.46,0.05441335,0,0.46
2025-06-22 13:00:00,2,down,0.506448,0.46,0.046447963,0,0.46
2025-06-22 14:00:00,1,down,0.53543997,0.46,0.07543996,1,0.53543997
2025-06-22 15:00:00,1,up,0.6818145,0.46,0.22181448,1,0.6818145
2025-06-22 16:00:00,2,down,0.4725988,0.46,0.012598783,0,0.46
2025-06-22 17:00:00,1,down,0.5877594,0.46,0.12775937,1,0.5877594
2025-06-22 18:00:00,1,down,0.5552053,0.46,0.09520528,1,0.5552053
2025-06-22 19:00:00,1,up,0.5964294,0.46,0.1364294,1,0.5964294
2025-06-22 20:00:00,2,down,0.45756125,0.46,0.0024387538,0,0.46
2025-06-22 21:00:00,1,up,0.53027827,0.46,0.07027826,1,0.53027827
2025-06-22 22:00:00,2,down,0.41108763,0.46,0.048912376,0,0.46
2025-06-22 23:00:00,0,down,0.3887093,0.46,0.0712907,1,0.3887093
2025-06-23 00:00:00,2,up,0.42487118,0.46,0.035128832,0,0.46
2025-06-23 01:00:00,0,up,0.36726838,0.46,0.092731625,1,0.36726838
2025-06-23 02:00:00,0,down,0.36209768,0.46,0.09790233,1,0.36209768
2025-06-23 03:00:00,2,up,0.4570724,0.46,0.0029276013,0,0.46
2025-06-23 04:00:00,2,up,0.44123745,0.46,0.018762559,0,0.46
2025-06-23 05:00:00,0,up,0.3772284,0.46,0.0827716,1,0.3772284
2025-06-23 06:00:00,0,down,0.3616215,0.46,0.09837851,1,0.3616215
2025-06-23 07:00:00,2,down,0.41495997,0.46,0.04504004,0,0.46
2025-06-23 08:00:00,2,down,0.4233521,0.46,0.036647916,0,0.46
2025-06-23 09:00:00,2,down,0.4567008,0.46,0.0032992065,0,0.46
2025-06-23 10:00:00,2,down,0.4630268,0.46,0.0030267835,0,0.46
2025-06-23 11:00:00,2,up,0.4972482,0.46,0.037248194,0,0.46
2025-06-23 12:00:00,2,up,0.39814094,0.46,0.06185907,0,0.46
2025-06-23 13:00:00,2,down,0.39107955,0.46,0.06892046,0,0.46
2025-06-23 14:00:00,2,down,0.48927504,0.46,0.02927503,0,0.46
2025-06-23 15:00:00,2,down,0.5129516,0.46,0.052951604,0,0.46
2025-06-23 16:00:00,2,up,0.47966018,0.46,0.019660175,0,0.46
2025-06-23 17:00:00,2,up,0.47811162,0.46,0.018111616,0,0.46
2025-06-23 18:00:00,2,up,0.45491296,0.46,0.005087048,0,0.46
2025-06-23 19:00:00,0,up,0.3647949,0.46,0.0952051,1,0.3647949
2025-06-23 20:00:00,0,down,0.38696897,0.46,0.07303104,1,0.38696897
2025-06-23 21:00:00,2,up,0.5008318,0.46,0.040831774,0,0.46
2025-06-23 22:00:00,1,down,0.53044105,0.46,0.07044104,1,0.53044105
2025-06-23 23:00:00,2,down,0.46363994,0.46,0.0036399364,0,0.46
2025-06-24 00:00:00,2,up,0.4706942,0.46,0.010694206,0,0.46
2025-06-24 01:00:00,2,down,0.39229658,0.46,0.067703426,0,0.46
2025-06-24 02:00:00,1,up,0.5363132,0.46,0.07631317,1,0.5363132
2025-06-24 03:00:00,2,down,0.5145568,0.46,0.054556817,0,0.46
2025-06-24 04:00:00,2,up,0.50894946,0.46,0.04894945,0,0.46
2025-06-24 05:00:00,0,up,0.37295094,0.46,0.08704907,1,0.37295094
2025-06-24 06:00:00,0,down,0.38977867,0.46,0.070221335,1,0.38977867
2025-06-24 07:00:00,2,up,0.49214047,0.46,0.032140464,0,0.46
2025-06-24 08:00:00,2,up,0.4416882,0.46,0.018311799,0,0.46
2025-06-24 09:00:00,2,up,0.47917807,0.46,0.019178063,0,0.46
2025-06-24 10:00:00,2,down,0.41513318,0.46,0.04486683,0,0.46
2025-06-24 11:00:00,2,up,0.44365653,0.46,0.016343474,0,0.46
2025-06-24 12:00:00,2,down,0.39849803,0.46,0.06150198,0,0.46
2025-06-24 13:00:00,2,up,0.46035495,0.46,0.00035494566,0,0.46
2025-06-24 14:00:00,0,down,0.35735127,0.46,0.102648735,1,0.35735127
2025-06-24 15:00:00,2,up,0.45468044,0.46,0.0053195655,0,0.46
2025-06-24 16:00:00,0,down,0.3603123,0.46,0.099687696,1,0.3603123
2025-06-24 17:00:00,0,down,0.3666717,0.46,0.0933283,1,0.3666717
2025-06-24 18:00:00,2,up,0.4800916,0.46,0.020091593,0,0.46
2025-06-24 19:00:00,2,up,0.39369443,0.46,0.06630558,0,0.46
2025-06-24 20:00:00,0,down,0.36848277,0.46,0.09151724,1,0.36848277
2025-06-24 21:00:00,2,up,0.39458457,0.46,0.06541544,0,0.46
2025-06-24 22:00:00,2,up,0.3950444,0.46,0.06495562,0,0.46
2025-06-24 23:00:00,2,up,0.4008034,0.46,0.05919662,0,0.46
2025-06-25 00:00:00,0,down,0.34961572,0.46,0.110384285,1,0.34961572
2025-06-25 01:00:00,0,up,0.3858428,0.46,0.07415721,1,0.3858428
2025-06-25 02:00:00,2,down,0.45106697,0.46,0.0089330375,0,0.46
2025-06-25 03:00:00,2,down,0.47770545,0.46,0.01770544,0,0.46
2025-06-25 04:00:00,2,up,0.45540464,0.46,0.004595369,0,0.46
2025-06-25 05:00:00,2,up,0.47660357,0.46,0.01660356,0,0.46
2025-06-25 06:00:00,2,up,0.39055583,0.46,0.06944418,0,0.46
2025-06-25 07:00:00,0,up,0.35798085,0.46,0.10201916,1,0.35798085
2025-06-25 08:00:00,0,down,0.343467,0.46,0.11653301,1,0.343467
2025-06-25 09:00:00,2,up,0.4496369,0.46,0.010363102,0,0.46
2025-06-25 10:00:00,0,up,0.3487007,0.46,0.111299306,1,0.3487007
2025-06-25 11:00:00,0,up,0.36043486,0.46,0.09956515,1,0.36043486
2025-06-25 12:00:00,0,up,0.35007936,0.46,0.10992065,1,0.35007936
2025-06-25 13:00:00,2,down,0.39046595,0.46,0.06953406,0,0.46
2025-06-25 14:00:00,2,down,0.44767112,0.46,0.012328893,0,0.46
2025-06-25 15:00:00,2,up,0.48819864,0.46,0.02819863,0,0.46
2025-06-25 16:00:00,2,up,0.5076378,0.46,0.04763779,0,0.46
2025-06-25 17:00:00,2,up,0.4020726,0.46,0.0579274,0,0.46
2025-06-25 18:00:00,2,up,0.41184273,0.46,0.048157275,0,0.46
2025-06-25 19:00:00,0,up,0.37595847,0.46,0.084041536,1,0.37595847
2025-06-25 20:00:00,0,down,0.35618898,0.46,0.103811026,1,0.35618898
2025-06-25 21:00:00,2,down,0.45773244,0.46,0.0022675693,0,0.46
2025-06-25 22:00:00,2,up,0.5289475,0.46,0.068947464,0,0.46
2025-06-25 23:00:00,2,down,0.4268155,0.46,0.0331845,0,0.46
2025-06-26 00:00:00,2,up,0.52623653,0.46,0.066236526,0,0.46
2025-06-26 01:00:00,2,up,0.42296863,0.46,0.037031382,0,0.46
2025-06-26 02:00:00,0,down,0.3374353,0.46,0.1225647,1,0.3374353
2025-06-26 03:00:00,2,down,0.43183646,0.46,0.028163552,0,0.46
2025-06-26 04:00:00,2,down,0.42264852,0.46,0.03735149,0,0.46
2025-06-26 05:00:00,2,up,0.4743628,0.46,0.014362782,0,0.46
2025-06-26 06:00:00,2,up,0.3998904,0.46,0.060109615,0,0.46
2025-06-26 07:00:00,2,down,0.4615545,0.46,0.0015544891,0,0.46
2025-06-26 08:00:00,2,down,0.44527203,0.46,0.01472798,0,0.46
2025-06-26 09:00:00,1,up,0.5412813,0.46,0.081281275,1,0.5412813
2025-06-26 10:00:00,2,down,0.4766347,0.46,0.016634703,0,0.46
2025-06-26 11:00:00,2,down,0.49283606,0.46,0.03283605,0,0.46
2025-06-26 12:00:00,1,down,0.5715875,0.46,0.111587495,1,0.5715875
2025-06-26 13:00:00,1,up,0.5667176,0.46,0.10671762,1,0.5667176
2025-06-26 14:00:00,2,down,0.47068456,0.46,0.01068455,0,0.46
2025-06-26 15:00:00,2,down,0.41406184,0.46,0.045938164,0,0.46
2025-06-26 16:00:00,2,down,0.49483523,0.46,0.03483522,0,0.46
2025-06-26 17:00:00,2,up,0.52333975,0.46,0.06333974,0,0.46
2025-06-26 18:00:00,2,up,0.47088757,0.46,0.010887563,0,0.46
2025-06-26 19:00:00,2,up,0.41782615,0.46,0.042173862,0,0.46
2025-06-26 20:00:00,2,down,0.39839914,0.46,0.061600864,0,0.46
2025-06-26 21:00:00,2,down,0.48112693,0.46,0.021126926,0,0.46
2025-06-26 22:00:00,1,down,0.5383545,0.46,0.07835451,1,0.5383545
2025-06-26 23:00:00,2,down,0.5285311,0.46,0.068531066,0,0.46
2025-06-27 00:00:00,1,up,0.60319936,0.46,0.14319935,1,0.60319936
2025-06-27 01:00:00,2,up,0.45022574,0.46,0.009774268,0,0.46
2025-06-27 02:00:00,2,up,0.4460835,0.46,0.013916522,0,0.46
2025-06-27 03:00:00,0,up,0.38265768,0.46,0.07734233,1,0.38265768
2025-06-27 04:00:00,2,down,0.4122628,0.46,0.04773721,0,0.46
2025-06-27 05:00:00,1,up,0.5410183,0.46,0.0810183,1,0.5410183
2025-06-27 06:00:00,2,down,0.49119878,0.46,0.03119877,0,0.46
2025-06-27 07:00:00,1,up,0.54034775,0.46,0.08034775,1,0.54034775
2025-06-27 08:00:00,2,up,0.44200996,0.46,0.017990053,0,0.46
2025-06-27 09:00:00,2,down,0.4437719,0.46,0.01622811,0,0.46
2025-06-27 10:00:00,2,down,0.48294824,0.46,0.022948235,0,0.46
2025-06-27 11:00:00,2,down,0.5135725,0.46,0.053572506,0,0.46
2025-06-27 12:00:00,1,up,0.54076904,0.46,0.08076903,1,0.54076904
2025-06-27 13:00:00,2,down,0.50286484,0.46,0.04286483,0,0.46
2025-06-27 14:00:00,2,up,0.52820164,0.46,0.06820163,0,0.46
2025-06-27 15:00:00,0,up,0.38866043,0.46,0.07133958,1,0.38866043
2025-06-27 16:00:00,2,down,0.42732227,0.46,0.03267774,0,0.46
2025-06-27 17:00:00,2,down,0.4999274,0.46,0.039927393,0,0.46
2025-06-27 18:00:00,2,up,0.50300366,0.46,0.04300365,0,0.46
2025-06-27 19:00:00,2,up,0.5102327,0.46,0.05023268,0,0.46
2025-06-27 20:00:00,2,down,0.42406037,0.46,0.035939634,0,0.46
2025-06-27 21:00:00,2,up,0.47787604,0.46,0.017876029,0,0.46
2025-06-27 22:00:00,2,down,0.4667259,0.46,0.0067258775,0,0.46
2025-06-27 23:00:00,2,up,0.46261516,0.46,0.0026151538,0,0.46
2025-06-28 00:00:00,2,up,0.45894718,0.46,0.0010528266,0,0.46
2025-06-28 01:00:00,2,up,0.44873816,0.46,0.011261851,0,0.46
2025-06-28 02:00:00,2,up,0.44832623,0.46,0.011673778,0,0.46
2025-06-28 03:00:00,0,down,0.38514805,0.46,0.07485196,1,0.38514805
2025-06-28 04:00:00,2,up,0.5002065,0.46,0.040206462,0,0.46
2025-06-28 05:00:00,0,up,0.36558104,0.46,0.09441897,1,0.36558104
2025-06-28 06:00:00,0,up,0.38724947,0.46,0.07275054,1,0.38724947
2025-06-28 07:00:00,0,down,0.3669287,0.46,0.09307131,1,0.3669287
2025-06-28 08:00:00,2,down,0.45655286,0.46,0.0034471452,0,0.46
2025-06-28 09:00:00,2,down,0.45743975,0.46,0.002560258,0,0.46
2025-06-28 10:00:00,2,up,0.49147844,0.46,0.031478435,0,0.46
2025-06-28 11:00:00,2,down,0.441616,0.46,0.01838401,0,0.46
2025-06-28 12:00:00,2,down,0.45027766,0.46,0.009722352,0,0.46
2025-06-28 13:00:00,1,up,0.57367724,0.46,0.11367723,1,0.57367724
2025-06-28 14:00:00,2,up,0.4909102,0.46,0.030910194,0,0.46
2025-06-28 15:00:00,2,down,0.4059013,0.46,0.054098696,0,0.46
2025-06-28 16:00:00,2,up,0.49270165,0.46,0.03270164,0,0.46
2025-06-28 17:00:00,2,down,0.4381145,0.46,0.021885514,0,0.46
2025-06-28 18:00:00,2,down,0.49958003,0.46,0.039580017,0,0.46
2025-06-28 19:00:00,1,down,0.54647785,0.46,0.086477846,1,0.54647785
2025-06-28 20:00:00,1,up,0.5620807,0.46,0.10208067,1,0.5620807
2025-06-28 21:00:00,2,up,0.51707155,0.46,0.057071537,0,0.46
2025-06-28 22:00:00,2,down,0.42786914,0.46,0.032130867,0,0.46
2025-06-28 23:00:00,2,up,0.5128695,0.46,0.05286947,0,0.46
2025-06-29 00:00:00,2,down,0.39636758,0.46,0.06363243,0,0.46
2025-06-29 01:00:00,1,down,0.5688563,0.46,0.10885629,1,0.5688563
2025-06-29 02:00:00,2,down,0.45921725,0.46,0.000782758,0,0.46
2025-06-29 03:00:00,1,up,0.5635888,0.46,0.10358879,1,0.5635888
2025-06-29 04:00:00,2,up,0.4868337,0.46,0.026833683,0,0.46
2025-06-29 05:00:00,2,up,0.4851538,0.46,0.025153786,0,0.46
2025-06-29 06:00:00,2,up,0.41736078,0.46,0.042639226,0,0.46
2025-06-29 07:00:00,2,up,0.41491058,0.46,0.045089424,0,0.46
2025-06-29 08:00:00,2,up,0.40412423,0.46,0.05587578,0,0.46
2025-06-29 09:00:00,2,up,0.39086235,0.46,0.06913766,0,0.46
2025-06-29 10:00:00,0,up,0.37754333,0.46,0.08245668,1,0.37754333
2025-06-29 11:00:00,2,down,0.40459886,0.46,0.055401146,0,0.46
2025-06-29 12:00:00,2,down,0.5201784,0.46,0.06017837,0,0.46
2025-06-29 13:00:00,2,down,0.5292959,0.46,0.06929591,0,0.46
2025-06-29 14:00:00,2,down,0.47248647,0.46,0.012486458,0,0.46
2025-06-29 15:00:00,1,down,0.54301983,0.46,0.08301982,1,0.54301983
2025-06-29 16:00:00,2,down,0.51107556,0.46,0.051075548,0,0.46
2025-06-29 17:00:00,2,up,0.4638668,0.46,0.0038667917,0,0.46
2025-06-29 18:00:00,2,down,0.48690864,0.46,0.026908636,0,0.46
2025-06-29 19:00:00,1,down,0.5534575,0.46,0.09345749,1,0.5534575
2025-06-29 20:00:00,1,up,0.6311829,0.46,0.1711829,1,0.6311829
2025-06-29 21:00:00,2,up,0.47647455,0.46,0.016474545,0,0.46
2025-06-29 22:00:00,2,up,0.4150125,0.46,0.0449875,0,0.46
2025-06-29 23:00:00,0,up,0.36546892,0.46,0.09453109,1,0.36546892
2025-06-30 00:00:00,0,down,0.382515,0.46,0.077484995,1,0.382515
2025-06-30 01:00:00,2,down,0.48226976,0.46,0.022269756,0,0.46
2025-06-30 02:00:00,2,up,0.4574646,0.46,0.0025354028,0,0.46
2025-06-30 03:00:00,2,down,0.44641024,0.46,0.01358977,0,0.46
2025-06-30 04:00:00,2,down,0.51533496,0.46,0.055334955,0,0.46
2025-06-30 05:00:00,2,down,0.46870247,0.46,0.008702457,0,0.46
2025-06-30 06:00:00,1,up,0.54596853,0.46,0.085968524,1,0.54596853
2025-06-30 07:00:00,2,down,0.47956672,0.46,0.019566715,0,0.46
2025-06-30 08:00:00,1,down,0.606036,0.46,0.146036,1,0.606036
2025-06-30 09:00:00,1,up,0.63372743,0.46,0.17372742,1,0.63372743
2025-06-30 10:00:00,2,up,0.49002326,0.46,0.030023247,0,0.46
2025-06-30 11:00:00,2,down,0.5257037,0.46,0.06570372,0,0.46
2025-06-30 12:00:00,1,down,0.5321931,0.46,0.072193116,1,0.5321931
2025-06-30 13:00:00,1,down,0.5380499,0.46,0.07804987,1,0.5380499
2025-06-30 14:00:00,1,up,0.5660138,0.46,0.106013805,1,0.5660138
2025-06-30 15:00:00,2,up,0.44318858,0.46,0.01681143,0,0.46
2025-06-30 16:00:00,2,down,0.4701838,0.46,0.010183781,0,0.46
2025-06-30 17:00:00,2,down,0.48039332,0.46,0.020393312,0,0.46
2025-06-30 18:00:00,2,up,0.518768,0.46,0.058768004,0,0.46
2025-06-30 19:00:00,2,down,0.40836835,0.46,0.05163166,0,0.46
2025-06-30 20:00:00,2,down,0.48474246,0.46,0.024742454,0,0.46
2025-06-30 21:00:00,2,down,0.50883883,0.46,0.048838824,0,0.46
2025-06-30 22:00:00,2,up,0.51517844,0.46,0.055178434,0,0.46
2025-06-30 23:00:00,1,up,0.53753394,0.46,0.07753393,1,0.53753394
2025-07-01 00:00:00,2,down,0.45098153,0.46,0.009018481,0,0.46
2025-07-01 01:00:00,2,down,0.50884104,0.46,0.04884103,0,0.46
2025-07-01 02:00:00,1,up,0.54937595,0.46,0.08937594,1,0.54937595
2025-07-01 03:00:00,2,down,0.49309644,0.46,0.033096433,0,0.46
2025-07-01 04:00:00,1,up,0.5947351,0.46,0.13473508,1,0.5947351
2025-07-01 05:00:00,2,down,0.48476842,0.46,0.024768412,0,0.46
2025-07-01 06:00:00,1,up,0.5333975,0.46,0.07339749,1,0.5333975
2025-07-01 07:00:00,2,down,0.41392335,0.46,0.046076655,0,0.46
2025-07-01 08:00:00,1,down,0.5507643,0.46,0.090764314,1,0.5507643
2025-07-01 09:00:00,1,down,0.5522431,0.46,0.092243105,1,0.5522431
2025-07-01 10:00:00,1,up,0.5375605,0.46,0.077560514,1,0.5375605
2025-07-01 11:00:00,2,down,0.4696311,0.46,0.009631097,0,0.46
2025-07-01 12:00:00,1,up,0.5848356,0.46,0.12483558,1,0.5848356
2025-07-01 13:00:00,2,down,0.44059917,0.46,0.019400835,0,0.46
2025-07-01 14:00:00,1,up,0.5545917,0.46,0.09459171,1,0.5545917
2025-07-01 15:00:00,2,up,0.507452,0.46,0.047452003,0,0.46
2025-07-01 16:00:00,2,up,0.51861453,0.46,0.058614522,0,0.46
2025-07-01 17:00:00,2,down,0.45340797,0.46,0.0065920353,0,0.46
2025-07-01 18:00:00,1,down,0.5615254,0.46,0.101525396,1,0.5615254
2025-07-01 19:00:00,1,up,0.5845891,0.46,0.124589115,1,0.5845891
2025-07-01 20:00:00,2,down,0.474851,0.46,0.014851004,0,0.46
2025-07-01 21:00:00,2,down,0.5178661,0.46,0.057866067,0,0.46
2025-07-01 22:00:00,1,up,0.53331864,0.46,0.07331863,1,0.53331864
2025-07-01 23:00:00,2,down,0.46746656,0.46,0.0074665546,0,0.46
2025-07-02 00:00:00,1,up,0.5542203,0.46,0.09422031,1,0.5542203
2025-07-02 01:00:00,2,up,0.45176166,0.46,0.008238345,0,0.46
2025-07-02 02:00:00,2,up,0.4157745,0.46,0.044225514,0,0.46
2025-07-02 03:00:00,2,up,0.4075291,0.46,0.052470922,0,0.46
2025-07-02 04:00:00,2,up,0.39725423,0.46,0.06274578,0,0.46
2025-07-02 05:00:00,0,up,0.3629821,0.46,0.097017914,1,0.3629821
2025-07-02 06:00:00,2,up,0.39164838,0.46,0.06835163,0,0.46
2025-07-02 07:00:00,0,up,0.35200652,0.46,0.10799348,1,0.35200652
2025-07-02 08:00:00,0,down,0.3850235,0.46,0.074976504,1,0.3850235
2025-07-02 09:00:00,2,up,0.4214449,0.46,0.038555115,0,0.46
2025-07-02 10:00:00,0,down,0.38250577,0.46,0.077494234,1,0.38250577
2025-07-02 11:00:00,2,down,0.48685727,0.46,0.026857257,0,0.46
2025-07-02 12:00:00,2,up,0.43389064,0.46,0.026109368,0,0.46
2025-07-02 13:00:00,2,up,0.44717625,0.46,0.0128237605,0,0.46
2025-07-02 14:00:00,0,up,0.3743725,0.46,0.085627496,1,0.3743725
2025-07-02 15:00:00,0,up,0.36977106,0.46,0.090228945,1,0.36977106
2025-07-02 16:00:00,0,down,0.38666588,0.46,0.07333413,1,0.38666588
2025-07-02 17:00:00,2,up,0.48559034,0.46,0.02559033,0,0.46
2025-07-02 18:00:00,0,up,0.38334113,0.46,0.076658875,1,0.38334113
2025-07-02 19:00:00,0,down,0.3828916,0.46,0.07710841,1,0.3828916
2025-07-02 20:00:00,2,up,0.5072966,0.46,0.047296613,0,0.46
2025-07-02 21:00:00,2,down,0.40781814,0.46,0.05218187,0,0.46
2025-07-02 22:00:00,2,down,0.52864707,0.46,0.06864706,0,0.46
2025-07-02 23:00:00,2,up,0.5148098,0.46,0.05480978,0,0.46
2025-07-03 00:00:00,2,up,0.5237505,0.46,0.063750476,0,0.46
2025-07-03 01:00:00,2,down,0.4237957,0.46,0.03620431,0,0.46
2025-07-03 02:00:00,2,down,0.52246416,0.46,0.062464148,0,0.46
2025-07-03 03:00:00,1,up,0.61336225,0.46,0.15336224,1,0.61336225
2025-07-03 04:00:00,2,up,0.47131968,0.46,0.011319667,0,0.46
2025-07-03 05:00:00,2,up,0.39740223,0.46,0.06259778,0,0.46
2025-07-03 06:00:00,0,down,0.3590619,0.46,0.10093811,1,0.3590619
2025-07-03 07:00:00,2,up,0.42176062,0.46,0.03823939,0,0.46
2025-07-03 08:00:00,2,up,0.455159,0.46,0.004841,0,0.46
2025-07-03 09:00:00,2,down,0.4659906,0.46,0.0059905946,0,0.46
2025-07-03 10:00:00,2,down,0.39148706,0.46,0.06851295,0,0.46
2025-07-03 11:00:00,2,down,0.4568055,0.46,0.003194511,0,0.46
2025-07-03 12:00:00,2,up,0.50512666,0.46,0.045126647,0,0.46
2025-07-03 13:00:00,2,down,0.40563896,0.46,0.054361045,0,0.46
2025-07-03 14:00:00,2,down,0.51401675,0.46,0.05401674,0,0.46
2025-07-03 15:00:00,1,up,0.56401336,0.46,0.10401335,1,0.56401336
2025-07-03 16:00:00,2,up,0.5234589,0.46,0.06345889,0,0.46
2025-07-03 17:00:00,2,up,0.4455922,0.46,0.014407814,0,0.46
2025-07-03 18:00:00,2,up,0.40319782,0.46,0.056802183,0,0.46
2025-07-03 19:00:00,2,up,0.42396426,0.46,0.036035746,0,0.46
2025-07-03 20:00:00,0,down,0.35946554,0.46,0.10053447,1,0.35946554
2025-07-03 21:00:00,2,down,0.44093743,0.46,0.019062579,0,0.46
2025-07-03 22:00:00,2,down,0.4788953,0.46,0.018895298,0,0.46
2025-07-03 23:00:00,2,down,0.4935531,0.46,0.033553094,0,0.46
2025-07-04 00:00:00,2,up,0.51525074,0.46,0.055250734,0,0.46
2025-07-04 01:00:00,1,down,0.5333745,0.46,0.07337448,1,0.5333745
2025-07-04 02:00:00,1,up,0.5548834,0.46,0.09488341,1,0.5548834
2025-07-04 03:00:00,1,down,0.5378504,0.46,0.07785037,1,0.5378504
2025-07-04 04:00:00,1,up,0.5805375,0.46,0.12053749,1,0.5805375
2025-07-04 05:00:00,1,up,0.5509155,0.46,0.09091547,1,0.5509155
2025-07-04 06:00:00,2,down,0.4805343,0.46,0.020534277,0,0.46
2025-07-04 07:00:00,1,up,0.5970798,0.46,0.1370798,1,0.5970798
2025-07-04 08:00:00,2,up,0.49634054,0.46,0.036340535,0,0.46
2025-07-04 09:00:00,1,down,0.5357504,0.46,0.07575038,1,0.5357504
2025-07-04 10:00:00,2,down,0.5279925,0.46,0.06799248,0,0.46
2025-07-04 11:00:00,2,down,0.5151094,0.46,0.05510941,0,0.46
2025-07-04 12:00:00,2,down,0.517668,0.46,0.057668,0,0.46
2025-07-04 13:00:00,1,down,0.5634109,0.46,0.10341087,1,0.5634109
2025-07-04 14:00:00,2,down,0.49531096,0.46,0.035310954,0,0.46
2025-07-04 15:00:00,1,up,0.6582929,0.46,0.19829288,1,0.6582929
2025-07-04 16:00:00,2,up,0.4734601,0.46,0.0134601,0,0.46
2025-07-04 17:00:00,2,down,0.4952431,0.46,0.035243094,0,0.46
2025-07-04 18:00:00,1,down,0.57543766,0.46,0.11543766,1,0.57543766
2025-07-04 19:00:00,2,up,0.51686835,0.46,0.056868345,0,0.46
2025-07-04 20:00:00,2,up,0.5105432,0.46,0.05054322,0,0.46
2025-07-04 21:00:00,2,up,0.43608284,0.46,0.023917168,0,0.46
2025-07-04 22:00:00,2,down,0.42190933,0.46,0.038090676,0,0.46
2025-07-04 23:00:00,2,up,0.5061145,0.46,0.046114475,0,0.46
2025-07-05 00:00:00,2,down,0.4074014,0.46,0.052598596,0,0.46
2025-07-05 01:00:00,2,up,0.5083509,0.46,0.0483509,0,0.46
2025-07-05 02:00:00,2,up,0.4389587,0.46,0.021041304,0,0.46
2025-07-05 03:00:00,2,down,0.5145355,0.46,0.05453548,0,0.46
2025-07-05 04:00:00,2,down,0.47285178,0.46,0.012851775,0,0.46
2025-07-05 05:00:00,2,up,0.48215613,0.46,0.02215612,0,0.46
2025-07-05 06:00:00,2,down,0.4057696,0.46,0.05423042,0,0.46
2025-07-05 07:00:00,2,down,0.5115393,0.46,0.051539272,0,0.46
2025-07-05 08:00:00,2,up,0.50614715,0.46,0.046147138,0,0.46
2025-07-05 09:00:00,2,up,0.46080816,0.46,0.0008081496,0,0.46
2025-07-05 10:00:00,2,up,0.47105607,0.46,0.011056066,0,0.46
2025-07-05 11:00:00,2,up,0.48133135,0.46,0.02133134,0,0.46
2025-07-05 12:00:00,2,down,0.4438161,0.46,0.016183913,0,0.46
2025-07-05 13:00:00,2,up,0.464349,0.46,0.0043489933,0,0.46
2025-07-05 14:00:00,2,down,0.43503273,0.46,0.024967283,0,0.46
2025-07-05 15:00:00,1,up,0.5584172,0.46,0.09841719,1,0.5584172
2025-07-05 16:00:00,2,down,0.44416705,0.46,0.01583296,0,0.46
2025-07-05 17:00:00,2,down,0.48501724,0.46,0.025017232,0,0.46
2025-07-05 18:00:00,2,up,0.52110183,0.46,0.061101824,0,0.46
2025-07-05 19:00:00,2,down,0.4960088,0.46,0.036008805,0,0.46
2025-07-05 20:00:00,2,down,0.5098886,0.46,0.04988858,0,0.46
2025-07-05 21:00:00,2,up,0.50031316,0.46,0.040313154,0,0.46
2025-07-05 22:00:00,2,up,0.45056832,0.46,0.00943169,0,0.46
2025-07-05 23:00:00,2,up,0.50770944,0.46,0.047709435,0,0.46
2025-07-06 00:00:00,2,up,0.44034347,0.46,0.019656539,0,0.46
2025-07-06 01:00:00,2,down,0.45466962,0.46,0.005330384,0,0.46
2025-07-06 02:00:00,1,down,0.5754565,0.46,0.11545649,1,0.5754565
2025-07-06 03:00:00,1,down,0.5389406,0.46,0.0789406,1,0.5389406
2025-07-06 04:00:00,1,up,0.5626956,0.46,0.102695614,1,0.5626956
2025-07-06 05:00:00,2,up,0.50848496,0.46,0.04848495,0,0.46
2025-07-06 06:00:00,2,down,0.46863553,0.46,0.008635521,0,0.46
2025-07-06 07:00:00,1,down,0.58752936,0.46,0.12752935,1,0.58752936
2025-07-06 08:00:00,2,down,0.48293778,0.46,0.022937775,0,0.46
2025-07-06 09:00:00,1,up,0.5862164,0.46,0.12621638,1,0.5862164
2025-07-06 10:00:00,2,up,0.47647136,0.46,0.016471356,0,0.46
2025-07-06 11:00:00,2,up,0.46794742,0.46,0.007947415,0,0.46
2025-07-06 12:00:00,2,up,0.39771855,0.46,0.06228146,0,0.46
2025-07-06 13:00:00,2,up,0.42469978,0.46,0.035300225,0,0.46
2025-07-06 14:00:00,0,down,0.36689645,0.46,0.09310356,1,0.36689645
2025-07-06 15:00:00,0,down,0.38317275,0.46,0.07682726,1,0.38317275
2025-07-06 16:00:00,2,up,0.4450764,0.46,0.014923602,0,0.46
2025-07-06 17:00:00,0,down,0.38152137,0.46,0.078478634,1,0.38152137
2025-07-06 18:00:00,2,up,0.4942022,0.46,0.03420219,0,0.46
2025-07-06 19:00:00,2,up,0.46142212,0.46,0.0014221072,0,0.46
2025-07-06 20:00:00,2,up,0.5291132,0.46,0.069113165,0,0.46
2025-07-06 21:00:00,2,up,0.4586267,0.46,0.0013733208,0,0.46
2025-07-06 22:00:00,2,down,0.49854216,0.46,0.03854215,0,0.46
2025-07-06 23:00:00,0,down,0.3800347,0.46,0.07996532,1,0.3800347
2025-07-07 00:00:00,2,up,0.47842804,0.46,0.018428028,0,0.46
2025-07-07 01:00:00,2,up,0.39258444,0.46,0.067415565,0,0.46
2025-07-07 02:00:00,2,up,0.4098721,0.46,0.050127894,0,0.46
2025-07-07 03:00:00,2,down,0.47316405,0.46,0.013164043,0,0.46
2025-07-07 04:00:00,2,down,0.52234346,0.46,0.06234345,0,0.46
2025-07-07 05:00:00,2,down,0.49888656,0.46,0.038886547,0,0.46
2025-07-07 06:00:00,1,up,0.58027935,0.46,0.12027934,1,0.58027935
2025-07-07 07:00:00,2,down,0.43671596,0.46,0.023284048,0,0.46
2025-07-07 08:00:00,2,down,0.46349403,0.46,0.0034940243,0,0.46
2025-07-07 09:00:00,2,down,0.47682855,0.46,0.016828537,0,0.46
2025-07-07 10:00:00,1,down,0.58152896,0.46,0.12152895,1,0.58152896
2025-07-07 11:00:00,2,down,0.5113997,0.46,0.051399678,0,0.46
2025-07-07 12:00:00,1,up,0.56745607,0.46,0.10745606,1,0.56745607
2025-07-07 13:00:00,2,down,0.43930513,0.46,0.020694882,0,0.46
2025-07-07 14:00:00,2,up,0.51264536,0.46,0.052645355,0,0.46
2025-07-07 15:00:00,1,down,0.57916534,0.46,0.11916533,1,0.57916534
2025-07-07 16:00:00,1,down,0.5640372,0.46,0.104037195,1,0.5640372
2025-07-07 17:00:00,1,up,0.57602847,0.46,0.11602846,1,0.57602847
2025-07-07 18:00:00,2,up,0.4889832,0.46,0.028983206,0,0.46
2025-07-07 19:00:00,1,down,0.5461287,0.46,0.08612868,1,0.5461287
2025-07-07 20:00:00,1,up,0.579682,0.46,0.119681984,1,0.579682
2025-07-07 21:00:00,2,down,0.43855342,0.46,0.021446586,0,0.46
2025-07-07 22:00:00,1,up,0.5444725,0.46,0.08447251,1,0.5444725
2025-07-07 23:00:00,2,up,0.44142535,0.46,0.018574655,0,0.46
2025-07-08 00:00:00,2,down,0.44380468,0.46,0.016195327,0,0.46
2025-07-08 01:00:00,1,up,0.5699436,0.46,0.1099436,1,0.5699436
2025-07-08 02:00:00,2,up,0.48145366,0.46,0.021453649,0,0.46
2025-07-08 03:00:00,2,up,0.507007,0.46,0.047006994,0,0.46
2025-07-08 04:00:00,2,up,0.4664423,0.46,0.0064422786,0,0.46
2025-07-08 05:00:00,2,up,0.44790435,0.46,0.01209566,0,0.46
2025-07-08 06:00:00,2,up,0.43348765,0.46,0.026512355,0,0.46
2025-07-08 07:00:00,0,down,0.36886093,0.46,0.09113908,1,0.36886093
2025-07-08 08:00:00,2,up,0.512852,0.46,0.052852005,0,0.46
2025-07-08 09:00:00,2,up,0.39630714,0.46,0.06369287,0,0.46
2025-07-08 10:00:00,0,down,0.37674192,0.46,0.08325809,1,0.37674192
2025-07-08 11:00:00,2,up,0.4503502,0.46,0.009649813,0,0.46
2025-07-08 12:00:00,0,up,0.33026084,0.46,0.12973917,1,0.33026084
2025-07-08 13:00:00,0,down,0.37553468,0.46,0.084465325,1,0.37553468
2025-07-08 14:00:00,2,down,0.4807304,0.46,0.020730406,0,0.46
2025-07-08 15:00:00,1,up,0.5430697,0.46,0.08306971,1,0.5430697
2025-07-08 16:00:00,2,up,0.45589834,0.46,0.004101664,0,0.46
2025-07-08 17:00:00,2,up,0.40077025,0.46,0.05922976,0,0.46
2025-07-08 18:00:00,0,down,0.38088962,0.46,0.079110384,1,0.38088962
2025-07-08 19:00:00,2,down,0.4787569,0.46,0.018756896,0,0.46
2025-07-08 20:00:00,2,up,0.5266457,0.46,0.06664571,0,0.46
2025-07-08 21:00:00,2,up,0.43542504,0.46,0.024574965,0,0.46
2025-07-08 22:00:00,2,up,0.44524607,0.46,0.014753938,0,0.46
2025-07-08 23:00:00,2,up,0.43072814,0.46,0.02927187,0,0.46
2025-07-09 00:00:00,2,down,0.4272664,0.46,0.03273362,0,0.46
2025-07-09 01:00:00,2,down,0.46989253,0.46,0.009892523,0,0.46
2025-07-09 02:00:00,1,down,0.539139,0.46,0.079138964,1,0.539139
2025-07-09 03:00:00,1,up,0.5708118,0.46,0.1108118,1,0.5708118
2025-07-09 04:00:00,2,up,0.44545117,0.46,0.014548838,0,0.46
2025-07-09 05:00:00,2,up,0.41533685,0.46,0.04466316,0,0.46
2025-07-09 06:00:00,2,down,0.39664122,0.46,0.06335878,0,0.46
2025-07-09 07:00:00,2,down,0.4815389,0.46,0.021538883,0,0.46
2025-07-09 08:00:00,1,up,0.5318552,0.46,0.07185522,1,0.5318552
2025-07-09 09:00:00,2,up,0.43493992,0.46,0.025060087,0,0.46
2025-07-09 10:00:00,2,up,0.4090333,0.46,0.05096671,0,0.46
2025-07-09 11:00:00,2,up,0.3931635,0.46,0.066836506,0,0.46
2025-07-09 12:00:00,0,down,0.38504785,0.46,0.074952155,1,0.38504785
2025-07-09 13:00:00,2,down,0.4745111,0.46,0.014511079,0,0.46
2025-07-09 14:00:00,2,up,0.46996668,0.46,0.0099666715,0,0.46
2025-07-09 15:00:00,2,up,0.4511001,0.46,0.008899897,0,0.46
2025-07-09 16:00:00,0,down,0.36584014,0.46,0.09415987,1,0.36584014
2025-07-09 17:00:00,2,up,0.47867745,0.46,0.018677443,0,0.46
2025-07-09 18:00:00,0,up,0.34624523,0.46,0.11375478,1,0.34624523
2025-07-09 19:00:00,1,down,0.5434849,0.46,0.08348492,1,0.5434849
2025-07-09 20:00:00,1,up,0.56080914,0.46,0.10080913,1,0.56080914
2025-07-09 21:00:00,2,up,0.4735189,0.46,0.0135189,0,0.46
2025-07-09 22:00:00,2,down,0.39341673,0.46,0.066583276,0,0.46
2025-07-09 23:00:00,2,down,0.47336322,0.46,0.013363212,0,0.46
2025-07-10 00:00:00,2,up,0.499456,0.46,0.03945598,0,0.46
2025-07-10 01:00:00,2,up,0.41727805,0.46,0.042721957,0,0.46
2025-07-10 02:00:00,2,down,0.44298047,0.46,0.01701954,0,0.46
2025-07-10 03:00:00,2,up,0.47972348,0.46,0.019723475,0,0.46
2025-07-10 04:00:00,2,down,0.42386782,0.46,0.036132187,0,0.46
2025-07-10 05:00:00,2,up,0.42492718,0.46,0.035072833,0,0.46
2025-07-10 06:00:00,2,down,0.40076724,0.46,0.05923277,0,0.46
2025-07-10 07:00:00,2,up,0.44496366,0.46,0.0150363445,0,0.46
2025-07-10 08:00:00,2,down,0.44242498,0.46,0.017575026,0,0.46
2025-07-10 09:00:00,2,up,0.511156,0.46,0.051156014,0,0.46
2025-07-10 10:00:00,2,down,0.41377,0.46,0.04623002,0,0.46
2025-07-10 11:00:00,1,down,0.54911,0.46,0.08910999,1,0.54911
2025-07-10 12:00:00,1,down,0.5473674,0.46,0.087367386,1,0.5473674
2025-07-10 13:00:00,1,up,0.53091574,0.46,0.07091573,1,0.53091574
2025-07-10 14:00:00,2,up,0.3924832,0.46,0.067516804,0,0.46
2025-07-10 15:00:00,0,up,0.33958176,0.46,0.12041825,1,0.33958176
2025-07-10 16:00:00,2,up,0.4398213,0.46,0.020178705,0,0.46
2025-07-10 17:00:00,2,down,0.4271517,0.46,0.0328483,0,0.46
2025-07-10 18:00:00,2,down,0.4230841,0.46,0.0369159,0,0.46
2025-07-10 19:00:00,2,up,0.47448736,0.46,0.014487356,0,0.46
2025-07-10 20:00:00,0,up,0.38517785,0.46,0.07482216,1,0.38517785
2025-07-10 21:00:00,2,down,0.51710284,0.46,0.05710283,0,0.46
2025-07-10 22:00:00,1,up,0.5472236,0.46,0.08722362,1,0.5472236
2025-07-10 23:00:00,0,down,0.3672089,0.46,0.09279111,1,0.3672089
2025-07-11 00:00:00,2,up,0.52024233,0.46,0.060242325,0,0.46
2025-07-11 01:00:00,2,up,0.44452292,0.46,0.015477091,0,0.46
2025-07-11 02:00:00,2,up,0.41687304,0.46,0.04312697,0,0.46
2025-07-11 03:00:00,2,up,0.41866827,0.46,0.04133174,0,0.46
2025-07-11 04:00:00,2,up,0.42217138,0.46,0.037828624,0,0.46
2025-07-11 05:00:00,2,down,0.49806738,0.46,0.03806737,0,0.46
2025-07-11 06:00:00,2,down,0.50633097,0.46,0.04633096,0,0.46
2025-07-11 07:00:00,2,up,0.47278985,0.46,0.0127898455,0,0.46
2025-07-11 08:00:00,0,up,0.37952548,0.46,0.080474526,1,0.37952548
2025-07-11 09:00:00,2,down,0.39969644,0.46,0.06030357,0,0.46
2025-07-11 10:00:00,2,down,0.46427223,0.46,0.0042722225,0,0.46
2025-07-11 11:00:00,2,up,0.47211808,0.46,0.012118071,0,0.46
2025-07-11 12:00:00,2,up,0.5072997,0.46,0.047299713,0,0.46
2025-07-11 13:00:00,2,down,0.4428311,0.46,0.01716891,0,0.46
2025-07-11 14:00:00,2,down,0.44721067,0.46,0.012789339,0,0.46
2025-07-11 15:00:00,1,up,0.54694045,0.46,0.08694044,1,0.54694045
2025-07-11 16:00:00,2,up,0.43101922,0.46,0.028980792,0,0.46
2025-07-11 17:00:00,2,up,0.43982112,0.46,0.020178884,0,0.46
2025-07-11 18:00:00,2,up,0.41994047,0.46,0.040059537,0,0.46
2025-07-11 19:00:00,0,down,0.36521763,0.46,0.09478238,1,0.36521763
2025-07-11 20:00:00,2,down,0.45140797,0.46,0.008592039,0,0.46
2025-07-11 21:00:00,2,down,0.4831165,0.46,0.0231165,0,0.46
2025-07-11 22:00:00,2,down,0.4676966,0.46,0.007696599,0,0.46
2025-07-11 23:00:00,2,down,0.47459838,0.46,0.01459837,0,0.46
2025-07-12 00:00:00,2,up,0.48372087,0.46,0.02372086,0,0.46
2025-07-12 01:00:00,2,down,0.42760515,0.46,0.032394856,0,0.46
2025-07-12 02:00:00,2,up,0.43949088,0.46,0.020509124,0,0.46
2025-07-12 03:00:00,2,down,0.398107,0.46,0.061893016,0,0.46
2025-07-12 04:00:00,2,up,0.46356392,0.46,0.0035639107,0,0.46
2025-07-12 05:00:00,2,up,0.41209057,0.46,0.04790944,0,0.46
2025-07-12 06:00:00,2,down,0.41818613,0.46,0.04181388,0,0.46
2025-07-12 07:00:00,2,up,0.43903485,0.46,0.020965159,0,0.46
2025-07-12 08:00:00,0,up,0.3833406,0.46,0.07665941,1,0.3833406
2025-07-12 09:00:00,0,down,0.3537654,0.46,0.10623461,1,0.3537654
2025-07-12 10:00:00,0,down,0.35777113,0.46,0.10222888,1,0.35777113
2025-07-12 11:00:00,2,down,0.4694618,0.46,0.00946179,0,0.46
2025-07-12 12:00:00,2,down,0.4832565,0.46,0.02325648,0,0.46
2025-07-12 13:00:00,2,down,0.4704929,0.46,0.010492891,0,0.46
2025-07-12 14:00:00,1,down,0.5407482,0.46,0.08074817,1,0.5407482
2025-07-12 15:00:00,1,up,0.5375738,0.46,0.077573806,1,0.5375738
2025-07-12 16:00:00,1,up,0.5869718,0.46,0.12697181,1,0.5869718
2025-07-12 17:00:00,2,up,0.51536334,0.46,0.055363327,0,0.46
2025-07-12 18:00:00,2,up,0.47669876,0.46,0.016698748,0,0.46
2025-07-12 19:00:00,2,down,0.44647738,0.46,0.013522625,0,0.46
2025-07-12 20:00:00,1,up,0.58386666,0.46,0.12386665,1,0.58386666
2025-07-12 21:00:00,2,down,0.44242224,0.46,0.017577767,0,0.46
2025-07-12 22:00:00,2,up,0.5070862,0.46,0.04708621,0,0.46
2025-07-12 23:00:00,2,down,0.48619053,0.46,0.02619052,0,0.46
2025-07-13 00:00:00,2,up,0.5164952,0.46,0.05649522,0,0.46
2025-07-13 01:00:00,0,up,0.38990536,0.46,0.070094645,1,0.38990536
2025-07-13 02:00:00,2,up,0.44132322,0.46,0.018676788,0,0.46
2025-07-13 03:00:00,0,up,0.3869741,0.46,0.07302591,1,0.3869741
2025-07-13 04:00:00,0,down,0.36990988,0.46,0.090090126,1,0.36990988
2025-07-13 05:00:00,2,up,0.44901848,0.46,0.01098153,0,0.46
2025-07-13 06:00:00,2,up,0.4143516,0.46,0.045648396,0,0.46
2025-07-13 07:00:00,0,down,0.3839199,0.46,0.07608011,1,0.3839199
2025-07-13 08:00:00,2,down,0.40548363,0.46,0.054516375,0,0.46
2025-07-13 09:00:00,2,up,0.49327007,0.46,0.03327006,0,0.46
2025-07-13 10:00:00,2,up,0.5222351,0.46,0.062235087,0,0.46
2025-07-13 11:00:00,0,up,0.38746506,0.46,0.07253495,1,0.38746506
2025-07-13 12:00:00,0,up,0.38702852,0.46,0.07297149,1,0.38702852
2025-07-13 13:00:00,0,up,0.37436628,0.46,0.085633725,1,0.37436628
2025-07-13 14:00:00,2,down,0.45892814,0.46,0.0010718703,0,0.46
2025-07-13 15:00:00,2,down,0.46756166,0.46,0.007561654,0,0.46
2025-07-13 16:00:00,2,up,0.4910088,0.46,0.03100878,0,0.46
2025-07-13 17:00:00,0,up,0.38268334,0.46,0.07731667,1,0.38268334
2025-07-13 18:00:00,0,down,0.34091425,0.46,0.11908576,1,0.34091425
2025-07-13 19:00:00,2,up,0.45597756,0.46,0.0040224493,0,0.46
2025-07-13 20:00:00,2,down,0.41926613,0.46,0.040733874,0,0.46
2025-07-13 21:00:00,2,down,0.5093926,0.46,0.04939261,0,0.46
2025-07-13 22:00:00,2,up,0.47743416,0.46,0.01743415,0,0.46
2025-07-13 23:00:00,2,down,0.39888132,0.46,0.061118692,0,0.46
2025-07-14 00:00:00,2,up,0.46923962,0.46,0.009239614,0,0.46
2025-07-14 01:00:00,2,up,0.41423374,0.46,0.045766264,0,0.46
2025-07-14 02:00:00,2,up,0.43525958,0.46,0.024740428,0,0.46
2025-07-14 03:00:00,2,up,0.4374132,0.46,0.022586823,0,0.46
2025-07-14 04:00:00,2,up,0.39350104,0.46,0.066498965,0,0.46
2025-07-14 05:00:00,2,down,0.43856078,0.46,0.021439224,0,0.46
2025-07-14 06:00:00,1,up,0.5463442,0.46,0.08634421,1,0.5463442
2025-07-14 07:00:00,2,down,0.44777444,0.46,0.012225568,0,0.46
2025-07-14 08:00:00,2,down,0.39518955,0.46,0.064810455,0,0.46
2025-07-14 09:00:00,2,down,0.4892774,0.46,0.029277384,0,0.46
2025-07-14 10:00:00,2,down,0.49945974,0.46,0.039459735,0,0.46
2025-07-14 11:00:00,1,up,0.57608235,0.46,0.11608234,1,0.57608235
2025-07-14 12:00:00,2,down,0.42887428,0.46,0.031125724,0,0.46
2025-07-14 13:00:00,2,down,0.50458664,0.46,0.04458663,0,0.46
2025-07-14 14:00:00,1,down,0.55575526,0.46,0.09575525,1,0.55575526
2025-07-14 15:00:00,1,up,0.537199,0.46,0.07719901,1,0.537199
2025-07-14 16:00:00,2,down,0.4399448,0.46,0.020055205,0,0.46
2025-07-14 17:00:00,1,down,0.6037094,0.46,0.14370939,1,0.6037094
2025-07-14 18:00:00,1,up,0.6777128,0.46,0.21771279,1,0.6777128
2025-07-14 19:00:00,1,up,0.56335205,0.46,0.10335204,1,0.56335205
2025-07-14 20:00:00,2,down,0.49774176,0.46,0.03774175,0,0.46
2025-07-14 21:00:00,2,up,0.5156171,0.46,0.055617064,0,0.46
2025-07-14 22:00:00,2,down,0.5243258,0.46,0.06432578,0,0.46
2025-07-14 23:00:00,1,down,0.5422246,0.46,0.08222458,1,0.5422246
2025-07-15 00:00:00,1,down,0.5316189,0.46,0.071618885,1,0.5316189
2025-07-15 01:00:00,1,down,0.55913854,0.46,0.09913853,1,0.55913854
2025-07-15 02:00:00,2,down,0.52946764,0.46,0.069467634,0,0.46
2025-07-15 03:00:00,1,up,0.5765636,0.46,0.11656359,1,0.5765636
2025-07-15 04:00:00,2,down,0.4395738,0.46,0.020426214,0,0.46
2025-07-15 05:00:00,1,down,0.5403209,0.46,0.080320865,1,0.5403209
2025-07-15 06:00:00,1,down,0.55250967,0.46,0.09250966,1,0.55250967
2025-07-15 07:00:00,1,down,0.5692638,0.46,0.10926381,1,0.5692638
2025-07-15 08:00:00,2,up,0.5174945,0.46,0.05749449,0,0.46
2025-07-15 09:00:00,1,up,0.5757042,0.46,0.11570421,1,0.5757042
2025-07-15 10:00:00,2,up,0.520066,0.46,0.060066015,0,0.46
2025-07-15 11:00:00,2,up,0.41213688,0.46,0.047863126,0,0.46
2025-07-15 12:00:00,0,up,0.37579995,0.46,0.084200054,1,0.37579995
2025-07-15 13:00:00,2,down,0.410557,0.46,0.049443007,0,0.46
2025-07-15 14:00:00,2,up,0.5217112,0.46,0.061711162,0,0.46
2025-07-15 15:00:00,2,up,0.48347464,0.46,0.023474634,0,0.46
2025-07-15 16:00:00,2,up,0.48093662,0.46,0.020936608,0,0.46
2025-07-15 17:00:00,2,down,0.44606808,0.46,0.01393193,0,0.46
2025-07-15 18:00:00,2,down,0.51223755,0.46,0.05223754,0,0.46
2025-07-15 19:00:00,1,up,0.5332497,0.46,0.07324967,1,0.5332497
2025-07-15 20:00:00,1,up,0.5311053,0.46,0.07110527,1,0.5311053
2025-07-15 21:00:00,2,up,0.4400438,0.46,0.019956201,0,0.46
2025-07-15 22:00:00,2,down,0.41905913,0.46,0.04094088,0,0.46
2025-07-15 23:00:00,2,up,0.39828718,0.46,0.06171283,0,0.46
2025-07-16 00:00:00,0,down,0.36515203,0.46,0.09484798,1,0.36515203
2025-07-16 01:00:00,2,down,0.4563293,0.46,0.0036707222,0,0.46
2025-07-16 02:00:00,2,up,0.49287868,0.46,0.032878667,0,0.46
2025-07-16 03:00:00,2,up,0.5134511,0.46,0.05345109,0,0.46
2025-07-16 04:00:00,1,up,0.5344875,0.46,0.07448748,1,0.5344875
2025-07-16 05:00:00,2,up,0.4474499,0.46,0.012550116,0,0.46
2025-07-16 06:00:00,0,down,0.38472015,0.46,0.07527986,1,0.38472015
2025-07-16 07:00:00,0,up,0.3812889,0.46,0.07871112,1,0.3812889
2025-07-16 08:00:00,0,up,0.3502734,0.46,0.10972661,1,0.3502734
2025-07-16 09:00:00,0,down,0.35765502,0.46,0.10234499,1,0.35765502
2025-07-16 10:00:00,2,up,0.4589464,0.46,0.0010536015,0,0.46
2025-07-16 11:00:00,2,down,0.4352453,0.46,0.024754703,0,0.46
2025-07-16 12:00:00,2,up,0.49403432,0.46,0.03403431,0,0.46
2025-07-16 13:00:00,2,up,0.44463384,0.46,0.015366167,0,0.46
2025-07-16 14:00:00,2,up,0.40792495,0.46,0.05207506,0,0.46
2025-07-16 15:00:00,2,up,0.403462,0.46,0.056538016,0,0.46
2025-07-16 16:00:00,0,down,0.34947395,0.46,0.110526055,1,0.34947395
2025-07-16 17:00:00,2,up,0.45928636,0.46,0.0007136464,0,0.46
2025-07-16 18:00:00,2,down,0.4288165,0.46,0.031183511,0,0.46
2025-07-16 19:00:00,2,up,0.45078668,0.46,0.009213328,0,0.46
2025-07-16 20:00:00,0,down,0.3628219,0.46,0.0971781,1,0.3628219
2025-07-16 21:00:00,2,down,0.4813524,0.46,0.02135238,0,0.46
2025-07-16 22:00:00,1,down,0.5340099,0.46,0.074009866,1,0.5340099
2025-07-16 23:00:00,2,up,0.52273226,0.46,0.06273225,0,0.46
2025-07-17 00:00:00,1,down,0.5824238,0.46,0.1224238,1,0.5824238
2025-07-17 01:00:00,2,up,0.52214545,0.46,0.06214544,0,0.46
2025-07-17 02:00:00,1,down,0.5489313,0.46,0.08893129,1,0.5489313
2025-07-17 03:00:00,2,up,0.5171126,0.46,0.057112604,0,0.46
2025-07-17 04:00:00,2,up,0.510592,0.46,0.050591975,0,0.46
2025-07-17 05:00:00,2,down,0.4882445,0.46,0.028244495,0,0.46
2025-07-17 06:00:00,2,down,0.46907946,0.46,0.009079456,0,0.46
2025-07-17 07:00:00,2,up,0.47221538,0.46,0.012215376,0,0.46
2025-07-17 08:00:00,2,up,0.49162146,0.46,0.031621456,0,0.46
2025-07-17 09:00:00,2,down,0.4254804,0.46,0.034519613,0,0.46
2025-07-17 10:00:00,2,down,0.45446014,0.46,0.0055398643,0,0.46
2025-07-17 11:00:00,1,down,0.5734788,0.46,0.11347881,1,0.5734788
2025-07-17 12:00:00,2,up,0.50884223,0.46,0.04884222,0,0.46
2025-07-17 13:00:00,2,up,0.45528808,0.46,0.004711926,0,0.46
2025-07-17 14:00:00,2,up,0.40855956,0.46,0.051440448,0,0.46
2025-07-17 15:00:00,0,down,0.37313682,0.46,0.08686319,1,0.37313682
2025-07-17 16:00:00,2,up,0.46774104,0.46,0.007741034,0,0.46
2025-07-17 17:00:00,0,up,0.3767724,0.46,0.083227605,1,0.3767724
2025-07-17 18:00:00,2,down,0.4315004,0.46,0.028499603,0,0.46
2025-07-17 19:00:00,2,up,0.49377242,0.46,0.03377241,0,0.46
2025-07-17 20:00:00,0,up,0.36849844,0.46,0.091501564,1,0.36849844
2025-07-17 21:00:00,2,down,0.49089038,0.46,0.030890375,0,0.46
2025-07-17 22:00:00,2,down,0.4842777,0.46,0.024277687,0,0.46
2025-07-17 23:00:00,1,up,0.55302405,0.46,0.093024045,1,0.55302405
2025-07-18 00:00:00,2,up,0.40478906,0.46,0.055210948,0,0.46
2025-07-18 01:00:00,2,down,0.4452276,0.46,0.014772415,0,0.46
2025-07-18 02:00:00,2,up,0.43316275,0.46,0.02683726,0,0.46
2025-07-18 03:00:00,2,up,0.4324384,0.46,0.027561605,0,0.46
2025-07-18 04:00:00,0,up,0.3545704,0.46,0.10542962,1,0.3545704
2025-07-18 05:00:00,0,down,0.36293828,0.46,0.09706172,1,0.36293828
2025-07-18 06:00:00,2,down,0.47068113,0.46,0.010681123,0,0.46
2025-07-18 07:00:00,1,down,0.57606435,0.46,0.11606434,1,0.57606435
2025-07-18 08:00:00,1,up,0.55945355,0.46,0.09945354,1,0.55945355
2025-07-18 09:00:00,2,up,0.4859379,0.46,0.025937885,0,0.46
2025-07-18 10:00:00,2,down,0.49526346,0.46,0.03526345,0,0.46
2025-07-18 11:00:00,2,up,0.4839718,0.46,0.023971796,0,0.46
2025-07-18 12:00:00,2,down,0.45914066,0.46,0.00085934997,0,0.46
2025-07-18 13:00:00,2,down,0.5157571,0.46,0.055757076,0,0.46
2025-07-18 14:00:00,2,down,0.49609476,0.46,0.036094755,0,0.46
2025-07-18 15:00:00,2,down,0.51995414,0.46,0.059954137,0,0.46
2025-07-18 16:00:00,1,up,0.596448,0.46,0.136448,1,0.596448
2025-07-18 17:00:00,1,down,0.5817656,0.46,0.121765584,1,0.5817656
2025-07-18 18:00:00,1,up,0.5819513,0.46,0.12195131,1,0.5819513
2025-07-18 19:00:00,1,up,0.5777157,0.46,0.11771569,1,0.5777157
2025-07-18 20:00:00,2,up,0.48351756,0.46,0.023517549,0,0.46
2025-07-18 21:00:00,1,up,0.5420227,0.46,0.0820227,1,0.5420227
2025-07-18 22:00:00,1,up,0.5333932,0.46,0.073393196,1,0.5333932
2025-07-18 23:00:00,2,down,0.44755846,0.46,0.012441546,0,0.46
2025-07-19 00:00:00,2,up,0.51882356,0.46,0.058823556,0,0.46
2025-07-19 01:00:00,2,up,0.4233848,0.46,0.036615223,0,0.46
2025-07-19 02:00:00,2,up,0.40140623,0.46,0.05859378,0,0.46
2025-07-19 03:00:00,0,down,0.38202584,0.46,0.07797417,1,0.38202584
2025-07-19 04:00:00,2,up,0.47442594,0.46,0.014425933,0,0.46
2025-07-19 05:00:00,2,down,0.46235234,0.46,0.002352327,0,0.46
2025-07-19 06:00:00,2,down,0.5099591,0.46,0.049959093,0,0.46
2025-07-19 07:00:00,2,down,0.5049709,0.46,0.0449709,0,0.46
2025-07-19 08:00:00,2,up,0.49602476,0.46,0.03602475,0,0.46
2025-07-19 09:00:00,2,up,0.4679302,0.46,0.007930189,0,0.46
2025-07-19 10:00:00,0,down,0.38573796,0.46,0.07426205,1,0.38573796
2025-07-19 11:00:00,2,down,0.45362535,0.46,0.006374657,0,0.46
2025-07-19 12:00:00,2,down,0.45866993,0.46,0.0013300776,0,0.46
2025-07-19 13:00:00,2,down,0.49787682,0.46,0.037876815,0,0.46
2025-07-19 14:00:00,1,up,0.5749122,0.46,0.11491218,1,0.5749122
2025-07-19 15:00:00,2,down,0.508585,0.46,0.048584968,0,0.46
2025-07-19 16:00:00,1,down,0.5446234,0.46,0.08462337,1,0.5446234
2025-07-19 17:00:00,1,up,0.5376433,0.46,0.077643305,1,0.5376433
2025-07-19 18:00:00,1,up,0.55467147,0.46,0.09467146,1,0.55467147
2025-07-19 19:00:00,2,down,0.4704681,0.46,0.010468096,0,0.46
2025-07-19 20:00:00,1,down,0.584521,0.46,0.12452099,1,0.584521
2025-07-19 21:00:00,2,up,0.48183158,0.46,0.021831572,0,0.46
2025-07-19 22:00:00,2,up,0.47572368,0.46,0.015723675,0,0.46
2025-07-19 23:00:00,2,up,0.5139526,0.46,0.053952605,0,0.46
2025-07-20 00:00:00,2,down,0.45147568,0.46,0.0085243285,0,0.46
2025-07-20 01:00:00,2,up,0.4565901,0.46,0.0034099221,0,0.46
2025-07-20 02:00:00,2,down,0.41653395,0.46,0.04346606,0,0.46
2025-07-20 03:00:00,2,down,0.4520584,0.46,0.007941604,0,0.46
2025-07-20 04:00:00,2,down,0.45915774,0.46,0.00084227324,0,0.46
2025-07-20 05:00:00,2,down,0.5026891,0.46,0.042689115,0,0.46
2025-07-20 06:00:00,2,up,0.5220299,0.46,0.06202987,0,0.46
2025-07-20 07:00:00,2,up,0.46788973,0.46,0.007889718,0,0.46
2025-07-20 08:00:00,2,down,0.42135245,0.46,0.038647562,0,0.46
2025-07-20 09:00:00,2,down,0.48606685,0.46,0.02606684,0,0.46
2025-07-20 10:00:00,2,down,0.5235768,0.46,0.06357679,0,0.46
2025-07-20 11:00:00,2,up,0.5022316,0.46,0.04223159,0,0.46
2025-07-20 12:00:00,2,up,0.40430063,0.46,0.05569938,0,0.46
2025-07-20 13:00:00,0,up,0.38102484,0.46,0.07897517,1,0.38102484
2025-07-20 14:00:00,2,up,0.414609,0.46,0.045391023,0,0.46
2025-07-20 15:00:00,0,down,0.3669037,0.46,0.093096316,1,0.3669037
2025-07-20 16:00:00,2,down,0.47869843,0.46,0.018698424,0,0.46
2025-07-20 17:00:00,2,up,0.52759176,0.46,0.06759176,0,0.46
2025-07-20 18:00:00,2,down,0.42489696,0.46,0.035103053,0,0.46
2025-07-20 19:00:00,1,down,0.5471304,0.46,0.0871304,1,0.5471304
2025-07-20 20:00:00,2,down,0.4812135,0.46,0.021213502,0,0.46
2025-07-20 21:00:00,2,down,0.502441,0.46,0.04244098,0,0.46
2025-07-20 22:00:00,2,down,0.47715428,0.46,0.017154276,0,0.46
2025-07-20 23:00:00,2,up,0.5181475,0.46,0.05814752,0,0.46
2025-07-21 00:00:00,2,down,0.42348725,0.46,0.036512762,0,0.46
2025-07-21 01:00:00,2,up,0.47307593,0.46,0.013075918,0,0.46
2025-07-21 02:00:00,2,up,0.4391539,0.46,0.020846099,0,0.46
2025-07-21 03:00:00,2,down,0.41865024,0.46,0.04134977,0,0.46
2025-07-21 04:00:00,2,up,0.47090414,0.46,0.010904133,0,0.46
2025-07-21 05:00:00,2,up,0.39107832,0.46,0.068921685,0,0.46
2025-07-21 06:00:00,2,up,0.39702186,0.46,0.06297815,0,0.46
2025-07-21 07:00:00,2,down,0.48238724,0.46,0.022387236,0,0.46
2025-07-21 08:00:00,2,down,0.48660132,0.46,0.026601315,0,0.46
2025-07-21 09:00:00,2,down,0.47306916,0.46,0.013069153,0,0.46
2025-07-21 10:00:00,2,down,0.45298833,0.46,0.007011682,0,0.46
2025-07-21 11:00:00,1,up,0.62014735,0.46,0.16014734,1,0.62014735
2025-07-21 12:00:00,2,up,0.52960724,0.46,0.06960723,0,0.46
2025-07-21 13:00:00,2,down,0.43031856,0.46,0.029681444,0,0.46
2025-07-21 14:00:00,2,down,0.4454452,0.46,0.014554799,0,0.46
2025-07-21 15:00:00,2,down,0.5075094,0.46,0.047509402,0,0.46
2025-07-21 16:00:00,2,up,0.5285998,0.46,0.06859979,0,0.46
2025-07-21 17:00:00,2,down,0.5231863,0.46,0.06318632,0,0.46
2025-07-21 18:00:00,1,down,0.6348358,0.46,0.17483577,1,0.6348358
2025-07-21 19:00:00,1,up,0.6165943,0.46,0.1565943,1,0.6165943
2025-07-21 20:00:00,1,up,0.57581943,0.46,0.115819424,1,0.57581943
2025-07-21 21:00:00,1,up,0.5345495,0.46,0.07454947,1,0.5345495
2025-07-21 22:00:00,1,up,0.5554816,0.46,0.095481604,1,0.5554816
2025-07-21 23:00:00,2,down,0.48791277,0.46,0.027912766,0,0.46
2025-07-22 00:00:00,2,up,0.5002625,0.46,0.04026249,0,0.46
2025-07-22 01:00:00,2,down,0.43552804,0.46,0.024471968,0,0.46
2025-07-22 02:00:00,1,up,0.5439628,0.46,0.08396277,1,0.5439628
2025-07-22 03:00:00,2,down,0.44994196,0.46,0.010058045,0,0.46
2025-07-22 04:00:00,1,up,0.5814393,0.46,0.12143931,1,0.5814393
2025-07-22 05:00:00,2,up,0.4584585,0.46,0.0015414953,0,0.46
2025-07-22 06:00:00,2,up,0.4247646,0.46,0.035235405,0,0.46
2025-07-22 07:00:00,2,up,0.4595259,0.46,0.00047409534,0,0.46
2025-07-22 08:00:00,0,up,0.3703471,0.46,0.089652896,1,0.3703471
2025-07-22 09:00:00,2,up,0.40633345,0.46,0.05366656,0,0.46
2025-07-22 10:00:00,0,up,0.36736315,0.46,0.09263685,1,0.36736315
2025-07-22 11:00:00,0,up,0.37824,0.46,0.08176002,1,0.37824
2025-07-22 12:00:00,0,down,0.3701805,0.46,0.08981952,1,0.3701805
2025-07-22 13:00:00,2,up,0.51075804,0.46,0.050758034,0,0.46
2025-07-22 14:00:00,2,down,0.40017104,0.46,0.059828967,0,0.46
2025-07-22 15:00:00,2,down,0.45363444,0.46,0.0063655674,0,0.46
2025-07-22 16:00:00,2,up,0.48521048,0.46,0.02521047,0,0.46
2025-07-22 17:00:00,2,up,0.39820987,0.46,0.06179014,0,0.46
2025-07-22 18:00:00,2,down,0.45284116,0.46,0.0071588457,0,0.46
2025-07-22 19:00:00,2,up,0.46325272,0.46,0.0032527149,0,0.46
2025-07-22 20:00:00,0,down,0.38393041,0.46,0.07606959,1,0.38393041
2025-07-22 21:00:00,2,up,0.51835454,0.46,0.058354527,0,0.46
2025-07-22 22:00:00,0,up,0.37032703,0.46,0.08967298,1,0.37032703
2025-07-22 23:00:00,2,down,0.4798114,0.46,0.019811392,0,0.46
2025-07-23 00:00:00,2,down,0.43934944,0.46,0.020650566,0,0.46
2025-07-23 01:00:00,2,down,0.47689164,0.46,0.016891629,0,0.46
2025-07-23 02:00:00,2,down,0.4992034,0.46,0.039203405,0,0.46
2025-07-23 03:00:00,1,up,0.5572681,0.46,0.097268075,1,0.5572681
2025-07-23 04:00:00,2,down,0.50153005,0.46,0.041530043,0,0.46
2025-07-23 05:00:00,1,down,0.5731284,0.46,0.113128394,1,0.5731284
2025-07-23 06:00:00,1,down,0.5614904,0.46,0.10149041,1,0.5614904
2025-07-23 07:00:00,1,up,0.60536057,0.46,0.14536056,1,0.60536057
2025-07-23 08:00:00,2,down,0.50280106,0.46,0.042801052,0,0.46
2025-07-23 09:00:00,1,up,0.55934495,0.46,0.09934494,1,0.55934495
2025-07-23 10:00:00,2,up,0.4739602,0.46,0.013960183,0,0.46
2025-07-23 11:00:00,2,down,0.450725,0.46,0.009275019,0,0.46
2025-07-23 12:00:00,2,down,0.5051529,0.46,0.045152873,0,0.46
2025-07-23 13:00:00,1,up,0.5807204,0.46,0.12072042,1,0.5807204
2025-07-23 14:00:00,2,up,0.45110238,0.46,0.008897632,0,0.46
2025-07-23 15:00:00,2,down,0.44407976,0.46,0.015920252,0,0.46
2025-07-23 16:00:00,1,up,0.54901177,0.46,0.08901176,1,0.54901177
2025-07-23 17:00:00,2,up,0.46253404,0.46,0.0025340319,0,0.46
2025-07-23 18:00:00,2,up,0.43773782,0.46,0.022262186,0,0.46
2025-07-23 19:00:00,2,down,0.42224023,0.46,0.03775978,0,0.46
2025-07-23 20:00:00,2,up,0.5052934,0.46,0.04529342,0,0.46
2025-07-23 21:00:00,2,up,0.4306732,0.46,0.029326797,0,0.46
2025-07-23 22:00:00,2,up,0.4116502,0.46,0.048349798,0,0.46
2025-07-23 23:00:00,0,up,0.38173625,0.46,0.07826376,1,0.38173625
2025-07-24 00:00:00,0,up,0.37752715,0.46,0.08247286,1,0.37752715
2025-07-24 01:00:00,0,down,0.38161418,0.46,0.07838583,1,0.38161418
2025-07-24 02:00:00,0,down,0.3879412,0.46,0.0720588,1,0.3879412
2025-07-24 03:00:00,2,down,0.49385545,0.46,0.03385544,0,0.46
2025-07-24 04:00:00,2,down,0.5288969,0.46,0.06889692,0,0.46
2025-07-24 05:00:00,1,down,0.54618686,0.46,0.086186856,1,0.54618686
2025-07-24 06:00:00,1,up,0.592377,0.46,0.132377,1,0.592377
2025-07-24 07:00:00,2,up,0.4529207,0.46,0.0070793033,0,0.46
2025-07-24 08:00:00,0,down,0.38742834,0.46,0.072571665,1,0.38742834
2025-07-24 09:00:00,2,down,0.44159168,0.46,0.018408328,0,0.46
2025-07-24 10:00:00,2,up,0.46032766,0.46,0.00032764673,0,0.46
2025-07-24 11:00:00,2,down,0.44145945,0.46,0.018540561,0,0.46
2025-07-24 12:00:00,2,down,0.45914376,0.46,0.0008562505,0,0.46
2025-07-24 13:00:00,1,up,0.5483844,0.46,0.08838442,1,0.5483844
2025-07-24 14:00:00,2,up,0.4056717,0.46,0.054328322,0,0.46
2025-07-24 15:00:00,2,down,0.41865054,0.46,0.04134947,0,0.46
2025-07-24 16:00:00,2,up,0.4607329,0.46,0.0007328987,0,0.46
2025-07-24 17:00:00,2,down,0.42526263,0.46,0.03473738,0,0.46
2025-07-24 18:00:00,2,down,0.44805846,0.46,0.011941552,0,0.46
2025-07-24 19:00:00,2,down,0.45586044,0.46,0.0041395724,0,0.46
2025-07-24 20:00:00,1,down,0.5403482,0.46,0.080348164,1,0.5403482
2025-07-24 21:00:00,2,down,0.5016729,0.46,0.041672915,0,0.46
2025-07-24 22:00:00,1,up,0.53538674,0.46,0.07538673,1,0.53538674
2025-07-24 23:00:00,2,down,0.49287057,0.46,0.03287056,0,0.46
2025-07-25 00:00:00,1,down,0.6280764,0.46,0.16807637,1,0.6280764
2025-07-25 01:00:00,1,down,0.5592115,0.46,0.099211484,1,0.5592115
2025-07-25 02:00:00,1,down,0.65157205,0.46,0.19157204,1,0.65157205
2025-07-25 03:00:00,1,up,0.60169727,0.46,0.14169726,1,0.60169727
2025-07-25 04:00:00,2,down,0.4504024,0.46,0.0095975995,0,0.46
2025-07-25 05:00:00,1,down,0.55389774,0.46,0.09389773,1,0.55389774
2025-07-25 06:00:00,1,up,0.57449764,0.46,0.11449763,1,0.57449764
2025-07-25 07:00:00,1,down,0.5475502,0.46,0.08755019,1,0.5475502
2025-07-25 08:00:00,1,up,0.5552049,0.46,0.09520492,1,0.5552049
2025-07-25 09:00:00,2,up,0.4047909,0.46,0.0552091,0,0.46
2025-07-25 10:00:00,2,up,0.43243617,0.46,0.02756384,0,0.46
2025-07-25 11:00:00,2,down,0.46542645,0.46,0.0054264367,0,0.46
2025-07-25 12:00:00,2,up,0.49129394,0.46,0.03129393,0,0.46
2025-07-25 13:00:00,2,down,0.4771363,0.46,0.017136306,0,0.46
2025-07-25 14:00:00,1,up,0.5553255,0.46,0.0953255,1,0.5553255
2025-07-25 15:00:00,2,up,0.5087077,0.46,0.048707694,0,0.46
2025-07-25 16:00:00,2,down,0.49091402,0.46,0.030914009,0,0.46
2025-07-25 17:00:00,2,up,0.475521,0.46,0.01552099,0,0.46
2025-07-25 18:00:00,2,up,0.46062887,0.46,0.0006288588,0,0.46
2025-07-25 19:00:00,2,up,0.45270416,0.46,0.007295847,0,0.46
2025-07-25 20:00:00,2,up,0.43043473,0.46,0.029565275,0,0.46
2025-07-25 21:00:00,2,up,0.41869268,0.46,0.04130733,0,0.46
2025-07-25 22:00:00,0,up,0.38309368,0.46,0.07690632,1,0.38309368
2025-07-25 23:00:00,0,down,0.3898656,0.46,0.0701344,1,0.3898656
2025-07-26 00:00:00,0,down,0.38015333,0.46,0.07984668,1,0.38015333
2025-07-26 01:00:00,2,up,0.4977704,0.46,0.03777039,0,0.46
2025-07-26 02:00:00,2,up,0.46624067,0.46,0.006240666,0,0.46
2025-07-26 03:00:00,2,up,0.46738648,0.46,0.007386476,0,0.46
2025-07-26 04:00:00,2,down,0.45277435,0.46,0.0072256625,0,0.46
2025-07-26 05:00:00,2,down,0.4734032,0.46,0.013403177,0,0.46
2025-07-26 06:00:00,2,down,0.48140395,0.46,0.021403939,0,0.46
2025-07-26 07:00:00,2,up,0.49794543,0.46,0.03794542,0,0.46
2025-07-26 08:00:00,2,up,0.40466264,0.46,0.05533737,0,0.46
2025-07-26 09:00:00,2,up,0.42732546,0.46,0.03267455,0,0.46
2025-07-26 10:00:00,2,down,0.41258007,0.46,0.047419935,0,0.46
2025-07-26 11:00:00,2,up,0.47017318,0.46,0.010173172,0,0.46
2025-07-26 12:00:00,2,up,0.40930173,0.46,0.05069828,0,0.46
2025-07-26 13:00:00,0,down,0.36892918,0.46,0.09107083,1,0.36892918
2025-07-26 14:00:00,2,up,0.42907926,0.46,0.030920744,0,0.46
2025-07-26 15:00:00,2,down,0.39683884,0.46,0.063161165,0,0.46
2025-07-26 16:00:00,2,down,0.46060568,0.46,0.0006056726,0,0.46
2025-07-26 17:00:00,2,up,0.4442513,0.46,0.01574871,0,0.46
2025-07-26 18:00:00,2,up,0.41368452,0.46,0.04631549,0,0.46
2025-07-26 19:00:00,2,down,0.40910187,0.46,0.050898135,0,0.46
2025-07-26 20:00:00,2,up,0.49723363,0.46,0.03723362,0,0.46
2025-07-26 21:00:00,2,down,0.45084733,0.46,0.009152681,0,0.46
2025-07-26 22:00:00,2,down,0.4996713,0.46,0.0396713,0,0.46
2025-07-26 23:00:00,2,up,0.5015272,0.46,0.041527182,0,0.46
2025-07-27 00:00:00,2,up,0.4861053,0.46,0.026105285,0,0.46
2025-07-27 01:00:00,2,up,0.42257696,0.46,0.037423044,0,0.46
2025-07-27 02:00:00,0,down,0.36559847,0.46,0.09440154,1,0.36559847
2025-07-27 03:00:00,2,up,0.45500013,0.46,0.004999876,0,0.46
2025-07-27 04:00:00,2,up,0.4282358,0.46,0.03176421,0,0.46
2025-07-27 05:00:00,0,down,0.3869042,0.46,0.0730958,1,0.3869042
2025-07-27 06:00:00,2,down,0.4444847,0.46,0.015515298,0,0.46
2025-07-27 07:00:00,2,down,0.50817484,0.46,0.04817483,0,0.46
2025-07-27 08:00:00,1,down,0.606531,0.46,0.14653102,1,0.606531
2025-07-27 09:00:00,2,up,0.5038098,0.46,0.0438098,0,0.46
2025-07-27 10:00:00,2,down,0.45653254,0.46,0.0034674704,0,0.46
2025-07-27 11:00:00,1,up,0.53236055,0.46,0.072360545,1,0.53236055
2025-07-27 12:00:00,2,up,0.45079762,0.46,0.009202391,0,0.46
2025-07-27 13:00:00,2,up,0.45825794,0.46,0.001742065,0,0.46
2025-07-27 14:00:00,0,up,0.38201886,0.46,0.077981144,1,0.38201886
2025-07-27 15:00:00,0,up,0.36208534,0.46,0.097914666,1,0.36208534
2025-07-27 16:00:00,2,up,0.46010303,0.46,0.00010302663,0,0.46
2025-07-27 17:00:00,0,down,0.36751482,0.46,0.09248519,1,0.36751482
2025-07-27 18:00:00,2,down,0.4883577,0.46,0.028357685,0,0.46
2025-07-27 19:00:00,2,down,0.475876,0.46,0.015875995,0,0.46
2025-07-27 20:00:00,2,up,0.50640595,0.46,0.04640594,0,0.46
2025-07-27 21:00:00,0,up,0.36086398,0.46,0.099136025,1,0.36086398
2025-07-27 22:00:00,2,down,0.42437384,0.46,0.035626173,0,0.46
2025-07-27 23:00:00,2,down,0.3927883,0.46,0.06721172,0,0.46
2025-07-28 00:00:00,2,down,0.46813643,0.46,0.008136421,0,0.46
2025-07-28 01:00:00,2,up,0.5221334,0.46,0.0621334,0,0.46
2025-07-28 02:00:00,2,down,0.46797144,0.46,0.007971436,0,0.46
2025-07-28 03:00:00,2,down,0.48042232,0.46,0.02042231,0,0.46
2025-07-28 04:00:00,2,up,0.47245198,0.46,0.012451977,0,0.46
2025-07-28 05:00:00,2,down,0.4074868,0.46,0.052513212,0,0.46
2025-07-28 06:00:00,2,down,0.4972185,0.46,0.03721848,0,0.46
2025-07-28 07:00:00,2,up,0.50544274,0.46,0.04544273,0,0.46
2025-07-28 08:00:00,2,down,0.43256354,0.46,0.027436465,0,0.46
2025-07-28 09:00:00,2,down,0.48630106,0.46,0.026301056,0,0.46
2025-07-28 10:00:00,1,up,0.532862,0.46,0.072862,1,0.532862
2025-07-28 11:00:00,2,up,0.43908557,0.46,0.020914435,0,0.46
2025-07-28 12:00:00,2,down,0.5123191,0.46,0.05231908,0,0.46
2025-07-28 13:00:00,1,down,0.5520539,0.46,0.09205392,1,0.5520539
2025-07-28 14:00:00,1,up,0.59267956,0.46,0.13267955,1,0.59267956
2025-07-28 15:00:00,2,down,0.5112112,0.46,0.051211208,0,0.46
2025-07-28 16:00:00,1,down,0.6148826,0.46,0.15488258,1,0.6148826
2025-07-28 17:00:00,1,up,0.6362779,0.46,0.1762779,1,0.6362779
2025-07-28 18:00:00,2,up,0.5121798,0.46,0.052179784,0,0.46
2025-07-28 19:00:00,2,down,0.4918774,0.46,0.0318774,0,0.46
2025-07-28 20:00:00,2,up,0.48104864,0.46,0.021048635,0,0.46
2025-07-28 21:00:00,2,down,0.5059779,0.46,0.04597792,0,0.46
2025-07-28 22:00:00,1,up,0.54159445,0.46,0.08159444,1,0.54159445
2025-07-28 23:00:00,2,down,0.5156398,0.46,0.055639774,0,0.46
2025-07-29 00:00:00,2,down,0.5182838,0.46,0.058283776,0,0.46
2025-07-29 01:00:00,1,up,0.57614535,0.46,0.11614534,1,0.57614535
2025-07-29 02:00:00,2,up,0.44861466,0.46,0.011385351,0,0.46
2025-07-29 03:00:00,2,down,0.4269407,0.46,0.0330593,0,0.46
2025-07-29 04:00:00,2,up,0.47066328,0.46,0.010663271,0,0.46
2025-07-29 05:00:00,0,down,0.3819177,0.46,0.07808232,1,0.3819177
2025-07-29 06:00:00,2,up,0.46057135,0.46,0.0005713403,0,0.46
2025-07-29 07:00:00,2,up,0.4677033,0.46,0.0077033043,0,0.46
2025-07-29 08:00:00,2,down,0.42106843,0.46,0.03893158,0,0.46
2025-07-29 09:00:00,2,down,0.4696158,0.46,0.009615779,0,0.46
2025-07-29 10:00:00,2,up,0.52823406,0.46,0.068234056,0,0.46
2025-07-29 11:00:00,2,up,0.4105937,0.46,0.04940632,0,0.46
2025-07-29 12:00:00,2,down,0.42100513,0.46,0.03899488,0,0.46
2025-07-29 13:00:00,2,down,0.44812003,0.46,0.011879981,0,0.46
2025-07-29 14:00:00,2,down,0.50535125,0.46,0.045351237,0,0.46
2025-07-29 15:00:00,1,up,0.5797827,0.46,0.119782716,1,0.5797827
2025-07-29 16:00:00,2,up,0.43480673,0.46,0.025193274,0,0.46
2025-07-29 17:00:00,1,down,0.5508726,0.46,0.090872616,1,0.5508726
2025-07-29 18:00:00,1,down,0.53806293,0.46,0.07806292,1,0.53806293
2025-07-29 19:00:00,1,down,0.57604533,0.46,0.116045326,1,0.57604533
2025-07-29 20:00:00,2,up,0.52341455,0.46,0.063414544,0,0.46
2025-07-29 21:00:00,2,up,0.5102366,0.46,0.050236613,0,0.46
2025-07-29 22:00:00,2,up,0.45498896,0.46,0.005011052,0,0.46
2025-07-29 23:00:00,2,down,0.44150034,0.46,0.018499672,0,0.46
2025-07-30 00:00:00,2,up,0.47657916,0.46,0.016579151,0,0.46
2025-07-30 01:00:00,2,up,0.47279304,0.46,0.012793034,0,0.46
2025-07-30 02:00:00,2,up,0.45520684,0.46,0.004793167,0,0.46
2025-07-30 03:00:00,0,down,0.37964264,0.46,0.08035737,1,0.37964264
2025-07-30 04:00:00,2,down,0.45644638,0.46,0.003553629,0,0.46
2025-07-30 05:00:00,2,up,0.45241958,0.46,0.0075804293,0,0.46
2025-07-30 06:00:00,0,down,0.37576017,0.46,0.08423984,1,0.37576017
2025-07-30 07:00:00,2,up,0.48157683,0.46,0.021576822,0,0.46
2025-07-30 08:00:00,2,down,0.39004374,0.46,0.06995627,0,0.46
2025-07-30 09:00:00,2,down,0.50231415,0.46,0.042314142,0,0.46
2025-07-30 10:00:00,2,down,0.48862305,0.46,0.028623044,0,0.46
2025-07-30 11:00:00,2,up,0.5169124,0.46,0.056912392,0,0.46
2025-07-30 12:00:00,2,down,0.4914601,0.46,0.031460106,0,0.46
2025-07-30 13:00:00,2,up,0.4832455,0.46,0.023245484,0,0.46
2025-07-30 14:00:00,0,down,0.3774586,0.46,0.082541406,1,0.3774586
2025-07-30 15:00:00,2,down,0.4729101,0.46,0.012910098,0,0.46
2025-07-30 16:00:00,2,up,0.49045232,0.46,0.030452311,0,0.46
2025-07-30 17:00:00,2,down,0.4910979,0.46,0.031097889,0,0.46
2025-07-30 18:00:00,1,up,0.5794924,0.46,0.11949238,1,0.5794924
2025-07-30 19:00:00,2,up,0.45332664,0.46,0.006673366,0,0.46
2025-07-30 20:00:00,2,up,0.4839181,0.46,0.023918092,0,0.46
2025-07-30 21:00:00,2,up,0.48257416,0.46,0.022574157,0,0.46
2025-07-30 22:00:00,2,up,0.4755877,0.46,0.0155876875,0,0.46
2025-07-30 23:00:00,0,up,0.38233203,0.46,0.07766798,1,0.38233203
2025-07-31 00:00:00,0,down,0.37130243,0.46,0.08869758,1,0.37130243
2025-07-31 01:00:00,2,up,0.46670386,0.46,0.0067038536,0,0.46
2025-07-31 02:00:00,0,up,0.38191783,0.46,0.078082174,1,0.38191783
2025-07-31 03:00:00,2,up,0.431773,0.46,0.028227001,0,0.46
2025-07-31 04:00:00,0,down,0.36247408,0.46,0.097525924,1,0.36247408
2025-07-31 05:00:00,2,up,0.4668463,0.46,0.006846279,0,0.46
2025-07-31 06:00:00,0,down,0.373245,0.46,0.08675501,1,0.373245
2025-07-31 07:00:00,2,down,0.44081217,0.46,0.019187838,0,0.46
2025-07-31 08:00:00,2,up,0.4364471,0.46,0.023552895,0,0.46
2025-07-31 09:00:00,2,down,0.40405917,0.46,0.055940837,0,0.46
2025-07-31 10:00:00,2,down,0.47673544,0.46,0.016735435,0,0.46
2025-07-31 11:00:00,2,up,0.49646187,0.46,0.03646186,0,0.46
2025-07-31 12:00:00,2,down,0.41059324,0.46,0.049406767,0,0.46
2025-07-31 13:00:00,2,down,0.39387286,0.46,0.06612715,0,0.46
2025-07-31 14:00:00,1,up,0.5796589,0.46,0.11965892,1,0.5796589
2025-07-31 15:00:00,2,up,0.42944765,0.46,0.030552357,0,0.46
2025-07-31 16:00:00,2,down,0.45346317,0.46,0.0065368414,0,0.46
2025-07-31 17:00:00,1,down,0.53767776,0.46,0.07767776,1,0.53767776
2025-07-31 18:00:00,1,down,0.55673385,0.46,0.09673384,1,0.55673385
2025-07-31 19:00:00,1,down,0.6033507,0.46,0.14335069,1,0.6033507
2025-07-31 20:00:00,1,up,0.60573226,0.46,0.14573225,1,0.60573226
2025-07-31 21:00:00,1,down,0.54879695,0.46,0.08879694,1,0.54879695
2025-07-31 22:00:00,1,down,0.6485928,0.46,0.18859282,1,0.6485928
2025-07-31 23:00:00,1,down,0.558823,0.46,0.09882298,1,0.558823
2025-08-01 00:00:00,2,down,0.47977343,0.46,0.019773424,0,0.46
2025-08-01 01:00:00,2,up,0.47912812,0.46,0.019128114,0,0.46
2025-08-01 02:00:00,2,down,0.50626755,0.46,0.04626754,0,0.46
2025-08-01 03:00:00,1,up,0.5345142,0.46,0.07451418,1,0.5345142
2025-08-01 04:00:00,2,down,0.4155663,0.46,0.044433713,0,0.46
2025-08-01 05:00:00,1,down,0.55103654,0.46,0.09103653,1,0.55103654
2025-08-01 06:00:00,1,down,0.55364794,0.46,0.09364793,1,0.55364794
2025-08-01 07:00:00,2,down,0.5229937,0.46,0.062993675,0,0.46
2025-08-01 08:00:00,2,up,0.47292557,0.46,0.012925565,0,0.46
2025-08-01 09:00:00,1,down,0.53591645,0.46,0.07591644,1,0.53591645
2025-08-01 10:00:00,1,up,0.57498467,0.46,0.11498466,1,0.57498467
2025-08-01 11:00:00,2,up,0.46337524,0.46,0.0033752322,0,0.46
2025-08-01 12:00:00,2,down,0.42208332,0.46,0.03791669,0,0.46
2025-08-01 13:00:00,1,up,0.54766935,0.46,0.08766934,1,0.54766935
2025-08-01 14:00:00,2,down,0.44006735,0.46,0.019932657,0,0.46
2025-08-01 15:00:00,2,down,0.45222265,0.46,0.007777363,0,0.46
2025-08-01 16:00:00,2,down,0.50340384,0.46,0.043403834,0,0.46
2025-08-01 17:00:00,1,down,0.54131645,0.46,0.08131644,1,0.54131645
2025-08-01 18:00:00,2,down,0.5158724,0.46,0.05587241,0,0.46
2025-08-01 19:00:00,1,up,0.5495231,0.46,0.08952311,1,0.5495231
2025-08-01 20:00:00,2,down,0.46166417,0.46,0.0016641617,0,0.46
2025-08-01 21:00:00,1,down,0.5413115,0.46,0.081311494,1,0.5413115
2025-08-01 22:00:00,1,up,0.54473525,0.46,0.084735245,1,0.54473525
2025-08-01 23:00:00,1,up,0.57420856,0.46,0.11420855,1,0.57420856
2025-08-02 00:00:00,2,down,0.51586425,0.46,0.055864245,0,0.46
2025-08-02 01:00:00,2,up,0.49850032,0.46,0.03850031,0,0.46
2025-08-02 02:00:00,2,up,0.49611852,0.46,0.036118507,0,0.46
2025-08-02 03:00:00,2,up,0.52843094,0.46,0.06843093,0,0.46
2025-08-02 04:00:00,2,down,0.4555166,0.46,0.004483402,0,0.46
2025-08-02 05:00:00,2,down,0.4611222,0.46,0.0011222064,0,0.46
2025-08-02 06:00:00,2,up,0.49573797,0.46,0.03573796,0,0.46
2025-08-02 07:00:00,2,down,0.44457212,0.46,0.015427887,0,0.46
2025-08-02 08:00:00,1,up,0.5578718,0.46,0.09787181,1,0.5578718
2025-08-02 09:00:00,2,down,0.50185364,0.46,0.041853637,0,0.46
2025-08-02 10:00:00,1,up,0.5558606,0.46,0.09586057,1,0.5558606
2025-08-02 11:00:00,2,down,0.4702976,0.46,0.010297596,0,0.46
2025-08-02 12:00:00,2,down,0.529721,0.46,0.06972101,0,0.46
2025-08-02 13:00:00,2,down,0.49213982,0.46,0.032139808,0,0.46
2025-08-02 14:00:00,2,down,0.5031437,0.46,0.04314372,0,0.46
2025-08-02 15:00:00,1,up,0.59440774,0.46,0.13440773,1,0.59440774
2025-08-02 16:00:00,2,down,0.47414845,0.46,0.014148444,0,0.46
2025-08-02 17:00:00,1,down,0.53001034,0.46,0.070010334,1,0.53001034
2025-08-02 18:00:00,1,down,0.54071206,0.46,0.08071205,1,0.54071206
2025-08-02 19:00:00,1,up,0.55165404,0.46,0.09165403,1,0.55165404
2025-08-02 20:00:00,2,up,0.44807187,0.46,0.011928141,0,0.46
2025-08-02 21:00:00,2,up,0.5007278,0.46,0.040727764,0,0.46
2025-08-02 22:00:00,2,down,0.42871007,0.46,0.031289935,0,0.46
2025-08-02 23:00:00,2,up,0.52841526,0.46,0.068415254,0,0.46
2025-08-03 00:00:00,2,up,0.4037468,0.46,0.056253195,0,0.46
2025-08-03 01:00:00,2,up,0.42648715,0.46,0.03351286,0,0.46
2025-08-03 02:00:00,2,up,0.40773064,0.46,0.05226937,0,0.46
2025-08-03 03:00:00,2,down,0.41685835,0.46,0.043141663,0,0.46
2025-08-03 04:00:00,2,up,0.43464732,0.46,0.025352687,0,0.46
2025-08-03 05:00:00,0,down,0.3808187,0.46,0.07918131,1,0.3808187
2025-08-03 06:00:00,2,up,0.46363616,0.46,0.0036361516,0,0.46
2025-08-03 07:00:00,2,down,0.39613047,0.46,0.063869536,0,0.46
2025-08-03 08:00:00,2,down,0.4371493,0.46,0.022850722,0,0.46
2025-08-03 09:00:00,2,up,0.45254034,0.46,0.0074596703,0,0.46
2025-08-03 10:00:00,0,down,0.37940615,0.46,0.080593854,1,0.37940615
2025-08-03 11:00:00,2,up,0.46700066,0.46,0.007000655,0,0.46
2025-08-03 12:00:00,0,down,0.33458644,0.46,0.12541357,1,0.33458644
2025-08-03 13:00:00,2,down,0.43401673,0.46,0.025983274,0,0.46
2025-08-03 14:00:00,2,up,0.44287094,0.46,0.017129064,0,0.46
2025-08-03 15:00:00,2,up,0.39681128,0.46,0.06318873,0,0.46
2025-08-03 16:00:00,2,up,0.41946504,0.46,0.040534973,0,0.46
2025-08-03 17:00:00,0,up,0.3837828,0.46,0.076217204,1,0.3837828
2025-08-03 18:00:00,0,down,0.3597739,0.46,0.100226104,1,0.3597739
2025-08-03 19:00:00,2,up,0.45983768,0.46,0.00016233325,0,0.46
2025-08-03 20:00:00,0,up,0.36333817,0.46,0.096661836,1,0.36333817
2025-08-03 21:00:00,2,down,0.4284757,0.46,0.0315243,0,0.46
2025-08-03 22:00:00,2,down,0.44658372,0.46,0.01341629,0,0.46
2025-08-03 23:00:00,2,up,0.4964872,0.46,0.036487192,0,0.46
2025-08-04 00:00:00,0,down,0.38525227,0.46,0.07474774,1,0.38525227
2025-08-04 01:00:00,2,up,0.46640825,0.46,0.0064082444,0,0.46
2025-08-04 02:00:00,0,down,0.35158873,0.46,0.10841128,1,0.35158873
2025-08-04 03:00:00,2,down,0.5031398,0.46,0.043139786,0,0.46
2025-08-04 04:00:00,2,up,0.52134097,0.46,0.061340958,0,0.46
2025-08-04 05:00:00,2,up,0.48100853,0.46,0.021008521,0,0.46
2025-08-04 06:00:00,2,up,0.44842705,0.46,0.011572957,0,0.46
2025-08-04 07:00:00,2,down,0.43511963,0.46,0.02488038,0,0.46
2025-08-04 08:00:00,2,down,0.46935484,0.46,0.00935483,0,0.46
2025-08-04 09:00:00,2,down,0.49543142,0.46,0.035431415,0,0.46
2025-08-04 10:00:00,1,up,0.56624895,0.46,0.106248945,1,0.56624895
2025-08-04 11:00:00,2,down,0.44202346,0.46,0.017976552,0,0.46
2025-08-04 12:00:00,2,up,0.4677984,0.46,0.0077984035,0,0.46
2025-08-04 13:00:00,0,down,0.36581448,0.46,0.09418553,1,0.36581448
2025-08-04 14:00:00,2,up,0.46261826,0.46,0.0026182532,0,0.46
2025-08-04 15:00:00,2,up,0.398529,0.46,0.061471015,0,0.46
2025-08-04 16:00:00,0,down,0.37786308,0.46,0.08213693,1,0.37786308
2025-08-04 17:00:00,2,down,0.4634334,0.46,0.0034334064,0,0.46
2025-08-04 18:00:00,2,down,0.46845937,0.46,0.008459359,0,0.46
2025-08-04 19:00:00,2,up,0.5071742,0.46,0.047174186,0,0.46
2025-08-04 20:00:00,2,up,0.47932065,0.46,0.019320637,0,0.46
2025-08-04 21:00:00,2,up,0.40250653,0.46,0.057493478,0,0.46
2025-08-04 22:00:00,0,down,0.3602116,0.46,0.0997884,1,0.3602116
2025-08-04 23:00:00,2,down,0.50458455,0.46,0.044584543,0,0.46
2025-08-05 00:00:00,2,down,0.50792164,0.46,0.047921628,0,0.46
2025-08-05 01:00:00,1,up,0.5723306,0.46,0.112330586,1,0.5723306
2025-08-05 02:00:00,1,down,0.53382415,0.46,0.07382414,1,0.53382415
2025-08-05 03:00:00,1,up,0.61050814,0.46,0.15050814,1,0.61050814
2025-08-05 04:00:00,2,up,0.47540045,0.46,0.0154004395,0,0.46
2025-08-05 05:00:00,2,down,0.5091947,0.46,0.049194664,0,0.46
2025-08-05 06:00:00,1,down,0.5302549,0.46,0.07025489,1,0.5302549
2025-08-05 07:00:00,2,up,0.52773,0.46,0.06772998,0,0.46
2025-08-05 08:00:00,2,up,0.50335556,0.46,0.043355554,0,0.46
2025-08-05 09:00:00,2,up,0.43610153,0.46,0.023898482,0,0.46
2025-08-05 10:00:00,2,down,0.43374166,0.46,0.02625835,0,0.46
2025-08-05 11:00:00,2,down,0.44532308,0.46,0.0146769285,0,0.46
2025-08-05 12:00:00,2,up,0.5138764,0.46,0.05387637,0,0.46
2025-08-05 13:00:00,2,down,0.45357105,0.46,0.006428957,0,0.46
2025-08-05 14:00:00,2,down,0.51383054,0.46,0.053830534,0,0.46
2025-08-05 15:00:00,1,up,0.5393814,0.46,0.07938138,1,0.5393814
2025-08-05 16:00:00,2,up,0.4599212,0.46,7.879734e-05,0,0.46
2025-08-05 17:00:00,2,up,0.48553637,0.46,0.025536358,0,0.46
2025-08-05 18:00:00,2,down,0.47083154,0.46,0.010831535,0,0.46
2025-08-05 19:00:00,2,up,0.46806696,0.46,0.008066952,0,0.46
2025-08-05 20:00:00,2,down,0.480374,0.46,0.020374,0,0.46
2025-08-05 21:00:00,2,up,0.49881828,0.46,0.03881827,0,0.46
2025-08-05 22:00:00,2,up,0.42349425,0.46,0.03650576,0,0.46
2025-08-05 23:00:00,2,down,0.41681457,0.46,0.043185443,0,0.46
2025-08-06 00:00:00,2,down,0.4500127,0.46,0.009987295,0,0.46
2025-08-06 01:00:00,2,down,0.48242104,0.46,0.022421032,0,0.46
2025-08-06 02:00:00,2,down,0.5221313,0.46,0.062131315,0,0.46
2025-08-06 03:00:00,1,down,0.54773206,0.46,0.08773205,1,0.54773206
2025-08-06 04:00:00,1,up,0.54509205,0.46,0.08509204,1,0.54509205
2025-08-06 05:00:00,2,down,0.40635842,0.46,0.053641587,0,0.46
2025-08-06 06:00:00,2,up,0.40790707,0.46,0.05209294,0,0.46
2025-08-06 07:00:00,0,down,0.38124314,0.46,0.07875687,1,0.38124314
2025-08-06 08:00:00,2,up,0.4775146,0.46,0.017514586,0,0.46
2025-08-06 09:00:00,2,down,0.44286066,0.46,0.017139345,0,0.46
2025-08-06 10:00:00,2,up,0.47944435,0.46,0.019444346,0,0.46
2025-08-06 11:00:00,2,down,0.41802195,0.46,0.04197806,0,0.46
2025-08-06 12:00:00,2,up,0.48483962,0.46,0.02483961,0,0.46
2025-08-06 13:00:00,0,up,0.38253385,0.46,0.07746616,1,0.38253385
2025-08-06 14:00:00,2,up,0.40598482,0.46,0.05401519,0,0.46
2025-08-06 15:00:00,2,down,0.3966198,0.46,0.06338021,0,0.46
2025-08-06 16:00:00,2,up,0.45071784,0.46,0.009282172,0,0.46
2025-08-06 17:00:00,0,down,0.36030033,0.46,0.099699676,1,0.36030033
2025-08-06 18:00:00,2,down,0.4545998,0.46,0.0054002106,0,0.46
2025-08-06 19:00:00,2,down,0.44590327,0.46,0.014096737,0,0.46
2025-08-06 20:00:00,2,up,0.511366,0.46,0.051366,0,0.46
2025-08-06 21:00:00,2,up,0.4438866,0.46,0.0161134,0,0.46
2025-08-06 22:00:00,2,down,0.5100467,0.46,0.050046712,0,0.46
2025-08-06 23:00:00,2,down,0.49529222,0.46,0.03529221,0,0.46
2025-08-07 00:00:00,1,down,0.54563534,0.46,0.085635334,1,0.54563534
2025-08-07 01:00:00,2,down,0.49461395,0.46,0.034613937,0,0.46
2025-08-07 02:00:00,2,down,0.47649384,0.46,0.016493827,0,0.46
2025-08-07 03:00:00,2,down,0.51116866,0.46,0.05116865,0,0.46
2025-08-07 04:00:00,1,up,0.5343301,0.46,0.07433012,1,0.5343301
2025-08-07 05:00:00,2,up,0.43344465,0.46,0.02655536,0,0.46
2025-08-07 06:00:00,2,up,0.47357178,0.46,0.013571769,0,0.46
2025-08-07 07:00:00,2,up,0.44811466,0.46,0.011885345,0,0.46
2025-08-07 08:00:00,2,up,0.45783436,0.46,0.0021656454,0,0.46
2025-08-07 09:00:00,0,up,0.3746633,0.46,0.085336715,1,0.3746633
2025-08-07 10:00:00,2,up,0.44697845,0.46,0.0130215585,0,0.46
2025-08-07 11:00:00,2,down,0.48997346,0.46,0.029973447,0,0.46
2025-08-07 12:00:00,2,up,0.40842813,0.46,0.051571876,0,0.46
2025-08-07 13:00:00,0,down,0.36973244,0.46,0.09026757,1,0.36973244
2025-08-07 14:00:00,2,up,0.4339272,0.46,0.0260728,0,0.46
2025-08-07 15:00:00,0,down,0.34402317,0.46,0.11597684,1,0.34402317
2025-08-07 16:00:00,2,up,0.42896432,0.46,0.031035691,0,0.46
2025-08-07 17:00:00,0,up,0.37988064,0.46,0.08011937,1,0.37988064
2025-08-07 18:00:00,2,up,0.3997265,0.46,0.0602735,0,0.46
2025-08-07 19:00:00,0,down,0.36835387,0.46,0.091646135,1,0.36835387
2025-08-07 20:00:00,2,down,0.47738484,0.46,0.017384827,0,0.46
2025-08-07 21:00:00,2,up,0.4344375,0.46,0.025562495,0,0.46
2025-08-07 22:00:00,0,down,0.3608018,0.46,0.09919822,1,0.3608018
2025-08-07 23:00:00,2,down,0.403862,0.46,0.05613801,0,0.46
2025-08-08 00:00:00,2,down,0.41683224,0.46,0.04316777,0,0.46
2025-08-08 01:00:00,2,down,0.50137675,0.46,0.04137674,0,0.46
2025-08-08 02:00:00,1,up,0.59162545,0.46,0.13162544,1,0.59162545
2025-08-08 03:00:00,1,up,0.610479,0.46,0.15047899,1,0.610479
2025-08-08 04:00:00,2,down,0.5284567,0.46,0.06845668,0,0.46
2025-08-08 05:00:00,1,up,0.5872499,0.46,0.12724987,1,0.5872499
2025-08-08 06:00:00,2,up,0.46456414,0.46,0.0045641363,0,0.46
2025-08-08 07:00:00,2,down,0.44918716,0.46,0.010812849,0,0.46
2025-08-08 08:00:00,2,up,0.48194847,0.46,0.021948457,0,0.46
2025-08-08 09:00:00,2,down,0.47384655,0.46,0.013846546,0,0.46
2025-08-08 10:00:00,2,up,0.4895615,0.46,0.02956149,0,0.46
2025-08-08 11:00:00,2,down,0.43862563,0.46,0.021374375,0,0.46
2025-08-08 12:00:00,1,up,0.56516796,0.46,0.105167955,1,0.56516796
2025-08-08 13:00:00,0,down,0.37625125,0.46,0.08374876,1,0.37625125
2025-08-08 14:00:00,2,down,0.5074573,0.46,0.047457308,0,0.46
2025-08-08 15:00:00,2,down,0.4825534,0.46,0.022553384,0,0.46
2025-08-08 16:00:00,2,up,0.49352103,0.46,0.033521026,0,0.46
2025-08-08 17:00:00,2,down,0.43846092,0.46,0.021539092,0,0.46
2025-08-08 18:00:00,2,down,0.4910452,0.46,0.031045198,0,0.46
2025-08-08 19:00:00,2,up,0.49812487,0.46,0.03812486,0,0.46
2025-08-08 20:00:00,0,up,0.38349304,0.46,0.07650697,1,0.38349304
2025-08-08 21:00:00,0,down,0.37734157,0.46,0.08265844,1,0.37734157
2025-08-08 22:00:00,2,down,0.4244691,0.46,0.035530895,0,0.46
2025-08-08 23:00:00,2,down,0.52689034,0.46,0.06689033,0,0.46
2025-08-09 00:00:00,2,down,0.52222985,0.46,0.062229842,0,0.46
2025-08-09 01:00:00,1,down,0.5371916,0.46,0.07719162,1,0.5371916
2025-08-09 02:00:00,1,down,0.5601941,0.46,0.10019407,1,0.5601941
2025-08-09 03:00:00,2,up,0.49269977,0.46,0.032699764,0,0.46
2025-08-09 04:00:00,2,up,0.4977032,0.46,0.037703186,0,0.46
2025-08-09 05:00:00,2,down,0.44196123,0.46,0.01803878,0,0.46
2025-08-09 06:00:00,2,up,0.4410569,0.46,0.018943101,0,0.46
2025-08-09 07:00:00,2,up,0.43606755,0.46,0.023932457,0,0.46
2025-08-09 08:00:00,0,up,0.36326066,0.46,0.09673935,1,0.36326066
2025-08-09 09:00:00,0,down,0.35092664,0.46,0.10907337,1,0.35092664
2025-08-09 10:00:00,2,down,0.44973934,0.46,0.010260671,0,0.46
2025-08-09 11:00:00,2,up,0.50473434,0.46,0.04473433,0,0.46
2025-08-09 12:00:00,2,down,0.466298,0.46,0.0062980056,0,0.46
2025-08-09 13:00:00,2,up,0.50107837,0.46,0.04107836,0,0.46
2025-08-09 14:00:00,2,down,0.4829563,0.46,0.022956282,0,0.46
2025-08-09 15:00:00,2,down,0.5233421,0.46,0.063342065,0,0.46
2025-08-09 16:00:00,1,up,0.6222697,0.46,0.16226968,1,0.6222697
2025-08-09 17:00:00,1,down,0.56366795,0.46,0.103667945,1,0.56366795
2025-08-09 18:00:00,2,down,0.5247944,0.46,0.06479439,0,0.46
2025-08-09 19:00:00,1,up,0.5776276,0.46,0.11762759,1,0.5776276
2025-08-09 20:00:00,2,down,0.44748208,0.46,0.012517929,0,0.46
2025-08-09 21:00:00,2,up,0.507631,0.46,0.047630996,0,0.46
2025-08-09 22:00:00,2,down,0.4850026,0.46,0.025002599,0,0.46
2025-08-09 23:00:00,1,up,0.56294256,0.46,0.102942556,1,0.56294256
2025-08-10 00:00:00,2,down,0.45024556,0.46,0.009754449,0,0.46
2025-08-10 01:00:00,2,up,0.52068055,0.46,0.06068054,0,0.46
2025-08-10 02:00:00,0,up,0.36251345,0.46,0.097486556,1,0.36251345
2025-08-10 03:00:00,2,down,0.40360707,0.46,0.056392938,0,0.46
2025-08-10 04:00:00,2,down,0.48916903,0.46,0.029169023,0,0.46
2025-08-10 05:00:00,2,up,0.49697828,0.46,0.036978275,0,0.46
2025-08-10 06:00:00,2,down,0.39463657,0.46,0.06536344,0,0.46
2025-08-10 07:00:00,2,up,0.4836062,0.46,0.023606181,0,0.46
2025-08-10 08:00:00,2,down,0.400457,0.46,0.059543014,0,0.46
2025-08-10 09:00:00,2,down,0.4310961,0.46,0.028903902,0,0.46
2025-08-10 10:00:00,2,up,0.4953623,0.46,0.035362303,0,0.46
2025-08-10 11:00:00,2,up,0.40824243,0.46,0.051757574,0,0.46
2025-08-10 12:00:00,2,down,0.41306832,0.46,0.046931684,0,0.46
2025-08-10 13:00:00,2,up,0.45730892,0.46,0.00269109,0,0.46
2025-08-10 14:00:00,0,up,0.3564581,0.46,0.10354191,1,0.3564581
2025-08-10 15:00:00,2,down,0.44729248,0.46,0.012707531,0,0.46
2025-08-10 16:00:00,2,down,0.4358037,0.46,0.024196297,0,0.46
2025-08-10 17:00:00,2,up,0.4874627,0.46,0.027462691,0,0.46
2025-08-10 18:00:00,2,up,0.43175554,0.46,0.028244466,0,0.46
2025-08-10 19:00:00,2,down,0.4083472,0.46,0.05165282,0,0.46
2025-08-10 20:00:00,2,up,0.5113741,0.46,0.051374108,0,0.46
2025-08-10 21:00:00,0,up,0.38850394,0.46,0.07149607,1,0.38850394
2025-08-10 22:00:00,0,up,0.34134528,0.46,0.11865473,1,0.34134528
2025-08-10 23:00:00,0,down,0.36105475,0.46,0.09894526,1,0.36105475
2025-08-11 00:00:00,2,up,0.47330436,0.46,0.013304353,0,0.46
2025-08-11 01:00:00,0,up,0.38682395,0.46,0.073176056,1,0.38682395
2025-08-11 02:00:00,2,down,0.41712976,0.46,0.042870253,0,0.46
2025-08-11 03:00:00,2,up,0.51653725,0.46,0.05653724,0,0.46
2025-08-11 04:00:00,2,down,0.39373785,0.46,0.066262156,0,0.46
2025-08-11 05:00:00,2,up,0.46983936,0.46,0.009839356,0,0.46
2025-08-11 06:00:00,0,down,0.37817895,0.46,0.081821054,1,0.37817895
2025-08-11 07:00:00,2,up,0.52523416,0.46,0.065234154,0,0.46
2025-08-11 08:00:00,2,down,0.4350619,0.46,0.024938107,0,0.46
2025-08-11 09:00:00,2,down,0.48773417,0.46,0.02773416,0,0.46
2025-08-11 10:00:00,1,down,0.54942715,0.46,0.08942714,1,0.54942715
2025-08-11 11:00:00,1,down,0.57682496,0.46,0.116824955,1,0.57682496
2025-08-11 12:00:00,1,up,0.5622712,0.46,0.10227117,1,0.5622712
2025-08-11 13:00:00,2,up,0.5176712,0.46,0.05767122,0,0.46
2025-08-11 14:00:00,2,up,0.52339506,0.46,0.06339505,0,0.46
2025-08-11 15:00:00,2,down,0.44291237,0.46,0.017087638,0,0.46
2025-08-11 16:00:00,1,down,0.5677761,0.46,0.107776076,1,0.5677761
2025-08-11 17:00:00,1,up,0.57298493,0.46,0.112984926,1,0.57298493
2025-08-11 18:00:00,1,down,0.5360584,0.46,0.07605842,1,0.5360584
2025-08-11 19:00:00,1,down,0.551211,0.46,0.09121099,1,0.551211
2025-08-11 20:00:00,1,down,0.57608616,0.46,0.116086155,1,0.57608616
2025-08-11 21:00:00,2,up,0.52693486,0.46,0.066934854,0,0.46
2025-08-11 22:00:00,2,down,0.5084578,0.46,0.04845777,0,0.46
2025-08-11 23:00:00,1,up,0.5588355,0.46,0.0988355,1,0.5588355
2025-08-12 00:00:00,2,up,0.49147537,0.46,0.031475365,0,0.46
2025-08-12 01:00:00,2,up,0.5127329,0.46,0.052732915,0,0.46
2025-08-12 02:00:00,2,down,0.48467043,0.46,0.024670422,0,0.46
2025-08-12 03:00:00,2,up,0.5058089,0.46,0.04580888,0,0.46
2025-08-12 04:00:00,2,down,0.49168313,0.46,0.031683117,0,0.46
2025-08-12 05:00:00,2,up,0.4818777,0.46,0.021877706,0,0.46
2025-08-12 06:00:00,2,up,0.4763759,0.46,0.0163759,0,0.46
2025-08-12 07:00:00,2,down,0.5061095,0.46,0.046109468,0,0.46
2025-08-12 08:00:00,2,down,0.5097625,0.46,0.049762517,0,0.46
2025-08-12 09:00:00,1,up,0.59203833,0.46,0.13203833,1,0.59203833
2025-08-12 10:00:00,1,up,0.5349031,0.46,0.0749031,1,0.5349031
2025-08-12 11:00:00,1,up,0.54815245,0.46,0.08815244,1,0.54815245
2025-08-12 12:00:00,2,down,0.41350973,0.46,0.04649028,0,0.46
2025-08-12 13:00:00,2,up,0.494096,0.46,0.034096003,0,0.46
2025-08-12 14:00:00,2,up,0.39052325,0.46,0.06947675,0,0.46
2025-08-12 15:00:00,0,down,0.3821907,0.46,0.077809304,1,0.3821907
2025-08-12 16:00:00,2,down,0.45062268,0.46,0.009377331,0,0.46
2025-08-12 17:00:00,2,up,0.49685478,0.46,0.036854774,0,0.46
2025-08-12 18:00:00,1,up,0.53569263,0.46,0.075692624,1,0.53569263
2025-08-12 19:00:00,2,up,0.46443683,0.46,0.0044368207,0,0.46
2025-08-12 20:00:00,0,down,0.36616307,0.46,0.09383693,1,0.36616307
2025-08-12 21:00:00,2,up,0.45021078,0.46,0.009789228,0,0.46
2025-08-12 22:00:00,0,up,0.349595,0.46,0.110405,1,0.349595
2025-08-12 23:00:00,2,down,0.4247117,0.46,0.035288304,0,0.46
2025-08-13 00:00:00,2,down,0.48625407,0.46,0.026254058,0,0.46
2025-08-13 01:00:00,2,up,0.5021711,0.46,0.04217109,0,0.46
2025-08-13 02:00:00,2,down,0.4619425,0.46,0.0019424856,0,0.46
2025-08-13 03:00:00,2,down,0.47651142,0.46,0.01651141,0,0.46
2025-08-13 04:00:00,1,down,0.60361564,0.46,0.14361563,1,0.60361564
2025-08-13 05:00:00,1,up,0.5523524,0.46,0.09235242,1,0.5523524
2025-08-13 06:00:00,2,up,0.46360224,0.46,0.0036022365,0,0.46
2025-08-13 07:00:00,2,up,0.43660024,0.46,0.02339977,0,0.46
2025-08-13 08:00:00,0,up,0.38958427,0.46,0.070415735,1,0.38958427
2025-08-13 09:00:00,0,up,0.37595287,0.46,0.08404714,1,0.37595287
2025-08-13 10:00:00,0,up,0.36715707,0.46,0.09284294,1,0.36715707
2025-08-13 11:00:00,2,down,0.43033192,0.46,0.029668093,0,0.46
2025-08-13 12:00:00,2,up,0.43597725,0.46,0.024022758,0,0.46
2025-08-13 13:00:00,2,down,0.45503953,0.46,0.0049604774,0,0.46
2025-08-13 14:00:00,2,up,0.5011417,0.46,0.04114172,0,0.46
2025-08-13 15:00:00,2,up,0.42513892,0.46,0.034861088,0,0.46
2025-08-13 16:00:00,2,up,0.4726448,0.46,0.012644798,0,0.46
2025-08-13 17:00:00,0,down,0.34948096,0.46,0.11051905,1,0.34948096
2025-08-13 18:00:00,2,up,0.45527768,0.46,0.004722327,0,0.46
2025-08-13 19:00:00,0,up,0.36316273,0.46,0.09683728,1,0.36316273
2025-08-13 20:00:00,0,down,0.3771715,0.46,0.08282852,1,0.3771715
2025-08-13 21:00:00,2,up,0.45376557,0.46,0.006234437,0,0.46
2025-08-13 22:00:00,2,up,0.47694522,0.46,0.016945213,0,0.46
2025-08-13 23:00:00,2,up,0.41731676,0.46,0.042683244,0,0.46
2025-08-14 00:00:00,2,down,0.43747228,0.46,0.022527725,0,0.46
2025-08-14 01:00:00,2,up,0.4605274,0.46,0.0005273819,0,0.46
2025-08-14 02:00:00,0,down,0.35723063,0.46,0.102769375,1,0.35723063
2025-08-14 03:00:00,2,down,0.4970856,0.46,0.037085593,0,0.46
2025-08-14 04:00:00,1,down,0.57224435,0.46,0.11224434,1,0.57224435
2025-08-14 05:00:00,1,down,0.5978738,0.46,0.1378738,1,0.5978738
2025-08-14 06:00:00,2,down,0.49469432,0.46,0.034694314,0,0.46
2025-08-14 07:00:00,1,down,0.585105,0.46,0.125105,1,0.585105
2025-08-14 08:00:00,1,up,0.6088417,0.46,0.14884171,1,0.6088417
2025-08-14 09:00:00,1,down,0.5606132,0.46,0.10061321,1,0.5606132
2025-08-14 10:00:00,1,up,0.57384527,0.46,0.11384526,1,0.57384527
2025-08-14 11:00:00,2,down,0.52104336,0.46,0.061043352,0,0.46
2025-08-14 12:00:00,2,down,0.47389913,0.46,0.013899118,0,0.46
2025-08-14 13:00:00,2,up,0.5169876,0.46,0.056987613,0,0.46
2025-08-14 14:00:00,2,down,0.4779808,0.46,0.017980784,0,0.46
2025-08-14 15:00:00,1,down,0.5680549,0.46,0.108054906,1,0.5680549
2025-08-14 16:00:00,2,up,0.4971568,0.46,0.03715679,0,0.46
2025-08-14 17:00:00,1,up,0.5686344,0.46,0.10863438,1,0.5686344
2025-08-14 18:00:00,2,down,0.50175846,0.46,0.041758448,0,0.46
2025-08-14 19:00:00,1,down,0.5811164,0.46,0.12111637,1,0.5811164
2025-08-14 20:00:00,1,up,0.5493759,0.46,0.08937588,1,0.5493759
2025-08-14 21:00:00,2,up,0.49604505,0.46,0.036045045,0,0.46
2025-08-14 22:00:00,2,up,0.44617435,0.46,0.013825655,0,0.46
2025-08-14 23:00:00,2,down,0.476221,0.46,0.016220987,0,0.46
2025-08-15 00:00:00,2,up,0.46485552,0.46,0.0048555136,0,0.46
2025-08-15 01:00:00,0,up,0.35765448,0.46,0.102345526,1,0.35765448
2025-08-15 02:00:00,2,up,0.44131243,0.46,0.018687576,0,0.46
2025-08-15 03:00:00,0,down,0.37059334,0.46,0.08940667,1,0.37059334
2025-08-15 04:00:00,2,up,0.4569589,0.46,0.0030411184,0,0.46
2025-08-15 05:00:00,0,up,0.37733626,0.46,0.082663745,1,0.37733626
2025-08-15 06:00:00,2,down,0.4100128,0.46,0.049987197,0,0.46
2025-08-15 07:00:00,2,down,0.440759,0.46,0.019241005,0,0.46
2025-08-15 08:00:00,1,down,0.5403952,0.46,0.08039519,1,0.5403952
2025-08-15 09:00:00,2,up,0.49540168,0.46,0.035401672,0,0.46
2025-08-15 10:00:00,1,up,0.5303194,0.46,0.070319384,1,0.5303194
2025-08-15 11:00:00,2,down,0.4717978,0.46,0.011797786,0,0.46
2025-08-15 12:00:00,2,down,0.48356995,0.46,0.023569942,0,0.46
2025-08-15 13:00:00,1,down,0.58798367,0.46,0.12798366,1,0.58798367
2025-08-15 14:00:00,1,down,0.5982953,0.46,0.13829526,1,0.5982953
2025-08-15 15:00:00,2,up,0.50300413,0.46,0.043004125,0,0.46
2025-08-15 16:00:00,2,up,0.43664676,0.46,0.023353249,0,0.46
2025-08-15 17:00:00,2,down,0.49706152,0.46,0.037061512,0,0.46
2025-08-15 18:00:00,1,down,0.5518611,0.46,0.0918611,1,0.5518611
2025-08-15 19:00:00,1,up,0.57903695,0.46,0.11903694,1,0.57903695
2025-08-15 20:00:00,2,up,0.5216688,0.46,0.061668783,0,0.46
2025-08-15 21:00:00,2,up,0.449171,0.46,0.010829002,0,0.46
2025-08-15 22:00:00,2,down,0.45310244,0.46,0.0068975687,0,0.46
2025-08-15 23:00:00,2,up,0.5282274,0.46,0.06822738,0,0.46
2025-08-16 00:00:00,2,up,0.41319627,0.46,0.046803743,0,0.46
2025-08-16 01:00:00,2,down,0.39648247,0.46,0.06351754,0,0.46
2025-08-16 02:00:00,2,down,0.5068308,0.46,0.046830803,0,0.46
2025-08-16 03:00:00,1,up,0.5511792,0.46,0.09117916,1,0.5511792
2025-08-16 04:00:00,2,down,0.4510778,0.46,0.008922219,0,0.46
2025-08-16 05:00:00,2,down,0.49160752,0.46,0.03160751,0,0.46
2025-08-16 06:00:00,2,up,0.50340176,0.46,0.043401748,0,0.46
2025-08-16 07:00:00,2,up,0.48844904,0.46,0.028449029,0,0.46
2025-08-16 08:00:00,2,down,0.47131312,0.46,0.011313111,0,0.46
2025-08-16 09:00:00,1,up,0.58926046,0.46,0.12926045,1,0.58926046
2025-08-16 10:00:00,2,down,0.4580691,0.46,0.0019309223,0,0.46
2025-08-16 11:00:00,1,up,0.54655504,0.46,0.086555034,1,0.54655504
2025-08-16 12:00:00,2,down,0.41881996,0.46,0.041180044,0,0.46
2025-08-16 13:00:00,2,up,0.48923373,0.46,0.029233724,0,0.46
2025-08-16 14:00:00,2,down,0.40348756,0.46,0.056512445,0,0.46
2025-08-16 15:00:00,2,up,0.48365584,0.46,0.023655832,0,0.46
2025-08-16 16:00:00,2,down,0.45517957,0.46,0.0048204362,0,0.46
2025-08-16 17:00:00,2,down,0.47824743,0.46,0.018247426,0,0.46
2025-08-16 18:00:00,2,down,0.48133898,0.46,0.02133897,0,0.46
2025-08-16 19:00:00,2,down,0.48479772,0.46,0.024797708,0,0.46
2025-08-16 20:00:00,2,down,0.4939503,0.46,0.0339503,0,0.46
2025-08-16 21:00:00,1,up,0.5499329,0.46,0.08993289,1,0.5499329
2025-08-16 22:00:00,2,down,0.48765352,0.46,0.027653515,0,0.46
2025-08-16 23:00:00,2,down,0.50458103,0.46,0.044581026,0,0.46
2025-08-17 00:00:00,1,up,0.6478995,0.46,0.1878995,1,0.6478995
2025-08-17 01:00:00,2,up,0.4657325,0.46,0.0057325065,0,0.46
2025-08-17 02:00:00,2,up,0.4509882,0.46,0.009011805,0,0.46
2025-08-17 03:00:00,2,up,0.40805006,0.46,0.051949948,0,0.46
2025-08-17 04:00:00,0,down,0.3798867,0.46,0.08011332,1,0.3798867
2025-08-17 05:00:00,2,down,0.47679603,0.46,0.016796023,0,0.46
2025-08-17 06:00:00,2,up,0.4644529,0.46,0.004452884,0,0.46
2025-08-17 07:00:00,0,up,0.36961403,0.46,0.09038597,1,0.36961403
2025-08-17 08:00:00,0,down,0.37725198,0.46,0.082748026,1,0.37725198
2025-08-17 09:00:00,2,up,0.4688655,0.46,0.008865505,0,0.46
2025-08-17 10:00:00,0,down,0.37431115,0.46,0.08568886,1,0.37431115
2025-08-17 11:00:00,2,down,0.45729202,0.46,0.002707988,0,0.46
2025-08-17 12:00:00,2,up,0.5138772,0.46,0.053877205,0,0.46
2025-08-17 13:00:00,2,down,0.4328276,0.46,0.027172416,0,0.46
2025-08-17 14:00:00,1,up,0.5337583,0.46,0.073758274,1,0.5337583
2025-08-17 15:00:00,2,down,0.41764367,0.46,0.042356342,0,0.46
2025-08-17 16:00:00,2,up,0.5141061,0.46,0.054106086,0,0.46
2025-08-17 17:00:00,2,down,0.45826638,0.46,0.0017336309,0,0.46
2025-08-17 18:00:00,1,up,0.5678515,0.46,0.107851475,1,0.5678515
2025-08-17 19:00:00,2,up,0.52781767,0.46,0.06781766,0,0.46
2025-08-17 20:00:00,1,up,0.5978578,0.46,0.13785776,1,0.5978578
2025-08-17 21:00:00,1,up,0.54017204,0.46,0.08017203,1,0.54017204
2025-08-17 22:00:00,2,down,0.44368437,0.46,0.016315639,0,0.46
2025-08-17 23:00:00,1,down,0.5498124,0.46,0.08981237,1,0.5498124
2025-08-18 00:00:00,2,down,0.50080127,0.46,0.040801257,0,0.46
2025-08-18 01:00:00,2,down,0.4994607,0.46,0.03946069,0,0.46
2025-08-18 02:00:00,1,down,0.5868124,0.46,0.12681237,1,0.5868124
2025-08-18 03:00:00,2,up,0.5166562,0.46,0.05665621,0,0.46
2025-08-18 04:00:00,2,up,0.4184611,0.46,0.041538894,0,0.46
2025-08-18 05:00:00,2,down,0.4748013,0.46,0.014801294,0,0.46
2025-08-18 06:00:00,2,down,0.5111321,0.46,0.051132113,0,0.46
2025-08-18 07:00:00,1,down,0.58050054,0.46,0.120500535,1,0.58050054
2025-08-18 08:00:00,1,down,0.5414679,0.46,0.0814679,1,0.5414679
2025-08-18 09:00:00,2,up,0.49137917,0.46,0.031379163,0,0.46
2025-08-18 10:00:00,1,down,0.53311884,0.46,0.073118836,1,0.53311884
2025-08-18 11:00:00,1,up,0.5622086,0.46,0.102208585,1,0.5622086
2025-08-18 12:00:00,0,down,0.3532654,0.46,0.1067346,1,0.3532654
2025-08-18 13:00:00,1,up,0.6003337,0.46,0.14033368,1,0.6003337
2025-08-18 14:00:00,2,up,0.39533803,0.46,0.06466198,0,0.46
2025-08-18 15:00:00,0,down,0.38015223,0.46,0.07984778,1,0.38015223
2025-08-18 16:00:00,2,up,0.4458073,0.46,0.0141927,0,0.46
2025-08-18 17:00:00,2,up,0.4465774,0.46,0.013422608,0,0.46
2025-08-18 18:00:00,2,down,0.3968215,0.46,0.06317851,0,0.46
2025-08-18 19:00:00,2,up,0.44466397,0.46,0.015336037,0,0.46
2025-08-18 20:00:00,2,up,0.42043525,0.46,0.03956476,0,0.46
2025-08-18 21:00:00,2,down,0.4064588,0.46,0.053541213,0,0.46
2025-08-18 22:00:00,2,down,0.4741473,0.46,0.014147282,0,0.46
2025-08-18 23:00:00,2,up,0.4534288,0.46,0.0065712035,0,0.46
2025-08-19 00:00:00,0,down,0.35698193,0.46,0.103018075,1,0.35698193
2025-08-19 01:00:00,2,down,0.4880873,0.46,0.028087288,0,0.46
2025-08-19 02:00:00,1,down,0.5492652,0.46,0.0892652,1,0.5492652
2025-08-19 03:00:00,1,up,0.6018675,0.46,0.14186749,1,0.6018675
2025-08-19 04:00:00,2,down,0.44290695,0.46,0.017093062,0,0.46
2025-08-19 05:00:00,1,up,0.59893936,0.46,0.13893935,1,0.59893936
2025-08-19 06:00:00,1,down,0.58671975,0.46,0.12671974,1,0.58671975
2025-08-19 07:00:00,2,up,0.45173517,0.46,0.00826484,0,0.46
2025-08-19 08:00:00,2,up,0.47390276,0.46,0.013902754,0,0.46
2025-08-19 09:00:00,1,up,0.5460205,0.46,0.0860205,1,0.5460205
2025-08-19 10:00:00,2,up,0.5281636,0.46,0.0681636,0,0.46
2025-08-19 11:00:00,2,up,0.5139894,0.46,0.05398938,0,0.46
2025-08-19 12:00:00,2,down,0.4048417,0.46,0.055158317,0,0.46
2025-08-19 13:00:00,2,down,0.5004231,0.46,0.040423065,0,0.46
2025-08-19 14:00:00,2,down,0.5134221,0.46,0.053422064,0,0.46
2025-08-19 15:00:00,1,down,0.568018,0.46,0.10801801,1,0.568018
2025-08-19 16:00:00,1,up,0.6268378,0.46,0.16683778,1,0.6268378
2025-08-19 17:00:00,2,down,0.45614743,0.46,0.003852576,0,0.46
2025-08-19 18:00:00,1,up,0.5416783,0.46,0.0816783,1,0.5416783
2025-08-19 19:00:00,1,up,0.5620844,0.46,0.10208437,1,0.5620844
2025-08-19 20:00:00,2,down,0.47864184,0.46,0.01864183,0,0.46
2025-08-19 21:00:00,1,down,0.5808098,0.46,0.12080976,1,0.5808098
2025-08-19 22:00:00,2,down,0.5129298,0.46,0.05292979,0,0.46
2025-08-19 23:00:00,2,up,0.5278485,0.46,0.067848474,0,0.46
2025-08-20 00:00:00,2,down,0.5233869,0.46,0.06338689,0,0.46
2025-08-20 01:00:00,2,up,0.52858526,0.46,0.06858525,0,0.46
2025-08-20 02:00:00,2,up,0.447183,0.46,0.012816995,0,0.46
2025-08-20 03:00:00,2,up,0.44875386,0.46,0.011246145,0,0.46
2025-08-20 04:00:00,2,up,0.39900026,0.46,0.06099975,0,0.46
2025-08-20 05:00:00,0,down,0.38288754,0.46,0.077112466,1,0.38288754
2025-08-20 06:00:00,2,down,0.4198026,0.46,0.040197402,0,0.46
2025-08-20 07:00:00,2,up,0.5160057,0.46,0.056005687,0,0.46
2025-08-20 08:00:00,0,down,0.3852677,0.46,0.0747323,1,0.3852677
2025-08-20 09:00:00,2,up,0.48469305,0.46,0.024693042,0,0.46
2025-08-20 10:00:00,2,down,0.44410816,0.46,0.01589185,0,0.46
2025-08-20 11:00:00,2,down,0.4487038,0.46,0.011296213,0,0.46
2025-08-20 12:00:00,2,down,0.47948766,0.46,0.01948765,0,0.46
2025-08-20 13:00:00,1,up,0.54592377,0.46,0.08592376,1,0.54592377
2025-08-20 14:00:00,2,down,0.48266214,0.46,0.022662133,0,0.46
2025-08-20 15:00:00,1,up,0.5495034,0.46,0.08950338,1,0.5495034
2025-08-20 16:00:00,2,up,0.4456722,0.46,0.014327794,0,0.46
2025-08-20 17:00:00,2,down,0.42663196,0.46,0.03336805,0,0.46
2025-08-20 18:00:00,2,up,0.5060698,0.46,0.04606977,0,0.46
2025-08-20 19:00:00,0,up,0.38631707,0.46,0.073682934,1,0.38631707
2025-08-20 20:00:00,0,down,0.38996917,0.46,0.07003084,1,0.38996917
2025-08-20 21:00:00,0,up,0.36349815,0.46,0.09650186,1,0.36349815
2025-08-20 22:00:00,0,down,0.37141058,0.46,0.08858943,1,0.37141058
2025-08-20 23:00:00,2,up,0.50011563,0.46,0.040115625,0,0.46
2025-08-21 00:00:00,2,up,0.4505425,0.46,0.009457499,0,0.46
2025-08-21 01:00:00,0,down,0.38515586,0.46,0.07484415,1,0.38515586
2025-08-21 02:00:00,2,down,0.490855,0.46,0.030855,0,0.46
2025-08-21 03:00:00,1,down,0.60437155,0.46,0.14437154,1,0.60437155
2025-08-21 04:00:00,1,up,0.5907362,0.46,0.1307362,1,0.5907362
2025-08-21 05:00:00,2,down,0.4588803,0.46,0.001119703,0,0.46
2025-08-21 06:00:00,2,up,0.52169406,0.46,0.061694056,0,0.46
2025-08-21 07:00:00,2,down,0.4451945,0.46,0.014805496,0,0.46
2025-08-21 08:00:00,1,down,0.57893515,0.46,0.11893514,1,0.57893515
2025-08-21 09:00:00,1,down,0.5488778,0.46,0.08887777,1,0.5488778
2025-08-21 10:00:00,1,down,0.5499434,0.46,0.08994338,1,0.5499434
2025-08-21 11:00:00,1,down,0.5769961,0.46,0.11699608,1,0.5769961
2025-08-21 12:00:00,1,up,0.548748,0.46,0.08874801,1,0.548748
2025-08-21 13:00:00,2,down,0.47471306,0.46,0.014713049,0,0.46
2025-08-21 14:00:00,2,down,0.4915187,0.46,0.031518698,0,0.46
2025-08-21 15:00:00,1,down,0.54246396,0.46,0.08246395,1,0.54246396
2025-08-21 16:00:00,1,up,0.57773036,0.46,0.11773035,1,0.57773036
2025-08-21 17:00:00,2,up,0.49668688,0.46,0.036686867,0,0.46
2025-08-21 18:00:00,2,down,0.4975636,0.46,0.037563592,0,0.46
2025-08-21 19:00:00,1,up,0.54388833,0.46,0.08388832,1,0.54388833
2025-08-21 20:00:00,1,up,0.53520817,0.46,0.07520816,1,0.53520817
2025-08-21 21:00:00,2,down,0.46336362,0.46,0.0033636093,0,0.46
2025-08-21 22:00:00,2,down,0.5059476,0.46,0.04594758,0,0.46
2025-08-21 23:00:00,1,up,0.5327703,0.46,0.07277027,1,0.5327703
2025-08-22 00:00:00,1,up,0.55323905,0.46,0.09323904,1,0.55323905
2025-08-22 01:00:00,2,up,0.39638302,0.46,0.06361699,0,0.46
2025-08-22 02:00:00,2,down,0.42548817,0.46,0.034511834,0,0.46
2025-08-22 03:00:00,2,down,0.4691795,0.46,0.009179503,0,0.46
2025-08-22 04:00:00,2,up,0.4649823,0.46,0.0049822927,0,0.46
2025-08-22 05:00:00,0,down,0.3856464,0.46,0.074353606,1,0.3856464
2025-08-22 06:00:00,2,up,0.4663595,0.46,0.006359488,0,0.46
2025-08-22 07:00:00,2,down,0.4682834,0.46,0.0082834065,0,0.46
2025-08-22 08:00:00,2,up,0.5073642,0.46,0.047364205,0,0.46
2025-08-22 09:00:00,2,down,0.43628177,0.46,0.023718238,0,0.46
2025-08-22 10:00:00,1,down,0.5501009,0.46,0.090100914,1,0.5501009
2025-08-22 11:00:00,2,up,0.52075225,0.46,0.060752243,0,0.46
2025-08-22 12:00:00,2,up,0.49192816,0.46,0.03192815,0,0.46
2025-08-22 13:00:00,2,up,0.4646515,0.46,0.004651487,0,0.46
2025-08-22 14:00:00,1,up,0.5464417,0.46,0.086441666,1,0.5464417
2025-08-22 15:00:00,2,down,0.5252616,0.46,0.06526157,0,0.46
2025-08-22 16:00:00,1,up,0.5412043,0.46,0.081204265,1,0.5412043
2025-08-22 17:00:00,0,down,0.3746,0.46,0.085400015,1,0.3746
2025-08-22 18:00:00,2,down,0.49311292,0.46,0.033112913,0,0.46
2025-08-22 19:00:00,2,up,0.43846375,0.46,0.02153626,0,0.46
2025-08-22 20:00:00,2,down,0.39159942,0.46,0.06840059,0,0.46
2025-08-22 21:00:00,2,down,0.4219951,0.46,0.038004905,0,0.46
2025-08-22 22:00:00,2,up,0.49134642,0.46,0.03134641,0,0.46
2025-08-22 23:00:00,2,down,0.42842555,0.46,0.031574458,0,0.46
2025-08-23 00:00:00,2,down,0.47361562,0.46,0.013615608,0,0.46
2025-08-23 01:00:00,2,down,0.52076703,0.46,0.060767025,0,0.46
2025-08-23 02:00:00,1,down,0.54598856,0.46,0.08598855,1,0.54598856
2025-08-23 03:00:00,1,up,0.5758394,0.46,0.11583939,1,0.5758394
2025-08-23 04:00:00,2,up,0.4648712,0.46,0.0048711896,0,0.46
2025-08-23 05:00:00,2,down,0.46241635,0.46,0.0024163425,0,0.46
2025-08-23 06:00:00,2,up,0.5118147,0.46,0.051814705,0,0.46
2025-08-23 07:00:00,2,down,0.47717795,0.46,0.01717794,0,0.46
2025-08-23 08:00:00,2,up,0.4605974,0.46,0.00059738755,0,0.46
2025-08-23 09:00:00,2,down,0.44826898,0.46,0.011731029,0,0.46
2025-08-23 10:00:00,1,down,0.5747013,0.46,0.1147013,1,0.5747013
2025-08-23 11:00:00,1,down,0.53109473,0.46,0.07109472,1,0.53109473
2025-08-23 12:00:00,1,down,0.60180324,0.46,0.14180323,1,0.60180324
2025-08-23 13:00:00,1,down,0.53143513,0.46,0.07143512,1,0.53143513
2025-08-23 14:00:00,1,up,0.6692207,0.46,0.20922068,1,0.6692207
2025-08-23 15:00:00,2,up,0.5212579,0.46,0.06125787,0,0.46
2025-08-23 16:00:00,2,up,0.46141207,0.46,0.0014120638,0,0.46
2025-08-23 17:00:00,2,up,0.4759725,0.46,0.015972495,0,0.46
2025-08-23 18:00:00,2,down,0.5099995,0.46,0.049999505,0,0.46
2025-08-23 19:00:00,2,up,0.46202943,0.46,0.002029419,0,0.46
2025-08-23 20:00:00,2,down,0.44908896,0.46,0.010911047,0,0.46
2025-08-23 21:00:00,1,up,0.5409114,0.46,0.08091137,1,0.5409114
2025-08-23 22:00:00,2,up,0.45502263,0.46,0.0049773753,0,0.46
2025-08-23 23:00:00,2,down,0.40746787,0.46,0.052532136,0,0.46
2025-08-24 00:00:00,2,up,0.4523333,0.46,0.007666707,0,0.46
2025-08-24 01:00:00,2,down,0.40833837,0.46,0.05166164,0,0.46
2025-08-24 02:00:00,2,up,0.51729935,0.46,0.057299346,0,0.46
2025-08-24 03:00:00,2,up,0.48661116,0.46,0.02661115,0,0.46
2025-08-24 04:00:00,1,down,0.5452019,0.46,0.08520189,1,0.5452019
2025-08-24 05:00:00,1,down,0.53708893,0.46,0.07708892,1,0.53708893
2025-08-24 06:00:00,1,up,0.590626,0.46,0.130626,1,0.590626
2025-08-24 07:00:00,1,down,0.58040947,0.46,0.12040946,1,0.58040947
2025-08-24 08:00:00,2,up,0.5005583,0.46,0.04055831,0,0.46
2025-08-24 09:00:00,2,down,0.49389133,0.46,0.03389132,0,0.46
2025-08-24 10:00:00,2,down,0.5042816,0.46,0.044281572,0,0.46
2025-08-24 11:00:00,2,down,0.5225902,0.46,0.06259021,0,0.46
2025-08-24 12:00:00,2,down,0.5094226,0.46,0.049422592,0,0.46
2025-08-24 13:00:00,1,down,0.6084018,0.46,0.14840177,1,0.6084018
2025-08-24 14:00:00,2,down,0.51429725,0.46,0.05429724,0,0.46
2025-08-24 15:00:00,1,down,0.6028312,0.46,0.14283118,1,0.6028312
2025-08-24 16:00:00,1,up,0.6333948,0.46,0.17339477,1,0.6333948
2025-08-24 17:00:00,2,up,0.50830275,0.46,0.04830274,0,0.46
2025-08-24 18:00:00,2,down,0.45187473,0.46,0.008125275,0,0.46
2025-08-24 19:00:00,2,up,0.4861424,0.46,0.026142389,0,0.46
2025-08-24 20:00:00,2,up,0.4387799,0.46,0.021220118,0,0.46
2025-08-24 21:00:00,2,up,0.51387286,0.46,0.053872854,0,0.46
2025-08-24 22:00:00,2,up,0.47296715,0.46,0.0129671395,0,0.46
2025-08-24 23:00:00,2,down,0.5111792,0.46,0.0511792,0,0.46
2025-08-25 00:00:00,1,up,0.5324006,0.46,0.0724006,1,0.5324006
2025-08-25 01:00:00,2,up,0.48734728,0.46,0.027347267,0,0.46
2025-08-25 02:00:00,1,down,0.54541236,0.46,0.08541235,1,0.54541236
2025-08-25 03:00:00,2,down,0.5232213,0.46,0.063221306,0,0.46
2025-08-25 04:00:00,2,down,0.51984483,0.46,0.05984482,0,0.46
2025-08-25 05:00:00,1,down,0.57527894,0.46,0.11527893,1,0.57527894
2025-08-25 06:00:00,1,down,0.53484565,0.46,0.07484564,1,0.53484565
2025-08-25 07:00:00,1,down,0.5619876,0.46,0.10198757,1,0.5619876
2025-08-25 08:00:00,2,up,0.5131741,0.46,0.05317411,0,0.46
2025-08-25 09:00:00,2,down,0.5134339,0.46,0.053433865,0,0.46
2025-08-25 10:00:00,1,up,0.537285,0.46,0.07728496,1,0.537285
2025-08-25 11:00:00,2,up,0.51842946,0.46,0.05842945,0,0.46
2025-08-25 12:00:00,2,down,0.52310485,0.46,0.06310484,0,0.46
2025-08-25 13:00:00,2,up,0.42460024,0.46,0.035399765,0,0.46
2025-08-25 14:00:00,2,down,0.41341978,0.46,0.046580225,0,0.46
2025-08-25 15:00:00,2,up,0.44060874,0.46,0.019391268,0,0.46
2025-08-25 16:00:00,2,down,0.43715093,0.46,0.022849083,0,0.46
2025-08-25 17:00:00,2,down,0.42536467,0.46,0.034635335,0,0.46
2025-08-25 18:00:00,2,down,0.4230689,0.46,0.036931098,0,0.46
2025-08-25 19:00:00,1,down,0.55942225,0.46,0.099422246,1,0.55942225
2025-08-25 20:00:00,1,up,0.5913524,0.46,0.1313524,1,0.5913524
2025-08-25 21:00:00,2,up,0.50954485,0.46,0.04954484,0,0.46
2025-08-25 22:00:00,1,down,0.6504052,0.46,0.19040522,1,0.6504052
2025-08-25 23:00:00,2,down,0.4921002,0.46,0.0321002,0,0.46
2025-08-26 00:00:00,1,up,0.5621899,0.46,0.10218987,1,0.5621899
2025-08-26 01:00:00,2,down,0.45151886,0.46,0.008481145,0,0.46
2025-08-26 02:00:00,2,up,0.52964205,0.46,0.06964204,0,0.46
2025-08-26 03:00:00,2,up,0.47240078,0.46,0.012400776,0,0.46
2025-08-26 04:00:00,2,up,0.52424204,0.46,0.064242035,0,0.46
2025-08-26 05:00:00,2,down,0.5220684,0.46,0.062068373,0,0.46
2025-08-26 06:00:00,2,up,0.47732472,0.46,0.017324716,0,0.46
2025-08-26 07:00:00,2,down,0.47133768,0.46,0.011337668,0,0.46
2025-08-26 08:00:00,2,up,0.52937955,0.46,0.06937954,0,0.46
2025-08-26 09:00:00,2,up,0.4845224,0.46,0.024522394,0,0.46
2025-08-26 10:00:00,2,down,0.51258224,0.46,0.052582234,0,0.46
2025-08-26 11:00:00,2,up,0.50838894,0.46,0.04838893,0,0.46
2025-08-26 12:00:00,2,down,0.45521662,0.46,0.004783392,0,0.46
2025-08-26 13:00:00,2,up,0.46043923,0.46,0.00043922663,0,0.46
2025-08-26 14:00:00,2,down,0.4316076,0.46,0.028392404,0,0.46
2025-08-26 15:00:00,1,up,0.5303749,0.46,0.070374876,1,0.5303749
2025-08-26 16:00:00,2,down,0.41956255,0.46,0.04043746,0,0.46
2025-08-26 17:00:00,2,up,0.51351863,0.46,0.053518623,0,0.46
2025-08-26 18:00:00,2,up,0.4200586,0.46,0.0399414,0,0.46
2025-08-26 19:00:00,0,up,0.3775881,0.46,0.082411915,1,0.3775881
2025-08-26 20:00:00,0,up,0.34710997,0.46,0.112890035,1,0.34710997
2025-08-26 21:00:00,0,up,0.36316666,0.46,0.09683335,1,0.36316666
2025-08-26 22:00:00,0,down,0.36046824,0.46,0.09953177,1,0.36046824
2025-08-26 23:00:00,2,down,0.45816976,0.46,0.00183025,0,0.46
2025-08-27 00:00:00,2,down,0.4856839,0.46,0.02568388,0,0.46
2025-08-27 01:00:00,2,down,0.45645508,0.46,0.0035449266,0,0.46
2025-08-27 02:00:00,2,up,0.5057411,0.46,0.04574111,0,0.46
2025-08-27 03:00:00,2,up,0.46461612,0.46,0.0046161115,0,0.46
2025-08-27 04:00:00,2,down,0.45774874,0.46,0.0022512674,0,0.46
2025-08-27 05:00:00,2,down,0.44334862,0.46,0.016651392,0,0.46
2025-08-27 06:00:00,1,down,0.5653059,0.46,0.10530588,1,0.5653059
2025-08-27 07:00:00,2,up,0.52376467,0.46,0.06376466,0,0.46
2025-08-27 08:00:00,2,up,0.5178739,0.46,0.057873875,0,0.46
2025-08-27 09:00:00,1,up,0.57884824,0.46,0.118848234,1,0.57884824
2025-08-27 10:00:00,1,up,0.53462243,0.46,0.07462242,1,0.53462243
2025-08-27 11:00:00,2,up,0.44006172,0.46,0.01993829,0,0.46
2025-08-27 12:00:00,0,up,0.35346913,0.46,0.106530875,1,0.35346913
2025-08-27 13:00:00,2,up,0.4035861,0.46,0.05641392,0,0.46
2025-08-27 14:00:00,2,up,0.45965368,0.46,0.0003463328,0,0.46
2025-08-27 15:00:00,0,up,0.35430416,0.46,0.10569584,1,0.35430416
2025-08-27 16:00:00,0,up,0.34595257,0.46,0.11404744,1,0.34595257
2025-08-27 17:00:00,0,down,0.3322061,0.46,0.12779391,1,0.3322061
2025-08-27 18:00:00,2,up,0.47549728,0.46,0.015497267,0,0.46
2025-08-27 19:00:00,2,up,0.3941881,0.46,0.0658119,0,0.46
2025-08-27 20:00:00,0,down,0.36788043,0.46,0.092119575,1,0.36788043
2025-08-27 21:00:00,2,down,0.5061973,0.46,0.046197265,0,0.46
2025-08-27 22:00:00,2,down,0.5164657,0.46,0.056465715,0,0.46
2025-08-27 23:00:00,2,up,0.5288716,0.46,0.06887159,0,0.46
2025-08-28 00:00:00,2,up,0.5058969,0.46,0.045896918,0,0.46
2025-08-28 01:00:00,2,down,0.49664193,0.46,0.036641926,0,0.46
2025-08-28 02:00:00,2,up,0.49367782,0.46,0.033677816,0,0.46
2025-08-28 03:00:00,0,up,0.38901496,0.46,0.07098505,1,0.38901496
2025-08-28 04:00:00,2,down,0.40332,0.46,0.056679994,0,0.46
2025-08-28 05:00:00,2,up,0.45389855,0.46,0.0061014593,0,0.46
2025-08-28 06:00:00,0,down,0.36730644,0.46,0.09269357,1,0.36730644
2025-08-28 07:00:00,2,up,0.45154995,0.46,0.008450061,0,0.46
2025-08-28 08:00:00,2,down,0.43793765,0.46,0.022062361,0,0.46
2025-08-28 09:00:00,2,up,0.5075926,0.46,0.04759261,0,0.46
2025-08-28 10:00:00,0,down,0.36984757,0.46,0.09015244,1,0.36984757
2025-08-28 11:00:00,2,up,0.49613237,0.46,0.036132365,0,0.46
2025-08-28 12:00:00,0,down,0.3851256,0.46,0.0748744,1,0.3851256
2025-08-28 13:00:00,2,up,0.49818474,0.46,0.038184732,0,0.46
2025-08-28 14:00:00,2,down,0.3950748,0.46,0.064925194,0,0.46
2025-08-28 15:00:00,2,down,0.4854523,0.46,0.025452286,0,0.46
2025-08-28 16:00:00,1,up,0.62946564,0.46,0.16946563,1,0.62946564
2025-08-28 17:00:00,1,down,0.55466497,0.46,0.09466496,1,0.55466497
2025-08-28 18:00:00,1,down,0.5415708,0.46,0.081570774,1,0.5415708
2025-08-28 19:00:00,1,up,0.6456206,0.46,0.18562058,1,0.6456206
2025-08-28 20:00:00,1,up,0.6103525,0.46,0.15035251,1,0.6103525
2025-08-28 21:00:00,1,up,0.5769055,0.46,0.11690548,1,0.5769055
2025-08-28 22:00:00,2,up,0.5087884,0.46,0.0487884,0,0.46
2025-08-28 23:00:00,2,down,0.40678382,0.46,0.05321619,0,0.46
2025-08-29 00:00:00,2,down,0.49329612,0.46,0.03329611,0,0.46
2025-08-29 01:00:00,1,down,0.562754,0.46,0.10275397,1,0.562754
2025-08-29 02:00:00,1,up,0.60299295,0.46,0.14299294,1,0.60299295
2025-08-29 03:00:00,2,down,0.5163297,0.46,0.056329697,0,0.46
2025-08-29 04:00:00,2,down,0.5075391,0.46,0.047539085,0,0.46
2025-08-29 05:00:00,1,down,0.5506656,0.46,0.09066561,1,0.5506656
2025-08-29 06:00:00,2,down,0.48749855,0.46,0.027498543,0,0.46
2025-08-29 07:00:00,1,down,0.553108,0.46,0.09310797,1,0.553108
2025-08-29 08:00:00,1,up,0.65532017,0.46,0.19532016,1,0.65532017
2025-08-29 09:00:00,2,up,0.4943151,0.46,0.03431508,0,0.46
2025-08-29 10:00:00,2,up,0.48967177,0.46,0.029671758,0,0.46
2025-08-29 11:00:00,2,up,0.4949975,0.46,0.034997493,0,0.46
2025-08-29 12:00:00,2,down,0.45577905,0.46,0.0042209625,0,0.46
2025-08-29 13:00:00,2,down,0.5121755,0.46,0.052175492,0,0.46
2025-08-29 14:00:00,1,up,0.57196873,0.46,0.111968726,1,0.57196873
2025-08-29 15:00:00,1,up,0.5778495,0.46,0.1178495,1,0.5778495
2025-08-29 16:00:00,2,down,0.49153328,0.46,0.03153327,0,0.46
2025-08-29 17:00:00,2,down,0.5113574,0.46,0.05135742,0,0.46
2025-08-29 18:00:00,1,up,0.57805485,0.46,0.11805484,1,0.57805485
2025-08-29 19:00:00,1,down,0.54154754,0.46,0.08154753,1,0.54154754
2025-08-29 20:00:00,1,up,0.5410924,0.46,0.08109239,1,0.5410924
2025-08-29 21:00:00,2,down,0.46218705,0.46,0.0021870434,0,0.46
2025-08-29 22:00:00,2,down,0.47230127,0.46,0.012301266,0,0.46
2025-08-29 23:00:00,2,down,0.50741684,0.46,0.047416836,0,0.46
2025-08-30 00:00:00,2,down,0.5038109,0.46,0.043810874,0,0.46
2025-08-30 01:00:00,1,up,0.53673494,0.46,0.07673493,1,0.53673494
2025-08-30 02:00:00,1,up,0.5449467,0.46,0.08494666,1,0.5449467
2025-08-30 03:00:00,2,down,0.47270265,0.46,0.012702644,0,0.46
2025-08-30 04:00:00,2,down,0.51123327,0.46,0.05123326,0,0.46
2025-08-30 05:00:00,2,down,0.44624937,0.46,0.013750643,0,0.46
2025-08-30 06:00:00,2,up,0.5035654,0.46,0.043565363,0,0.46
2025-08-30 07:00:00,2,up,0.4015549,0.46,0.058445096,0,0.46
2025-08-30 08:00:00,2,down,0.492997,0.46,0.032996982,0,0.46
2025-08-30 09:00:00,2,down,0.47336456,0.46,0.013364553,0,0.46
2025-08-30 10:00:00,2,up,0.500224,0.46,0.040223986,0,0.46
2025-08-30 11:00:00,2,down,0.41435367,0.46,0.04564634,0,0.46
2025-08-30 12:00:00,2,down,0.41955936,0.46,0.04044065,0,0.46
2025-08-30 13:00:00,2,up,0.41742417,0.46,0.042575836,0,0.46
2025-08-30 14:00:00,2,up,0.48288086,0.46,0.022880852,0,0.46
2025-08-30 15:00:00,0,down,0.38704014,0.46,0.07295987,1,0.38704014
2025-08-30 16:00:00,2,down,0.4169846,0.46,0.04301542,0,0.46
2025-08-30 17:00:00,2,down,0.45740768,0.46,0.0025923252,0,0.46
2025-08-30 18:00:00,2,up,0.5006163,0.46,0.040616304,0,0.46
2025-08-30 19:00:00,2,down,0.47531822,0.46,0.015318215,0,0.46
2025-08-30 20:00:00,2,down,0.49975902,0.46,0.03975901,0,0.46
2025-08-30 21:00:00,2,down,0.51450974,0.46,0.05450973,0,0.46
2025-08-30 22:00:00,1,up,0.5430823,0.46,0.08308229,1,0.5430823
2025-08-30 23:00:00,2,up,0.42209968,0.46,0.03790033,0,0.46
2025-08-31 00:00:00,0,up,0.38810015,0.46,0.07189986,1,0.38810015
2025-08-31 01:00:00,0,down,0.3570594,0.46,0.10294062,1,0.3570594
2025-08-31 02:00:00,2,down,0.47428626,0.46,0.01428625,0,0.46
2025-08-31 03:00:00,2,down,0.45573714,0.46,0.0042628646,0,0.46
2025-08-31 04:00:00,2,down,0.48370335,0.46,0.023703337,0,0.46
2025-08-31 05:00:00,2,down,0.47871968,0.46,0.018719673,0,0.46
2025-08-31 06:00:00,2,down,0.5044374,0.46,0.04443738,0,0.46
2025-08-31 07:00:00,2,up,0.5245009,0.46,0.0645009,0,0.46
2025-08-31 08:00:00,2,down,0.416662,0.46,0.043338,0,0.46
2025-08-31 09:00:00,2,up,0.5092821,0.46,0.049282104,0,0.46
2025-08-31 10:00:00,2,down,0.43765607,0.46,0.022343934,0,0.46
2025-08-31 11:00:00,1,down,0.5367124,0.46,0.0767124,1,0.5367124
2025-08-31 12:00:00,1,up,0.6510663,0.46,0.1910663,1,0.6510663
2025-08-31 13:00:00,2,up,0.43931264,0.46,0.020687371,0,0.46
2025-08-31 14:00:00,2,up,0.4566044,0.46,0.003395617,0,0.46
2025-08-31 15:00:00,2,up,0.42818314,0.46,0.03181687,0,0.46
2025-08-31 16:00:00,0,up,0.36198944,0.46,0.09801057,1,0.36198944
2025-08-31 17:00:00,0,up,0.3839419,0.46,0.07605812,1,0.3839419
2025-08-31 18:00:00,0,down,0.38560754,0.46,0.07439247,1,0.38560754
2025-08-31 19:00:00,2,up,0.5041865,0.46,0.044186503,0,0.46
2025-08-31 20:00:00,0,down,0.37358987,0.46,0.086410135,1,0.37358987
2025-08-31 21:00:00,2,down,0.45686355,0.46,0.003136456,0,0.46
2025-08-31 22:00:00,2,down,0.44881293,0.46,0.011187077,0,0.46
2025-08-31 23:00:00,2,down,0.50870186,0.46,0.048701853,0,0.46
2025-09-01 00:00:00,2,down,0.4532651,0.46,0.0067349076,0,0.46
2025-09-01 01:00:00,1,down,0.53992397,0.46,0.07992396,1,0.53992397
2025-09-01 02:00:00,1,up,0.56474674,0.46,0.10474673,1,0.56474674
2025-09-01 03:00:00,2,down,0.47183052,0.46,0.011830509,0,0.46
2025-09-01 04:00:00,1,up,0.5573903,0.46,0.097390264,1,0.5573903
2025-09-01 05:00:00,2,up,0.47321987,0.46,0.013219863,0,0.46
2025-09-01 06:00:00,2,up,0.44692254,0.46,0.013077468,0,0.46
2025-09-01 07:00:00,2,up,0.40351516,0.46,0.05648485,0,0.46
2025-09-01 08:00:00,2,down,0.49828452,0.46,0.03828451,0,0.46
2025-09-01 09:00:00,2,down,0.45934853,0.46,0.00065147877,0,0.46
2025-09-01 10:00:00,2,up,0.51512057,0.46,0.055120558,0,0.46
2025-09-01 11:00:00,2,up,0.4235991,0.46,0.036400914,0,0.46
2025-09-01 12:00:00,2,down,0.4431884,0.46,0.01681161,0,0.46
2025-09-01 13:00:00,2,up,0.48425344,0.46,0.024253428,0,0.46
2025-09-01 14:00:00,2,down,0.44033653,0.46,0.019663483,0,0.46
2025-09-01 15:00:00,2,down,0.5229542,0.46,0.06295422,0,0.46
2025-09-01 16:00:00,2,up,0.49915695,0.46,0.039156944,0,0.46
2025-09-01 17:00:00,2,up,0.44276747,0.46,0.017232537,0,0.46
2025-09-01 18:00:00,2,down,0.41833362,0.46,0.04166639,0,0.46
2025-09-01 19:00:00,2,down,0.44726247,0.46,0.012737542,0,0.46
2025-09-01 20:00:00,2,down,0.44006118,0.46,0.019938827,0,0.46
2025-09-01 21:00:00,2,up,0.5212381,0.46,0.06123808,0,0.46
2025-09-01 22:00:00,2,up,0.50186855,0.46,0.041868538,0,0.46
2025-09-01 23:00:00,2,down,0.4623042,0.46,0.0023041964,0,0.46
2025-09-02 00:00:00,2,up,0.44424188,0.46,0.015758127,0,0.46
2025-09-02 01:00:00,2,up,0.4216404,0.46,0.038359612,0,0.46
2025-09-02 02:00:00,0,up,0.38323104,0.46,0.076768965,1,0.38323104
2025-09-02 03:00:00,2,down,0.46586633,0.46,0.005866319,0,0.46
2025-09-02 04:00:00,2,down,0.39068314,0.46,0.069316864,0,0.46
2025-09-02 05:00:00,2,up,0.40422547,0.46,0.05577454,0,0.46
2025-09-02 06:00:00,2,down,0.41226524,0.46,0.047734767,0,0.46
2025-09-02 07:00:00,2,up,0.4347568,0.46,0.025243223,0,0.46
2025-09-02 08:00:00,2,up,0.47277033,0.46,0.012770325,0,0.46
2025-09-02 09:00:00,2,down,0.45202133,0.46,0.007978678,0,0.46
2025-09-02 10:00:00,2,down,0.4478939,0.46,0.012106121,0,0.46
2025-09-02 11:00:00,2,down,0.5116003,0.46,0.051600307,0,0.46
2025-09-02 12:00:00,2,up,0.49973443,0.46,0.039734423,0,0.46
2025-09-02 13:00:00,2,up,0.45869783,0.46,0.0013021827,0,0.46
2025-09-02 14:00:00,2,down,0.47908446,0.46,0.019084454,0,0.46
2025-09-02 15:00:00,2,down,0.48845506,0.46,0.028455049,0,0.46
2025-09-02 16:00:00,2,up,0.48324642,0.46,0.023246408,0,0.46
2025-09-02 17:00:00,2,down,0.4489734,0.46,0.011026621,0,0.46
2025-09-02 18:00:00,2,up,0.47214177,0.46,0.012141764,0,0.46
2025-09-02 19:00:00,2,up,0.41414002,0.46,0.045859993,0,0.46
2025-09-02 20:00:00,0,down,0.3394046,0.46,0.120595396,1,0.3394046
2025-09-02 21:00:00,2,up,0.45284092,0.46,0.007159084,0,0.46
2025-09-02 22:00:00,0,down,0.37003815,0.46,0.08996186,1,0.37003815
2025-09-02 23:00:00,2,up,0.41802007,0.46,0.04197994,0,0.46
2025-09-03 00:00:00,2,down,0.5042227,0.46,0.044222683,0,0.46
2025-09-03 01:00:00,2,up,0.43127537,0.46,0.02872464,0,0.46
2025-09-03 02:00:00,0,down,0.37364337,0.46,0.08635664,1,0.37364337
2025-09-03 03:00:00,2,down,0.4834178,0.46,0.0234178,0,0.46
2025-09-03 04:00:00,2,down,0.46087018,0.46,0.0008701682,0,0.46
2025-09-03 05:00:00,1,up,0.600016,0.46,0.14001599,1,0.600016
2025-09-03 06:00:00,1,up,0.5381798,0.46,0.07817981,1,0.5381798
2025-09-03 07:00:00,2,down,0.4150006,0.46,0.04499942,0,0.46
2025-09-03 08:00:00,2,up,0.46043682,0.46,0.00043681264,0,0.46
2025-09-03 09:00:00,0,up,0.34267572,0.46,0.11732429,1,0.34267572
2025-09-03 10:00:00,0,down,0.35672212,0.46,0.10327789,1,0.35672212
2025-09-03 11:00:00,2,down,0.44394678,0.46,0.01605323,0,0.46
2025-09-03 12:00:00,2,up,0.49585,0.46,0.03584999,0,0.46
2025-09-03 13:00:00,2,up,0.4477966,0.46,0.012203395,0,0.46
2025-09-03 14:00:00,2,down,0.42582682,0.46,0.03417319,0,0.46
2025-09-03 15:00:00,0,down,0.3444256,0.46,0.11557442,1,0.3444256
2025-09-03 16:00:00,2,up,0.45052612,0.46,0.00947389,0,0.46
2025-09-03 17:00:00,2,down,0.42619708,0.46,0.033802927,0,0.46
2025-09-03 18:00:00,2,up,0.48223484,0.46,0.022234827,0,0.46
2025-09-03 19:00:00,0,up,0.3587064,0.46,0.10129359,1,0.3587064
2025-09-03 20:00:00,2,down,0.41106877,0.46,0.04893124,0,0.46
2025-09-03 21:00:00,2,down,0.45099065,0.46,0.009009361,0,0.46
2025-09-03 22:00:00,2,down,0.5157826,0.46,0.055782586,0,0.46
2025-09-03 23:00:00,2,up,0.52227175,0.46,0.062271744,0,0.46
2025-09-04 00:00:00,2,down,0.4488862,0.46,0.011113822,0,0.46
2025-09-04 01:00:00,2,down,0.43518624,0.46,0.024813771,0,0.46
2025-09-04 02:00:00,1,down,0.55140185,0.46,0.091401845,1,0.55140185
2025-09-04 03:00:00,1,down,0.6293018,0.46,0.16930178,1,0.6293018
2025-09-04 04:00:00,1,down,0.6306058,0.46,0.17060581,1,0.6306058
2025-09-04 05:00:00,1,down,0.5502193,0.46,0.09021929,1,0.5502193
2025-09-04 06:00:00,1,up,0.5632389,0.46,0.10323891,1,0.5632389
2025-09-04 07:00:00,1,up,0.6083958,0.46,0.1483958,1,0.6083958
2025-09-04 08:00:00,1,up,0.53109545,0.46,0.07109544,1,0.53109545
2025-09-04 09:00:00,2,down,0.51050204,0.46,0.050502032,0,0.46
2025-09-04 10:00:00,1,up,0.55752,0.46,0.097519964,1,0.55752
2025-09-04 11:00:00,2,up,0.4647589,0.46,0.0047588944,0,0.46
2025-09-04 12:00:00,2,down,0.41875085,0.46,0.041249156,0,0.46
2025-09-04 13:00:00,2,down,0.5055057,0.46,0.045505673,0,0.46
2025-09-04 14:00:00,1,down,0.55418986,0.46,0.09418985,1,0.55418986
2025-09-04 15:00:00,2,down,0.51887196,0.46,0.058871955,0,0.46
2025-09-04 16:00:00,1,up,0.5708291,0.46,0.110829085,1,0.5708291
2025-09-04 17:00:00,1,up,0.5311604,0.46,0.071160406,1,0.5311604
2025-09-04 18:00:00,2,down,0.51452225,0.46,0.054522246,0,0.46
2025-09-04 19:00:00,2,up,0.50129426,0.46,0.041294247,0,0.46
2025-09-04 20:00:00,2,up,0.4242029,0.46,0.03579712,0,0.46
2025-09-04 21:00:00,2,up,0.43579185,0.46,0.024208158,0,0.46
2025-09-04 22:00:00,2,down,0.41788915,0.46,0.04211086,0,0.46
2025-09-04 23:00:00,2,down,0.5195922,0.46,0.059592217,0,0.46
2025-09-05 00:00:00,2,up,0.46665484,0.46,0.006654829,0,0.46
2025-09-05 01:00:00,2,up,0.4024448,0.46,0.0575552,0,0.46
2025-09-05 02:00:00,0,down,0.37601992,0.46,0.08398008,1,0.37601992
2025-09-05 03:00:00,2,up,0.420965,0.46,0.039035022,0,0.46
2025-09-05 04:00:00,0,up,0.3832374,0.46,0.07676262,1,0.3832374
2025-09-05 05:00:00,2,up,0.3992829,0.46,0.060717106,0,0.46
2025-09-05 06:00:00,0,up,0.37860286,0.46,0.081397146,1,0.37860286
2025-09-05 07:00:00,2,down,0.4032262,0.46,0.05677381,0,0.46
2025-09-05 08:00:00,2,down,0.49156967,0.46,0.03156966,0,0.46
2025-09-05 09:00:00,2,down,0.43487006,0.46,0.025129944,0,0.46
2025-09-05 10:00:00,2,up,0.48679256,0.46,0.026792556,0,0.46
2025-09-05 11:00:00,2,up,0.41162917,0.46,0.04837084,0,0.46
2025-09-05 12:00:00,2,down,0.40878803,0.46,0.051211983,0,0.46
2025-09-05 13:00:00,2,down,0.4108756,0.46,0.04912442,0,0.46
2025-09-05 14:00:00,1,up,0.54906726,0.46,0.08906725,1,0.54906726
2025-09-05 15:00:00,2,up,0.47345352,0.46,0.013453513,0,0.46
2025-09-05 16:00:00,2,down,0.5211364,0.46,0.061136395,0,0.46
2025-09-05 17:00:00,2,up,0.51554346,0.46,0.055543453,0,0.46
2025-09-05 18:00:00,2,up,0.47011006,0.46,0.01011005,0,0.46
2025-09-05 19:00:00,2,up,0.4096585,0.46,0.050341517,0,0.46
2025-09-05 20:00:00,2,down,0.39006296,0.46,0.06993705,0,0.46
2025-09-05 21:00:00,2,up,0.4996756,0.46,0.039675593,0,0.46
2025-09-05 22:00:00,2,down,0.49295557,0.46,0.032955557,0,0.46
2025-09-05 23:00:00,2,up,0.51975715,0.46,0.059757143,0,0.46
2025-09-06 00:00:00,2,up,0.48283187,0.46,0.022831857,0,0.46
2025-09-06 01:00:00,2,up,0.522185,0.46,0.06218502,0,0.46
2025-09-06 02:00:00,2,down,0.41039467,0.46,0.04960534,0,0.46
2025-09-06 03:00:00,2,down,0.45845512,0.46,0.0015448928,0,0.46
2025-09-06 04:00:00,2,down,0.46353564,0.46,0.0035356283,0,0.46
2025-09-06 05:00:00,2,up,0.5267193,0.46,0.066719264,0,0.46
2025-09-06 06:00:00,1,up,0.56015056,0.46,0.100150555,1,0.56015056
2025-09-06 07:00:00,2,up,0.49273995,0.46,0.032739937,0,0.46
2025-09-06 08:00:00,2,down,0.49802586,0.46,0.038025856,0,0.46
2025-09-06 09:00:00,1,up,0.57141817,0.46,0.11141816,1,0.57141817
2025-09-06 10:00:00,2,up,0.52248067,0.46,0.06248066,0,0.46
2025-09-06 11:00:00,2,up,0.4862925,0.46,0.026292503,0,0.46
2025-09-06 12:00:00,2,up,0.5169189,0.46,0.05691889,0,0.46
2025-09-06 13:00:00,2,down,0.45187095,0.46,0.00812906,0,0.46
2025-09-06 14:00:00,2,down,0.5275892,0.46,0.06758919,0,0.46
2025-09-06 15:00:00,1,down,0.53383595,0.46,0.07383594,1,0.53383595
2025-09-06 16:00:00,2,down,0.47190946,0.46,0.011909455,0,0.46
2025-09-06 17:00:00,2,up,0.5002921,0.46,0.040292114,0,0.46
2025-09-06 18:00:00,1,down,0.5300481,0.46,0.070048064,1,0.5300481
2025-09-06 19:00:00,1,up,0.59557563,0.46,0.13557562,1,0.59557563
2025-09-06 20:00:00,2,up,0.52916,0.46,0.069160014,0,0.46
2025-09-06 21:00:00,2,down,0.48831335,0.46,0.028313339,0,0.46
2025-09-06 22:00:00,2,up,0.50162596,0.46,0.041625947,0,0.46
2025-09-06 23:00:00,2,up,0.52277184,0.46,0.06277183,0,0.46
2025-09-07 00:00:00,2,up,0.45484194,0.46,0.0051580667,0,0.46
2025-09-07 01:00:00,0,up,0.38764748,0.46,0.07235253,1,0.38764748
2025-09-07 02:00:00,0,down,0.36846164,0.46,0.09153837,1,0.36846164
2025-09-07 03:00:00,2,down,0.47039253,0.46,0.010392517,0,0.46
2025-09-07 04:00:00,2,up,0.4529122,0.46,0.007087797,0,0.46
2025-09-07 05:00:00,2,down,0.47134414,0.46,0.011344135,0,0.46
2025-09-07 06:00:00,2,up,0.51004595,0.46,0.050045937,0,0.46
2025-09-07 07:00:00,2,up,0.42059818,0.46,0.03940183,0,0.46
2025-09-07 08:00:00,2,up,0.4144655,0.46,0.04553452,0,0.46
2025-09-07 09:00:00,2,up,0.39516905,0.46,0.06483096,0,0.46
2025-09-07 10:00:00,0,up,0.3535451,0.46,0.10645491,1,0.3535451
2025-09-07 11:00:00,0,down,0.34804398,0.46,0.11195603,1,0.34804398
2025-09-07 12:00:00,2,up,0.4854653,0.46,0.02546528,0,0.46
2025-09-07 13:00:00,2,down,0.3938023,0.46,0.06619772,0,0.46
2025-09-07 14:00:00,2,up,0.5152117,0.46,0.055211693,0,0.46
2025-09-07 15:00:00,0,down,0.37476963,0.46,0.08523038,1,0.37476963
2025-09-07 16:00:00,2,down,0.50631857,0.46,0.04631856,0,0.46
2025-09-07 17:00:00,2,up,0.52332,0.46,0.06332001,0,0.46
2025-09-07 18:00:00,2,up,0.42834368,0.46,0.031656325,0,0.46
2025-09-07 19:00:00,2,up,0.4053714,0.46,0.05462861,0,0.46
2025-09-07 20:00:00,2,down,0.3999942,0.46,0.060005814,0,0.46
2025-09-07 21:00:00,1,up,0.564455,0.46,0.104454964,1,0.564455
2025-09-07 22:00:00,2,down,0.4311112,0.46,0.028888822,0,0.46
2025-09-07 23:00:00,2,down,0.50266093,0.46,0.04266092,0,0.46
2025-09-08 00:00:00,2,up,0.51632804,0.46,0.05632803,0,0.46
2025-09-08 01:00:00,2,up,0.45455864,0.46,0.0054413676,0,0.46
2025-09-08 02:00:00,2,down,0.4162716,0.46,0.04372841,0,0.46
2025-09-08 03:00:00,2,down,0.48044038,0.46,0.02044037,0,0.46
2025-09-08 04:00:00,2,up,0.49551693,0.46,0.035516918,0,0.46
2025-09-08 05:00:00,2,up,0.44436243,0.46,0.015637577,0,0.46
2025-09-08 06:00:00,2,up,0.4608461,0.46,0.00084608793,0,0.46
2025-09-08 07:00:00,2,up,0.4633686,0.46,0.0033685863,0,0.46
2025-09-08 08:00:00,2,up,0.42666128,0.46,0.033338726,0,0.46
2025-09-08 09:00:00,0,down,0.3775255,0.46,0.0824745,1,0.3775255
2025-09-08 10:00:00,2,up,0.4475637,0.46,0.0124363005,0,0.46
2025-09-08 11:00:00,2,down,0.39797336,0.46,0.06202665,0,0.46
2025-09-08 12:00:00,2,down,0.47219223,0.46,0.0121922195,0,0.46
2025-09-08 13:00:00,2,up,0.50425196,0.46,0.04425195,0,0.46
2025-09-08 14:00:00,0,down,0.38779974,0.46,0.07220027,1,0.38779974
2025-09-08 15:00:00,2,down,0.47917572,0.46,0.019175708,0,0.46
2025-09-08 16:00:00,2,down,0.44630426,0.46,0.013695747,0,0.46
2025-09-08 17:00:00,2,up,0.480945,0.46,0.020944983,0,0.46
2025-09-08 18:00:00,2,down,0.3911498,0.46,0.06885022,0,0.46
2025-09-08 19:00:00,2,down,0.5217359,0.46,0.0617359,0,0.46
2025-09-08 20:00:00,1,up,0.5944711,0.46,0.13447109,1,0.5944711
2025-09-08 21:00:00,2,down,0.40641534,0.46,0.053584665,0,0.46
2025-09-08 22:00:00,2,down,0.4687246,0.46,0.0087246,0,0.46
2025-09-08 23:00:00,2,down,0.5051863,0.46,0.04518631,0,0.46
2025-09-09 00:00:00,2,down,0.52336025,0.46,0.063360244,0,0.46
2025-09-09 01:00:00,1,down,0.53698236,0.46,0.07698235,1,0.53698236
2025-09-09 02:00:00,2,up,0.49843806,0.46,0.038438052,0,0.46
2025-09-09 03:00:00,2,up,0.48669824,0.46,0.026698232,0,0.46
2025-09-09 04:00:00,2,up,0.40300682,0.46,0.056993186,0,0.46
2025-09-09 05:00:00,0,up,0.38196775,0.46,0.078032255,1,0.38196775
2025-09-09 06:00:00,0,down,0.38292637,0.46,0.07707363,1,0.38292637
2025-09-09 07:00:00,2,up,0.4632216,0.46,0.0032216012,0,0.46
2025-09-09 08:00:00,2,down,0.4317784,0.46,0.028221607,0,0.46
2025-09-09 09:00:00,2,down,0.43835464,0.46,0.021645367,0,0.46
2025-09-09 10:00:00,2,down,0.5144972,0.46,0.054497212,0,0.46
2025-09-09 11:00:00,2,up,0.5137002,0.46,0.05370018,0,0.46
2025-09-09 12:00:00,2,up,0.44158804,0.46,0.018411964,0,0.46
2025-09-09 13:00:00,2,down,0.43303016,0.46,0.02696985,0,0.46
2025-09-09 14:00:00,2,down,0.5106726,0.46,0.05067262,0,0.46
2025-09-09 15:00:00,1,up,0.58132756,0.46,0.12132755,1,0.58132756
2025-09-09 16:00:00,2,up,0.4960256,0.46,0.036025584,0,0.46
2025-09-09 17:00:00,1,up,0.5513212,0.46,0.0913212,1,0.5513212
2025-09-09 18:00:00,2,up,0.5207343,0.46,0.0607343,0,0.46
2025-09-09 19:00:00,1,up,0.5381724,0.46,0.078172415,1,0.5381724
2025-09-09 20:00:00,2,down,0.42647365,0.46,0.03352636,0,0.46
2025-09-09 21:00:00,2,up,0.48373872,0.46,0.023738712,0,0.46
2025-09-09 22:00:00,2,down,0.45152795,0.46,0.008472055,0,0.46
2025-09-09 23:00:00,2,down,0.45001805,0.46,0.00998196,0,0.46
2025-09-10 00:00:00,1,down,0.5333838,0.46,0.07338378,1,0.5333838
2025-09-10 01:00:00,1,up,0.55681425,0.46,0.096814245,1,0.55681425
2025-09-10 02:00:00,2,up,0.512414,0.46,0.05241397,0,0.46
2025-09-10 03:00:00,2,down,0.44348878,0.46,0.016511232,0,0.46
2025-09-10 04:00:00,2,up,0.46034634,0.46,0.0003463328,0,0.46
2025-09-10 05:00:00,2,up,0.42657918,0.46,0.03342083,0,0.46
2025-09-10 06:00:00,0,up,0.37489852,0.46,0.085101485,1,0.37489852
2025-09-10 07:00:00,2,down,0.401147,0.46,0.058853,0,0.46
2025-09-10 08:00:00,2,down,0.45770302,0.46,0.0022969842,0,0.46
2025-09-10 09:00:00,2,down,0.40057755,0.46,0.059422463,0,0.46
2025-09-10 10:00:00,2,up,0.46450996,0.46,0.0045099556,0,0.46
2025-09-10 11:00:00,2,up,0.42723575,0.46,0.032764256,0,0.46
2025-09-10 12:00:00,2,up,0.43828142,0.46,0.021718591,0,0.46
2025-09-10 13:00:00,2,down,0.4631503,0.46,0.0031502843,0,0.46
2025-09-10 14:00:00,2,down,0.47569084,0.46,0.015690833,0,0.46
2025-09-10 15:00:00,2,down,0.4568251,0.46,0.003174901,0,0.46
2025-09-10 16:00:00,2,down,0.43035436,0.46,0.029645652,0,0.46
2025-09-10 17:00:00,2,down,0.4594071,0.46,0.0005929172,0,0.46
2025-09-10 18:00:00,2,down,0.4867939,0.46,0.026793897,0,0.46
2025-09-10 19:00:00,2,down,0.41944072,0.46,0.04055929,0,0.46
2025-09-10 20:00:00,2,up,0.51928526,0.46,0.059285253,0,0.46
2025-09-10 21:00:00,0,up,0.3576256,0.46,0.102374405,1,0.3576256
2025-09-10 22:00:00,2,up,0.4053537,0.46,0.054646313,0,0.46
2025-09-10 23:00:00,0,down,0.38748184,0.46,0.07251817,1,0.38748184
2025-09-11 00:00:00,2,up,0.4140052,0.46,0.04599482,0,0.46
2025-09-11 01:00:00,2,down,0.42038956,0.46,0.039610445,0,0.46
2025-09-11 02:00:00,2,up,0.4655306,0.46,0.005530596,0,0.46
2025-09-11 03:00:00,0,down,0.35077465,0.46,0.10922536,1,0.35077465
2025-09-11 04:00:00,2,up,0.45924923,0.46,0.0007507801,0,0.46
2025-09-11 05:00:00,0,up,0.36349234,0.46,0.09650767,1,0.36349234
2025-09-11 06:00:00,2,down,0.43704423,0.46,0.022955775,0,0.46
2025-09-11 07:00:00,2,down,0.46838042,0.46,0.008380413,0,0.46
2025-09-11 08:00:00,2,down,0.51726896,0.46,0.057268947,0,0.46
2025-09-11 09:00:00,2,up,0.526361,0.46,0.06636098,0,0.46
2025-09-11 10:00:00,2,down,0.42887408,0.46,0.031125933,0,0.46
2025-09-11 11:00:00,2,down,0.4761825,0.46,0.016182482,0,0.46
2025-09-11 12:00:00,2,up,0.4704559,0.46,0.010455906,0,0.46
2025-09-11 13:00:00,2,down,0.39922902,0.46,0.06077099,0,0.46
2025-09-11 14:00:00,0,down,0.3807379,0.46,0.07926211,1,0.3807379
2025-09-11 15:00:00,2,up,0.47277427,0.46,0.012774259,0,0.46
2025-09-11 16:00:00,2,up,0.4155825,0.46,0.0444175,0,0.46
2025-09-11 17:00:00,0,down,0.3548061,0.46,0.10519391,1,0.3548061
2025-09-11 18:00:00,2,up,0.46972814,0.46,0.009728134,0,0.46
2025-09-11 19:00:00,2,down,0.4251176,0.46,0.034882396,0,0.46
2025-09-11 20:00:00,2,up,0.4564574,0.46,0.003542602,0,0.46
2025-09-11 21:00:00,2,up,0.4064087,0.46,0.05359131,0,0.46
2025-09-11 22:00:00,2,up,0.3991136,0.46,0.060886413,0,0.46
2025-09-11 23:00:00,0,up,0.35790196,0.46,0.10209805,1,0.35790196
2025-09-12 00:00:00,2,down,0.46552283,0.46,0.0055228174,0,0.46
2025-09-12 01:00:00,2,up,0.47354364,0.46,0.013543636,0,0.46
2025-09-12 02:00:00,2,down,0.4557009,0.46,0.004299104,0,0.46
2025-09-12 03:00:00,2,up,0.47640345,0.46,0.016403437,0,0.46
2025-09-12 04:00:00,2,up,0.41544157,0.46,0.044558436,0,0.46
2025-09-12 05:00:00,0,down,0.36600503,0.46,0.093994975,1,0.36600503
2025-09-12 06:00:00,2,down,0.49046916,0.46,0.03046915,0,0.46
2025-09-12 07:00:00,1,down,0.5698756,0.46,0.10987559,1,0.5698756
2025-09-12 08:00:00,2,up,0.5086893,0.46,0.048689276,0,0.46
2025-09-12 09:00:00,2,down,0.48623416,0.46,0.02623415,0,0.46
2025-09-12 10:00:00,1,down,0.5569101,0.46,0.09691009,1,0.5569101
2025-09-12 11:00:00,1,up,0.5994459,0.46,0.13944587,1,0.5994459
2025-09-12 12:00:00,2,up,0.43320608,0.46,0.026793927,0,0.46
2025-09-12 13:00:00,2,up,0.41469,0.46,0.04531002,0,0.46
2025-09-12 14:00:00,2,down,0.42051739,0.46,0.039482623,0,0.46
2025-09-12 15:00:00,2,up,0.46398062,0.46,0.003980607,0,0.46
2025-09-12 16:00:00,0,up,0.36885312,0.46,0.09114689,1,0.36885312
2025-09-12 17:00:00,0,up,0.36861342,0.46,0.09138659,1,0.36861342
2025-09-12 18:00:00,0,up,0.38668698,0.46,0.07331303,1,0.38668698
2025-09-12 19:00:00,0,down,0.34463117,0.46,0.11536884,1,0.34463117
2025-09-12 20:00:00,2,down,0.4697173,0.46,0.009717286,0,0.46
2025-09-12 21:00:00,2,up,0.47698134,0.46,0.016981333,0,0.46
2025-09-12 22:00:00,2,up,0.5056142,0.46,0.045614213,0,0.46
2025-09-12 23:00:00,2,up,0.4883938,0.46,0.028393805,0,0.46
2025-09-13 00:00:00,2,down,0.40086618,0.46,0.059133828,0,0.46
2025-09-13 01:00:00,2,up,0.50599253,0.46,0.045992523,0,0.46
2025-09-13 02:00:00,2,up,0.45534927,0.46,0.004650742,0,0.46
2025-09-13 03:00:00,2,down,0.43724093,0.46,0.02275908,0,0.46
2025-09-13 04:00:00,1,up,0.59195703,0.46,0.13195702,1,0.59195703
2025-09-13 05:00:00,1,up,0.5470235,0.46,0.08702347,1,0.5470235
2025-09-13 06:00:00,2,up,0.50099987,0.46,0.04099986,0,0.46
2025-09-13 07:00:00,2,up,0.49915373,0.46,0.039153725,0,0.46
2025-09-13 08:00:00,2,up,0.45070288,0.46,0.0092971325,0,0.46
2025-09-13 09:00:00,2,down,0.39726108,0.46,0.062738925,0,0.46
2025-09-13 10:00:00,2,up,0.4645924,0.46,0.004592389,0,0.46
2025-09-13 11:00:00,2,up,0.4303771,0.46,0.029622912,0,0.46
2025-09-13 12:00:00,2,down,0.44065183,0.46,0.019348174,0,0.46
2025-09-13 13:00:00,2,up,0.48732916,0.46,0.027329147,0,0.46
2025-09-13 14:00:00,2,down,0.46567124,0.46,0.005671233,0,0.46
2025-09-13 15:00:00,2,down,0.5027531,0.46,0.04275307,0,0.46
2025-09-13 16:00:00,2,up,0.48553616,0.46,0.02553615,0,0.46
2025-09-13 17:00:00,2,up,0.43347168,0.46,0.026528329,0,0.46
2025-09-13 18:00:00,2,up,0.51629704,0.46,0.056297034,0,0.46
2025-09-13 19:00:00,2,up,0.4393595,0.46,0.020640522,0,0.46
2025-09-13 20:00:00,2,down,0.46626627,0.46,0.006266266,0,0.46
2025-09-13 21:00:00,2,down,0.44075269,0.46,0.019247323,0,0.46
2025-09-13 22:00:00,2,up,0.46452454,0.46,0.004524529,0,0.46
2025-09-13 23:00:00,2,up,0.46212685,0.46,0.0021268427,0,0.46
2025-09-14 00:00:00,2,up,0.46663916,0.46,0.0066391528,0,0.46
2025-09-14 01:00:00,2,down,0.43039992,0.46,0.029600084,0,0.46
2025-09-14 02:00:00,2,down,0.4766999,0.46,0.01669988,0,0.46
2025-09-14 03:00:00,2,up,0.5133894,0.46,0.0533894,0,0.46
2025-09-14 04:00:00,2,up,0.44663104,0.46,0.013368964,0,0.46
2025-09-14 05:00:00,2,down,0.45954037,0.46,0.00045964122,0,0.46
2025-09-14 06:00:00,2,up,0.49216992,0.46,0.03216991,0,0.46
2025-09-14 07:00:00,2,up,0.47807676,0.46,0.018076748,0,0.46
2025-09-14 08:00:00,2,up,0.4399856,0.46,0.020014405,0,0.46
2025-09-14 09:00:00,2,down,0.40998572,0.46,0.050014287,0,0.46
2025-09-14 10:00:00,2,down,0.45531657,0.46,0.004683435,0,0.46
2025-09-14 11:00:00,2,down,0.50533336,0.46,0.045333356,0,0.46
2025-09-14 12:00:00,2,down,0.48266897,0.46,0.022668958,0,0.46
2025-09-14 13:00:00,2,up,0.5099234,0.46,0.04992339,0,0.46
2025-09-14 14:00:00,2,down,0.4987487,0.46,0.03874868,0,0.46
2025-09-14 15:00:00,1,up,0.5794034,0.46,0.11940339,1,0.5794034
2025-09-14 16:00:00,2,up,0.47275713,0.46,0.0127571225,0,0.46
2025-09-14 17:00:00,2,down,0.47647235,0.46,0.01647234,0,0.46
2025-09-14 18:00:00,1,up,0.5711012,0.46,0.11110118,1,0.5711012
2025-09-14 19:00:00,2,up,0.4418878,0.46,0.018112212,0,0.46
2025-09-14 20:00:00,2,up,0.46867582,0.46,0.008675814,0,0.46
2025-09-14 21:00:00,0,down,0.38086507,0.46,0.07913494,1,0.38086507
2025-09-14 22:00:00,2,down,0.4040506,0.46,0.05594942,0,0.46
2025-09-14 23:00:00,2,down,0.49065697,0.46,0.030656964,0,0.46
2025-09-15 00:00:00,2,up,0.49062225,0.46,0.030622244,0,0.46
2025-09-15 01:00:00,2,up,0.42391238,0.46,0.036087632,0,0.46
2025-09-15 02:00:00,2,up,0.5280875,0.46,0.06808749,0,0.46
2025-09-15 03:00:00,1,up,0.5349109,0.46,0.07491091,1,0.5349109
2025-09-15 04:00:00,0,up,0.37416938,0.46,0.08583063,1,0.37416938
2025-09-15 05:00:00,2,down,0.39200974,0.46,0.06799027,0,0.46
2025-09-15 06:00:00,2,down,0.48834205,0.46,0.028342038,0,0.46
2025-09-15 07:00:00,2,down,0.51151615,0.46,0.051516145,0,0.46
2025-09-15 08:00:00,1,up,0.5439363,0.46,0.083936304,1,0.5439363
2025-09-15 09:00:00,1,down,0.545691,0.46,0.085691005,1,0.545691
2025-09-15 10:00:00,1,up,0.58849216,0.46,0.12849215,1,0.58849216
2025-09-15 11:00:00,2,down,0.46991658,0.46,0.009916574,0,0.46
2025-09-15 12:00:00,1,down,0.56414485,0.46,0.10414484,1,0.56414485
2025-09-15 13:00:00,1,up,0.5401426,0.46,0.08014259,1,0.5401426
2025-09-15 14:00:00,1,up,0.54318565,0.46,0.08318564,1,0.54318565
2025-09-15 15:00:00,2,down,0.47115847,0.46,0.011158466,0,0.46
2025-09-15 16:00:00,2,up,0.52231145,0.46,0.06231144,0,0.46
2025-09-15 17:00:00,2,up,0.4448137,0.46,0.01518631,0,0.46
2025-09-15 18:00:00,0,down,0.3655665,0.46,0.094433516,1,0.3655665
2025-09-15 19:00:00,0,up,0.38845402,0.46,0.07154599,1,0.38845402
2025-09-15 20:00:00,2,up,0.39556184,0.46,0.064438164,0,0.46
2025-09-15 21:00:00,0,down,0.3791462,0.46,0.08085382,1,0.3791462
2025-09-15 22:00:00,2,up,0.45420575,0.46,0.005794257,0,0.46
2025-09-15 23:00:00,2,down,0.46017292,0.46,0.00017291307,0,0.46
2025-09-16 00:00:00,2,down,0.5154955,0.46,0.05549547,0,0.46
2025-09-16 01:00:00,1,up,0.5687681,0.46,0.108768076,1,0.5687681
2025-09-16 02:00:00,1,up,0.57964385,0.46,0.11964384,1,0.57964385
2025-09-16 03:00:00,2,up,0.48350295,0.46,0.023502946,0,0.46
2025-09-16 04:00:00,0,up,0.36216807,0.46,0.097831935,1,0.36216807
2025-09-16 05:00:00,0,down,0.36305672,0.46,0.09694329,1,0.36305672
2025-09-16 06:00:00,2,up,0.42462125,0.46,0.035378754,0,0.46
2025-09-16 07:00:00,0,down,0.3575799,0.46,0.10242012,1,0.3575799
2025-09-16 08:00:00,2,down,0.46095935,0.46,0.00095933676,0,0.46
2025-09-16 09:00:00,2,down,0.50563675,0.46,0.045636743,0,0.46
2025-09-16 10:00:00,1,down,0.56800807,0.46,0.10800806,1,0.56800807
2025-09-16 11:00:00,2,up,0.52866364,0.46,0.06866363,0,0.46
2025-09-16 12:00:00,2,down,0.48245305,0.46,0.02245304,0,0.46
2025-09-16 13:00:00,2,up,0.48716787,0.46,0.027167857,0,0.46
2025-09-16 14:00:00,2,up,0.42227808,0.46,0.037721932,0,0.46
2025-09-16 15:00:00,0,up,0.38587737,0.46,0.07412264,1,0.38587737
2025-09-16 16:00:00,0,up,0.34977204,0.46,0.11022797,1,0.34977204
2025-09-16 17:00:00,2,down,0.46168867,0.46,0.0016886592,0,0.46
2025-09-16 18:00:00,2,up,0.44898984,0.46,0.01101017,0,0.46
2025-09-16 19:00:00,0,up,0.35947692,0.46,0.100523084,1,0.35947692
2025-09-16 20:00:00,2,down,0.40827903,0.46,0.051720977,0,0.46
2025-09-16 21:00:00,2,up,0.4074993,0.46,0.052500695,0,0.46
2025-09-16 22:00:00,2,down,0.42052966,0.46,0.039470345,0,0.46
2025-09-16 23:00:00,2,down,0.43172792,0.46,0.028272092,0,0.46
2025-09-17 00:00:00,2,up,0.5296438,0.46,0.069643766,0,0.46
2025-09-17 01:00:00,2,up,0.4408891,0.46,0.019110918,0,0.46
2025-09-17 02:00:00,2,down,0.49450356,0.46,0.03450355,0,0.46
2025-09-17 03:00:00,1,down,0.61666024,0.46,0.15666023,1,0.61666024
2025-09-17 04:00:00,1,up,0.53752446,0.46,0.07752445,1,0.53752446
2025-09-17 05:00:00,2,up,0.41228765,0.46,0.047712356,0,0.46
2025-09-17 06:00:00,0,down,0.3619483,0.46,0.0980517,1,0.3619483
2025-09-17 07:00:00,2,down,0.45014688,0.46,0.009853125,0,0.46
2025-09-17 08:00:00,2,down,0.46701616,0.46,0.007016152,0,0.46
2025-09-17 09:00:00,1,down,0.569652,0.46,0.10965201,1,0.569652
2025-09-17 10:00:00,1,down,0.5469798,0.46,0.08697978,1,0.5469798
2025-09-17 11:00:00,1,down,0.6054173,0.46,0.1454173,1,0.6054173
2025-09-17 12:00:00,1,down,0.5608006,0.46,0.1008006,1,0.5608006
2025-09-17 13:00:00,2,down,0.5277998,0.46,0.06779978,0,0.46
2025-09-17 14:00:00,1,up,0.5457046,0.46,0.085704595,1,0.5457046
2025-09-17 15:00:00,2,down,0.45101818,0.46,0.008981824,0,0.46
2025-09-17 16:00:00,2,down,0.50339144,0.46,0.043391436,0,0.46
2025-09-17 17:00:00,1,down,0.6542924,0.46,0.1942924,1,0.6542924
2025-09-17 18:00:00,2,up,0.48229772,0.46,0.02229771,0,0.46
2025-09-17 19:00:00,2,down,0.4899642,0.46,0.029964179,0,0.46
2025-09-17 20:00:00,2,up,0.5119413,0.46,0.051941305,0,0.46
2025-09-17 21:00:00,2,up,0.43289173,0.46,0.027108282,0,0.46
2025-09-17 22:00:00,2,down,0.41850013,0.46,0.041499883,0,0.46
2025-09-17 23:00:00,2,down,0.44115314,0.46,0.01884687,0,0.46
2025-09-18 00:00:00,0,up,0.3805011,0.46,0.07949892,1,0.3805011
2025-09-18 01:00:00,2,up,0.44753402,0.46,0.012465984,0,0.46
2025-09-18 02:00:00,0,up,0.36195934,0.46,0.09804067,1,0.36195934
2025-09-18 03:00:00,2,up,0.44825858,0.46,0.01174143,0,0.46
2025-09-18 04:00:00,0,down,0.34591258,0.46,0.11408743,1,0.34591258
2025-09-18 05:00:00,2,down,0.47123596,0.46,0.011235952,0,0.46
2025-09-18 06:00:00,2,down,0.4521093,0.46,0.007890701,0,0.46
2025-09-18 07:00:00,2,up,0.48820093,0.46,0.028200924,0,0.46
2025-09-18 08:00:00,2,up,0.45675167,0.46,0.003248334,0,0.46
2025-09-18 09:00:00,2,down,0.39994383,0.46,0.06005618,0,0.46
2025-09-18 10:00:00,2,down,0.441143,0.46,0.018857002,0,0.46
2025-09-18 11:00:00,2,up,0.4904828,0.46,0.030482799,0,0.46
2025-09-18 12:00:00,2,up,0.47319975,0.46,0.013199747,0,0.46
2025-09-18 13:00:00,2,up,0.4258589,0.46,0.034141093,0,0.46
2025-09-18 14:00:00,2,down,0.41839346,0.46,0.041606545,0,0.46
2025-09-18 15:00:00,0,down,0.37775305,0.46,0.08224696,1,0.37775305
2025-09-18 16:00:00,2,up,0.45389444,0.46,0.006105572,0,0.46
2025-09-18 17:00:00,2,up,0.43575922,0.46,0.024240792,0,0.46
2025-09-18 18:00:00,0,down,0.34932983,0.46,0.11067018,1,0.34932983
2025-09-18 19:00:00,2,up,0.46988112,0.46,0.009881109,0,0.46
2025-09-18 20:00:00,2,down,0.44457042,0.46,0.015429586,0,0.46
2025-09-18 21:00:00,1,down,0.5944224,0.46,0.13442239,1,0.5944224
2025-09-18 22:00:00,1,up,0.5884281,0.46,0.12842807,1,0.5884281
2025-09-18 23:00:00,2,up,0.4737377,0.46,0.0137376785,0,0.46
2025-09-19 00:00:00,2,down,0.45315692,0.46,0.00684309,0,0.46
2025-09-19 01:00:00,2,down,0.4889374,0.46,0.0289374,0,0.46
2025-09-19 02:00:00,2,down,0.4845936,0.46,0.024593592,0,0.46
2025-09-19 03:00:00,1,up,0.5327013,0.46,0.072701305,1,0.5327013
2025-09-19 04:00:00,2,down,0.48908216,0.46,0.02908215,0,0.46
2025-09-19 05:00:00,1,down,0.53190124,0.46,0.07190123,1,0.53190124
2025-09-19 06:00:00,1,up,0.5852374,0.46,0.12523738,1,0.5852374
2025-09-19 07:00:00,2,up,0.5161605,0.46,0.05616048,0,0.46
2025-09-19 08:00:00,2,down,0.503751,0.46,0.04375097,0,0.46
2025-09-19 09:00:00,1,up,0.6440122,0.46,0.1840122,1,0.6440122
2025-09-19 10:00:00,2,down,0.49591768,0.46,0.03591767,0,0.46
2025-09-19 11:00:00,1,down,0.5657781,0.46,0.10577807,1,0.5657781
2025-09-19 12:00:00,1,up,0.60195935,0.46,0.14195934,1,0.60195935
2025-09-19 13:00:00,2,down,0.5109627,0.46,0.050962716,0,0.46
2025-09-19 14:00:00,1,down,0.5554365,0.46,0.09543648,1,0.5554365
2025-09-19 15:00:00,2,up,0.48623434,0.46,0.026234329,0,0.46
2025-09-19 16:00:00,2,down,0.4859902,0.46,0.025990188,0,0.46
2025-09-19 17:00:00,1,down,0.64032924,0.46,0.18032923,1,0.64032924
2025-09-19 18:00:00,1,down,0.6083403,0.46,0.14834031,1,0.6083403
2025-09-19 19:00:00,1,up,0.64875036,0.46,0.18875036,1,0.64875036
2025-09-19 20:00:00,2,up,0.51410264,0.46,0.05410263,0,0.46
2025-09-19 21:00:00,2,up,0.52489823,0.46,0.06489822,0,0.46
2025-09-19 22:00:00,2,up,0.51217437,0.46,0.05217436,0,0.46
2025-09-19 23:00:00,2,up,0.45529374,0.46,0.0047062635,0,0.46
2025-09-20 00:00:00,2,down,0.43425283,0.46,0.02574718,0,0.46
2025-09-20 01:00:00,1,down,0.5617937,0.46,0.10179368,1,0.5617937
2025-09-20 02:00:00,2,down,0.52412003,0.46,0.064120024,0,0.46
2025-09-20 03:00:00,1,up,0.55517375,0.46,0.09517375,1,0.55517375
2025-09-20 04:00:00,2,up,0.5074513,0.46,0.047451288,0,0.46
2025-09-20 05:00:00,2,down,0.44546244,0.46,0.014537573,0,0.46
2025-09-20 06:00:00,2,up,0.4382432,0.46,0.021756798,0,0.46
2025-09-20 07:00:00,0,down,0.3816386,0.46,0.07836142,1,0.3816386
2025-09-20 08:00:00,1,down,0.5462989,0.46,0.08629891,1,0.5462989
2025-09-20 09:00:00,2,up,0.5021918,0.46,0.042191774,0,0.46
2025-09-20 10:00:00,2,up,0.5250244,0.46,0.065024406,0,0.46
2025-09-20 11:00:00,2,down,0.44454676,0.46,0.015453249,0,0.46
2025-09-20 12:00:00,2,up,0.4682514,0.46,0.008251399,0,0.46
2025-09-20 13:00:00,2,up,0.44726962,0.46,0.01273039,0,0.46
2025-09-20 14:00:00,2,up,0.44620323,0.46,0.0137967765,0,0.46
2025-09-20 15:00:00,2,up,0.46040842,0.46,0.00040841103,0,0.46
2025-09-20 16:00:00,2,down,0.3965067,0.46,0.06349331,0,0.46
2025-09-20 17:00:00,1,down,0.5732639,0.46,0.113263875,1,0.5732639
2025-09-20 18:00:00,1,down,0.5673973,0.46,0.10739729,1,0.5673973
2025-09-20 19:00:00,1,up,0.5807835,0.46,0.12078348,1,0.5807835
2025-09-20 20:00:00,1,up,0.5587212,0.46,0.09872118,1,0.5587212
2025-09-20 21:00:00,2,down,0.5135688,0.46,0.05356881,0,0.46
2025-09-20 22:00:00,2,down,0.48442978,0.46,0.024429768,0,0.46
2025-09-20 23:00:00,2,down,0.50533164,0.46,0.045331627,0,0.46
2025-09-21 00:00:00,2,down,0.4902786,0.46,0.030278593,0,0.46
2025-09-21 01:00:00,1,up,0.6326045,0.46,0.17260447,1,0.6326045
2025-09-21 02:00:00,2,down,0.45276552,0.46,0.007234484,0,0.46
2025-09-21 03:00:00,2,down,0.499415,0.46,0.039415002,0,0.46
2025-09-21 04:00:00,1,up,0.59504235,0.46,0.13504234,1,0.59504235
2025-09-21 05:00:00,2,up,0.46376052,0.46,0.0037605166,0,0.46
2025-09-21 06:00:00,1,up,0.5301472,0.46,0.07014719,1,0.5301472
2025-09-21 07:00:00,2,down,0.41660002,0.46,0.04339999,0,0.46
2025-09-21 08:00:00,2,up,0.52769434,0.46,0.067694336,0,0.46
2025-09-21 09:00:00,2,down,0.41079402,0.46,0.04920599,0,0.46
2025-09-21 10:00:00,1,up,0.5951928,0.46,0.13519278,1,0.5951928
2025-09-21 11:00:00,2,up,0.50962114,0.46,0.049621135,0,0.46
2025-09-21 12:00:00,1,down,0.5308737,0.46,0.07087371,1,0.5308737
2025-09-21 13:00:00,1,down,0.552139,0.46,0.092138976,1,0.552139
2025-09-21 14:00:00,1,up,0.6102267,0.46,0.15022668,1,0.6102267
2025-09-21 15:00:00,2,down,0.50687766,0.46,0.046877652,0,0.46
2025-09-21 16:00:00,1,up,0.5361627,0.46,0.076162666,1,0.5361627
2025-09-21 17:00:00,2,down,0.4280158,0.46,0.03198421,0,0.46
2025-09-21 18:00:00,1,down,0.5531467,0.46,0.09314671,1,0.5531467
2025-09-21 19:00:00,2,down,0.49919355,0.46,0.03919354,0,0.46
2025-09-21 20:00:00,1,up,0.6248301,0.46,0.16483012,1,0.6248301
2025-09-21 21:00:00,2,up,0.51269585,0.46,0.05269584,0,0.46
2025-09-21 22:00:00,2,down,0.44873595,0.46,0.011264056,0,0.46
2025-09-21 23:00:00,1,down,0.557375,0.46,0.097375005,1,0.557375
2025-09-22 00:00:00,2,down,0.5018308,0.46,0.041830808,0,0.46
2025-09-22 01:00:00,1,down,0.6180047,0.46,0.15800467,1,0.6180047
2025-09-22 02:00:00,1,up,0.6022963,0.46,0.14229628,1,0.6022963
2025-09-22 03:00:00,2,down,0.4386625,0.46,0.02133751,0,0.46
2025-09-22 04:00:00,1,down,0.53834057,0.46,0.07834056,1,0.53834057
2025-09-22 05:00:00,2,down,0.5189174,0.46,0.058917373,0,0.46
2025-09-22 06:00:00,2,down,0.46341625,0.46,0.0034162402,0,0.46
2025-09-22 07:00:00,1,up,0.61599857,0.46,0.15599856,1,0.61599857
2025-09-22 08:00:00,2,down,0.4733558,0.46,0.013355792,0,0.46
2025-09-22 09:00:00,2,up,0.5244498,0.46,0.06444982,0,0.46
2025-09-22 10:00:00,2,up,0.4306201,0.46,0.029379904,0,0.46
2025-09-22 11:00:00,2,down,0.43109134,0.46,0.02890867,0,0.46
2025-09-22 12:00:00,2,up,0.4511521,0.46,0.008847922,0,0.46
2025-09-22 13:00:00,0,down,0.37181327,0.46,0.08818674,1,0.37181327
2025-09-22 14:00:00,2,down,0.459944,0.46,5.5998564e-05,0,0.46
2025-09-22 15:00:00,2,down,0.44547236,0.46,0.014527649,0,0.46
2025-09-22 16:00:00,1,down,0.57293123,0.46,0.11293122,1,0.57293123
2025-09-22 17:00:00,1,up,0.54204357,0.46,0.08204356,1,0.54204357
2025-09-22 18:00:00,1,down,0.5375619,0.46,0.077561885,1,0.5375619
2025-09-22 19:00:00,1,up,0.5662064,0.46,0.10620639,1,0.5662064
2025-09-22 20:00:00,2,up,0.48059705,0.46,0.02059704,0,0.46
2025-09-22 21:00:00,2,down,0.39440146,0.46,0.06559855,0,0.46
2025-09-22 22:00:00,1,up,0.5405973,0.46,0.08059731,1,0.5405973
2025-09-22 23:00:00,2,down,0.5142556,0.46,0.054255575,0,0.46
2025-09-23 00:00:00,1,down,0.5364011,0.46,0.076401085,1,0.5364011
2025-09-23 01:00:00,1,down,0.57772434,0.46,0.11772433,1,0.57772434
2025-09-23 02:00:00,1,up,0.55277497,0.46,0.09277496,1,0.55277497
2025-09-23 03:00:00,2,up,0.45681685,0.46,0.0031831563,0,0.46
2025-09-23 04:00:00,2,up,0.43235546,0.46,0.027644545,0,0.46
2025-09-23 05:00:00,2,up,0.4562424,0.46,0.003757596,0,0.46
2025-09-23 06:00:00,2,up,0.40294406,0.46,0.05705595,0,0.46
2025-09-23 07:00:00,0,up,0.38515708,0.46,0.07484293,1,0.38515708
2025-09-23 08:00:00,0,down,0.37754136,0.46,0.082458645,1,0.37754136
2025-09-23 09:00:00,2,up,0.45099467,0.46,0.009005338,0,0.46
2025-09-23 10:00:00,2,up,0.443116,0.46,0.016884,0,0.46
2025-09-23 11:00:00,2,down,0.45391327,0.46,0.006086737,0,0.46
2025-09-23 12:00:00,2,up,0.4872397,0.46,0.02723968,0,0.46
2025-09-23 13:00:00,2,down,0.4783236,0.46,0.0183236,0,0.46
2025-09-23 14:00:00,1,up,0.53373754,0.46,0.07373753,1,0.53373754
2025-09-23 15:00:00,2,down,0.4678494,0.46,0.007849395,0,0.46
2025-09-23 16:00:00,2,down,0.4753399,0.46,0.015339881,0,0.46
2025-09-23 17:00:00,2,down,0.5259007,0.46,0.06590071,0,0.46
2025-09-23 18:00:00,1,down,0.59917015,0.46,0.13917014,1,0.59917015
2025-09-23 19:00:00,1,up,0.58031565,0.46,0.12031564,1,0.58031565
2025-09-23 20:00:00,2,up,0.5023023,0.46,0.04230228,0,0.46
2025-09-23 21:00:00,2,down,0.50652057,0.46,0.04652056,0,0.46
2025-09-23 22:00:00,2,down,0.4840042,0.46,0.024004191,0,0.46
2025-09-23 23:00:00,2,up,0.50631535,0.46,0.046315342,0,0.46
2025-09-24 00:00:00,2,up,0.45282575,0.46,0.0071742535,0,0.46
2025-09-24 01:00:00,2,down,0.42461002,0.46,0.03538999,0,0.46
2025-09-24 02:00:00,2,down,0.5020402,0.46,0.0420402,0,0.46
2025-09-24 03:00:00,1,up,0.5836032,0.46,0.123603195,1,0.5836032
2025-09-24 04:00:00,2,up,0.43949503,0.46,0.020504981,0,0.46
2025-09-24 05:00:00,0,down,0.38519877,0.46,0.07480124,1,0.38519877
2025-09-24 06:00:00,2,down,0.45921308,0.46,0.0007869303,0,0.46
2025-09-24 07:00:00,2,up,0.43409276,0.46,0.025907248,0,0.46
2025-09-24 08:00:00,2,up,0.42108282,0.46,0.038917184,0,0.46
2025-09-24 09:00:00,2,up,0.4004544,0.46,0.059545606,0,0.46
2025-09-24 10:00:00,0,up,0.35533783,0.46,0.10466218,1,0.35533783
2025-09-24 11:00:00,2,up,0.41128346,0.46,0.048716545,0,0.46
2025-09-24 12:00:00,0,down,0.35500076,0.46,0.104999244,1,0.35500076
2025-09-24 13:00:00,2,up,0.49309656,0.46,0.033096552,0,0.46
2025-09-24 14:00:00,2,down,0.40724158,0.46,0.052758425,0,0.46
2025-09-24 15:00:00,2,up,0.45490113,0.46,0.0050988793,0,0.46
2025-09-24 16:00:00,0,up,0.37842408,0.46,0.08157593,1,0.37842408
2025-09-24 17:00:00,2,down,0.43023002,0.46,0.029769987,0,0.46
2025-09-24 18:00:00,2,down,0.42031592,0.46,0.039684087,0,0.46
2025-09-24 19:00:00,2,up,0.48953494,0.46,0.029534936,0,0.46
2025-09-24 20:00:00,2,down,0.48332673,0.46,0.023326725,0,0.46
2025-09-24 21:00:00,2,down,0.5097986,0.46,0.049798578,0,0.46
2025-09-24 22:00:00,2,down,0.49300754,0.46,0.033007532,0,0.46
2025-09-24 23:00:00,2,down,0.47557178,0.46,0.015571773,0,0.46
2025-09-25 00:00:00,2,down,0.5217987,0.46,0.061798662,0,0.46
2025-09-25 01:00:00,1,up,0.5571945,0.46,0.09719446,1,0.5571945
2025-09-25 02:00:00,2,down,0.46623155,0.46,0.0062315464,0,0.46
2025-09-25 03:00:00,2,down,0.5040371,0.46,0.044037074,0,0.46
2025-09-25 04:00:00,1,up,0.5934495,0.46,0.13344947,1,0.5934495
2025-09-25 05:00:00,1,down,0.53373027,0.46,0.07373026,1,0.53373027
2025-09-25 06:00:00,1,up,0.66613644,0.46,0.20613644,1,0.66613644
2025-09-25 07:00:00,2,down,0.50295264,0.46,0.042952627,0,0.46
2025-09-25 08:00:00,1,down,0.5675183,0.46,0.107518286,1,0.5675183
2025-09-25 09:00:00,1,up,0.57711804,0.46,0.11711803,1,0.57711804
2025-09-25 10:00:00,1,down,0.56149703,0.46,0.101497024,1,0.56149703
2025-09-25 11:00:00,2,down,0.5122489,0.46,0.052248865,0,0.46
2025-09-25 12:00:00,1,down,0.54520684,0.46,0.08520684,1,0.54520684
2025-09-25 13:00:00,2,up,0.51384246,0.46,0.053842455,0,0.46
2025-09-25 14:00:00,2,up,0.4977157,0.46,0.037715703,0,0.46
2025-09-25 15:00:00,2,down,0.40302935,0.46,0.056970656,0,0.46
2025-09-25 16:00:00,1,down,0.54276836,0.46,0.08276835,1,0.54276836
2025-09-25 17:00:00,1,up,0.5468282,0.46,0.0868282,1,0.5468282
2025-09-25 18:00:00,2,down,0.48135155,0.46,0.021351546,0,0.46
2025-09-25 19:00:00,1,down,0.6037547,0.46,0.14375469,1,0.6037547
2025-09-25 20:00:00,2,up,0.5203308,0.46,0.06033078,0,0.46
2025-09-25 21:00:00,1,down,0.55679965,0.46,0.09679964,1,0.55679965
2025-09-25 22:00:00,2,down,0.4951083,0.46,0.035108298,0,0.46
2025-09-25 23:00:00,1,up,0.53087676,0.46,0.07087675,1,0.53087676
2025-09-26 00:00:00,2,up,0.4409231,0.46,0.019076914,0,0.46
2025-09-26 01:00:00,0,down,0.38199705,0.46,0.07800296,1,0.38199705
2025-09-26 02:00:00,2,down,0.48922786,0.46,0.029227853,0,0.46
2025-09-26 03:00:00,2,down,0.42256021,0.46,0.037439793,0,0.46
2025-09-26 04:00:00,1,down,0.53198445,0.46,0.07198444,1,0.53198445
2025-09-26 05:00:00,1,up,0.5441186,0.46,0.084118575,1,0.5441186
2025-09-26 06:00:00,1,down,0.53043,0.46,0.07043001,1,0.53043
2025-09-26 07:00:00,2,up,0.50019413,0.46,0.040194124,0,0.46
2025-09-26 08:00:00,2,up,0.47768253,0.46,0.017682523,0,0.46
2025-09-26 09:00:00,2,down,0.45161697,0.46,0.008383036,0,0.46
2025-09-26 10:00:00,2,up,0.49552318,0.46,0.035523176,0,0.46
2025-09-26 11:00:00,2,up,0.48154372,0.46,0.021543711,0,0.46
2025-09-26 12:00:00,2,up,0.5224891,0.46,0.062489063,0,0.46
2025-09-26 13:00:00,2,down,0.40215248,0.46,0.05784753,0,0.46
2025-09-26 14:00:00,1,up,0.53980964,0.46,0.079809636,1,0.53980964
2025-09-26 15:00:00,1,up,0.53741974,0.46,0.07741973,1,0.53741974
2025-09-26 16:00:00,1,up,0.5379541,0.46,0.07795408,1,0.5379541
2025-09-26 17:00:00,0,down,0.38835406,0.46,0.071645945,1,0.38835406
2025-09-26 18:00:00,2,down,0.45687646,0.46,0.0031235516,0,0.46
2025-09-26 19:00:00,2,up,0.50180626,0.46,0.04180625,0,0.46
2025-09-26 20:00:00,2,up,0.5201902,0.46,0.06019017,0,0.46
2025-09-26 21:00:00,2,up,0.506551,0.46,0.04655102,0,0.46
2025-09-26 22:00:00,2,up,0.48339185,0.46,0.023391843,0,0.46
2025-09-26 23:00:00,2,up,0.45062083,0.46,0.009379178,0,0.46
2025-09-27 00:00:00,2,down,0.41635123,0.46,0.04364878,0,0.46
2025-09-27 01:00:00,2,down,0.47746906,0.46,0.017469049,0,0.46
2025-09-27 02:00:00,2,up,0.4844841,0.46,0.024484098,0,0.46
2025-09-27 03:00:00,2,up,0.4992271,0.46,0.0392271,0,0.46
2025-09-27 04:00:00,2,down,0.4471763,0.46,0.012823701,0,0.46
2025-09-27 05:00:00,2,down,0.4781476,0.46,0.018147588,0,0.46
2025-09-27 06:00:00,2,down,0.4690656,0.46,0.009065598,0,0.46
2025-09-27 07:00:00,2,down,0.51471925,0.46,0.05471924,0,0.46
2025-09-27 08:00:00,1,up,0.5722505,0.46,0.11225048,1,0.5722505
2025-09-27 09:00:00,2,up,0.4877475,0.46,0.027747482,0,0.46
2025-09-27 10:00:00,2,down,0.45003814,0.46,0.009961873,0,0.46
2025-09-27 11:00:00,2,up,0.4995861,0.46,0.039586097,0,0.46
2025-09-27 12:00:00,2,down,0.45705375,0.46,0.0029462576,0,0.46
2025-09-27 13:00:00,1,down,0.5573935,0.46,0.09739348,1,0.5573935
2025-09-27 14:00:00,2,up,0.47927946,0.46,0.01927945,0,0.46
2025-09-27 15:00:00,2,down,0.49561203,0.46,0.035612017,0,0.46
2025-09-27 16:00:00,2,down,0.50581235,0.46,0.04581234,0,0.46
2025-09-27 17:00:00,2,up,0.4797067,0.46,0.019706696,0,0.46
2025-09-27 18:00:00,2,down,0.46004775,0.46,4.774332e-05,0,0.46
2025-09-27 19:00:00,2,down,0.4773581,0.46,0.017358094,0,0.46
2025-09-27 20:00:00,2,up,0.49549147,0.46,0.035491467,0,0.46
2025-09-27 21:00:00,2,up,0.4381532,0.46,0.021846801,0,0.46
2025-09-27 22:00:00,2,up,0.4280652,0.46,0.031934798,0,0.46
2025-09-27 23:00:00,2,down,0.40487483,0.46,0.055125177,0,0.46
2025-09-28 00:00:00,2,down,0.4656776,0.46,0.005677581,0,0.46
2025-09-28 01:00:00,2,up,0.5237238,0.46,0.06372377,0,0.46
2025-09-28 02:00:00,2,down,0.4955593,0.46,0.035559297,0,0.46
2025-09-28 03:00:00,1,down,0.5306379,0.46,0.07063791,1,0.5306379
2025-09-28 04:00:00,1,down,0.61228496,0.46,0.15228495,1,0.61228496
2025-09-28 05:00:00,1,up,0.61275315,0.46,0.15275314,1,0.61275315
2025-09-28 06:00:00,2,up,0.49990663,0.46,0.03990662,0,0.46
2025-09-28 07:00:00,2,down,0.42482623,0.46,0.035173774,0,0.46
2025-09-28 08:00:00,2,up,0.46023753,0.46,0.00023752451,0,0.46
2025-09-28 09:00:00,2,down,0.42051533,0.46,0.03948468,0,0.46
2025-09-28 10:00:00,1,up,0.58759737,0.46,0.12759736,1,0.58759737
2025-09-28 11:00:00,2,down,0.47721103,0.46,0.01721102,0,0.46
2025-09-28 12:00:00,2,up,0.521916,0.46,0.061915964,0,0.46
2025-09-28 13:00:00,2,up,0.42231378,0.46,0.03768623,0,0.46
2025-09-28 14:00:00,0,up,0.38174665,0.46,0.07825336,1,0.38174665
2025-09-28 15:00:00,0,up,0.3699012,0.46,0.0900988,1,0.3699012
2025-09-28 16:00:00,2,down,0.4294484,0.46,0.030551612,0,0.46
2025-09-28 17:00:00,2,up,0.4811567,0.46,0.021156698,0,0.46
2025-09-28 18:00:00,0,up,0.3677712,0.46,0.0922288,1,0.3677712
2025-09-28 19:00:00,2,up,0.39768603,0.46,0.062313974,0,0.46
2025-09-28 20:00:00,0,up,0.37520143,0.46,0.084798574,1,0.37520143
2025-09-28 21:00:00,0,up,0.37926474,0.46,0.080735266,1,0.37926474
2025-09-28 22:00:00,2,up,0.39954022,0.46,0.060459793,0,0.46
2025-09-28 23:00:00,2,up,0.45104548,0.46,0.008954525,0,0.46
2025-09-29 00:00:00,2,down,0.40240428,0.46,0.05759573,0,0.46
2025-09-29 01:00:00,2,down,0.5002227,0.46,0.040222675,0,0.46
2025-09-29 02:00:00,2,up,0.47515225,0.46,0.015152246,0,0.46
2025-09-29 03:00:00,2,down,0.41118568,0.46,0.048814327,0,0.46
2025-09-29 04:00:00,2,down,0.49330285,0.46,0.033302844,0,0.46
2025-09-29 05:00:00,2,down,0.4549028,0.46,0.0050972104,0,0.46
2025-09-29 06:00:00,1,up,0.5432988,0.46,0.08329877,1,0.5432988
2025-09-29 07:00:00,2,up,0.3958558,0.46,0.064144194,0,0.46
2025-09-29 08:00:00,2,up,0.46274817,0.46,0.0027481616,0,0.46
2025-09-29 09:00:00,2,down,0.4157039,0.46,0.044296116,0,0.46
2025-09-29 10:00:00,2,up,0.4331242,0.46,0.026875794,0,0.46
2025-09-29 11:00:00,2,down,0.41892636,0.46,0.04107365,0,0.46
2025-09-29 12:00:00,2,up,0.47432402,0.46,0.014324009,0,0.46
2025-09-29 13:00:00,0,up,0.3833496,0.46,0.07665041,1,0.3833496
2025-09-29 14:00:00,2,down,0.4093416,0.46,0.050658405,0,0.46
2025-09-29 15:00:00,2,down,0.47728154,0.46,0.017281532,0,0.46
2025-09-29 16:00:00,2,up,0.465642,0.46,0.005641997,0,0.46
2025-09-29 17:00:00,2,down,0.40885553,0.46,0.05114448,0,0.46
2025-09-29 18:00:00,2,up,0.41082567,0.46,0.04917434,0,0.46
2025-09-29 19:00:00,0,down,0.35237285,0.46,0.10762715,1,0.35237285
2025-09-29 20:00:00,2,down,0.4115187,0.46,0.048481315,0,0.46
2025-09-29 21:00:00,2,up,0.4136157,0.46,0.046384305,0,0.46
2025-09-29 22:00:00,2,up,0.42182645,0.46,0.038173556,0,0.46
2025-09-29 23:00:00,2,up,0.4226384,0.46,0.03736162,0,0.46
2025-09-30 00:00:00,0,down,0.38166502,0.46,0.07833499,1,0.38166502
2025-09-30 01:00:00,2,down,0.4195577,0.46,0.040442318,0,0.46
2025-09-30 02:00:00,2,down,0.41083983,0.46,0.049160182,0,0.46
2025-09-30 03:00:00,2,down,0.4782411,0.46,0.018241078,0,0.46
2025-09-30 04:00:00,1,down,0.56957984,0.46,0.10957983,1,0.56957984
2025-09-30 05:00:00,1,down,0.57878864,0.46,0.11878863,1,0.57878864
2025-09-30 06:00:00,1,down,0.58420414,0.46,0.12420413,1,0.58420414
2025-09-30 07:00:00,1,down,0.5601605,0.46,0.10016051,1,0.5601605
2025-09-30 08:00:00,1,down,0.5847563,0.46,0.12475631,1,0.5847563
2025-09-30 09:00:00,1,up,0.5806984,0.46,0.12069836,1,0.5806984
2025-09-30 10:00:00,2,up,0.51722527,0.46,0.057225257,0,0.46
2025-09-30 11:00:00,2,down,0.5131701,0.46,0.053170115,0,0.46
2025-09-30 12:00:00,1,up,0.6259698,0.46,0.16596982,1,0.6259698
2025-09-30 13:00:00,2,up,0.46126014,0.46,0.0012601316,0,0.46
2025-09-30 14:00:00,0,down,0.37167278,0.46,0.08832723,1,0.37167278
2025-09-30 15:00:00,2,down,0.50262845,0.46,0.042628437,0,0.46
2025-09-30 16:00:00,1,up,0.5326688,0.46,0.07266882,1,0.5326688
2025-09-30 17:00:00,2,up,0.48974848,0.46,0.02974847,0,0.46
2025-09-30 18:00:00,2,up,0.40515697,0.46,0.05484304,0,0.46
2025-09-30 19:00:00,2,up,0.4223985,0.46,0.0376015,0,0.46
2025-09-30 20:00:00,0,down,0.35390007,0.46,0.10609993,1,0.35390007
2025-09-30 21:00:00,2,down,0.4425289,0.46,0.017471105,0,0.46
2025-09-30 22:00:00,2,up,0.4631971,0.46,0.0031971037,0,0.46
2025-09-30 23:00:00,0,up,0.38642663,0.46,0.07357338,1,0.38642663
2025-10-01 00:00:00,2,up,0.40700084,0.46,0.05299917,0,0.46
2025-10-01 01:00:00,0,down,0.36748862,0.46,0.092511386,1,0.36748862
2025-10-01 02:00:00,2,down,0.49182266,0.46,0.03182265,0,0.46
2025-10-01 03:00:00,2,up,0.45337534,0.46,0.006624669,0,0.46
2025-10-01 04:00:00,2,up,0.4970272,0.46,0.03702718,0,0.46
2025-10-01 05:00:00,2,down,0.39250723,0.46,0.06749278,0,0.46
2025-10-01 06:00:00,2,up,0.48673555,0.46,0.026735544,0,0.46
2025-10-01 07:00:00,0,up,0.38999447,0.46,0.070005536,1,0.38999447
2025-10-01 08:00:00,2,up,0.46078292,0.46,0.000782907,0,0.46
2025-10-01 09:00:00,0,down,0.38100195,0.46,0.07899806,1,0.38100195
2025-10-01 10:00:00,2,up,0.45439935,0.46,0.005600661,0,0.46
2025-10-01 11:00:00,0,down,0.36242548,0.46,0.09757453,1,0.36242548
2025-10-01 12:00:00,2,up,0.46374488,0.46,0.0037448704,0,0.46
2025-10-01 13:00:00,0,up,0.3473507,0.46,0.11264932,1,0.3473507
2025-10-01 14:00:00,0,up,0.3545575,0.46,0.105442494,1,0.3545575
2025-10-01 15:00:00,2,up,0.4302363,0.46,0.029763699,0,0.46
2025-10-01 16:00:00,2,down,0.4753515,0.46,0.015351504,0,0.46
2025-10-01 17:00:00,1,up,0.53527474,0.46,0.075274736,1,0.53527474
2025-10-01 18:00:00,2,up,0.40423566,0.46,0.055764347,0,0.46
2025-10-01 19:00:00,2,up,0.43577686,0.46,0.024223149,0,0.46
2025-10-01 20:00:00,0,up,0.36725223,0.46,0.09274778,1,0.36725223
2025-10-01 21:00:00,2,up,0.40700692,0.46,0.05299309,0,0.46
2025-10-01 22:00:00,2,up,0.43070462,0.46,0.029295385,0,0.46
2025-10-01 23:00:00,0,down,0.3633492,0.46,0.09665081,1,0.3633492
2025-10-02 00:00:00,2,up,0.48138162,0.46,0.021381617,0,0.46
2025-10-02 01:00:00,2,up,0.41447642,0.46,0.045523584,0,0.46
2025-10-02 02:00:00,0,down,0.36084598,0.46,0.099154025,1,0.36084598
2025-10-02 03:00:00,2,down,0.4432138,0.46,0.016786218,0,0.46
2025-10-02 04:00:00,2,down,0.4220713,0.46,0.0379287,0,0.46
2025-10-02 05:00:00,2,up,0.49275646,0.46,0.032756448,0,0.46
2025-10-02 06:00:00,2,down,0.4023889,0.46,0.057611108,0,0.46
2025-10-02 07:00:00,2,up,0.48691168,0.46,0.026911676,0,0.46
2025-10-02 08:00:00,0,up,0.37651965,0.46,0.08348036,1,0.37651965
2025-10-02 09:00:00,0,down,0.38215363,0.46,0.07784638,1,0.38215363
2025-10-02 10:00:00,2,up,0.45304683,0.46,0.00695318,0,0.46
2025-10-02 11:00:00,2,up,0.397135,0.46,0.06286502,0,0.46
2025-10-02 12:00:00,0,up,0.35993415,0.46,0.10006586,1,0.35993415
2025-10-02 13:00:00,0,down,0.35487252,0.46,0.10512748,1,0.35487252
2025-10-02 14:00:00,2,up,0.47125518,0.46,0.011255175,0,0.46
2025-10-02 15:00:00,2,down,0.40889215,0.46,0.051107854,0,0.46
2025-10-02 16:00:00,2,up,0.4626861,0.46,0.0026860833,0,0.46
2025-10-02 17:00:00,0,up,0.33488873,0.46,0.12511128,1,0.33488873
2025-10-02 18:00:00,0,up,0.35021922,0.46,0.10978079,1,0.35021922
2025-10-02 19:00:00,0,down,0.36884382,0.46,0.091156185,1,0.36884382
2025-10-02 20:00:00,0,down,0.38316122,0.46,0.07683879,1,0.38316122
2025-10-02 21:00:00,2,up,0.5121306,0.46,0.05213061,0,0.46
2025-10-02 22:00:00,2,up,0.44385874,0.46,0.016141266,0,0.46
2025-10-02 23:00:00,2,down,0.42825416,0.46,0.03174585,0,0.46
2025-10-03 00:00:00,2,down,0.5062416,0.46,0.04624161,0,0.46
2025-10-03 01:00:00,2,up,0.52340025,0.46,0.06340024,0,0.46
2025-10-03 02:00:00,2,up,0.43396628,0.46,0.02603373,0,0.46
2025-10-03 03:00:00,2,down,0.48844248,0.46,0.028442472,0,0.46
2025-10-03 04:00:00,2,down,0.48637,0.46,0.026369989,0,0.46
2025-10-03 05:00:00,2,down,0.45009723,0.46,0.009902775,0,0.46
2025-10-03 06:00:00,2,down,0.5051572,0.46,0.045157164,0,0.46
2025-10-03 07:00:00,1,up,0.5427689,0.46,0.08276889,1,0.5427689
2025-10-03 08:00:00,2,up,0.39133358,0.46,0.06866643,0,0.46
2025-10-03 09:00:00,0,up,0.38819355,0.46,0.07180646,1,0.38819355
2025-10-03 10:00:00,0,down,0.37967563,0.46,0.08032438,1,0.37967563
2025-10-03 11:00:00,2,up,0.40829107,0.46,0.051708937,0,0.46
2025-10-03 12:00:00,0,up,0.38853642,0.46,0.071463585,1,0.38853642
2025-10-03 13:00:00,2,up,0.43776113,0.46,0.02223888,0,0.46
2025-10-03 14:00:00,0,up,0.33840966,0.46,0.121590346,1,0.33840966
2025-10-03 15:00:00,2,up,0.43312848,0.46,0.026871532,0,0.46
2025-10-03 16:00:00,2,down,0.5123247,0.46,0.052324682,0,0.46
2025-10-03 17:00:00,2,up,0.48241797,0.46,0.022417963,0,0.46
2025-10-03 18:00:00,0,up,0.3429963,0.46,0.11700371,1,0.3429963
2025-10-03 19:00:00,2,down,0.42602402,0.46,0.03397599,0,0.46
2025-10-03 20:00:00,2,down,0.39182404,0.46,0.06817597,0,0.46
2025-10-03 21:00:00,2,up,0.44188532,0.46,0.018114686,0,0.46
2025-10-03 22:00:00,2,down,0.4579511,0.46,0.0020489097,0,0.46
2025-10-03 23:00:00,2,down,0.50966346,0.46,0.049663454,0,0.46
2025-10-04 00:00:00,2,down,0.5070364,0.46,0.04703638,0,0.46
2025-10-04 01:00:00,2,down,0.5124444,0.46,0.05244437,0,0.46
2025-10-04 02:00:00,2,up,0.5189094,0.46,0.058909386,0,0.46
2025-10-04 03:00:00,2,up,0.39025036,0.46,0.06974965,0,0.46
2025-10-04 04:00:00,0,up,0.35963708,0.46,0.10036293,1,0.35963708
2025-10-04 05:00:00,2,down,0.42380458,0.46,0.036195427,0,0.46
2025-10-04 06:00:00,2,down,0.4389742,0.46,0.021025807,0,0.46
2025-10-04 07:00:00,2,down,0.460568,0.46,0.00056800246,0,0.46
2025-10-04 08:00:00,2,down,0.49437904,0.46,0.034379035,0,0.46
2025-10-04 09:00:00,2,down,0.5152412,0.46,0.055241197,0,0.46
2025-10-04 10:00:00,2,down,0.52389926,0.46,0.06389925,0,0.46
2025-10-04 11:00:00,1,up,0.6030387,0.46,0.14303872,1,0.6030387
2025-10-04 12:00:00,1,up,0.5312952,0.46,0.07129517,1,0.5312952
2025-10-04 13:00:00,2,down,0.40881518,0.46,0.051184833,0,0.46
2025-10-04 14:00:00,1,down,0.56370497,0.46,0.10370496,1,0.56370497
2025-10-04 15:00:00,2,down,0.5257699,0.46,0.06576988,0,0.46
2025-10-04 16:00:00,2,up,0.52479106,0.46,0.06479105,0,0.46
2025-10-04 17:00:00,1,down,0.54899734,0.46,0.088997334,1,0.54899734
2025-10-04 18:00:00,1,up,0.5774089,0.46,0.1174089,1,0.5774089
2025-10-04 19:00:00,2,down,0.48658913,0.46,0.026589125,0,0.46
2025-10-04 20:00:00,2,up,0.5130178,0.46,0.053017765,0,0.46
2025-10-04 21:00:00,0,up,0.37023273,0.46,0.08976728,1,0.37023273
2025-10-04 22:00:00,2,up,0.4234495,0.46,0.03655052,0,0.46
2025-10-04 23:00:00,0,down,0.38896218,0.46,0.07103783,1,0.38896218
2025-10-05 00:00:00,2,up,0.5120701,0.46,0.05207011,0,0.46
2025-10-05 01:00:00,2,up,0.393435,0.46,0.06656501,0,0.46
2025-10-05 02:00:00,2,down,0.48849842,0.46,0.028498411,0,0.46
2025-10-05 03:00:00,2,up,0.42123455,0.46,0.03876546,0,0.46
2025-10-05 04:00:00,2,down,0.4841208,0.46,0.024120778,0,0.46
2025-10-05 05:00:00,2,down,0.48782253,0.46,0.027822524,0,0.46
2025-10-05 06:00:00,2,down,0.43901542,0.46,0.02098459,0,0.46
2025-10-05 07:00:00,2,down,0.5209256,0.46,0.060925573,0,0.46
2025-10-05 08:00:00,2,down,0.49728972,0.46,0.03728971,0,0.46
2025-10-05 09:00:00,1,up,0.57187885,0.46,0.11187884,1,0.57187885
2025-10-05 10:00:00,2,up,0.49831572,0.46,0.038315713,0,0.46
2025-10-05 11:00:00,2,down,0.49459615,0.46,0.034596145,0,0.46
2025-10-05 12:00:00,1,up,0.55530566,0.46,0.09530565,1,0.55530566
2025-10-05 13:00:00,1,down,0.5588617,0.46,0.098861665,1,0.5588617
2025-10-05 14:00:00,2,down,0.52369183,0.46,0.063691825,0,0.46
2025-10-05 15:00:00,1,up,0.5358155,0.46,0.07581547,1,0.5358155
2025-10-05 16:00:00,2,down,0.413417,0.46,0.046582997,0,0.46
2025-10-05 17:00:00,2,down,0.5054305,0.46,0.04543051,0,0.46
2025-10-05 18:00:00,2,down,0.4895223,0.46,0.0295223,0,0.46
2025-10-05 19:00:00,1,up,0.5440358,0.46,0.084035784,1,0.5440358
2025-10-05 20:00:00,1,up,0.54912066,0.46,0.089120656,1,0.54912066
2025-10-05 21:00:00,1,up,0.540525,0.46,0.08052501,1,0.540525
2025-10-05 22:00:00,2,up,0.44127956,0.46,0.018720448,0,0.46
2025-10-05 23:00:00,0,down,0.38543227,0.46,0.074567735,1,0.38543227
2025-10-06 00:00:00,2,up,0.45543578,0.46,0.0045642257,0,0.46
2025-10-06 01:00:00,0,up,0.38031685,0.46,0.079683155,1,0.38031685
2025-10-06 02:00:00,0,down,0.34966564,0.46,0.11033437,1,0.34966564
2025-10-06 03:00:00,2,down,0.44096574,0.46,0.019034266,0,0.46
2025-10-06 04:00:00,2,up,0.49195695,0.46,0.03195694,0,0.46
2025-10-06 05:00:00,2,up,0.45708397,0.46,0.002916038,0,0.46
2025-10-06 06:00:00,2,down,0.4319723,0.46,0.028027713,0,0.46
2025-10-06 07:00:00,2,up,0.5029744,0.46,0.042974383,0,0.46
2025-10-06 08:00:00,2,up,0.40590513,0.46,0.05409488,0,0.46
2025-10-06 09:00:00,2,up,0.4388017,0.46,0.021198303,0,0.46
2025-10-06 10:00:00,2,up,0.43678996,0.46,0.023210049,0,0.46
2025-10-06 11:00:00,2,up,0.4332453,0.46,0.026754707,0,0.46
2025-10-06 12:00:00,0,up,0.38598177,0.46,0.07401824,1,0.38598177
2025-10-06 13:00:00,0,down,0.360803,0.46,0.099197,1,0.360803
2025-10-06 14:00:00,2,up,0.47004473,0.46,0.010044724,0,0.46
2025-10-06 15:00:00,2,up,0.45011202,0.46,0.009887993,0,0.46
2025-10-06 16:00:00,0,down,0.33979985,0.46,0.12020016,1,0.33979985
2025-10-06 17:00:00,2,up,0.4566631,0.46,0.0033369064,0,0.46
2025-10-06 18:00:00,0,down,0.35448527,0.46,0.105514735,1,0.35448527
2025-10-06 19:00:00,2,down,0.44773495,0.46,0.012265056,0,0.46
2025-10-06 20:00:00,2,down,0.4718808,0.46,0.011880785,0,0.46
2025-10-06 21:00:00,2,down,0.43146303,0.46,0.028536975,0,0.46
2025-10-06 22:00:00,2,down,0.47858378,0.46,0.018583775,0,0.46
2025-10-06 23:00:00,1,up,0.5719836,0.46,0.11198357,1,0.5719836
2025-10-07 00:00:00,2,down,0.4538627,0.46,0.0061373115,0,0.46
2025-10-07 01:00:00,2,down,0.52799,0.46,0.067989975,0,0.46
2025-10-07 02:00:00,1,up,0.5496206,0.46,0.08962062,1,0.5496206
2025-10-07 03:00:00,1,up,0.56976855,0.46,0.10976854,1,0.56976855
2025-10-07 04:00:00,2,down,0.49542397,0.46,0.035423964,0,0.46
2025-10-07 05:00:00,2,down,0.52804863,0.46,0.068048626,0,0.46
2025-10-07 06:00:00,1,down,0.5478911,0.46,0.08789107,1,0.5478911
2025-10-07 07:00:00,1,up,0.5476928,0.46,0.08769277,1,0.5476928
2025-10-07 08:00:00,2,up,0.458416,0.46,0.0015840232,0,0.46
2025-10-07 09:00:00,1,up,0.54510957,0.46,0.08510956,1,0.54510957
2025-10-07 10:00:00,2,up,0.48357543,0.46,0.023575425,0,0.46
2025-10-07 11:00:00,2,up,0.3989691,0.46,0.061030895,0,0.46
2025-10-07 12:00:00,0,down,0.38329974,0.46,0.07670027,1,0.38329974
2025-10-07 13:00:00,2,down,0.46053034,0.46,0.0005303323,0,0.46
2025-10-07 14:00:00,1,down,0.5462989,0.46,0.08629891,1,0.5462989
2025-10-07 15:00:00,2,down,0.49989012,0.46,0.03989011,0,0.46
2025-10-07 16:00:00,2,down,0.51085454,0.46,0.050854534,0,0.46
2025-10-07 17:00:00,1,down,0.6472456,0.46,0.18724558,1,0.6472456
2025-10-07 18:00:00,1,up,0.5784496,0.46,0.1184496,1,0.5784496
2025-10-07 19:00:00,1,up,0.5411731,0.46,0.08117309,1,0.5411731
2025-10-07 20:00:00,1,up,0.55143905,0.46,0.09143904,1,0.55143905
2025-10-07 21:00:00,2,down,0.49592987,0.46,0.03592986,0,0.46
2025-10-07 22:00:00,2,down,0.45473725,0.46,0.0052627623,0,0.46
2025-10-07 23:00:00,1,up,0.5610385,0.46,0.101038486,1,0.5610385
2025-10-08 00:00:00,2,up,0.5113294,0.46,0.051329404,0,0.46
2025-10-08 01:00:00,2,up,0.49141446,0.46,0.03141445,0,0.46
2025-10-08 02:00:00,2,down,0.46847913,0.46,0.008479118,0,0.46
2025-10-08 03:00:00,1,up,0.53616184,0.46,0.07616183,1,0.53616184
2025-10-08 04:00:00,2,down,0.4623873,0.46,0.0023872852,0,0.46
2025-10-08 05:00:00,1,up,0.5446356,0.46,0.084635586,1,0.5446356
2025-10-08 06:00:00,2,down,0.49962607,0.46,0.039626062,0,0.46
2025-10-08 07:00:00,1,up,0.53727055,0.46,0.07727054,1,0.53727055
2025-10-08 08:00:00,2,up,0.4496615,0.46,0.010338515,0,0.46
2025-10-08 09:00:00,2,up,0.45491627,0.46,0.0050837398,0,0.46
2025-10-08 10:00:00,0,down,0.38744855,0.46,0.07255146,1,0.38744855
2025-10-08 11:00:00,2,down,0.44553903,0.46,0.014460981,0,0.46
2025-10-08 12:00:00,2,down,0.42029247,0.46,0.03970754,0,0.46
2025-10-08 13:00:00,2,down,0.43232697,0.46,0.027673036,0,0.46
2025-10-08 14:00:00,2,down,0.4846313,0.46,0.024631292,0,0.46
2025-10-08 15:00:00,2,up,0.51707923,0.46,0.057079226,0,0.46
2025-10-08 16:00:00,2,up,0.40824574,0.46,0.051754266,0,0.46
2025-10-08 17:00:00,2,down,0.40472302,0.46,0.05527699,0,0.46
2025-10-08 18:00:00,2,down,0.4761546,0.46,0.016154587,0,0.46
2025-10-08 19:00:00,2,down,0.42997724,0.46,0.03002277,0,0.46
2025-10-08 20:00:00,2,up,0.50935495,0.46,0.04935494,0,0.46
2025-10-08 21:00:00,2,down,0.4212772,0.46,0.038722813,0,0.46
2025-10-08 22:00:00,1,up,0.5448172,0.46,0.0848172,1,0.5448172
2025-10-08 23:00:00,2,down,0.4400945,0.46,0.019905508,0,0.46
2025-10-09 00:00:00,1,down,0.53366864,0.46,0.07366863,1,0.53366864
2025-10-09 01:00:00,2,down,0.49982256,0.46,0.03982255,0,0.46
2025-10-09 02:00:00,1,up,0.57227206,0.46,0.112272054,1,0.57227206
2025-10-09 03:00:00,2,up,0.48964396,0.46,0.029643953,0,0.46
2025-10-09 04:00:00,1,down,0.5750552,0.46,0.11505517,1,0.5750552
2025-10-09 05:00:00,2,down,0.50442433,0.46,0.044424325,0,0.46
2025-10-09 06:00:00,1,down,0.5347876,0.46,0.07478759,1,0.5347876
2025-10-09 07:00:00,2,down,0.5247358,0.46,0.0647358,0,0.46
2025-10-09 08:00:00,1,up,0.5438455,0.46,0.08384547,1,0.5438455
2025-10-09 09:00:00,2,up,0.5281342,0.46,0.06813422,0,0.46
2025-10-09 10:00:00,2,up,0.4840052,0.46,0.024005204,0,0.46
2025-10-09 11:00:00,2,up,0.42694923,0.46,0.033050776,0,0.46
2025-10-09 12:00:00,2,down,0.45055583,0.46,0.009444177,0,0.46
2025-10-09 13:00:00,2,down,0.4778886,0.46,0.017888606,0,0.46
2025-10-09 14:00:00,2,down,0.45225126,0.46,0.007748753,0,0.46
2025-10-09 15:00:00,2,down,0.5027621,0.46,0.04276207,0,0.46
2025-10-09 16:00:00,1,up,0.5953386,0.46,0.13533857,1,0.5953386
2025-10-09 17:00:00,2,down,0.50815564,0.46,0.048155636,0,0.46
2025-10-09 18:00:00,1,up,0.54102576,0.46,0.08102575,1,0.54102576
2025-10-09 19:00:00,1,up,0.551183,0.46,0.09118298,1,0.551183
2025-10-09 20:00:00,2,up,0.5065689,0.46,0.0465689,0,0.46
2025-10-09 21:00:00,2,up,0.43017057,0.46,0.029829443,0,0.46
2025-10-09 22:00:00,2,down,0.4304093,0.46,0.029590696,0,0.46
2025-10-09 23:00:00,2,up,0.4305945,0.46,0.029405504,0,0.46
2025-10-10 00:00:00,2,down,0.43241504,0.46,0.02758497,0,0.46
2025-10-10 01:00:00,2,down,0.45932266,0.46,0.0006773472,0,0.46
2025-10-10 02:00:00,2,down,0.5001028,0.46,0.04010281,0,0.46
2025-10-10 03:00:00,2,up,0.5127455,0.46,0.05274549,0,0.46
2025-10-10 04:00:00,1,up,0.55966157,0.46,0.09966156,1,0.55966157
2025-10-10 05:00:00,2,down,0.40844598,0.46,0.051554024,0,0.46
2025-10-10 06:00:00,2,down,0.45058846,0.46,0.009411544,0,0.46
2025-10-10 07:00:00,2,up,0.50529826,0.46,0.04529825,0,0.46
2025-10-10 08:00:00,2,down,0.45424226,0.46,0.005757749,0,0.46
2025-10-10 09:00:00,2,up,0.4851114,0.46,0.025111377,0,0.46
2025-10-10 10:00:00,2,up,0.4235888,0.46,0.036411196,0,0.46
2025-10-10 11:00:00,2,up,0.47877473,0.46,0.018774718,0,0.46
2025-10-10 12:00:00,2,up,0.41362104,0.46,0.04637897,0,0.46
2025-10-10 13:00:00,2,down,0.46972534,0.46,0.009725332,0,0.46
2025-10-10 14:00:00,1,down,0.5979067,0.46,0.1379067,1,0.5979067
2025-10-10 15:00:00,1,down,0.5413897,0.46,0.081389695,1,0.5413897
2025-10-10 16:00:00,1,down,0.70272344,0.46,0.24272344,1,0.70272344
2025-10-10 17:00:00,1,down,0.6821248,0.46,0.22212479,1,0.6821248
2025-10-10 18:00:00,1,down,0.7132193,0.46,0.25321928,1,0.7132193
2025-10-10 19:00:00,2,down,0.52333534,0.46,0.06333533,0,0.46
2025-10-10 20:00:00,1,down,0.5623468,0.46,0.10234681,1,0.5623468
2025-10-10 21:00:00,2,up,0.4615584,0.46,0.0015583932,0,0.46
2025-10-10 22:00:00,0,down,0.3843326,0.46,0.07566741,1,0.3843326
2025-10-10 23:00:00,1,down,0.57805103,0.46,0.11805102,1,0.57805103
2025-10-11 00:00:00,2,down,0.4771678,0.46,0.017167777,0,0.46
2025-10-11 01:00:00,1,up,0.63802004,0.46,0.17802003,1,0.63802004
2025-10-11 02:00:00,2,down,0.50878865,0.46,0.048788637,0,0.46
2025-10-11 03:00:00,1,up,0.5617122,0.46,0.1017122,1,0.5617122
2025-10-11 04:00:00,2,down,0.47527885,0.46,0.015278846,0,0.46
2025-10-11 05:00:00,1,down,0.5495182,0.46,0.08951822,1,0.5495182
2025-10-11 06:00:00,2,down,0.4927739,0.46,0.032773882,0,0.46
2025-10-11 07:00:00,1,up,0.58152264,0.46,0.121522635,1,0.58152264
2025-10-11 08:00:00,1,up,0.5794312,0.46,0.11943117,1,0.5794312
2025-10-11 09:00:00,1,up,0.5747417,0.46,0.11474171,1,0.5747417
2025-10-11 10:00:00,1,up,0.53580844,0.46,0.075808436,1,0.53580844
2025-10-11 11:00:00,2,up,0.39850274,0.46,0.06149727,0,0.46
2025-10-11 12:00:00,2,down,0.40959224,0.46,0.050407767,0,0.46
2025-10-11 13:00:00,2,down,0.48213518,0.46,0.022135168,0,0.46
2025-10-11 14:00:00,1,down,0.54890627,0.46,0.08890626,1,0.54890627
2025-10-11 15:00:00,1,up,0.6010174,0.46,0.1410174,1,0.6010174
2025-10-11 16:00:00,1,up,0.5642838,0.46,0.10428378,1,0.5642838
2025-10-11 17:00:00,2,down,0.5294317,0.46,0.06943169,0,0.46
2025-10-11 18:00:00,2,down,0.52712697,0.46,0.06712696,0,0.46
2025-10-11 19:00:00,2,down,0.49797016,0.46,0.037970155,0,0.46
2025-10-11 20:00:00,2,up,0.48239484,0.46,0.022394836,0,0.46
2025-10-11 21:00:00,2,up,0.5262728,0.46,0.066272765,0,0.46
2025-10-11 22:00:00,1,down,0.5820485,0.46,0.12204847,1,0.5820485
2025-10-11 23:00:00,1,down,0.5630602,0.46,0.103060216,1,0.5630602
2025-10-12 00:00:00,1,up,0.57398635,0.46,0.11398634,1,0.57398635
2025-10-12 01:00:00,1,up,0.58750486,0.46,0.12750486,1,0.58750486
2025-10-12 02:00:00,1,up,0.54940087,0.46,0.08940086,1,0.54940087
2025-10-12 03:00:00,2,up,0.5056744,0.46,0.045674413,0,0.46
2025-10-12 04:00:00,2,up,0.43676057,0.46,0.023239434,0,0.46
2025-10-12 05:00:00,2,down,0.40304157,0.46,0.056958437,0,0.46
2025-10-12 06:00:00,2,down,0.4490932,0.46,0.0109068155,0,0.46
2025-10-12 07:00:00,2,down,0.46023703,0.46,0.00023701787,0,0.46
2025-10-12 08:00:00,1,up,0.5358736,0.46,0.07587358,1,0.5358736
2025-10-12 09:00:00,0,down,0.3769436,0.46,0.08305642,1,0.3769436
2025-10-12 10:00:00,2,up,0.4520572,0.46,0.007942796,0,0.46
2025-10-12 11:00:00,2,down,0.428081,0.46,0.031919003,0,0.46
2025-10-12 12:00:00,2,down,0.46291107,0.46,0.002911061,0,0.46
2025-10-12 13:00:00,2,up,0.4876355,0.46,0.027635485,0,0.46
2025-10-12 14:00:00,2,up,0.44849646,0.46,0.011503547,0,0.46
2025-10-12 15:00:00,2,up,0.43737644,0.46,0.022623569,0,0.46
2025-10-12 16:00:00,2,down,0.50098133,0.46,0.040981323,0,0.46
2025-10-12 17:00:00,2,up,0.4797227,0.46,0.0197227,0,0.46
2025-10-12 18:00:00,2,up,0.43592057,0.46,0.024079442,0,0.46
2025-10-12 19:00:00,0,up,0.3576685,0.46,0.10233152,1,0.3576685
2025-10-12 20:00:00,2,down,0.45158535,0.46,0.008414656,0,0.46
2025-10-12 21:00:00,2,up,0.42122722,0.46,0.03877279,0,0.46
2025-10-12 22:00:00,2,down,0.47588578,0.46,0.01588577,0,0.46
2025-10-12 23:00:00,2,up,0.41726264,0.46,0.042737365,0,0.46
2025-10-13 00:00:00,2,up,0.4307892,0.46,0.029210806,0,0.46
2025-10-13 01:00:00,0,down,0.35161564,0.46,0.10838437,1,0.35161564
2025-10-13 02:00:00,2,down,0.4536878,0.46,0.0063122213,0,0.46
2025-10-13 03:00:00,1,down,0.53520036,0.46,0.07520035,1,0.53520036
2025-10-13 04:00:00,2,down,0.48328012,0.46,0.023280114,0,0.46
2025-10-13 05:00:00,2,up,0.5089555,0.46,0.04895547,0,0.46
2025-10-13 06:00:00,2,up,0.40036777,0.46,0.05963224,0,0.46
2025-10-13 07:00:00,0,down,0.38454527,0.46,0.07545474,1,0.38454527
2025-10-13 08:00:00,2,down,0.43379846,0.46,0.026201546,0,0.46
2025-10-13 09:00:00,2,down,0.4043094,0.46,0.055690616,0,0.46
2025-10-13 10:00:00,2,down,0.4883129,0.46,0.028312892,0,0.46
2025-10-13 11:00:00,2,up,0.47193226,0.46,0.011932254,0,0.46
2025-10-13 12:00:00,2,up,0.5249096,0.46,0.06490961,0,0.46
2025-10-13 13:00:00,2,down,0.4181918,0.46,0.041808218,0,0.46
2025-10-13 14:00:00,2,up,0.50900126,0.46,0.049001247,0,0.46
2025-10-13 15:00:00,2,up,0.5130225,0.46,0.053022474,0,0.46
2025-10-13 16:00:00,1,up,0.53022176,0.46,0.07022175,1,0.53022176
2025-10-13 17:00:00,2,up,0.40648925,0.46,0.053510755,0,0.46
2025-10-13 18:00:00,2,up,0.4301591,0.46,0.029840916,0,0.46
2025-10-13 19:00:00,0,down,0.36704037,0.46,0.09295964,1,0.36704037
2025-10-13 20:00:00,0,down,0.3472529,0.46,0.1127471,1,0.3472529
2025-10-13 21:00:00,0,down,0.38362008,0.46,0.076379925,1,0.38362008
2025-10-13 22:00:00,2,down,0.47738242,0.46,0.017382413,0,0.46
2025-10-13 23:00:00,2,down,0.4907003,0.46,0.030700296,0,0.46
2025-10-14 00:00:00,1,down,0.5394625,0.46,0.0794625,1,0.5394625
2025-10-14 01:00:00,1,down,0.55773443,0.46,0.09773442,1,0.55773443
2025-10-14 02:00:00,1,down,0.6538017,0.46,0.19380167,1,0.6538017
2025-10-14 03:00:00,2,down,0.52868056,0.46,0.068680555,0,0.46
2025-10-14 04:00:00,1,down,0.53852755,0.46,0.07852754,1,0.53852755
2025-10-14 05:00:00,1,down,0.5969165,0.46,0.13691649,1,0.5969165
2025-10-14 06:00:00,2,down,0.50537825,0.46,0.045378238,0,0.46
2025-10-14 07:00:00,1,up,0.58291423,0.46,0.122914225,1,0.58291423
2025-10-14 08:00:00,1,down,0.5725578,0.46,0.1125578,1,0.5725578
2025-10-14 09:00:00,1,down,0.5955623,0.46,0.13556227,1,0.5955623
2025-10-14 10:00:00,2,up,0.52389944,0.46,0.06389943,0,0.46
2025-10-14 11:00:00,1,down,0.56281835,0.46,0.10281834,1,0.56281835
2025-10-14 12:00:00,1,up,0.56468004,0.46,0.10468003,1,0.56468004
2025-10-14 13:00:00,2,up,0.40103593,0.46,0.058964074,0,0.46
2025-10-14 14:00:00,2,up,0.47738135,0.46,0.01738134,0,0.46
2025-10-14 15:00:00,2,down,0.43261844,0.46,0.02738157,0,0.46
2025-10-14 16:00:00,1,up,0.5339464,0.46,0.07394639,1,0.5339464
2025-10-14 17:00:00,0,up,0.3843563,0.46,0.07564372,1,0.3843563
2025-10-14 18:00:00,2,down,0.48045555,0.46,0.02045554,0,0.46
2025-10-14 19:00:00,2,up,0.42012098,0.46,0.039879024,0,0.46
2025-10-14 20:00:00,2,up,0.40658793,0.46,0.05341208,0,0.46
2025-10-14 21:00:00,0,up,0.38996723,0.46,0.070032775,1,0.38996723
2025-10-14 22:00:00,2,down,0.42721498,0.46,0.03278503,0,0.46
2025-10-14 23:00:00,2,down,0.46448013,0.46,0.0044801235,0,0.46
2025-10-15 00:00:00,2,down,0.42484495,0.46,0.035155058,0,0.46
2025-10-15 01:00:00,2,up,0.461199,0.46,0.0011989772,0,0.46
2025-10-15 02:00:00,2,down,0.49191546,0.46,0.031915456,0,0.46
2025-10-15 03:00:00,1,up,0.5649734,0.46,0.104973406,1,0.5649734
2025-10-15 04:00:00,2,up,0.47455168,0.46,0.014551669,0,0.46
2025-10-15 05:00:00,1,up,0.5512651,0.46,0.09126511,1,0.5512651
2025-10-15 06:00:00,2,up,0.45435455,0.46,0.005645454,0,0.46
2025-10-15 07:00:00,2,up,0.46049556,0.46,0.000495553,0,0.46
2025-10-15 08:00:00,2,down,0.447017,0.46,0.012982994,0,0.46
2025-10-15 09:00:00,2,down,0.47098804,0.46,0.010988027,0,0.46
2025-10-15 10:00:00,2,down,0.49886343,0.46,0.03886342,0,0.46
2025-10-15 11:00:00,1,down,0.55155635,0.46,0.09155634,1,0.55155635
2025-10-15 12:00:00,1,down,0.55329424,0.46,0.09329423,1,0.55329424
2025-10-15 13:00:00,2,down,0.490611,0.46,0.030610979,0,0.46
2025-10-15 14:00:00,1,down,0.58128476,0.46,0.12128475,1,0.58128476
2025-10-15 15:00:00,1,down,0.5332289,0.46,0.073228866,1,0.5332289
2025-10-15 16:00:00,1,up,0.5930236,0.46,0.13302359,1,0.5930236
2025-10-15 17:00:00,2,up,0.42941868,0.46,0.030581325,0,0.46
2025-10-15 18:00:00,2,down,0.48225957,0.46,0.022259563,0,0.46
2025-10-15 19:00:00,2,down,0.48563942,0.46,0.025639415,0,0.46
2025-10-15 20:00:00,2,down,0.5026682,0.46,0.042668194,0,0.46
2025-10-15 21:00:00,2,down,0.5272242,0.46,0.067224175,0,0.46
2025-10-15 22:00:00,1,up,0.6108394,0.46,0.15083942,1,0.6108394
2025-10-15 23:00:00,1,down,0.5748004,0.46,0.114800364,1,0.5748004
2025-10-16 00:00:00,1,up,0.5337454,0.46,0.0737454,1,0.5337454
2025-10-16 01:00:00,2,up,0.4395483,0.46,0.020451695,0,0.46
2025-10-16 02:00:00,2,down,0.4188295,0.46,0.041170508,0,0.46
2025-10-16 03:00:00,2,down,0.45563048,0.46,0.004369527,0,0.46
2025-10-16 04:00:00,2,down,0.51676923,0.46,0.056769222,0,0.46
2025-10-16 05:00:00,2,up,0.5185927,0.46,0.058592707,0,0.46
2025-10-16 06:00:00,2,down,0.40135136,0.46,0.058648646,0,0.46
2025-10-16 07:00:00,1,up,0.5329925,0.46,0.072992474,1,0.5329925
2025-10-16 08:00:00,2,up,0.46952686,0.46,0.009526849,0,0.46
2025-10-16 09:00:00,2,up,0.47591817,0.46,0.015918165,0,0.46
2025-10-16 10:00:00,2,down,0.43246806,0.46,0.027531952,0,0.46
2025-10-16 11:00:00,2,up,0.422357,0.46,0.037643015,0,0.46
2025-10-16 12:00:00,2,down,0.45638072,0.46,0.0036192834,0,0.46
2025-10-16 13:00:00,2,down,0.49883366,0.46,0.038833648,0,0.46
2025-10-16 14:00:00,2,down,0.5194696,0.46,0.05946961,0,0.46
2025-10-16 15:00:00,1,up,0.55195475,0.46,0.09195474,1,0.55195475
2025-10-16 16:00:00,2,down,0.40345582,0.46,0.056544185,0,0.46
2025-10-16 17:00:00,1,up,0.61772203,0.46,0.15772203,1,0.61772203
2025-10-16 18:00:00,2,down,0.4631847,0.46,0.003184706,0,0.46
2025-10-16 19:00:00,1,down,0.548569,0.46,0.088569015,1,0.548569
2025-10-16 20:00:00,1,up,0.57047313,0.46,0.110473126,1,0.57047313
2025-10-16 21:00:00,2,down,0.5137672,0.46,0.053767174,0,0.46
2025-10-16 22:00:00,1,up,0.56921893,0.46,0.109218925,1,0.56921893
2025-10-16 23:00:00,1,up,0.53180915,0.46,0.07180914,1,0.53180915
2025-10-17 00:00:00,2,up,0.42750382,0.46,0.032496184,0,0.46
2025-10-17 01:00:00,2,up,0.46220794,0.46,0.0022079349,0,0.46
2025-10-17 02:00:00,2,up,0.42300802,0.46,0.036991984,0,0.46
2025-10-17 03:00:00,2,down,0.40279624,0.46,0.05720377,0,0.46
2025-10-17 04:00:00,2,down,0.5268744,0.46,0.066874415,0,0.46
2025-10-17 05:00:00,2,down,0.52115834,0.46,0.06115833,0,0.46
2025-10-17 06:00:00,1,down,0.59838486,0.46,0.13838485,1,0.59838486
2025-10-17 07:00:00,1,down,0.6401143,0.46,0.1801143,1,0.6401143
2025-10-17 08:00:00,1,down,0.56660354,0.46,0.10660353,1,0.56660354
2025-10-17 09:00:00,1,up,0.7027839,0.46,0.24278387,1,0.7027839
2025-10-17 10:00:00,2,up,0.43899435,0.46,0.02100566,0,0.46
2025-10-17 11:00:00,1,down,0.5412069,0.46,0.08120689,1,0.5412069
2025-10-17 12:00:00,2,up,0.50525975,0.46,0.045259744,0,0.46
2025-10-17 13:00:00,2,down,0.43221372,0.46,0.027786285,0,0.46
2025-10-17 14:00:00,2,up,0.44555962,0.46,0.0144403875,0,0.46
2025-10-17 15:00:00,2,down,0.42901266,0.46,0.030987352,0,0.46
2025-10-17 16:00:00,2,up,0.5107585,0.46,0.05075851,0,0.46
2025-10-17 17:00:00,2,up,0.43741462,0.46,0.022585392,0,0.46
2025-10-17 18:00:00,2,down,0.5180351,0.46,0.058035105,0,0.46
2025-10-17 19:00:00,2,up,0.4708579,0.46,0.01085788,0,0.46
2025-10-17 20:00:00,2,up,0.4013681,0.46,0.058631897,0,0.46
2025-10-17 21:00:00,2,down,0.3977125,0.46,0.06228751,0,0.46
2025-10-17 22:00:00,2,down,0.44444698,0.46,0.015553027,0,0.46
2025-10-17 23:00:00,2,up,0.51061416,0.46,0.05061415,0,0.46
2025-10-18 00:00:00,2,up,0.4723547,0.46,0.012354702,0,0.46
2025-10-18 01:00:00,2,down,0.44289312,0.46,0.01710689,0,0.46
2025-10-18 02:00:00,2,up,0.47396404,0.46,0.013964027,0,0.46
2025-10-18 03:00:00,2,down,0.40185148,0.46,0.058148533,0,0.46
2025-10-18 04:00:00,2,up,0.5091596,0.46,0.049159616,0,0.46
2025-10-18 05:00:00,2,up,0.48621836,0.46,0.026218355,0,0.46
2025-10-18 06:00:00,1,down,0.532622,0.46,0.07262197,1,0.532622
2025-10-18 07:00:00,2,up,0.48698762,0.46,0.026987612,0,0.46
2025-10-18 08:00:00,2,up,0.5078462,0.46,0.04784617,0,0.46
2025-10-18 09:00:00,2,up,0.4689104,0.46,0.008910388,0,0.46
2025-10-18 10:00:00,2,up,0.460645,0.46,0.00064498186,0,0.46
2025-10-18 11:00:00,0,down,0.36292887,0.46,0.09707114,1,0.36292887
2025-10-18 12:00:00,2,down,0.4395088,0.46,0.020491213,0,0.46
2025-10-18 13:00:00,2,up,0.47096086,0.46,0.010960847,0,0.46
2025-10-18 14:00:00,2,down,0.45134583,0.46,0.008654177,0,0.46
2025-10-18 15:00:00,2,down,0.48334086,0.46,0.023340851,0,0.46
2025-10-18 16:00:00,2,up,0.5177383,0.46,0.057738274,0,0.46
2025-10-18 17:00:00,2,down,0.5016421,0.46,0.0416421,0,0.46
2025-10-18 18:00:00,2,up,0.5155082,0.46,0.055508167,0,0.46
2025-10-18 19:00:00,2,down,0.40798986,0.46,0.05201015,0,0.46
2025-10-18 20:00:00,2,up,0.46429494,0.46,0.004294932,0,0.46
2025-10-18 21:00:00,2,down,0.3922819,0.46,0.06771812,0,0.46
2025-10-18 22:00:00,2,up,0.4479727,0.46,0.012027293,0,0.46
2025-10-18 23:00:00,0,down,0.38541725,0.46,0.074582756,1,0.38541725
2025-10-19 00:00:00,2,up,0.48742235,0.46,0.027422339,0,0.46
2025-10-19 01:00:00,2,down,0.42782998,0.46,0.032170027,0,0.46
2025-10-19 02:00:00,2,up,0.5263021,0.46,0.06630209,0,0.46
2025-10-19 03:00:00,0,down,0.3694477,0.46,0.0905523,1,0.3694477
2025-10-19 04:00:00,2,down,0.46691266,0.46,0.0069126487,0,0.46
2025-10-19 05:00:00,2,down,0.46575576,0.46,0.0057557523,0,0.46
2025-10-19 06:00:00,2,up,0.47362012,0.46,0.013620108,0,0.46
2025-10-19 07:00:00,2,down,0.5179529,0.46,0.05795291,0,0.46
2025-10-19 08:00:00,1,up,0.5528719,0.46,0.092871875,1,0.5528719
2025-10-19 09:00:00,2,up,0.45801276,0.46,0.0019872487,0,0.46
2025-10-19 10:00:00,0,down,0.37799656,0.46,0.082003444,1,0.37799656
2025-10-19 11:00:00,2,down,0.47283247,0.46,0.012832463,0,0.46
2025-10-19 12:00:00,2,up,0.43058902,0.46,0.029410988,0,0.46
2025-10-19 13:00:00,0,up,0.37006006,0.46,0.08993995,1,0.37006006
2025-10-19 14:00:00,0,up,0.37604997,0.46,0.08395004,1,0.37604997
2025-10-19 15:00:00,2,up,0.4195651,0.46,0.040434897,0,0.46
2025-10-19 16:00:00,2,up,0.44724083,0.46,0.012759179,0,0.46
2025-10-19 17:00:00,2,up,0.4413344,0.46,0.018665612,0,0.46
2025-10-19 18:00:00,0,down,0.3411498,0.46,0.1188502,1,0.3411498
2025-10-19 19:00:00,2,down,0.45778844,0.46,0.0022115707,0,0.46
2025-10-19 20:00:00,2,down,0.491082,0.46,0.031082004,0,0.46
2025-10-19 21:00:00,2,up,0.47833386,0.46,0.018333852,0,0.46
2025-10-19 22:00:00,2,down,0.43604797,0.46,0.023952037,0,0.46
2025-10-19 23:00:00,1,down,0.54141396,0.46,0.081413954,1,0.54141396
2025-10-20 00:00:00,2,up,0.49532968,0.46,0.03532967,0,0.46
2025-10-20 01:00:00,1,up,0.5563996,0.46,0.096399575,1,0.5563996
2025-10-20 02:00:00,2,up,0.44729576,0.46,0.012704253,0,0.46
2025-10-20 03:00:00,2,up,0.46024477,0.46,0.00024476647,0,0.46
2025-10-20 04:00:00,0,up,0.38131535,0.46,0.07868466,1,0.38131535
2025-10-20 05:00:00,0,up,0.3894947,0.46,0.07050532,1,0.3894947
2025-10-20 06:00:00,0,down,0.38986814,0.46,0.07013187,1,0.38986814
2025-10-20 07:00:00,2,down,0.45722747,0.46,0.0027725399,0,0.46
2025-10-20 08:00:00,2,down,0.48123038,0.46,0.02123037,0,0.46
2025-10-20 09:00:00,2,down,0.47538266,0.46,0.0153826475,0,0.46
2025-10-20 10:00:00,2,up,0.48522675,0.46,0.025226742,0,0.46
2025-10-20 11:00:00,0,down,0.38391173,0.46,0.07608828,1,0.38391173
2025-10-20 12:00:00,2,up,0.48431015,0.46,0.024310142,0,0.46
2025-10-20 13:00:00,0,up,0.3664764,0.46,0.09352362,1,0.3664764
2025-10-20 14:00:00,0,down,0.3871619,0.46,0.0728381,1,0.3871619
2025-10-20 15:00:00,2,down,0.46161917,0.46,0.0016191602,0,0.46
2025-10-20 16:00:00,2,down,0.49559972,0.46,0.03559971,0,0.46
2025-10-20 17:00:00,1,up,0.54081833,0.46,0.080818325,1,0.54081833
2025-10-20 18:00:00,2,down,0.43380478,0.46,0.026195228,0,0.46
2025-10-20 19:00:00,2,up,0.4506928,0.46,0.009307206,0,0.46
2025-10-20 20:00:00,2,down,0.40107676,0.46,0.058923244,0,0.46
2025-10-20 21:00:00,2,up,0.4951741,0.46,0.0351741,0,0.46
2025-10-20 22:00:00,0,down,0.38797817,0.46,0.07202184,1,0.38797817
2025-10-20 23:00:00,1,down,0.5626007,0.46,0.102600664,1,0.5626007
2025-10-21 00:00:00,2,down,0.490669,0.46,0.030669004,0,0.46
2025-10-21 01:00:00,1,down,0.5331519,0.46,0.073151916,1,0.5331519
2025-10-21 02:00:00,1,down,0.5333703,0.46,0.07337031,1,0.5333703
2025-10-21 03:00:00,1,down,0.65427995,0.46,0.19427994,1,0.65427995
2025-10-21 04:00:00,1,down,0.5726719,0.46,0.11267188,1,0.5726719
2025-10-21 05:00:00,1,up,0.6240781,0.46,0.16407809,1,0.6240781
2025-10-21 06:00:00,1,up,0.6000462,0.46,0.14004621,1,0.6000462
2025-10-21 07:00:00,2,down,0.49413654,0.46,0.034136534,0,0.46
2025-10-21 08:00:00,2,up,0.5085882,0.46,0.048588187,0,0.46
2025-10-21 09:00:00,2,up,0.52398866,0.46,0.063988656,0,0.46
2025-10-21 10:00:00,2,up,0.44278547,0.46,0.017214537,0,0.46
2025-10-21 11:00:00,0,up,0.38821793,0.46,0.07178208,1,0.38821793
2025-10-21 12:00:00,2,down,0.466651,0.46,0.0066509843,0,0.46
2025-10-21 13:00:00,2,up,0.4823041,0.46,0.022304088,0,0.46
2025-10-21 14:00:00,1,up,0.5315052,0.46,0.07150522,1,0.5315052
2025-10-21 15:00:00,2,down,0.4298448,0.46,0.030155212,0,0.46
2025-10-21 16:00:00,1,down,0.5899975,0.46,0.12999746,1,0.5899975
2025-10-21 17:00:00,1,up,0.5702266,0.46,0.1102266,1,0.5702266
2025-10-21 18:00:00,2,down,0.4360658,0.46,0.023934215,0,0.46
2025-10-21 19:00:00,2,down,0.5197934,0.46,0.059793383,0,0.46
2025-10-21 20:00:00,1,up,0.54963917,0.46,0.08963916,1,0.54963917
2025-10-21 21:00:00,2,down,0.48013732,0.46,0.02013731,0,0.46
2025-10-21 22:00:00,2,down,0.49804512,0.46,0.03804511,0,0.46
2025-10-21 23:00:00,1,down,0.57771105,0.46,0.11771104,1,0.57771105
2025-10-22 00:00:00,1,up,0.62296534,0.46,0.16296533,1,0.62296534
2025-10-22 01:00:00,1,down,0.53475946,0.46,0.07475945,1,0.53475946
2025-10-22 02:00:00,1,up,0.65900713,0.46,0.19900712,1,0.65900713
2025-10-22 03:00:00,2,up,0.48930803,0.46,0.029308021,0,0.46
2025-10-22 04:00:00,2,down,0.48292264,0.46,0.022922635,0,0.46
2025-10-22 05:00:00,2,down,0.5232105,0.46,0.06321052,0,0.46
2025-10-22 06:00:00,1,up,0.5780582,0.46,0.118058175,1,0.5780582
2025-10-22 07:00:00,2,down,0.502165,0.46,0.04216501,0,0.46
2025-10-22 08:00:00,2,down,0.52237046,0.46,0.06237045,0,0.46
2025-10-22 09:00:00,2,down,0.52072453,0.46,0.060724527,0,0.46
2025-10-22 10:00:00,1,down,0.5639474,0.46,0.10394737,1,0.5639474
2025-10-22 11:00:00,2,up,0.49727672,0.46,0.037276715,0,0.46
2025-10-22 12:00:00,2,up,0.5254643,0.46,0.06546429,0,0.46
2025-10-22 13:00:00,2,up,0.44479924,0.46,0.015200764,0,0.46
2025-10-22 14:00:00,2,down,0.42020613,0.46,0.03979388,0,0.46
2025-10-22 15:00:00,2,down,0.46509108,0.46,0.005091071,0,0.46
2025-10-22 16:00:00,2,down,0.48140112,0.46,0.021401107,0,0.46
2025-10-22 17:00:00,2,up,0.50362444,0.46,0.04362443,0,0.46
2025-10-22 18:00:00,1,down,0.53159153,0.46,0.071591526,1,0.53159153
2025-10-22 19:00:00,1,down,0.54406387,0.46,0.08406386,1,0.54406387
2025-10-22 20:00:00,1,down,0.54809976,0.46,0.08809975,1,0.54809976
2025-10-22 21:00:00,2,down,0.49736655,0.46,0.03736654,0,0.46
2025-10-22 22:00:00,1,up,0.5594414,0.46,0.09944138,1,0.5594414
2025-10-22 23:00:00,1,up,0.58522284,0.46,0.12522283,1,0.58522284
2025-10-23 00:00:00,2,up,0.50180686,0.46,0.041806847,0,0.46
2025-10-23 01:00:00,2,up,0.46058112,0.46,0.0005811155,0,0.46
2025-10-23 02:00:00,2,down,0.395365,0.46,0.06463501,0,0.46
2025-10-23 03:00:00,2,up,0.44087973,0.46,0.019120276,0,0.46
2025-10-23 04:00:00,2,up,0.4215896,0.46,0.038410395,0,0.46
2025-10-23 05:00:00,2,up,0.40919048,0.46,0.050809532,0,0.46
2025-10-23 06:00:00,2,down,0.4185597,0.46,0.041440308,0,0.46
2025-10-23 07:00:00,2,up,0.51236033,0.46,0.052360326,0,0.46
2025-10-23 08:00:00,2,down,0.45207188,0.46,0.007928133,0,0.46
2025-10-23 09:00:00,2,up,0.4015222,0.46,0.05847782,0,0.46
2025-10-23 10:00:00,2,down,0.46142817,0.46,0.0014281571,0,0.46
2025-10-23 11:00:00,2,down,0.51095057,0.46,0.050950557,0,0.46
2025-10-23 12:00:00,2,up,0.4459595,0.46,0.0140405,0,0.46
2025-10-23 13:00:00,2,up,0.41341916,0.46,0.04658085,0,0.46
2025-10-23 14:00:00,2,up,0.41464475,0.46,0.04535526,0,0.46
2025-10-23 15:00:00,2,up,0.40420747,0.46,0.05579254,0,0.46
2025-10-23 16:00:00,2,up,0.4151164,0.46,0.04488361,0,0.46
2025-10-23 17:00:00,0,down,0.3600616,0.46,0.09993842,1,0.3600616
2025-10-23 18:00:00,2,down,0.45704204,0.46,0.00295797,0,0.46
2025-10-23 19:00:00,2,down,0.4647451,0.46,0.004745096,0,0.46
2025-10-23 20:00:00,1,up,0.5315559,0.46,0.07155588,1,0.5315559
2025-10-23 21:00:00,1,up,0.55183065,0.46,0.09183064,1,0.55183065
2025-10-23 22:00:00,2,up,0.489316,0.46,0.029315978,0,0.46
2025-10-23 23:00:00,2,up,0.41214597,0.46,0.047854036,0,0.46
2025-10-24 00:00:00,2,up,0.39825407,0.46,0.06174594,0,0.46
2025-10-24 01:00:00,0,down,0.37552923,0.46,0.08447078,1,0.37552923
2025-10-24 02:00:00,2,down,0.4269481,0.46,0.033051908,0,0.46
2025-10-24 03:00:00,2,up,0.44378266,0.46,0.016217351,0,0.46
2025-10-24 04:00:00,2,up,0.43161666,0.46,0.028383344,0,0.46
2025-10-24 05:00:00,0,up,0.3683206,0.46,0.091679394,1,0.3683206
2025-10-24 06:00:00,0,down,0.33259794,0.46,0.12740207,1,0.33259794
2025-10-24 07:00:00,2,up,0.43440822,0.46,0.02559179,0,0.46
2025-10-24 08:00:00,2,up,0.40234968,0.46,0.057650328,0,0.46
2025-10-24 09:00:00,2,down,0.41811386,0.46,0.04188615,0,0.46
2025-10-24 10:00:00,2,down,0.44421393,0.46,0.015786082,0,0.46
2025-10-24 11:00:00,2,up,0.44224966,0.46,0.017750353,0,0.46
2025-10-24 12:00:00,2,down,0.46462134,0.46,0.004621327,0,0.46
2025-10-24 13:00:00,2,down,0.44646636,0.46,0.013533652,0,0.46
2025-10-24 14:00:00,2,down,0.5188764,0.46,0.058876365,0,0.46
2025-10-24 15:00:00,1,up,0.58033156,0.46,0.120331556,1,0.58033156
2025-10-24 16:00:00,2,down,0.5199856,0.46,0.059985608,0,0.46
2025-10-24 17:00:00,1,up,0.57336354,0.46,0.113363534,1,0.57336354
2025-10-24 18:00:00,2,down,0.43494263,0.46,0.025057375,0,0.46
2025-10-24 19:00:00,2,up,0.44428796,0.46,0.015712053,0,0.46
2025-10-24 20:00:00,0,up,0.37904677,0.46,0.08095324,1,0.37904677
2025-10-24 21:00:00,0,down,0.3581614,0.46,0.10183862,1,0.3581614
2025-10-24 22:00:00,2,down,0.390007,0.46,0.06999302,0,0.46
2025-10-24 23:00:00,2,down,0.4203099,0.46,0.039690107,0,0.46
2025-10-25 00:00:00,2,up,0.50834835,0.46,0.048348337,0,0.46
2025-10-25 01:00:00,2,down,0.40521964,0.46,0.054780364,0,0.46
2025-10-25 02:00:00,2,up,0.47089502,0.46,0.010895014,0,0.46
2025-10-25 03:00:00,2,up,0.45369995,0.46,0.006300062,0,0.46
2025-10-25 04:00:00,2,up,0.4237854,0.46,0.03621462,0,0.46
2025-10-25 05:00:00,0,down,0.3644953,0.46,0.0955047,1,0.3644953
2025-10-25 06:00:00,2,up,0.42166683,0.46,0.038333178,0,0.46
2025-10-25 07:00:00,2,up,0.45652744,0.46,0.0034725666,0,0.46
2025-10-25 08:00:00,0,down,0.35607705,0.46,0.10392296,1,0.35607705
2025-10-25 09:00:00,2,up,0.46722966,0.46,0.007229656,0,0.46
2025-10-25 10:00:00,2,up,0.44730344,0.46,0.012696564,0,0.46
2025-10-25 11:00:00,2,up,0.4717562,0.46,0.011756182,0,0.46
2025-10-25 12:00:00,0,down,0.36264938,0.46,0.09735063,1,0.36264938
2025-10-25 13:00:00,2,down,0.4766351,0.46,0.01663509,0,0.46
2025-10-25 14:00:00,2,down,0.48024383,0.46,0.020243824,0,0.46
2025-10-25 15:00:00,2,down,0.5296474,0.46,0.0696474,0,0.46
2025-10-25 16:00:00,2,up,0.46614534,0.46,0.0061453283,0,0.46
2025-10-25 17:00:00,2,up,0.5250703,0.46,0.0650703,0,0.46
2025-10-25 18:00:00,2,down,0.42061704,0.46,0.039382964,0,0.46
2025-10-25 19:00:00,2,down,0.47111845,0.46,0.011118442,0,0.46
2025-10-25 20:00:00,2,up,0.5282764,0.46,0.068276376,0,0.46
2025-10-25 21:00:00,2,up,0.4620349,0.46,0.0020349026,0,0.46
2025-10-25 22:00:00,2,up,0.44336784,0.46,0.01663217,0,0.46
2025-10-25 23:00:00,2,up,0.43679166,0.46,0.02320835,0,0.46
2025-10-26 00:00:00,2,down,0.45142224,0.46,0.008577764,0,0.46
2025-10-26 01:00:00,2,down,0.45438507,0.46,0.0056149364,0,0.46
2025-10-26 02:00:00,2,down,0.51116616,0.46,0.051166147,0,0.46
2025-10-26 03:00:00,1,up,0.6187695,0.46,0.15876952,1,0.6187695
2025-10-26 04:00:00,2,up,0.52824354,0.46,0.06824353,0,0.46
2025-10-26 05:00:00,2,up,0.45237142,0.46,0.00762859,0,0.46
2025-10-26 06:00:00,2,up,0.44932777,0.46,0.010672241,0,0.46
2025-10-26 07:00:00,0,up,0.375814,0.46,0.08418602,1,0.375814
2025-10-26 08:00:00,2,up,0.45056552,0.46,0.009434491,0,0.46
2025-10-26 09:00:00,2,down,0.44235268,0.46,0.017647326,0,0.46
2025-10-26 10:00:00,0,up,0.36192968,0.46,0.09807032,1,0.36192968
2025-10-26 11:00:00,2,up,0.4203911,0.46,0.039608896,0,0.46
2025-10-26 12:00:00,2,up,0.4597876,0.46,0.00021240115,0,0.46
2025-10-26 13:00:00,2,down,0.43597358,0.46,0.024026424,0,0.46
2025-10-26 14:00:00,2,up,0.47423476,0.46,0.014234751,0,0.46
2025-10-26 15:00:00,0,down,0.37785062,0.46,0.08214939,1,0.37785062
2025-10-26 16:00:00,2,down,0.46115866,0.46,0.0011586547,0,0.46
2025-10-26 17:00:00,2,up,0.512439,0.46,0.052439004,0,0.46
2025-10-26 18:00:00,2,up,0.4826879,0.46,0.022687882,0,0.46
2025-10-26 19:00:00,2,down,0.44338584,0.46,0.016614169,0,0.46
2025-10-26 20:00:00,1,up,0.5362758,0.46,0.076275796,1,0.5362758
2025-10-26 21:00:00,2,up,0.3918659,0.46,0.0681341,0,0.46
2025-10-26 22:00:00,2,down,0.46533233,0.46,0.005332321,0,0.46
2025-10-26 23:00:00,2,up,0.42061138,0.46,0.039388627,0,0.46
2025-10-27 00:00:00,2,up,0.4382897,0.46,0.021710306,0,0.46
2025-10-27 01:00:00,0,down,0.36770475,0.46,0.09229526,1,0.36770475
2025-10-27 02:00:00,2,up,0.44578043,0.46,0.014219582,0,0.46
2025-10-27 03:00:00,2,up,0.4595465,0.46,0.00045350194,0,0.46
2025-10-27 04:00:00,0,up,0.38938355,0.46,0.070616454,1,0.38938355
2025-10-27 05:00:00,0,up,0.3510256,0.46,0.1089744,1,0.3510256
2025-10-27 06:00:00,0,down,0.34584445,0.46,0.11415556,1,0.34584445
2025-10-27 07:00:00,2,down,0.5107844,0.46,0.05078438,0,0.46
2025-10-27 08:00:00,2,up,0.5270661,0.46,0.0670661,0,0.46
2025-10-27 09:00:00,2,up,0.41239113,0.46,0.047608882,0,0.46
2025-10-27 10:00:00,2,down,0.4223718,0.46,0.037628204,0,0.46
2025-10-27 11:00:00,2,down,0.42110285,0.46,0.038897157,0,0.46
2025-10-27 12:00:00,2,up,0.5101799,0.46,0.05017987,0,0.46
2025-10-27 13:00:00,0,down,0.36755884,0.46,0.09244117,1,0.36755884
2025-10-27 14:00:00,2,up,0.5299141,0.46,0.06991407,0,0.46
2025-10-27 15:00:00,2,up,0.4999801,0.46,0.039980084,0,0.46
2025-10-27 16:00:00,2,up,0.39982074,0.46,0.060179263,0,0.46
2025-10-27 17:00:00,0,down,0.35802093,0.46,0.10197908,1,0.35802093
2025-10-27 18:00:00,2,down,0.42393613,0.46,0.03606388,0,0.46
2025-10-27 19:00:00,2,down,0.5006467,0.46,0.040646702,0,0.46
2025-10-27 20:00:00,1,down,0.5573265,0.46,0.09732649,1,0.5573265
2025-10-27 21:00:00,1,down,0.57609475,0.46,0.11609474,1,0.57609475
2025-10-27 22:00:00,1,down,0.63303155,0.46,0.17303154,1,0.63303155
2025-10-27 23:00:00,2,down,0.50207144,0.46,0.042071432,0,0.46
2025-10-28 00:00:00,1,up,0.58705133,0.46,0.12705132,1,0.58705133
2025-10-28 01:00:00,2,down,0.52291924,0.46,0.06291923,0,0.46
2025-10-28 02:00:00,2,down,0.5131697,0.46,0.053169698,0,0.46
2025-10-28 03:00:00,1,up,0.5345584,0.46,0.07455841,1,0.5345584
2025-10-28 04:00:00,1,down,0.53784543,0.46,0.077845424,1,0.53784543
2025-10-28 05:00:00,1,up,0.5614071,0.46,0.10140708,1,0.5614071
2025-10-28 06:00:00,2,up,0.5269352,0.46,0.06693521,0,0.46
2025-10-28 07:00:00,2,up,0.48023447,0.46,0.020234466,0,0.46
2025-10-28 08:00:00,2,up,0.4282559,0.46,0.031744123,0,0.46
2025-10-28 09:00:00,2,up,0.39735892,0.46,0.062641084,0,0.46
2025-10-28 10:00:00,2,down,0.40590382,0.46,0.054096192,0,0.46
2025-10-28 11:00:00,2,up,0.46617633,0.46,0.0061763227,0,0.46
2025-10-28 12:00:00,2,up,0.41961318,0.46,0.040386826,0,0.46
2025-10-28 13:00:00,2,down,0.45201814,0.46,0.007981867,0,0.46
2025-10-28 14:00:00,2,down,0.463463,0.46,0.003463,0,0.46
2025-10-28 15:00:00,2,up,0.4749363,0.46,0.014936298,0,0.46
2025-10-28 16:00:00,2,down,0.40576893,0.46,0.054231077,0,0.46
2025-10-28 17:00:00,2,down,0.4596089,0.46,0.00039109588,0,0.46
2025-10-28 18:00:00,2,down,0.4238387,0.46,0.036161304,0,0.46
2025-10-28 19:00:00,1,down,0.54806876,0.46,0.08806875,1,0.54806876
2025-10-28 20:00:00,2,up,0.5083272,0.46,0.048327178,0,0.46
2025-10-28 21:00:00,2,up,0.49529275,0.46,0.035292745,0,0.46
2025-10-28 22:00:00,2,down,0.5014669,0.46,0.041466862,0,0.46
2025-10-28 23:00:00,1,down,0.5485562,0.46,0.0885562,1,0.5485562
2025-10-29 00:00:00,1,up,0.62559664,0.46,0.16559663,1,0.62559664
2025-10-29 01:00:00,1,up,0.5549666,0.46,0.09496662,1,0.5549666
2025-10-29 02:00:00,1,down,0.53183144,0.46,0.071831435,1,0.53183144
2025-10-29 03:00:00,2,up,0.5280757,0.46,0.06807569,0,0.46
2025-10-29 04:00:00,2,up,0.48812285,0.46,0.028122842,0,0.46
2025-10-29 05:00:00,2,up,0.52523136,0.46,0.06523135,0,0.46
2025-10-29 06:00:00,0,up,0.38986224,0.46,0.07013777,1,0.38986224
2025-10-29 07:00:00,2,down,0.3936695,0.46,0.06633052,0,0.46
2025-10-29 08:00:00,2,down,0.50161743,0.46,0.041617423,0,0.46
2025-10-29 09:00:00,2,down,0.47628555,0.46,0.016285539,0,0.46
2025-10-29 10:00:00,2,up,0.5064055,0.46,0.046405464,0,0.46
2025-10-29 11:00:00,2,up,0.48283827,0.46,0.022838265,0,0.46
2025-10-29 12:00:00,2,down,0.4962839,0.46,0.03628388,0,0.46
2025-10-29 13:00:00,2,down,0.48164475,0.46,0.021644741,0,0.46
2025-10-29 14:00:00,2,down,0.5089644,0.46,0.04896441,0,0.46
2025-10-29 15:00:00,1,down,0.5680552,0.46,0.108055204,1,0.5680552
2025-10-29 16:00:00,1,up,0.5841807,0.46,0.124180704,1,0.5841807
2025-10-29 17:00:00,2,down,0.47032455,0.46,0.010324538,0,0.46
2025-10-29 18:00:00,2,down,0.46472856,0.46,0.0047285557,0,0.46
2025-10-29 19:00:00,1,up,0.534249,0.46,0.074249,1,0.534249
2025-10-29 20:00:00,2,up,0.48400107,0.46,0.024001062,0,0.46
2025-10-29 21:00:00,2,down,0.45650166,0.46,0.0034983456,0,0.46
2025-10-29 22:00:00,1,down,0.5508434,0.46,0.09084341,1,0.5508434
2025-10-29 23:00:00,2,up,0.5246816,0.46,0.06468162,0,0.46
2025-10-30 00:00:00,2,down,0.49328464,0.46,0.033284634,0,0.46
2025-10-30 01:00:00,1,up,0.5426759,0.46,0.082675904,1,0.5426759
2025-10-30 02:00:00,2,down,0.45200214,0.46,0.00799787,0,0.46
2025-10-30 03:00:00,2,down,0.4963368,0.46,0.03633678,0,0.46
2025-10-30 04:00:00,2,up,0.49085253,0.46,0.030852526,0,0.46
2025-10-30 05:00:00,2,up,0.47277674,0.46,0.012776732,0,0.46
2025-10-30 06:00:00,2,up,0.4952792,0.46,0.035279185,0,0.46
2025-10-30 07:00:00,2,down,0.4545342,0.46,0.0054658055,0,0.46
2025-10-30 08:00:00,2,down,0.5103772,0.46,0.05037722,0,0.46
2025-10-30 09:00:00,2,down,0.5044939,0.46,0.044493884,0,0.46
2025-10-30 10:00:00,1,down,0.53707147,0.46,0.07707146,1,0.53707147
2025-10-30 11:00:00,1,down,0.56359875,0.46,0.10359874,1,0.56359875
2025-10-30 12:00:00,1,down,0.5567115,0.46,0.09671149,1,0.5567115
2025-10-30 13:00:00,1,up,0.6100037,0.46,0.1500037,1,0.6100037
2025-10-30 14:00:00,2,down,0.5199487,0.46,0.059948713,0,0.46
2025-10-30 15:00:00,2,up,0.5288496,0.46,0.06884959,0,0.46
2025-10-30 16:00:00,2,down,0.49522948,0.46,0.035229474,0,0.46
2025-10-30 17:00:00,1,down,0.5347909,0.46,0.074790865,1,0.5347909
2025-10-30 18:00:00,1,down,0.6055705,0.46,0.14557049,1,0.6055705
2025-10-30 19:00:00,1,up,0.5777927,0.46,0.117792696,1,0.5777927
2025-10-30 20:00:00,2,up,0.507108,0.46,0.047107965,0,0.46
2025-10-30 21:00:00,2,up,0.49039966,0.46,0.03039965,0,0.46
2025-10-30 22:00:00,2,up,0.42776227,0.46,0.03223774,0,0.46
2025-10-30 23:00:00,2,up,0.4115636,0.46,0.048436403,0,0.46
2025-10-31 00:00:00,2,up,0.40491027,0.46,0.055089742,0,0.46
2025-10-31 01:00:00,2,down,0.43061775,0.46,0.029382259,0,0.46
2025-10-31 02:00:00,2,up,0.49058172,0.46,0.030581713,0,0.46
2025-10-31 03:00:00,2,up,0.40893358,0.46,0.05106643,0,0.46
2025-10-31 04:00:00,0,down,0.3561146,0.46,0.10388541,1,0.3561146
2025-10-31 05:00:00,2,down,0.40078992,0.46,0.05921009,0,0.46
2025-10-31 06:00:00,2,down,0.42412195,0.46,0.035878062,0,0.46
2025-10-31 07:00:00,2,up,0.46806008,0.46,0.008060068,0,0.46
2025-10-31 08:00:00,0,down,0.3797032,0.46,0.080296814,1,0.3797032
2025-10-31 09:00:00,2,down,0.47170466,0.46,0.0117046535,0,0.46
2025-10-31 10:00:00,2,up,0.45968497,0.46,0.00031504035,0,0.46
2025-10-31 11:00:00,0,down,0.3758131,0.46,0.08418691,1,0.3758131
2025-10-31 12:00:00,2,up,0.4999027,0.46,0.039902687,0,0.46
2025-10-31 13:00:00,0,up,0.38582194,0.46,0.07417807,1,0.38582194
2025-10-31 14:00:00,2,down,0.40097493,0.46,0.05902508,0,0.46
2025-10-31 15:00:00,2,down,0.4904872,0.46,0.03048718,0,0.46
2025-10-31 16:00:00,1,up,0.55990434,0.46,0.09990433,1,0.55990434
2025-10-31 17:00:00,2,up,0.5054087,0.46,0.045408696,0,0.46
2025-10-31 18:00:00,1,up,0.54189426,0.46,0.08189425,1,0.54189426
2025-10-31 19:00:00,2,down,0.4811669,0.46,0.02116689,0,0.46
2025-10-31 20:00:00,2,up,0.5016989,0.46,0.041698903,0,0.46
2025-10-31 21:00:00,2,up,0.4183519,0.46,0.04164812,0,0.46
2025-10-31 22:00:00,2,up,0.5190265,0.46,0.05902651,0,0.46
2025-10-31 23:00:00,2,up,0.47267416,0.46,0.012674153,0,0.46
2025-11-01 00:00:00,2,up,0.46438336,0.46,0.0043833554,0,0.46
2025-11-01 01:00:00,2,up,0.48591915,0.46,0.02591914,0,0.46
2025-11-01 02:00:00,2,up,0.4112875,0.46,0.04871252,0,0.46
2025-11-01 03:00:00,0,up,0.369085,0.46,0.090914994,1,0.369085
2025-11-01 04:00:00,2,down,0.39441666,0.46,0.06558335,0,0.46
2025-11-01 05:00:00,2,down,0.42483443,0.46,0.035165578,0,0.46
2025-11-01 06:00:00,2,up,0.4608552,0.46,0.00085517764,0,0.46
2025-11-01 07:00:00,2,up,0.49525514,0.46,0.035255134,0,0.46
2025-11-01 08:00:00,2,down,0.40450162,0.46,0.05549839,0,0.46
2025-11-01 09:00:00,2,up,0.48328444,0.46,0.023284435,0,0.46
2025-11-01 10:00:00,2,down,0.40499035,0.46,0.055009663,0,0.46
2025-11-01 11:00:00,2,down,0.4492412,0.46,0.010758817,0,0.46
2025-11-01 12:00:00,2,down,0.475411,0.46,0.0154109895,0,0.46
2025-11-01 13:00:00,2,down,0.47010985,0.46,0.010109842,0,0.46
2025-11-01 14:00:00,2,up,0.46852046,0.46,0.008520454,0,0.46
2025-11-01 15:00:00,0,up,0.37975907,0.46,0.080240935,1,0.37975907
2025-11-01 16:00:00,2,down,0.39336383,0.46,0.066636175,0,0.46
2025-11-01 17:00:00,2,up,0.48605406,0.46,0.026054054,0,0.46
2025-11-01 18:00:00,2,down,0.40302077,0.46,0.05697924,0,0.46
2025-11-01 19:00:00,2,up,0.439562,0.46,0.020438015,0,0.46
2025-11-01 20:00:00,2,down,0.44434872,0.46,0.015651286,0,0.46
2025-11-01 21:00:00,1,up,0.5809972,0.46,0.12099722,1,0.5809972
2025-11-01 22:00:00,2,up,0.44075537,0.46,0.019244641,0,0.46
2025-11-01 23:00:00,2,down,0.49390623,0.46,0.03390622,0,0.46
2025-11-02 00:00:00,2,up,0.47659865,0.46,0.016598642,0,0.46
2025-11-02 01:00:00,1,up,0.5475333,0.46,0.087533265,1,0.5475333
2025-11-02 02:00:00,2,up,0.50009996,0.46,0.04009995,0,0.46
2025-11-02 03:00:00,2,up,0.4957677,0.46,0.035767704,0,0.46
2025-11-02 04:00:00,0,down,0.3829221,0.46,0.077077895,1,0.3829221
2025-11-02 05:00:00,2,up,0.4453472,0.46,0.014652818,0,0.46
2025-11-02 06:00:00,0,up,0.36753812,0.46,0.092461884,1,0.36753812
2025-11-02 07:00:00,2,down,0.39495808,0.46,0.06504193,0,0.46
2025-11-02 08:00:00,2,down,0.4436751,0.46,0.016324908,0,0.46
2025-11-02 09:00:00,2,down,0.46770683,0.46,0.007706821,0,0.46
2025-11-02 10:00:00,2,up,0.49040976,0.46,0.030409753,0,0.46
2025-11-02 11:00:00,0,down,0.364563,0.46,0.09543702,1,0.364563
2025-11-02 12:00:00,2,down,0.51768917,0.46,0.05768916,0,0.46
2025-11-02 13:00:00,2,down,0.45904568,0.46,0.00095432997,0,0.46
2025-11-02 14:00:00,2,down,0.4790486,0.46,0.019048601,0,0.46
2025-11-02 15:00:00,1,down,0.57411444,0.46,0.11411443,1,0.57411444
2025-11-02 16:00:00,2,up,0.4906553,0.46,0.030655295,0,0.46
2025-11-02 17:00:00,2,up,0.50860894,0.46,0.04860893,0,0.46
2025-11-02 18:00:00,2,down,0.5117635,0.46,0.051763505,0,0.46
2025-11-02 19:00:00,2,down,0.48283938,0.46,0.022839367,0,0.46
2025-11-02 20:00:00,2,down,0.4895385,0.46,0.029538482,0,0.46
2025-11-02 21:00:00,1,down,0.5747254,0.46,0.11472538,1,0.5747254
2025-11-02 22:00:00,2,up,0.46254608,0.46,0.002546072,0,0.46
2025-11-02 23:00:00,2,down,0.4761146,0.46,0.016114593,0,0.46
2025-11-03 00:00:00,1,down,0.58508205,0.46,0.12508205,1,0.58508205
2025-11-03 01:00:00,2,down,0.4780034,0.46,0.018003404,0,0.46
2025-11-03 02:00:00,2,down,0.50273776,0.46,0.042737752,0,0.46
2025-11-03 03:00:00,1,down,0.60345715,0.46,0.14345714,1,0.60345715
2025-11-03 04:00:00,2,down,0.49871776,0.46,0.038717747,0,0.46
2025-11-03 05:00:00,1,down,0.5656976,0.46,0.1056976,1,0.5656976
2025-11-03 06:00:00,2,down,0.5094749,0.46,0.049474865,0,0.46
2025-11-03 07:00:00,1,up,0.5594781,0.46,0.099478096,1,0.5594781
2025-11-03 08:00:00,2,down,0.46880996,0.46,0.008809954,0,0.46
2025-11-03 09:00:00,1,down,0.5550915,0.46,0.09509149,1,0.5550915
2025-11-03 10:00:00,1,up,0.5396134,0.46,0.07961342,1,0.5396134
2025-11-03 11:00:00,2,down,0.3979383,0.46,0.062061697,0,0.46
2025-11-03 12:00:00,2,up,0.46158674,0.46,0.0015867352,0,0.46
2025-11-03 13:00:00,0,up,0.38792506,0.46,0.07207495,1,0.38792506
2025-11-03 14:00:00,0,down,0.33887905,0.46,0.12112096,1,0.33887905
2025-11-03 15:00:00,1,up,0.5309563,0.46,0.07095632,1,0.5309563
2025-11-03 16:00:00,2,up,0.44437766,0.46,0.015622348,0,0.46
2025-11-03 17:00:00,2,down,0.51775604,0.46,0.057756037,0,0.46
2025-11-03 18:00:00,2,up,0.52287894,0.46,0.06287894,0,0.46
2025-11-03 19:00:00,2,down,0.48143885,0.46,0.021438837,0,0.46
2025-11-03 20:00:00,2,up,0.509069,0.46,0.049069017,0,0.46
2025-11-03 21:00:00,2,down,0.47789556,0.46,0.01789555,0,0.46
2025-11-03 22:00:00,2,up,0.4950477,0.46,0.03504768,0,0.46
2025-11-03 23:00:00,2,down,0.51973563,0.46,0.059735626,0,0.46
2025-11-04 00:00:00,2,up,0.50897413,0.46,0.048974127,0,0.46
2025-11-04 01:00:00,2,down,0.45906046,0.46,0.000939548,0,0.46
2025-11-04 02:00:00,1,up,0.59950495,0.46,0.13950494,1,0.59950495
2025-11-04 03:00:00,2,down,0.42740563,0.46,0.032594383,0,0.46
2025-11-04 04:00:00,2,down,0.52695125,0.46,0.066951245,0,0.46
2025-11-04 05:00:00,1,up,0.6004859,0.46,0.14048591,1,0.6004859
2025-11-04 06:00:00,2,down,0.51966745,0.46,0.05966744,0,0.46
2025-11-04 07:00:00,1,down,0.58644295,0.46,0.12644294,1,0.58644295
2025-11-04 08:00:00,1,down,0.5544969,0.46,0.094496876,1,0.5544969
2025-11-04 09:00:00,1,down,0.5418187,0.46,0.08181867,1,0.5418187
2025-11-04 10:00:00,1,up,0.58721983,0.46,0.12721983,1,0.58721983
2025-11-04 11:00:00,2,down,0.510364,0.46,0.050363988,0,0.46
2025-11-04 12:00:00,1,down,0.53877103,0.46,0.078771025,1,0.53877103
2025-11-04 13:00:00,1,up,0.5328414,0.46,0.072841376,1,0.5328414
2025-11-04 14:00:00,2,down,0.4449897,0.46,0.015010297,0,0.46
2025-11-04 15:00:00,1,down,0.56675076,0.46,0.10675076,1,0.56675076
2025-11-04 16:00:00,1,down,0.5910708,0.46,0.13107076,1,0.5910708
2025-11-04 17:00:00,1,up,0.57502156,0.46,0.11502156,1,0.57502156
2025-11-04 18:00:00,2,down,0.45083058,0.46,0.00916943,0,0.46
2025-11-04 19:00:00,1,up,0.6259451,0.46,0.16594508,1,0.6259451
2025-11-04 20:00:00,2,down,0.4696748,0.46,0.0096747875,0,0.46
2025-11-04 21:00:00,2,up,0.5163385,0.46,0.05633852,0,0.46
2025-11-04 22:00:00,2,up,0.4527438,0.46,0.00725621,0,0.46
2025-11-04 23:00:00,2,down,0.44484884,0.46,0.015151173,0,0.46
2025-11-05 00:00:00,2,up,0.5059262,0.46,0.045926183,0,0.46
2025-11-05 01:00:00,2,up,0.43706173,0.46,0.022938281,0,0.46
2025-11-05 02:00:00,2,up,0.45878336,0.46,0.00121665,0,0.46
2025-11-05 03:00:00,2,down,0.43978405,0.46,0.020215958,0,0.46
2025-11-05 04:00:00,2,down,0.4196263,0.46,0.040373713,0,0.46
2025-11-05 05:00:00,2,up,0.4624397,0.46,0.0024396777,0,0.46
2025-11-05 06:00:00,2,down,0.43834564,0.46,0.021654367,0,0.46
2025-11-05 07:00:00,2,down,0.46969417,0.46,0.009694159,0,0.46
2025-11-05 08:00:00,2,up,0.49052987,0.46,0.030529857,0,0.46
2025-11-05 09:00:00,2,down,0.5231805,0.46,0.06318048,0,0.46
2025-11-05 10:00:00,1,up,0.54528415,0.46,0.08528414,1,0.54528415
2025-11-05 11:00:00,2,up,0.48081753,0.46,0.020817518,0,0.46
2025-11-05 12:00:00,0,up,0.38424382,0.46,0.07575619,1,0.38424382
2025-11-05 13:00:00,0,up,0.38121247,0.46,0.078787535,1,0.38121247
2025-11-05 14:00:00,0,up,0.35013172,0.46,0.10986829,1,0.35013172
2025-11-05 15:00:00,0,up,0.36909002,0.46,0.09090999,1,0.36909002
2025-11-05 16:00:00,0,down,0.34850907,0.46,0.111490935,1,0.34850907
2025-11-05 17:00:00,0,up,0.34106222,0.46,0.11893779,1,0.34106222
2025-11-05 18:00:00,0,down,0.34912333,0.46,0.11087668,1,0.34912333
2025-11-05 19:00:00,2,down,0.44672346,0.46,0.013276547,0,0.46
2025-11-05 20:00:00,2,down,0.4717712,0.46,0.011771202,0,0.46
2025-11-05 21:00:00,2,up,0.4548384,0.46,0.005161613,0,0.46
2025-11-05 22:00:00,2,up,0.44096825,0.46,0.019031763,0,0.46
2025-11-05 23:00:00,2,down,0.45779893,0.46,0.0022010803,0,0.46
2025-11-06 00:00:00,2,down,0.43397543,0.46,0.02602458,0,0.46
2025-11-06 01:00:00,2,down,0.46678707,0.46,0.0067870617,0,0.46
2025-11-06 02:00:00,2,up,0.5068855,0.46,0.04688552,0,0.46
2025-11-06 03:00:00,2,up,0.49436066,0.46,0.034360647,0,0.46
2025-11-06 04:00:00,2,down,0.4162656,0.46,0.0437344,0,0.46
2025-11-06 05:00:00,2,up,0.5297255,0.46,0.06972548,0,0.46
2025-11-06 06:00:00,2,down,0.51858,0.46,0.05858001,0,0.46
2025-11-06 07:00:00,2,up,0.504538,0.46,0.04453799,0,0.46
2025-11-06 08:00:00,2,down,0.5104675,0.46,0.05046752,0,0.46
2025-11-06 09:00:00,1,up,0.62946284,0.46,0.16946283,1,0.62946284
2025-11-06 10:00:00,2,up,0.47263578,0.46,0.012635767,0,0.46
2025-11-06 11:00:00,2,down,0.48488167,0.46,0.024881661,0,0.46
2025-11-06 12:00:00,1,up,0.55511785,0.46,0.09511784,1,0.55511785
2025-11-06 13:00:00,2,down,0.49413776,0.46,0.034137756,0,0.46
2025-11-06 14:00:00,1,down,0.5391036,0.46,0.07910362,1,0.5391036
2025-11-06 15:00:00,1,down,0.534944,0.46,0.07494399,1,0.534944
2025-11-06 16:00:00,2,up,0.5213903,0.46,0.06139031,0,0.46
2025-11-06 17:00:00,2,down,0.47335163,0.46,0.013351619,0,0.46
2025-11-06 18:00:00,2,down,0.5181754,0.46,0.058175415,0,0.46
2025-11-06 19:00:00,2,down,0.5284289,0.46,0.068428904,0,0.46
2025-11-06 20:00:00,1,up,0.5515129,0.46,0.09151289,1,0.5515129
2025-11-06 21:00:00,2,up,0.48660845,0.46,0.026608437,0,0.46
2025-11-06 22:00:00,2,down,0.48211998,0.46,0.02211997,0,0.46
2025-11-06 23:00:00,2,up,0.46954203,0.46,0.009542018,0,0.46
2025-11-07 00:00:00,2,up,0.4381988,0.46,0.021801203,0,0.46
2025-11-07 01:00:00,2,up,0.44411492,0.46,0.015885085,0,0.46
2025-11-07 02:00:00,2,up,0.41874442,0.46,0.041255593,0,0.46
2025-11-07 03:00:00,2,up,0.45752934,0.46,0.0024706721,0,0.46
2025-11-07 04:00:00,2,up,0.39147177,0.46,0.068528235,0,0.46
2025-11-07 05:00:00,0,down,0.3820929,0.46,0.077907115,1,0.3820929
2025-11-07 06:00:00,2,up,0.5205462,0.46,0.06054619,0,0.46
2025-11-07 07:00:00,2,down,0.41802126,0.46,0.041978747,0,0.46
2025-11-07 08:00:00,1,down,0.54140544,0.46,0.08140543,1,0.54140544
2025-11-07 09:00:00,2,down,0.5191971,0.46,0.059197098,0,0.46
2025-11-07 10:00:00,1,down,0.53949577,0.46,0.07949576,1,0.53949577
2025-11-07 11:00:00,2,down,0.4447902,0.46,0.015209794,0,0.46
2025-11-07 12:00:00,1,up,0.56035155,0.46,0.10035154,1,0.56035155
2025-11-07 13:00:00,2,up,0.48935384,0.46,0.029353827,0,0.46
2025-11-07 14:00:00,2,down,0.4371468,0.46,0.022853196,0,0.46
2025-11-07 15:00:00,2,up,0.49674132,0.46,0.036741316,0,0.46
2025-11-07 16:00:00,2,up,0.4541994,0.46,0.005800605,0,0.46
2025-11-07 17:00:00,2,up,0.44947174,0.46,0.010528266,0,0.46
2025-11-07 18:00:00,2,up,0.44409984,0.46,0.015900165,0,0.46
2025-11-07 19:00:00,0,up,0.38330266,0.46,0.07669735,1,0.38330266
2025-11-07 20:00:00,0,up,0.36294988,0.46,0.09705013,1,0.36294988
2025-11-07 21:00:00,0,down,0.35380748,0.46,0.10619253,1,0.35380748
2025-11-07 22:00:00,2,down,0.45320994,0.46,0.0067900717,0,0.46
2025-11-07 23:00:00,2,down,0.47184724,0.46,0.011847228,0,0.46
2025-11-08 00:00:00,2,up,0.51622224,0.46,0.05622223,0,0.46
2025-11-08 01:00:00,2,down,0.5093943,0.46,0.04939428,0,0.46
2025-11-08 02:00:00,1,down,0.5304504,0.46,0.070450395,1,0.5304504
2025-11-08 03:00:00,1,down,0.5971397,0.46,0.13713971,1,0.5971397
2025-11-08 04:00:00,2,down,0.5142559,0.46,0.054255873,0,0.46
2025-11-08 05:00:00,2,down,0.5187446,0.46,0.05874458,0,0.46
2025-11-08 06:00:00,2,up,0.5296182,0.46,0.069618195,0,0.46
2025-11-08 07:00:00,2,up,0.4999786,0.46,0.039978594,0,0.46
2025-11-08 08:00:00,2,down,0.46649,0.46,0.006489992,0,0.46
2025-11-08 09:00:00,2,up,0.46802184,0.46,0.0080218315,0,0.46
2025-11-08 10:00:00,2,down,0.43860674,0.46,0.02139327,0,0.46
2025-11-08 11:00:00,2,up,0.50817066,0.46,0.048170656,0,0.46
2025-11-08 12:00:00,2,down,0.482475,0.46,0.022475004,0,0.46
2025-11-08 13:00:00,2,up,0.5029042,0.46,0.04290417,0,0.46
2025-11-08 14:00:00,2,down,0.48199162,0.46,0.02199161,0,0.46
2025-11-08 15:00:00,2,up,0.513909,0.46,0.053908974,0,0.46
2025-11-08 16:00:00,2,up,0.4940856,0.46,0.0340856,0,0.46
2025-11-08 17:00:00,2,up,0.44632643,0.46,0.013673574,0,0.46
2025-11-08 18:00:00,0,down,0.3893288,0.46,0.0706712,1,0.3893288
2025-11-08 19:00:00,2,up,0.46431068,0.46,0.0043106675,0,0.46
2025-11-08 20:00:00,2,up,0.46591172,0.46,0.005911708,0,0.46
2025-11-08 21:00:00,2,up,0.4404827,0.46,0.019517303,0,0.46
2025-11-08 22:00:00,2,down,0.3908175,0.46,0.069182515,0,0.46
2025-11-08 23:00:00,2,down,0.43492946,0.46,0.025070548,0,0.46
2025-11-09 00:00:00,2,up,0.519553,0.46,0.059552997,0,0.46
2025-11-09 01:00:00,2,down,0.41753387,0.46,0.042466134,0,0.46
2025-11-09 02:00:00,2,up,0.5153793,0.46,0.0553793,0,0.46
2025-11-09 03:00:00,2,up,0.4529717,0.46,0.0070283115,0,0.46
2025-11-09 04:00:00,1,up,0.56005955,0.46,0.10005954,1,0.56005955
2025-11-09 05:00:00,2,down,0.48334834,0.46,0.023348331,0,0.46
2025-11-09 06:00:00,1,up,0.5326671,0.46,0.07266709,1,0.5326671
2025-11-09 07:00:00,2,up,0.44944695,0.46,0.010553062,0,0.46
2025-11-09 08:00:00,2,down,0.45847616,0.46,0.0015238523,0,0.46
2025-11-09 09:00:00,2,up,0.5017597,0.46,0.0417597,0,0.46
2025-11-09 10:00:00,2,up,0.42501894,0.46,0.034981072,0,0.46
2025-11-09 11:00:00,2,down,0.39138377,0.46,0.06861624,0,0.46
2025-11-09 12:00:00,2,up,0.44209105,0.46,0.01790896,0,0.46
2025-11-09 13:00:00,0,up,0.38955826,0.46,0.07044175,1,0.38955826
2025-11-09 14:00:00,2,up,0.45164934,0.46,0.00835067,0,0.46
2025-11-09 15:00:00,2,up,0.4368449,0.46,0.023155123,0,0.46
2025-11-09 16:00:00,2,down,0.3906233,0.46,0.06937671,0,0.46
2025-11-09 17:00:00,2,up,0.428652,0.46,0.03134802,0,0.46
2025-11-09 18:00:00,0,up,0.36562592,0.46,0.09437409,1,0.36562592
2025-11-09 19:00:00,0,down,0.34390968,0.46,0.11609033,1,0.34390968
2025-11-09 20:00:00,2,down,0.42397752,0.46,0.036022484,0,0.46
2025-11-09 21:00:00,2,up,0.45567676,0.46,0.004323244,0,0.46
2025-11-09 22:00:00,0,down,0.36908498,0.46,0.090915024,1,0.36908498
2025-11-09 23:00:00,2,up,0.4709635,0.46,0.0109635,0,0.46
2025-11-10 00:00:00,2,down,0.4836174,0.46,0.023617387,0,0.46
2025-11-10 01:00:00,1,up,0.54319715,0.46,0.08319715,1,0.54319715
2025-11-10 02:00:00,2,up,0.3907943,0.46,0.0692057,0,0.46
2025-11-10 03:00:00,2,up,0.48433632,0.46,0.024336308,0,0.46
2025-11-10 04:00:00,2,down,0.39121243,0.46,0.068787575,0,0.46
2025-11-10 05:00:00,2,up,0.4346511,0.46,0.025348902,0,0.46
2025-11-10 06:00:00,0,up,0.3860347,0.46,0.07396531,1,0.3860347
2025-11-10 07:00:00,0,down,0.36417547,0.46,0.09582454,1,0.36417547
2025-11-10 08:00:00,2,up,0.50344735,0.46,0.043447345,0,0.46
2025-11-10 09:00:00,2,down,0.3917853,0.46,0.068214715,0,0.46
2025-11-10 10:00:00,2,up,0.5072196,0.46,0.047219604,0,0.46
2025-11-10 11:00:00,2,down,0.40322387,0.46,0.056776136,0,0.46
2025-11-10 12:00:00,2,up,0.5253467,0.46,0.06534669,0,0.46
2025-11-10 13:00:00,0,down,0.37526038,0.46,0.084739625,1,0.37526038
2025-11-10 14:00:00,1,up,0.5445096,0.46,0.08450958,1,0.5445096
2025-11-10 15:00:00,1,up,0.57365286,0.46,0.113652855,1,0.57365286
2025-11-10 16:00:00,2,up,0.43950993,0.46,0.02049008,0,0.46
2025-11-10 17:00:00,2,down,0.42654335,0.46,0.033456653,0,0.46
2025-11-10 18:00:00,1,up,0.5396948,0.46,0.07969478,1,0.5396948
2025-11-10 19:00:00,2,up,0.41580772,0.46,0.044192284,0,0.46
2025-11-10 20:00:00,2,down,0.45028496,0.46,0.00971505,0,0.46
2025-11-10 21:00:00,2,up,0.46182394,0.46,0.0018239319,0,0.46
2025-11-10 22:00:00,0,down,0.37971923,0.46,0.08028078,1,0.37971923
2025-11-10 23:00:00,2,up,0.45141476,0.46,0.008585244,0,0.46
2025-11-11 00:00:00,0,down,0.32315582,0.46,0.13684419,1,0.32315582
2025-11-11 01:00:00,2,up,0.47118202,0.46,0.01118201,0,0.46
2025-11-11 02:00:00,2,down,0.40099636,0.46,0.05900365,0,0.46
2025-11-11 03:00:00,2,down,0.46204877,0.46,0.0020487607,0,0.46
2025-11-11 04:00:00,2,down,0.49977538,0.46,0.03977537,0,0.46
2025-11-11 05:00:00,1,up,0.54882973,0.46,0.088829726,1,0.54882973
2025-11-11 06:00:00,2,down,0.5017413,0.46,0.04174128,0,0.46
2025-11-11 07:00:00,1,up,0.6288341,0.46,0.16883412,1,0.6288341
2025-11-11 08:00:00,1,down,0.5749988,0.46,0.11499879,1,0.5749988
2025-11-11 09:00:00,1,up,0.61229205,0.46,0.15229204,1,0.61229205
2025-11-11 10:00:00,2,up,0.49796778,0.46,0.03796777,0,0.46
2025-11-11 11:00:00,1,down,0.5313859,0.46,0.07138589,1,0.5313859
2025-11-11 12:00:00,2,down,0.5282603,0.46,0.06826028,0,0.46
2025-11-11 13:00:00,2,up,0.49477234,0.46,0.034772336,0,0.46
2025-11-11 14:00:00,2,down,0.41339004,0.46,0.046609968,0,0.46
2025-11-11 15:00:00,1,down,0.5402492,0.46,0.08024922,1,0.5402492
2025-11-11 16:00:00,1,down,0.5509943,0.46,0.09099427,1,0.5509943
2025-11-11 17:00:00,2,up,0.51490515,0.46,0.054905146,0,0.46
2025-11-11 18:00:00,1,down,0.53717,0.46,0.077169985,1,0.53717
2025-11-11 19:00:00,1,down,0.5605701,0.46,0.10057011,1,0.5605701
2025-11-11 20:00:00,1,down,0.5599793,0.46,0.09997931,1,0.5599793
2025-11-11 21:00:00,1,up,0.56380516,0.46,0.103805155,1,0.56380516
2025-11-11 22:00:00,1,up,0.54753083,0.46,0.08753082,1,0.54753083
2025-11-11 23:00:00,2,down,0.49404824,0.46,0.03404823,0,0.46
2025-11-12 00:00:00,2,up,0.52121645,0.46,0.061216444,0,0.46
2025-11-12 01:00:00,2,down,0.42301312,0.46,0.036986887,0,0.46
2025-11-12 02:00:00,2,up,0.47060132,0.46,0.010601312,0,0.46
2025-11-12 03:00:00,2,down,0.4684514,0.46,0.008451402,0,0.46
2025-11-12 04:00:00,2,up,0.5017798,0.46,0.041779786,0,0.46
2025-11-12 05:00:00,2,down,0.46905795,0.46,0.009057939,0,0.46
2025-11-12 06:00:00,2,down,0.5052252,0.46,0.045225173,0,0.46
2025-11-12 07:00:00,2,up,0.5252433,0.46,0.065243274,0,0.46
2025-11-12 08:00:00,2,up,0.45208552,0.46,0.007914484,0,0.46
2025-11-12 09:00:00,2,up,0.50257504,0.46,0.04257503,0,0.46
2025-11-12 10:00:00,0,up,0.38371968,0.46,0.076280326,1,0.38371968
2025-11-12 11:00:00,0,down,0.37925622,0.46,0.08074379,1,0.37925622
2025-11-12 12:00:00,2,up,0.43385172,0.46,0.02614829,0,0.46
2025-11-12 13:00:00,0,down,0.3801689,0.46,0.07983109,1,0.3801689
2025-11-12 14:00:00,2,down,0.50178874,0.46,0.041788727,0,0.46
2025-11-12 15:00:00,1,down,0.5581968,0.46,0.098196775,1,0.5581968
2025-11-12 16:00:00,1,up,0.582626,0.46,0.12262598,1,0.582626
2025-11-12 17:00:00,1,down,0.59242576,0.46,0.13242576,1,0.59242576
2025-11-12 18:00:00,1,down,0.64897287,0.46,0.18897286,1,0.64897287
2025-11-12 19:00:00,2,up,0.51962155,0.46,0.059621543,0,0.46
2025-11-12 20:00:00,1,up,0.55460984,0.46,0.09460983,1,0.55460984
2025-11-12 21:00:00,2,up,0.46670708,0.46,0.0067070723,0,0.46
2025-11-12 22:00:00,2,down,0.4589321,0.46,0.0010679066,0,0.46
2025-11-12 23:00:00,2,up,0.51510006,0.46,0.055100054,0,0.46
2025-11-13 00:00:00,2,up,0.4856632,0.46,0.025663197,0,0.46
2025-11-13 01:00:00,2,up,0.5061143,0.46,0.046114296,0,0.46
2025-11-13 02:00:00,2,up,0.4682946,0.46,0.008294582,0,0.46
2025-11-13 03:00:00,2,down,0.45171556,0.46,0.00828445,0,0.46
2025-11-13 04:00:00,2,up,0.42934558,0.46,0.03065443,0,0.46
2025-11-13 05:00:00,2,up,0.39657393,0.46,0.06342608,0,0.46
2025-11-13 06:00:00,0,down,0.37961346,0.46,0.08038655,1,0.37961346
2025-11-13 07:00:00,2,up,0.48055795,0.46,0.02055794,0,0.46
2025-11-13 08:00:00,0,down,0.3660451,0.46,0.09395492,1,0.3660451
2025-11-13 09:00:00,2,up,0.47392303,0.46,0.013923019,0,0.46
2025-11-13 10:00:00,2,down,0.4936601,0.46,0.033660084,0,0.46
2025-11-13 11:00:00,2,up,0.5090606,0.46,0.049060613,0,0.46
2025-11-13 12:00:00,2,down,0.4171324,0.46,0.0428676,0,0.46
2025-11-13 13:00:00,1,up,0.5541518,0.46,0.094151765,1,0.5541518
2025-11-13 14:00:00,2,down,0.4615654,0.46,0.0015653968,0,0.46
2025-11-13 15:00:00,1,down,0.54920167,0.46,0.08920166,1,0.54920167
2025-11-13 16:00:00,1,down,0.6078892,0.46,0.14788917,1,0.6078892
2025-11-13 17:00:00,1,down,0.6382627,0.46,0.17826268,1,0.6382627
2025-11-13 18:00:00,1,up,0.56859,0.46,0.10858998,1,0.56859
2025-11-13 19:00:00,1,down,0.60630906,0.46,0.14630905,1,0.60630906
2025-11-13 20:00:00,1,up,0.64091164,0.46,0.18091163,1,0.64091164
2025-11-13 21:00:00,2,up,0.52732146,0.46,0.06732145,0,0.46
2025-11-13 22:00:00,2,down,0.50470626,0.46,0.044706255,0,0.46
2025-11-13 23:00:00,2,down,0.4956987,0.46,0.035698682,0,0.46
2025-11-14 00:00:00,2,up,0.49436298,0.46,0.03436297,0,0.46
2025-11-14 01:00:00,1,up,0.5401542,0.46,0.08015421,1,0.5401542
2025-11-14 02:00:00,1,down,0.55484366,0.46,0.094843656,1,0.55484366
2025-11-14 03:00:00,1,down,0.5330489,0.46,0.07304892,1,0.5330489
2025-11-14 04:00:00,2,down,0.48311412,0.46,0.023114115,0,0.46
2025-11-14 05:00:00,2,up,0.50165445,0.46,0.041654438,0,0.46
2025-11-14 06:00:00,2,down,0.4748077,0.46,0.014807701,0,0.46
2025-11-14 07:00:00,2,up,0.5279876,0.46,0.06798759,0,0.46
2025-11-14 08:00:00,2,down,0.4818044,0.46,0.021804392,0,0.46
2025-11-14 09:00:00,1,down,0.5967076,0.46,0.13670757,1,0.5967076
2025-11-14 10:00:00,1,down,0.5868201,0.46,0.12682012,1,0.5868201
2025-11-14 11:00:00,1,down,0.5720983,0.46,0.11209831,1,0.5720983
2025-11-14 12:00:00,2,down,0.5211236,0.46,0.06112358,0,0.46
2025-11-14 13:00:00,2,up,0.45848188,0.46,0.0015181303,0,0.46
2025-11-14 14:00:00,2,up,0.5132124,0.46,0.053212374,0,0.46
2025-11-14 15:00:00,2,up,0.43964648,0.46,0.020353526,0,0.46
2025-11-14 16:00:00,2,down,0.4128045,0.46,0.047195494,0,0.46
2025-11-14 17:00:00,1,down,0.5438978,0.46,0.0838978,1,0.5438978
2025-11-14 18:00:00,1,up,0.54224294,0.46,0.082242936,1,0.54224294
2025-11-14 19:00:00,1,down,0.5451995,0.46,0.085199505,1,0.5451995
2025-11-14 20:00:00,1,up,0.61507505,0.46,0.15507504,1,0.61507505
2025-11-14 21:00:00,1,up,0.5827993,0.46,0.12279931,1,0.5827993
2025-11-14 22:00:00,1,down,0.5643368,0.46,0.10433677,1,0.5643368
2025-11-14 23:00:00,1,up,0.5490208,0.46,0.08902082,1,0.5490208
2025-11-15 00:00:00,1,up,0.5739461,0.46,0.11394611,1,0.5739461
2025-11-15 01:00:00,2,up,0.48541832,0.46,0.025418311,0,0.46
2025-11-15 02:00:00,2,down,0.4360773,0.46,0.023922712,0,0.46
2025-11-15 03:00:00,2,down,0.4384553,0.46,0.021544695,0,0.46
2025-11-15 04:00:00,2,up,0.4434268,0.46,0.01657322,0,0.46
2025-11-15 05:00:00,2,down,0.42678666,0.46,0.033213347,0,0.46
2025-11-15 06:00:00,2,up,0.5075113,0.46,0.04751131,0,0.46
2025-11-15 07:00:00,2,down,0.41717425,0.46,0.04282576,0,0.46
2025-11-15 08:00:00,2,down,0.51900625,0.46,0.059006244,0,0.46
2025-11-15 09:00:00,2,up,0.5205393,0.46,0.060539275,0,0.46
2025-11-15 10:00:00,2,down,0.5206678,0.46,0.060667783,0,0.46
2025-11-15 11:00:00,1,up,0.53136,0.46,0.07135996,1,0.53136
2025-11-15 12:00:00,2,up,0.5190797,0.46,0.059079677,0,0.46
2025-11-15 13:00:00,0,down,0.3872872,0.46,0.07271281,1,0.3872872
2025-11-15 14:00:00,2,up,0.3955234,0.46,0.06447661,0,0.46
2025-11-15 15:00:00,2,down,0.45026585,0.46,0.009734154,0,0.46
2025-11-15 16:00:00,2,up,0.43915302,0.46,0.020846993,0,0.46
2025-11-15 17:00:00,2,down,0.42441374,0.46,0.035586268,0,0.46
2025-11-15 18:00:00,2,down,0.47833726,0.46,0.01833725,0,0.46
2025-11-15 19:00:00,2,down,0.5114971,0.46,0.051497072,0,0.46
2025-11-15 20:00:00,1,up,0.54629326,0.46,0.08629325,1,0.54629326
2025-11-15 21:00:00,1,up,0.57578546,0.46,0.11578545,1,0.57578546
2025-11-15 22:00:00,1,down,0.53985435,0.46,0.07985434,1,0.53985435
2025-11-15 23:00:00,2,down,0.50857747,0.46,0.048577458,0,0.46
2025-11-16 00:00:00,2,down,0.50453955,0.46,0.04453954,0,0.46
2025-11-16 01:00:00,2,up,0.513098,0.46,0.053097993,0,0.46
2025-11-16 02:00:00,2,down,0.39495802,0.46,0.06504199,0,0.46
2025-11-16 03:00:00,2,down,0.43690392,0.46,0.023096085,0,0.46
2025-11-16 04:00:00,2,up,0.4310503,0.46,0.028949708,0,0.46
2025-11-16 05:00:00,2,down,0.50868225,0.46,0.048682243,0,0.46
2025-11-16 06:00:00,2,up,0.44963893,0.46,0.010361075,0,0.46
2025-11-16 07:00:00,0,up,0.36469698,0.46,0.09530303,1,0.36469698
2025-11-16 08:00:00,0,up,0.36537346,0.46,0.094626546,1,0.36537346
2025-11-16 09:00:00,0,down,0.37110314,0.46,0.08889687,1,0.37110314
2025-11-16 10:00:00,2,down,0.4519919,0.46,0.008008122,0,0.46
2025-11-16 11:00:00,2,up,0.49960026,0.46,0.039600253,0,0.46
2025-11-16 12:00:00,2,down,0.4652034,0.46,0.005203396,0,0.46
2025-11-16 13:00:00,2,up,0.52345484,0.46,0.06345484,0,0.46
2025-11-16 14:00:00,2,down,0.51906836,0.46,0.059068352,0,0.46
2025-11-16 15:00:00,1,down,0.546015,0.46,0.086015016,1,0.546015
2025-11-16 16:00:00,1,up,0.5777572,0.46,0.11775717,1,0.5777572
2025-11-16 17:00:00,2,down,0.45937115,0.46,0.0006288588,0,0.46
2025-11-16 18:00:00,1,down,0.6000089,0.46,0.1400089,1,0.6000089
2025-11-16 19:00:00,1,up,0.5688953,0.46,0.10889527,1,0.5688953
2025-11-16 20:00:00,1,down,0.5766278,0.46,0.11662778,1,0.5766278
2025-11-16 21:00:00,1,up,0.54820067,0.46,0.08820066,1,0.54820067
2025-11-16 22:00:00,2,up,0.45292044,0.46,0.0070795715,0,0.46
2025-11-16 23:00:00,2,up,0.43265453,0.46,0.027345479,0,0.46
2025-11-17 00:00:00,2,down,0.4247291,0.46,0.0352709,0,0.46
2025-11-17 01:00:00,2,up,0.48680297,0.46,0.026802957,0,0.46
2025-11-17 02:00:00,2,up,0.44914687,0.46,0.010853142,0,0.46
2025-11-17 03:00:00,2,down,0.40677506,0.46,0.05322495,0,0.46
2025-11-17 04:00:00,2,up,0.45783576,0.46,0.0021642447,0,0.46
2025-11-17 05:00:00,2,up,0.4198226,0.46,0.040177405,0,0.46
2025-11-17 06:00:00,2,up,0.41939932,0.46,0.040600687,0,0.46
2025-11-17 07:00:00,2,down,0.40844706,0.46,0.05155295,0,0.46
2025-11-17 08:00:00,2,up,0.44935876,0.46,0.010641247,0,0.46
2025-11-17 09:00:00,2,down,0.40359837,0.46,0.05640164,0,0.46
2025-11-17 10:00:00,2,down,0.4535479,0.46,0.0064521134,0,0.46
2025-11-17 11:00:00,2,down,0.4262634,0.46,0.033736616,0,0.46
2025-11-17 12:00:00,2,down,0.49513543,0.46,0.03513542,0,0.46
2025-11-17 13:00:00,1,up,0.5472228,0.46,0.087222785,1,0.5472228
2025-11-17 14:00:00,1,down,0.53251845,0.46,0.07251844,1,0.53251845
2025-11-17 15:00:00,1,up,0.6059745,0.46,0.14597449,1,0.6059745
2025-11-17 16:00:00,2,down,0.44357127,0.46,0.016428739,0,0.46
2025-11-17 17:00:00,1,down,0.539455,0.46,0.07945499,1,0.539455
2025-11-17 18:00:00,1,down,0.6045804,0.46,0.1445804,1,0.6045804
2025-11-17 19:00:00,1,up,0.6316066,0.46,0.17160657,1,0.6316066
2025-11-17 20:00:00,2,up,0.5026524,0.46,0.0426524,0,0.46
2025-11-17 21:00:00,1,up,0.53032184,0.46,0.07032183,1,0.53032184
2025-11-17 22:00:00,2,down,0.45449832,0.46,0.0055016875,0,0.46
2025-11-17 23:00:00,2,down,0.48945272,0.46,0.029452711,0,0.46
2025-11-18 00:00:00,2,down,0.4269459,0.46,0.033054113,0,0.46
2025-11-18 01:00:00,2,down,0.505361,0.46,0.045361012,0,0.46
2025-11-18 02:00:00,1,down,0.55087703,0.46,0.09087703,1,0.55087703
2025-11-18 03:00:00,2,down,0.44669282,0.46,0.013307184,0,0.46
2025-11-18 04:00:00,2,up,0.49839756,0.46,0.03839755,0,0.46
2025-11-18 05:00:00,2,down,0.51924527,0.46,0.05924526,0,0.46
2025-11-18 06:00:00,1,up,0.6016956,0.46,0.14169559,1,0.6016956
2025-11-18 07:00:00,2,up,0.46753103,0.46,0.007531017,0,0.46
2025-11-18 08:00:00,2,up,0.46624783,0.46,0.0062478185,0,0.46
2025-11-18 09:00:00,2,up,0.40002877,0.46,0.059971243,0,0.46
2025-11-18 10:00:00,0,down,0.38585287,0.46,0.074147135,1,0.38585287
2025-11-18 11:00:00,2,up,0.4012375,0.46,0.05876252,0,0.46
2025-11-18 12:00:00,2,down,0.4311152,0.46,0.028884798,0,0.46
2025-11-18 13:00:00,2,down,0.43684664,0.46,0.023153365,0,0.46
2025-11-18 14:00:00,2,up,0.49913022,0.46,0.03913021,0,0.46
2025-11-18 15:00:00,2,up,0.45735052,0.46,0.002649486,0,0.46
2025-11-18 16:00:00,2,down,0.43325576,0.46,0.026744246,0,0.46
2025-11-18 17:00:00,2,up,0.39499864,0.46,0.06500137,0,0.46
2025-11-18 18:00:00,2,down,0.449314,0.46,0.01068601,0,0.46
2025-11-18 19:00:00,2,down,0.45340985,0.46,0.0065901577,0,0.46
2025-11-18 20:00:00,2,down,0.47850806,0.46,0.018508047,0,0.46
2025-11-18 21:00:00,2,up,0.52663845,0.46,0.06663844,0,0.46
2025-11-18 22:00:00,2,down,0.48700774,0.46,0.027007729,0,0.46
2025-11-18 23:00:00,2,down,0.41665134,0.46,0.04334867,0,0.46
2025-11-19 00:00:00,2,up,0.4751961,0.46,0.015196085,0,0.46
2025-11-19 01:00:00,2,up,0.50109714,0.46,0.041097134,0,0.46
2025-11-19 02:00:00,2,down,0.51729304,0.46,0.057293028,0,0.46
2025-11-19 03:00:00,1,down,0.5517635,0.46,0.09176347,1,0.5517635
2025-11-19 04:00:00,1,down,0.64827234,0.46,0.18827233,1,0.64827234
2025-11-19 05:00:00,2,up,0.5283321,0.46,0.068332106,0,0.46
2025-11-19 06:00:00,2,up,0.4794191,0.46,0.019419104,0,0.46
2025-11-19 07:00:00,2,down,0.48503324,0.46,0.025033236,0,0.46
2025-11-19 08:00:00,2,up,0.52141374,0.46,0.061413735,0,0.46
2025-11-19 09:00:00,2,down,0.43970862,0.46,0.020291388,0,0.46
2025-11-19 10:00:00,2,up,0.50487584,0.46,0.04487583,0,0.46
2025-11-19 11:00:00,1,up,0.5558125,0.46,0.09581247,1,0.5558125
2025-11-19 12:00:00,2,down,0.4652243,0.46,0.0052242875,0,0.46
2025-11-19 13:00:00,2,up,0.50572723,0.46,0.045727223,0,0.46
2025-11-19 14:00:00,2,down,0.40532666,0.46,0.054673344,0,0.46
2025-11-19 15:00:00,2,down,0.5232958,0.46,0.06329581,0,0.46
2025-11-19 16:00:00,2,down,0.4828516,0.46,0.022851586,0,0.46
2025-11-19 17:00:00,2,down,0.49402013,0.46,0.034020126,0,0.46
2025-11-19 18:00:00,2,down,0.5166122,0.46,0.056612164,0,0.46
2025-11-19 19:00:00,1,up,0.5664626,0.46,0.10646257,1,0.5664626
2025-11-19 20:00:00,2,up,0.48839626,0.46,0.028396249,0,0.46
2025-11-19 21:00:00,2,down,0.45819157,0.46,0.0018084347,0,0.46
2025-11-19 22:00:00,2,up,0.4117999,0.46,0.0482001,0,0.46
2025-11-19 23:00:00,2,up,0.43008664,0.46,0.029913366,0,0.46
2025-11-20 00:00:00,2,up,0.4347915,0.46,0.025208503,0,0.46
2025-11-20 01:00:00,2,up,0.39587834,0.46,0.06412166,0,0.46
2025-11-20 02:00:00,2,down,0.41213444,0.46,0.04786557,0,0.46
2025-11-20 03:00:00,2,up,0.43213534,0.46,0.027864665,0,0.46
2025-11-20 04:00:00,0,down,0.34065646,0.46,0.11934355,1,0.34065646
2025-11-20 05:00:00,2,down,0.46494725,0.46,0.004947245,0,0.46
2025-11-20 06:00:00,2,up,0.5123315,0.46,0.052331477,0,0.46
2025-11-20 07:00:00,2,down,0.45202932,0.46,0.007970691,0,0.46
2025-11-20 08:00:00,2,down,0.47806874,0.46,0.01806873,0,0.46
2025-11-20 09:00:00,2,down,0.43530166,0.46,0.024698347,0,0.46
2025-11-20 10:00:00,2,up,0.51176906,0.46,0.051769048,0,0.46
2025-11-20 11:00:00,2,down,0.48010853,0.46,0.020108521,0,0.46
2025-11-20 12:00:00,2,down,0.5144674,0.46,0.05446741,0,0.46
2025-11-20 13:00:00,2,down,0.5194444,0.46,0.059444398,0,0.46
2025-11-20 14:00:00,2,down,0.47109,0.46,0.011089981,0,0.46
2025-11-20 15:00:00,1,down,0.62812257,0.46,0.16812256,1,0.62812257
2025-11-20 16:00:00,1,down,0.5690055,0.46,0.10900548,1,0.5690055
2025-11-20 17:00:00,2,down,0.5015774,0.46,0.04157737,0,0.46
2025-11-20 18:00:00,1,up,0.62958586,0.46,0.16958585,1,0.62958586
2025-11-20 19:00:00,2,down,0.49494728,0.46,0.034947276,0,0.46
2025-11-20 20:00:00,1,up,0.6069004,0.46,0.14690039,1,0.6069004
2025-11-20 21:00:00,2,up,0.51216054,0.46,0.05216053,0,0.46
2025-11-20 22:00:00,2,down,0.44161636,0.46,0.018383652,0,0.46
2025-11-20 23:00:00,1,up,0.5493298,0.46,0.08932981,1,0.5493298
2025-11-21 00:00:00,2,down,0.4597318,0.46,0.0002682209,0,0.46
2025-11-21 01:00:00,2,down,0.49743065,0.46,0.037430644,0,0.46
2025-11-21 02:00:00,1,up,0.5885924,0.46,0.1285924,1,0.5885924
2025-11-21 03:00:00,1,up,0.56336343,0.46,0.103363425,1,0.56336343
2025-11-21 04:00:00,2,up,0.50949425,0.46,0.049494237,0,0.46
2025-11-21 05:00:00,2,down,0.52377856,0.46,0.06377855,0,0.46
2025-11-21 06:00:00,1,down,0.56111497,0.46,0.10111496,1,0.56111497
2025-11-21 07:00:00,2,down,0.5276068,0.46,0.06760678,0,0.46
2025-11-21 08:00:00,1,down,0.5961867,0.46,0.13618669,1,0.5961867
2025-11-21 09:00:00,1,up,0.6206725,0.46,0.16067252,1,0.6206725
2025-11-21 10:00:00,2,down,0.41838142,0.46,0.041618586,0,0.46
2025-11-21 11:00:00,1,up,0.5618976,0.46,0.10189757,1,0.5618976
2025-11-21 12:00:00,2,up,0.45059267,0.46,0.0094073415,0,0.46
2025-11-21 13:00:00,2,up,0.43027118,0.46,0.02972883,0,0.46
2025-11-21 14:00:00,2,down,0.43162963,0.46,0.02837038,0,0.46
2025-11-21 15:00:00,2,up,0.5142883,0.46,0.054288298,0,0.46
2025-11-21 16:00:00,2,down,0.44574708,0.46,0.014252931,0,0.46
2025-11-21 17:00:00,2,down,0.49385667,0.46,0.03385666,0,0.46
2025-11-21 18:00:00,2,down,0.47631326,0.46,0.016313255,0,0.46
2025-11-21 19:00:00,1,up,0.5622688,0.46,0.102268785,1,0.5622688
2025-11-21 20:00:00,2,up,0.505666,0.46,0.04566601,0,0.46
2025-11-21 21:00:00,2,down,0.48989698,0.46,0.029896975,0,0.46
2025-11-21 22:00:00,1,up,0.55138946,0.46,0.09138945,1,0.55138946
2025-11-21 23:00:00,2,down,0.4656348,0.46,0.0056347847,0,0.46
2025-11-22 00:00:00,2,up,0.5107248,0.46,0.050724775,0,0.46
2025-11-22 01:00:00,2,down,0.4033367,0.46,0.056663305,0,0.46
2025-11-22 02:00:00,1,down,0.55535585,0.46,0.09535584,1,0.55535585
2025-11-22 03:00:00,2,down,0.51643676,0.46,0.056436747,0,0.46
2025-11-22 04:00:00,1,up,0.56413966,0.46,0.104139656,1,0.56413966
2025-11-22 05:00:00,2,up,0.48962694,0.46,0.029626936,0,0.46
2025-11-22 06:00:00,2,down,0.50066286,0.46,0.040662855,0,0.46
2025-11-22 07:00:00,2,down,0.47874182,0.46,0.018741816,0,0.46
2025-11-22 08:00:00,1,down,0.5709722,0.46,0.110972196,1,0.5709722
2025-11-22 09:00:00,2,down,0.4948121,0.46,0.034812093,0,0.46
2025-11-22 10:00:00,2,up,0.5120391,0.46,0.052039117,0,0.46
2025-11-22 11:00:00,2,down,0.51099193,0.46,0.050991923,0,0.46
2025-11-22 12:00:00,2,up,0.47592375,0.46,0.015923738,0,0.46
2025-11-22 13:00:00,2,up,0.487119,0.46,0.02711898,0,0.46
2025-11-22 14:00:00,2,down,0.43605417,0.46,0.023945838,0,0.46
2025-11-22 15:00:00,2,up,0.45116144,0.46,0.008838564,0,0.46
2025-11-22 16:00:00,2,down,0.4091255,0.46,0.0508745,0,0.46
2025-11-22 17:00:00,2,up,0.42774865,0.46,0.032251358,0,0.46
2025-11-22 18:00:00,2,down,0.39220172,0.46,0.06779829,0,0.46
2025-11-22 19:00:00,2,down,0.47265366,0.46,0.012653649,0,0.46
2025-11-22 20:00:00,2,down,0.46450022,0.46,0.0045002103,0,0.46
2025-11-22 21:00:00,2,up,0.5156578,0.46,0.055657774,0,0.46
2025-11-22 22:00:00,2,down,0.39587408,0.46,0.064125925,0,0.46
2025-11-22 23:00:00,2,up,0.4424406,0.46,0.01755941,0,0.46
2025-11-23 00:00:00,2,up,0.4519699,0.46,0.008030117,0,0.46
2025-11-23 01:00:00,2,up,0.45223254,0.46,0.0077674687,0,0.46
2025-11-23 02:00:00,2,up,0.4894297,0.46,0.029429704,0,0.46
2025-11-23 03:00:00,0,up,0.36665848,0.46,0.09334153,1,0.36665848
2025-11-23 04:00:00,2,down,0.4400275,0.46,0.019972503,0,0.46
2025-11-23 05:00:00,2,down,0.39410713,0.46,0.065892875,0,0.46
2025-11-23 06:00:00,2,down,0.5210048,0.46,0.061004788,0,0.46
2025-11-23 07:00:00,2,up,0.46980107,0.46,0.00980106,0,0.46
2025-11-23 08:00:00,2,up,0.43616813,0.46,0.023831874,0,0.46
2025-11-23 09:00:00,0,down,0.38661727,0.46,0.073382735,1,0.38661727
2025-11-23 10:00:00,2,up,0.49412134,0.46,0.034121335,0,0.46
2025-11-23 11:00:00,0,up,0.38668805,0.46,0.073311955,1,0.38668805
2025-11-23 12:00:00,2,up,0.45956635,0.46,0.0004336536,0,0.46
2025-11-23 13:00:00,0,down,0.3612126,0.46,0.0987874,1,0.3612126
2025-11-23 14:00:00,2,up,0.48762897,0.46,0.027628958,0,0.46
2025-11-23 15:00:00,0,down,0.36711156,0.46,0.092888445,1,0.36711156
2025-11-23 16:00:00,1,up,0.5311026,0.46,0.07110259,1,0.5311026
2025-11-23 17:00:00,2,up,0.4275554,0.46,0.032444596,0,0.46
2025-11-23 18:00:00,2,up,0.48197642,0.46,0.021976411,0,0.46
2025-11-23 19:00:00,2,up,0.44779038,0.46,0.012209624,0,0.46
2025-11-23 20:00:00,0,up,0.3873464,0.46,0.07265362,1,0.3873464
2025-11-23 21:00:00,0,up,0.35459474,0.46,0.10540527,1,0.35459474
2025-11-23 22:00:00,0,down,0.35219076,0.46,0.107809246,1,0.35219076
2025-11-23 23:00:00,2,down,0.47811097,0.46,0.01811096,0,0.46
2025-11-24 00:00:00,2,up,0.49540126,0.46,0.035401255,0,0.46
2025-11-24 01:00:00,2,up,0.43080765,0.46,0.029192358,0,0.46
2025-11-24 02:00:00,2,down,0.49520102,0.46,0.035201013,0,0.46
2025-11-24 03:00:00,2,down,0.48866436,0.46,0.02866435,0,0.46
2025-11-24 04:00:00,1,up,0.5359025,0.46,0.07590249,1,0.5359025
2025-11-24 05:00:00,2,down,0.46727246,0.46,0.007272452,0,0.46
2025-11-24 06:00:00,1,up,0.5319416,0.46,0.071941584,1,0.5319416
2025-11-24 07:00:00,2,down,0.4723286,0.46,0.012328595,0,0.46
2025-11-24 08:00:00,2,down,0.5098453,0.46,0.049845308,0,0.46
2025-11-24 09:00:00,1,up,0.55441016,0.46,0.09441015,1,0.55441016
2025-11-24 10:00:00,2,up,0.50995713,0.46,0.049957126,0,0.46
2025-11-24 11:00:00,1,down,0.5439039,0.46,0.08390388,1,0.5439039
2025-11-24 12:00:00,1,up,0.5381533,0.46,0.07815328,1,0.5381533
2025-11-24 13:00:00,1,up,0.5583965,0.46,0.09839651,1,0.5583965
2025-11-24 14:00:00,2,up,0.4752409,0.46,0.015240878,0,0.46
2025-11-24 15:00:00,2,up,0.42602488,0.46,0.033975124,0,0.46
2025-11-24 16:00:00,2,up,0.48608422,0.46,0.026084214,0,0.46
2025-11-24 17:00:00,2,up,0.44728464,0.46,0.012715369,0,0.46
2025-11-24 18:00:00,0,down,0.3817219,0.46,0.078278095,1,0.3817219
2025-11-24 19:00:00,2,up,0.46941838,0.46,0.009418368,0,0.46
2025-11-24 20:00:00,0,down,0.37704003,0.46,0.08295998,1,0.37704003
2025-11-24 21:00:00,2,down,0.47256568,0.46,0.012565672,0,0.46
2025-11-24 22:00:00,2,down,0.46196073,0.46,0.0019607246,0,0.46
2025-11-24 23:00:00,2,down,0.495882,0.46,0.035881996,0,0.46
2025-11-25 00:00:00,2,down,0.44785878,0.46,0.012141228,0,0.46
2025-11-25 01:00:00,1,up,0.60957086,0.46,0.14957085,1,0.60957086
2025-11-25 02:00:00,2,down,0.44623238,0.46,0.01376763,0,0.46
2025-11-25 03:00:00,2,up,0.51855,0.46,0.05854997,0,0.46
2025-11-25 04:00:00,2,down,0.42879274,0.46,0.031207263,0,0.46
2025-11-25 05:00:00,2,down,0.43180826,0.46,0.028191745,0,0.46
2025-11-25 06:00:00,0,down,0.38921177,0.46,0.070788234,1,0.38921177
2025-11-25 07:00:00,2,down,0.51837677,0.46,0.05837676,0,0.46
2025-11-25 08:00:00,1,up,0.617725,0.46,0.157725,1,0.617725
2025-11-25 09:00:00,2,up,0.4479684,0.46,0.012031615,0,0.46
2025-11-25 10:00:00,2,down,0.48777568,0.46,0.027775675,0,0.46
2025-11-25 11:00:00,1,up,0.5525449,0.46,0.09254488,1,0.5525449
2025-11-25 12:00:00,2,down,0.5199588,0.46,0.059958786,0,0.46
2025-11-25 13:00:00,2,down,0.52543944,0.46,0.06543943,0,0.46
2025-11-25 14:00:00,2,up,0.49273637,0.46,0.03273636,0,0.46
2025-11-25 15:00:00,2,up,0.4624652,0.46,0.0024651885,0,0.46
2025-11-25 16:00:00,2,up,0.5054829,0.46,0.045482904,0,0.46
2025-11-25 17:00:00,2,down,0.44659227,0.46,0.013407737,0,0.46
2025-11-25 18:00:00,2,down,0.4853066,0.46,0.025306582,0,0.46
2025-11-25 19:00:00,2,up,0.4853868,0.46,0.02538678,0,0.46
2025-11-25 20:00:00,2,down,0.49512443,0.46,0.03512442,0,0.46
2025-11-25 21:00:00,2,up,0.529824,0.46,0.06982401,0,0.46
2025-11-25 22:00:00,2,down,0.41012385,0.46,0.049876153,0,0.46
2025-11-25 23:00:00,2,up,0.46513188,0.46,0.0051318705,0,0.46
2025-11-26 00:00:00,2,up,0.41256362,0.46,0.047436386,0,0.46
2025-11-26 01:00:00,2,down,0.44519687,0.46,0.014803141,0,0.46
2025-11-26 02:00:00,2,down,0.43012777,0.46,0.029872239,0,0.46
2025-11-26 03:00:00,2,up,0.5107298,0.46,0.05072978,0,0.46
2025-11-26 04:00:00,2,up,0.48334283,0.46,0.023342818,0,0.46
2025-11-26 05:00:00,2,up,0.5239186,0.46,0.06391862,0,0.46
2025-11-26 06:00:00,2,up,0.40054098,0.46,0.05945903,0,0.46
2025-11-26 07:00:00,0,down,0.38179725,0.46,0.078202754,1,0.38179725
2025-11-26 08:00:00,2,down,0.5292332,0.46,0.06923321,0,0.46
2025-11-26 09:00:00,2,up,0.5200777,0.46,0.060077697,0,0.46
2025-11-26 10:00:00,2,up,0.48987383,0.46,0.029873818,0,0.46
2025-11-26 11:00:00,2,down,0.5174076,0.46,0.057407588,0,0.46
2025-11-26 12:00:00,2,up,0.5071224,0.46,0.04712239,0,0.46
2025-11-26 13:00:00,2,down,0.43255544,0.46,0.027444571,0,0.46
2025-11-26 14:00:00,2,up,0.52687836,0.46,0.06687835,0,0.46
2025-11-26 15:00:00,2,up,0.48772547,0.46,0.027725458,0,0.46
2025-11-26 16:00:00,2,up,0.44513217,0.46,0.014867842,0,0.46
2025-11-26 17:00:00,2,up,0.4858525,0.46,0.025852501,0,0.46
2025-11-26 18:00:00,2,down,0.4628364,0.46,0.0028364062,0,0.46
2025-11-26 19:00:00,2,down,0.44775885,0.46,0.012241155,0,0.46
2025-11-26 20:00:00,2,up,0.45377332,0.46,0.0062266886,0,0.46
2025-11-26 21:00:00,2,up,0.42874506,0.46,0.031254947,0,0.46
2025-11-26 22:00:00,2,up,0.43567085,0.46,0.024329156,0,0.46
2025-11-26 23:00:00,2,up,0.41204134,0.46,0.047958672,0,0.46
2025-11-27 00:00:00,0,up,0.35931036,0.46,0.10068965,1,0.35931036
2025-11-27 01:00:00,0,up,0.38416898,0.46,0.075831026,1,0.38416898
2025-11-27 02:00:00,2,down,0.4895242,0.46,0.029524177,0,0.46
2025-11-27 03:00:00,2,up,0.4303909,0.46,0.029609114,0,0.46
2025-11-27 04:00:00,0,down,0.3753882,0.46,0.0846118,1,0.3753882
2025-11-27 05:00:00,2,up,0.5277317,0.46,0.06773171,0,0.46
2025-11-27 06:00:00,2,up,0.41283536,0.46,0.04716465,0,0.46
2025-11-27 07:00:00,0,up,0.370235,0.46,0.08976501,1,0.370235
2025-11-27 08:00:00,0,up,0.36719868,0.46,0.09280133,1,0.36719868
2025-11-27 09:00:00,2,up,0.43800342,0.46,0.021996588,0,0.46
2025-11-27 10:00:00,0,down,0.36117908,0.46,0.098820925,1,0.36117908
2025-11-27 11:00:00,2,down,0.46133026,0.46,0.0013302565,0,0.46
2025-11-27 12:00:00,1,down,0.5418352,0.46,0.08183518,1,0.5418352
2025-11-27 13:00:00,2,down,0.47357467,0.46,0.01357466,0,0.46
2025-11-27 14:00:00,2,up,0.48929155,0.46,0.02929154,0,0.46
2025-11-27 15:00:00,2,up,0.3975985,0.46,0.062401503,0,0.46
2025-11-27 16:00:00,0,up,0.36159036,0.46,0.09840965,1,0.36159036
2025-11-27 17:00:00,2,up,0.39312264,0.46,0.066877365,0,0.46
2025-11-27 18:00:00,0,down,0.33480433,0.46,0.12519568,1,0.33480433
2025-11-27 19:00:00,2,down,0.44566226,0.46,0.014337748,0,0.46
2025-11-27 20:00:00,2,down,0.44888267,0.46,0.011117339,0,0.46
2025-11-27 21:00:00,2,down,0.4315128,0.46,0.028487206,0,0.46
2025-11-27 22:00:00,2,up,0.44085726,0.46,0.019142747,0,0.46
2025-11-27 23:00:00,2,down,0.47354573,0.46,0.013545722,0,0.46
2025-11-28 00:00:00,2,down,0.5097459,0.46,0.049745888,0,0.46
2025-11-28 01:00:00,1,up,0.5948311,0.46,0.1348311,1,0.5948311
2025-11-28 02:00:00,2,up,0.45260537,0.46,0.0073946416,0,0.46
2025-11-28 03:00:00,2,up,0.47942623,0.46,0.019426227,0,0.46
2025-11-28 04:00:00,2,up,0.39237306,0.46,0.06762695,0,0.46
2025-11-28 05:00:00,0,down,0.3610592,0.46,0.09894082,1,0.3610592
2025-11-28 06:00:00,2,down,0.44012287,0.46,0.019877136,0,0.46
2025-11-28 07:00:00,1,up,0.5645458,0.46,0.1045458,1,0.5645458
2025-11-28 08:00:00,2,down,0.40209442,0.46,0.057905585,0,0.46
2025-11-28 09:00:00,2,up,0.44550794,0.46,0.014492065,0,0.46
2025-11-28 10:00:00,0,down,0.34103635,0.46,0.11896366,1,0.34103635
2025-11-28 11:00:00,2,up,0.48832846,0.46,0.028328449,0,0.46
2025-11-28 12:00:00,2,up,0.46701628,0.46,0.0070162714,0,0.46
2025-11-28 13:00:00,2,down,0.4333032,0.46,0.026696801,0,0.46
2025-11-28 14:00:00,2,up,0.45449078,0.46,0.0055092275,0,0.46
2025-11-28 15:00:00,2,down,0.46320596,0.46,0.003205955,0,0.46
2025-11-28 16:00:00,1,down,0.5485354,0.46,0.0885354,1,0.5485354
2025-11-28 17:00:00,1,up,0.5318996,0.46,0.07189956,1,0.5318996
2025-11-28 18:00:00,2,up,0.5107473,0.46,0.050747305,0,0.46
2025-11-28 19:00:00,2,up,0.48243907,0.46,0.022439063,0,0.46
2025-11-28 20:00:00,2,down,0.4495601,0.46,0.010439903,0,0.46
2025-11-28 21:00:00,1,up,0.59431386,0.46,0.13431385,1,0.59431386
2025-11-28 22:00:00,2,down,0.434564,0.46,0.025436014,0,0.46
2025-11-28 23:00:00,1,down,0.5611365,0.46,0.101136476,1,0.5611365
2025-11-29 00:00:00,2,down,0.51550174,0.46,0.05550173,0,0.46
2025-11-29 01:00:00,2,down,0.5290058,0.46,0.06900582,0,0.46
2025-11-29 02:00:00,2,down,0.4821867,0.46,0.022186697,0,0.46
2025-11-29 03:00:00,1,up,0.5959772,0.46,0.13597718,1,0.5959772
2025-11-29 04:00:00,2,down,0.42975658,0.46,0.030243427,0,0.46
2025-11-29 05:00:00,1,down,0.5580799,0.46,0.09807989,1,0.5580799
2025-11-29 06:00:00,2,up,0.4928708,0.46,0.0328708,0,0.46
2025-11-29 07:00:00,2,up,0.5189804,0.46,0.058980376,0,0.46
2025-11-29 08:00:00,2,down,0.49917737,0.46,0.03917736,0,0.46
2025-11-29 09:00:00,2,down,0.51924527,0.46,0.05924526,0,0.46
2025-11-29 10:00:00,2,up,0.49254218,0.46,0.03254217,0,0.46
2025-11-29 11:00:00,2,down,0.4594155,0.46,0.00058451295,0,0.46
2025-11-29 12:00:00,2,up,0.48930284,0.46,0.029302835,0,0.46
2025-11-29 13:00:00,2,down,0.426419,0.46,0.03358102,0,0.46
2025-11-29 14:00:00,1,up,0.5456356,0.46,0.08563557,1,0.5456356
2025-11-29 15:00:00,0,down,0.38671204,0.46,0.073287964,1,0.38671204
2025-11-29 16:00:00,2,down,0.4185858,0.46,0.0414142,0,0.46
2025-11-29 17:00:00,2,up,0.5064835,0.46,0.046483487,0,0.46
2025-11-29 18:00:00,2,down,0.4557934,0.46,0.004206598,0,0.46
2025-11-29 19:00:00,2,up,0.50073624,0.46,0.04073623,0,0.46
2025-11-29 20:00:00,2,up,0.42280754,0.46,0.037192464,0,0.46
2025-11-29 21:00:00,2,down,0.4066096,0.46,0.053390414,0,0.46
2025-11-29 22:00:00,2,up,0.49839264,0.46,0.038392633,0,0.46
2025-11-29 23:00:00,2,up,0.4971181,0.46,0.037118077,0,0.46
2025-11-30 00:00:00,2,up,0.48928115,0.46,0.02928114,0,0.46
2025-11-30 01:00:00,2,down,0.4614109,0.46,0.0014109015,0,0.46
2025-11-30 02:00:00,2,up,0.45047057,0.46,0.009529442,0,0.46
2025-11-30 03:00:00,2,down,0.39308572,0.46,0.06691429,0,0.46
2025-11-30 04:00:00,2,down,0.45698974,0.46,0.003010273,0,0.46
2025-11-30 05:00:00,2,up,0.4709775,0.46,0.010977477,0,0.46
2025-11-30 06:00:00,2,up,0.44938597,0.46,0.0106140375,0,0.46
2025-11-30 07:00:00,2,up,0.42657182,0.46,0.033428192,0,0.46
2025-11-30 08:00:00,2,up,0.41346672,0.46,0.046533287,0,0.46
2025-11-30 09:00:00,2,down,0.417605,0.46,0.042394996,0,0.46
2025-11-30 10:00:00,2,down,0.46313936,0.46,0.0031393468,0,0.46
2025-11-30 11:00:00,2,up,0.4725373,0.46,0.012537301,0,0.46
2025-11-30 12:00:00,0,up,0.3815297,0.46,0.07847032,1,0.3815297
2025-11-30 13:00:00,2,down,0.4294028,0.46,0.03059721,0,0.46
2025-11-30 14:00:00,2,down,0.45825154,0.46,0.0017484725,0,0.46
2025-11-30 15:00:00,2,up,0.4545827,0.46,0.005417317,0,0.46
2025-11-30 16:00:00,0,down,0.37171492,0.46,0.08828509,1,0.37171492
2025-11-30 17:00:00,2,down,0.47088358,0.46,0.01088357,0,0.46
2025-11-30 18:00:00,2,up,0.45570612,0.46,0.004293889,0,0.46
2025-11-30 19:00:00,2,down,0.43096644,0.46,0.029033571,0,0.46
2025-11-30 20:00:00,2,down,0.46914157,0.46,0.009141564,0,0.46
2025-11-30 21:00:00,2,up,0.4657935,0.46,0.005793482,0,0.46
2025-11-30 22:00:00,2,down,0.49824712,0.46,0.03824711,0,0.46
2025-11-30 23:00:00,1,down,0.55873847,0.46,0.09873846,1,0.55873847
2025-12-01 00:00:00,1,up,0.55659753,0.46,0.09659752,1,0.55659753
2025-12-01 01:00:00,1,down,0.5587271,0.46,0.09872708,1,0.5587271
2025-12-01 02:00:00,1,down,0.5754784,0.46,0.11547837,1,0.5754784
2025-12-01 03:00:00,1,down,0.54229355,0.46,0.08229354,1,0.54229355
2025-12-01 04:00:00,1,up,0.5552816,0.46,0.09528157,1,0.5552816
2025-12-01 05:00:00,2,up,0.4356154,0.46,0.024384618,0,0.46
2025-12-01 06:00:00,2,up,0.47775915,0.46,0.017759144,0,0.46
2025-12-01 07:00:00,2,up,0.39633164,0.46,0.06366837,0,0.46
2025-12-01 08:00:00,0,down,0.3825063,0.46,0.0774937,1,0.3825063
2025-12-01 09:00:00,2,down,0.39664033,0.46,0.06335968,0,0.46
2025-12-01 10:00:00,2,down,0.39862102,0.46,0.061378986,0,0.46
2025-12-01 11:00:00,2,down,0.5016213,0.46,0.041621298,0,0.46
2025-12-01 12:00:00,2,up,0.49965864,0.46,0.039658636,0,0.46
2025-12-01 13:00:00,2,up,0.50916356,0.46,0.04916355,0,0.46
2025-12-01 14:00:00,2,down,0.47543946,0.46,0.015439451,0,0.46
2025-12-01 15:00:00,2,down,0.48294318,0.46,0.022943169,0,0.46
2025-12-01 16:00:00,2,up,0.47933516,0.46,0.01933515,0,0.46
2025-12-01 17:00:00,1,up,0.55958223,0.46,0.099582225,1,0.55958223
2025-12-01 18:00:00,2,down,0.44998387,0.46,0.010016143,0,0.46
2025-12-01 19:00:00,2,up,0.5139965,0.46,0.053996474,0,0.46
2025-12-01 20:00:00,2,up,0.4030545,0.46,0.056945503,0,0.46
2025-12-01 21:00:00,2,up,0.4251223,0.46,0.034877717,0,0.46
2025-12-01 22:00:00,2,down,0.42876056,0.46,0.03123945,0,0.46
2025-12-01 23:00:00,2,up,0.4541239,0.46,0.005876094,0,0.46
2025-12-02 00:00:00,0,down,0.3616124,0.46,0.0983876,1,0.3616124
2025-12-02 01:00:00,2,up,0.4546806,0.46,0.0053194165,0,0.46
2025-12-02 02:00:00,2,up,0.42411023,0.46,0.035889775,0,0.46
2025-12-02 03:00:00,0,down,0.36145693,0.46,0.09854308,1,0.36145693
2025-12-02 04:00:00,2,up,0.42944586,0.46,0.030554146,0,0.46
2025-12-02 05:00:00,2,up,0.40515697,0.46,0.05484304,0,0.46
2025-12-02 06:00:00,0,down,0.37545156,0.46,0.08454844,1,0.37545156
2025-12-02 07:00:00,2,down,0.40941632,0.46,0.05058369,0,0.46
2025-12-02 08:00:00,2,up,0.5102995,0.46,0.050299495,0,0.46
2025-12-02 09:00:00,2,up,0.4921932,0.46,0.032193184,0,0.46
2025-12-02 10:00:00,2,up,0.43154243,0.46,0.028457582,0,0.46
2025-12-02 11:00:00,2,down,0.39663336,0.46,0.06336665,0,0.46
2025-12-02 12:00:00,2,up,0.4203589,0.46,0.039641112,0,0.46
2025-12-02 13:00:00,0,up,0.37894067,0.46,0.08105934,1,0.37894067
2025-12-02 14:00:00,2,up,0.41618383,0.46,0.04381618,0,0.46
2025-12-02 15:00:00,1,down,0.5438128,0.46,0.0838128,1,0.5438128
2025-12-02 16:00:00,2,up,0.4652406,0.46,0.0052405894,0,0.46
2025-12-02 17:00:00,2,up,0.4760461,0.46,0.016046077,0,0.46
2025-12-02 18:00:00,2,down,0.40919536,0.46,0.050804645,0,0.46
2025-12-02 19:00:00,2,down,0.51443523,0.46,0.054435223,0,0.46
2025-12-02 20:00:00,1,up,0.5628962,0.46,0.102896184,1,0.5628962
2025-12-02 21:00:00,2,up,0.45516276,0.46,0.0048372447,0,0.46
2025-12-02 22:00:00,2,down,0.4191467,0.46,0.04085332,0,0.46
2025-12-02 23:00:00,1,up,0.57664055,0.46,0.11664054,1,0.57664055
2025-12-03 00:00:00,2,up,0.4093245,0.46,0.05067551,0,0.46
2025-12-03 01:00:00,2,up,0.4306044,0.46,0.02939561,0,0.46
2025-12-03 02:00:00,2,down,0.4080555,0.46,0.051944494,0,0.46
2025-12-03 03:00:00,2,up,0.46914548,0.46,0.0091454685,0,0.46
2025-12-03 04:00:00,0,up,0.378458,0.46,0.081542015,1,0.378458
2025-12-03 05:00:00,0,down,0.36303762,0.46,0.09696239,1,0.36303762
2025-12-03 06:00:00,2,down,0.44049084,0.46,0.019509166,0,0.46
2025-12-03 07:00:00,2,down,0.5059913,0.46,0.04599127,0,0.46
2025-12-03 08:00:00,2,up,0.48810047,0.46,0.02810046,0,0.46
2025-12-03 09:00:00,2,down,0.4363457,0.46,0.023654312,0,0.46
2025-12-03 10:00:00,2,up,0.5116276,0.46,0.051627606,0,0.46
2025-12-03 11:00:00,0,down,0.38918236,0.46,0.07081765,1,0.38918236
2025-12-03 12:00:00,2,up,0.41731983,0.46,0.042680174,0,0.46
2025-12-03 13:00:00,0,down,0.3827524,0.46,0.07724762,1,0.3827524
2025-12-03 14:00:00,2,up,0.5145229,0.46,0.0545229,0,0.46
2025-12-03 15:00:00,2,down,0.49775586,0.46,0.037755847,0,0.46
2025-12-03 16:00:00,2,up,0.5128343,0.46,0.052834302,0,0.46
2025-12-03 17:00:00,2,down,0.39342147,0.46,0.06657854,0,0.46
2025-12-03 18:00:00,2,up,0.48645562,0.46,0.026455611,0,0.46
2025-12-03 19:00:00,0,down,0.36326227,0.46,0.09673774,1,0.36326227
2025-12-03 20:00:00,2,up,0.44467202,0.46,0.01532799,0,0.46
2025-12-03 21:00:00,0,up,0.3663708,0.46,0.09362921,1,0.3663708
2025-12-03 22:00:00,2,down,0.39803633,0.46,0.061963677,0,0.46
2025-12-03 23:00:00,2,down,0.45892763,0.46,0.001072377,0,0.46
2025-12-04 00:00:00,2,up,0.46283,0.46,0.0028299987,0,0.46
2025-12-04 01:00:00,2,up,0.49007723,0.46,0.030077219,0,0.46
2025-12-04 02:00:00,0,down,0.3678579,0.46,0.092142105,1,0.3678579
2025-12-04 03:00:00,2,down,0.44314128,0.46,0.016858727,0,0.46
2025-12-04 04:00:00,2,down,0.44880792,0.46,0.011192083,0,0.46
2025-12-04 05:00:00,2,up,0.48640028,0.46,0.026400268,0,0.46
2025-12-04 06:00:00,2,up,0.47717333,0.46,0.01717332,0,0.46
2025-12-04 07:00:00,2,down,0.4088465,0.46,0.05115351,0,0.46
2025-12-04 08:00:00,2,up,0.47938612,0.46,0.019386113,0,0.46
2025-12-04 09:00:00,2,down,0.39607766,0.46,0.063922346,0,0.46
2025-12-04 10:00:00,2,down,0.42309645,0.46,0.03690356,0,0.46
2025-12-04 11:00:00,2,up,0.5047321,0.46,0.044732064,0,0.46
2025-12-04 12:00:00,2,down,0.52492535,0.46,0.06492534,0,0.46
2025-12-04 13:00:00,1,down,0.5378693,0.46,0.077869266,1,0.5378693
2025-12-04 14:00:00,1,up,0.5986179,0.46,0.1386179,1,0.5986179
2025-12-04 15:00:00,1,down,0.5469325,0.46,0.08693251,1,0.5469325
2025-12-04 16:00:00,1,down,0.54392165,0.46,0.08392164,1,0.54392165
2025-12-04 17:00:00,2,down,0.43011287,0.46,0.02988714,0,0.46
2025-12-04 18:00:00,1,down,0.5473862,0.46,0.08738622,1,0.5473862
2025-12-04 19:00:00,2,up,0.47536454,0.46,0.015364528,0,0.46
2025-12-04 20:00:00,2,down,0.4786474,0.46,0.018647403,0,0.46
2025-12-04 21:00:00,2,up,0.5285776,0.46,0.06857762,0,0.46
2025-12-04 22:00:00,1,down,0.5434977,0.46,0.08349767,1,0.5434977
2025-12-04 23:00:00,1,up,0.5345613,0.46,0.07456127,1,0.5345613
2025-12-05 00:00:00,2,up,0.48686793,0.46,0.026867926,0,0.46
2025-12-05 01:00:00,2,up,0.49238133,0.46,0.032381326,0,0.46
2025-12-05 02:00:00,2,down,0.40962583,0.46,0.05037418,0,0.46
2025-12-05 03:00:00,2,down,0.48936862,0.46,0.02936861,0,0.46
2025-12-05 04:00:00,2,down,0.5033887,0.46,0.043388695,0,0.46
2025-12-05 05:00:00,1,up,0.5490879,0.46,0.08908787,1,0.5490879
2025-12-05 06:00:00,2,down,0.4727265,0.46,0.012726486,0,0.46
2025-12-05 07:00:00,2,down,0.4961967,0.46,0.03619668,0,0.46
2025-12-05 08:00:00,2,down,0.45704782,0.46,0.0029521883,0,0.46
2025-12-05 09:00:00,1,up,0.5371685,0.46,0.077168494,1,0.5371685
2025-12-05 10:00:00,1,up,0.5373143,0.46,0.07731429,1,0.5373143
2025-12-05 11:00:00,1,down,0.55029494,0.46,0.09029493,1,0.55029494
2025-12-05 12:00:00,1,down,0.5455448,0.46,0.085544795,1,0.5455448
2025-12-05 13:00:00,1,down,0.5411373,0.46,0.08113727,1,0.5411373
2025-12-05 14:00:00,1,up,0.5349551,0.46,0.074955076,1,0.5349551
2025-12-05 15:00:00,1,down,0.5910979,0.46,0.13109788,1,0.5910979
2025-12-05 16:00:00,2,up,0.45942444,0.46,0.00057557225,0,0.46
2025-12-05 17:00:00,2,down,0.46848854,0.46,0.008488536,0,0.46
2025-12-05 18:00:00,1,up,0.6126793,0.46,0.1526793,1,0.6126793
2025-12-05 19:00:00,2,down,0.4521645,0.46,0.007835507,0,0.46
2025-12-05 20:00:00,2,down,0.52215713,0.46,0.062157124,0,0.46
2025-12-05 21:00:00,2,up,0.4662992,0.46,0.0062991977,0,0.46
2025-12-05 22:00:00,2,up,0.5068195,0.46,0.04681948,0,0.46
2025-12-05 23:00:00,2,up,0.42619288,0.46,0.03380713,0,0.46
2025-12-06 00:00:00,2,down,0.42949888,0.46,0.030501127,0,0.46
2025-12-06 01:00:00,2,up,0.50223005,0.46,0.04223004,0,0.46
2025-12-06 02:00:00,2,up,0.45789036,0.46,0.0021096468,0,0.46
2025-12-06 03:00:00,2,down,0.4416702,0.46,0.0183298,0,0.46
2025-12-06 04:00:00,2,down,0.40991345,0.46,0.050086558,0,0.46
2025-12-06 05:00:00,2,up,0.48868975,0.46,0.028689742,0,0.46
2025-12-06 06:00:00,2,down,0.47672004,0.46,0.016720027,0,0.46
2025-12-06 07:00:00,2,down,0.46980602,0.46,0.009806007,0,0.46
2025-12-06 08:00:00,2,up,0.51724946,0.46,0.057249457,0,0.46
2025-12-06 09:00:00,2,down,0.49753729,0.46,0.037537277,0,0.46
2025-12-06 10:00:00,2,up,0.52541816,0.46,0.065418154,0,0.46
2025-12-06 11:00:00,2,down,0.45705888,0.46,0.0029411316,0,0.46
2025-12-06 12:00:00,2,up,0.52932096,0.46,0.06932095,0,0.46
2025-12-06 13:00:00,2,up,0.5033549,0.46,0.0433549,0,0.46
2025-12-06 14:00:00,2,down,0.44601038,0.46,0.013989627,0,0.46
2025-12-06 15:00:00,2,down,0.44633532,0.46,0.013664693,0,0.46
2025-12-06 16:00:00,2,up,0.47119525,0.46,0.011195242,0,0.46
2025-12-06 17:00:00,2,down,0.4862611,0.46,0.026261091,0,0.46
2025-12-06 18:00:00,2,down,0.4967124,0.46,0.03671238,0,0.46
2025-12-06 19:00:00,1,up,0.5512625,0.46,0.09126249,1,0.5512625
2025-12-06 20:00:00,2,down,0.45552382,0.46,0.0044761896,0,0.46
2025-12-06 21:00:00,1,down,0.57402146,0.46,0.11402145,1,0.57402146
2025-12-06 22:00:00,1,down,0.5782821,0.46,0.11828211,1,0.5782821
2025-12-06 23:00:00,2,up,0.4965092,0.46,0.036509186,0,0.46
2025-12-07 00:00:00,2,down,0.4981295,0.46,0.03812948,0,0.46
2025-12-07 01:00:00,1,up,0.57061344,0.46,0.110613436,1,0.57061344
2025-12-07 02:00:00,2,up,0.44578654,0.46,0.014213473,0,0.46
2025-12-07 03:00:00,2,down,0.41002387,0.46,0.04997614,0,0.46
2025-12-07 04:00:00,2,down,0.47392082,0.46,0.013920814,0,0.46
2025-12-07 05:00:00,2,up,0.49366614,0.46,0.033666134,0,0.46
2025-12-07 06:00:00,2,down,0.44021913,0.46,0.019780874,0,0.46
2025-12-07 07:00:00,2,down,0.5069421,0.46,0.046942085,0,0.46
2025-12-07 08:00:00,2,down,0.51892924,0.46,0.058929235,0,0.46
2025-12-07 09:00:00,1,up,0.56880057,0.46,0.10880056,1,0.56880057
2025-12-07 10:00:00,1,down,0.5565872,0.46,0.09658721,1,0.5565872
2025-12-07 11:00:00,1,up,0.6026821,0.46,0.1426821,1,0.6026821
2025-12-07 12:00:00,2,down,0.44008002,0.46,0.019919991,0,0.46
2025-12-07 13:00:00,2,down,0.49055225,0.46,0.030552238,0,0.46
2025-12-07 14:00:00,2,up,0.47586942,0.46,0.015869409,0,0.46
2025-12-07 15:00:00,2,up,0.42808905,0.46,0.031910956,0,0.46
2025-12-07 16:00:00,2,up,0.43270367,0.46,0.027296335,0,0.46
2025-12-07 17:00:00,1,up,0.5330313,0.46,0.07303128,1,0.5330313
2025-12-07 18:00:00,2,up,0.4841239,0.46,0.024123877,0,0.46
2025-12-07 19:00:00,0,up,0.38725874,0.46,0.07274127,1,0.38725874
2025-12-07 20:00:00,2,down,0.4030468,0.46,0.05695322,0,0.46
2025-12-07 21:00:00,2,down,0.49700198,0.46,0.037001967,0,0.46
2025-12-07 22:00:00,2,up,0.50009125,0.46,0.040091246,0,0.46
2025-12-07 23:00:00,2,down,0.45208323,0.46,0.007916778,0,0.46
2025-12-08 00:00:00,2,up,0.4377285,0.46,0.022271514,0,0.46
2025-12-08 01:00:00,2,up,0.4741177,0.46,0.014117688,0,0.46
2025-12-08 02:00:00,0,down,0.37713495,0.46,0.08286506,1,0.37713495
2025-12-08 03:00:00,2,up,0.4422544,0.46,0.017745614,0,0.46
2025-12-08 04:00:00,2,up,0.39801934,0.46,0.061980665,0,0.46
2025-12-08 05:00:00,0,up,0.37326074,0.46,0.08673927,1,0.37326074
2025-12-08 06:00:00,0,up,0.38705727,0.46,0.072942734,1,0.38705727
2025-12-08 07:00:00,2,up,0.45131245,0.46,0.008687556,0,0.46
2025-12-08 08:00:00,0,up,0.34219432,0.46,0.11780569,1,0.34219432
2025-12-08 09:00:00,2,up,0.44467336,0.46,0.015326649,0,0.46
2025-12-08 10:00:00,0,down,0.34183842,0.46,0.11816159,1,0.34183842
2025-12-08 11:00:00,2,down,0.4067842,0.46,0.0532158,0,0.46
2025-12-08 12:00:00,2,down,0.44589573,0.46,0.014104277,0,0.46
2025-12-08 13:00:00,2,down,0.49363324,0.46,0.033633232,0,0.46
2025-12-08 14:00:00,1,down,0.56720024,0.46,0.107200235,1,0.56720024
2025-12-08 15:00:00,1,up,0.56598413,0.46,0.10598412,1,0.56598413
2025-12-08 16:00:00,2,up,0.5238618,0.46,0.06386182,0,0.46
2025-12-08 17:00:00,2,down,0.49439067,0.46,0.03439066,0,0.46
2025-12-08 18:00:00,1,up,0.5771076,0.46,0.1171076,1,0.5771076
2025-12-08 19:00:00,1,up,0.54034483,0.46,0.080344826,1,0.54034483
2025-12-08 20:00:00,2,up,0.4582133,0.46,0.0017867088,0,0.46
2025-12-08 21:00:00,0,down,0.38997453,0.46,0.070025474,1,0.38997453
2025-12-08 22:00:00,2,down,0.49475694,0.46,0.03475693,0,0.46
2025-12-08 23:00:00,2,down,0.48310253,0.46,0.023102522,0,0.46
2025-12-09 00:00:00,2,down,0.5078022,0.46,0.04780218,0,0.46
2025-12-09 01:00:00,1,up,0.53600293,0.46,0.076002926,1,0.53600293
2025-12-09 02:00:00,1,up,0.54612505,0.46,0.086125046,1,0.54612505
2025-12-09 03:00:00,2,down,0.45668906,0.46,0.0033109486,0,0.46
2025-12-09 04:00:00,1,down,0.5477618,0.46,0.08776179,1,0.5477618
2025-12-09 05:00:00,2,up,0.48440778,0.46,0.024407774,0,0.46
2025-12-09 06:00:00,2,up,0.48153272,0.46,0.021532714,0,0.46
2025-12-09 07:00:00,2,up,0.41462973,0.46,0.04537028,0,0.46
2025-12-09 08:00:00,2,down,0.43757853,0.46,0.02242148,0,0.46
2025-12-09 09:00:00,2,up,0.5087255,0.46,0.048725516,0,0.46
2025-12-09 10:00:00,2,up,0.44225958,0.46,0.017740428,0,0.46
2025-12-09 11:00:00,2,up,0.42825782,0.46,0.031742185,0,0.46
2025-12-09 12:00:00,0,down,0.3835042,0.46,0.0764958,1,0.3835042
2025-12-09 13:00:00,2,down,0.45646432,0.46,0.003535688,0,0.46
2025-12-09 14:00:00,2,up,0.4666919,0.46,0.006691903,0,0.46
2025-12-09 15:00:00,2,up,0.5211118,0.46,0.061111778,0,0.46
2025-12-09 16:00:00,2,down,0.5027368,0.46,0.0427368,0,0.46
2025-12-09 17:00:00,2,up,0.5107233,0.46,0.050723284,0,0.46
2025-12-09 18:00:00,2,down,0.45140272,0.46,0.008597285,0,0.46
2025-12-09 19:00:00,2,down,0.5110983,0.46,0.051098317,0,0.46
2025-12-09 20:00:00,2,down,0.5107941,0.46,0.050794095,0,0.46
2025-12-09 21:00:00,1,up,0.5364182,0.46,0.07641819,1,0.5364182
2025-12-09 22:00:00,2,down,0.5058931,0.46,0.045893103,0,0.46
2025-12-09 23:00:00,1,down,0.55489945,0.46,0.094899446,1,0.55489945
2025-12-10 00:00:00,1,up,0.59676945,0.46,0.13676944,1,0.59676945
2025-12-10 01:00:00,2,up,0.4768877,0.46,0.016887695,0,0.46
2025-12-10 02:00:00,2,down,0.4342017,0.46,0.02579832,0,0.46
2025-12-10 03:00:00,2,up,0.5085976,0.46,0.048597604,0,0.46
2025-12-10 04:00:00,2,up,0.42573494,0.46,0.03426507,0,0.46
2025-12-10 05:00:00,2,up,0.44092557,0.46,0.01907444,0,0.46
2025-12-10 06:00:00,0,up,0.36572927,0.46,0.094270736,1,0.36572927
2025-12-10 07:00:00,0,down,0.36413336,0.46,0.09586665,1,0.36413336
2025-12-10 08:00:00,2,up,0.4511368,0.46,0.008863211,0,0.46
2025-12-10 09:00:00,0,down,0.3667774,0.46,0.09322262,1,0.3667774
2025-12-10 10:00:00,2,down,0.5115744,0.46,0.05157438,0,0.46
2025-12-10 11:00:00,2,down,0.4768794,0.46,0.01687938,0,0.46
2025-12-10 12:00:00,2,up,0.5180336,0.46,0.058033615,0,0.46
2025-12-10 13:00:00,2,down,0.5238171,0.46,0.06381711,0,0.46
2025-12-10 14:00:00,2,up,0.49656984,0.46,0.036569834,0,0.46
2025-12-10 15:00:00,2,up,0.45532045,0.46,0.0046795607,0,0.46
2025-12-10 16:00:00,2,up,0.47673342,0.46,0.016733408,0,0.46
2025-12-10 17:00:00,0,up,0.37508246,0.46,0.084917545,1,0.37508246
2025-12-10 18:00:00,2,up,0.44398198,0.46,0.016018033,0,0.46
2025-12-10 19:00:00,2,down,0.44607842,0.46,0.013921589,0,0.46
2025-12-10 20:00:00,2,down,0.4851194,0.46,0.025119394,0,0.46
2025-12-10 21:00:00,2,up,0.4735121,0.46,0.013512105,0,0.46
2025-12-10 22:00:00,2,down,0.44954863,0.46,0.010451376,0,0.46
2025-12-10 23:00:00,2,down,0.51115507,0.46,0.05115506,0,0.46
2025-12-11 00:00:00,1,down,0.5412202,0.46,0.08122018,1,0.5412202
2025-12-11 01:00:00,1,down,0.63957906,0.46,0.17957905,1,0.63957906
2025-12-11 02:00:00,1,down,0.5658553,0.46,0.105855316,1,0.5658553
2025-12-11 03:00:00,2,up,0.47045073,0.46,0.010450721,0,0.46
2025-12-11 04:00:00,2,down,0.44553018,0.46,0.014469832,0,0.46
2025-12-11 05:00:00,2,down,0.49346226,0.46,0.033462256,0,0.46
2025-12-11 06:00:00,2,down,0.49043384,0.46,0.030433834,0,0.46
2025-12-11 07:00:00,2,down,0.51062423,0.46,0.05062422,0,0.46
2025-12-11 08:00:00,2,up,0.5128345,0.46,0.05283448,0,0.46
2025-12-11 09:00:00,1,up,0.5409733,0.46,0.0809733,1,0.5409733
2025-12-11 10:00:00,2,down,0.50517017,0.46,0.04517016,0,0.46
2025-12-11 11:00:00,2,down,0.5214953,0.46,0.061495274,0,0.46
2025-12-11 12:00:00,1,up,0.541499,0.46,0.08149901,1,0.541499
2025-12-11 13:00:00,1,down,0.53203595,0.46,0.07203594,1,0.53203595
2025-12-11 14:00:00,1,up,0.53398114,0.46,0.073981136,1,0.53398114
2025-12-11 15:00:00,2,down,0.5026744,0.46,0.042674392,0,0.46
2025-12-11 16:00:00,2,up,0.49808735,0.46,0.03808734,0,0.46
2025-12-11 17:00:00,2,up,0.48662007,0.46,0.02662006,0,0.46
2025-12-11 18:00:00,2,up,0.46581537,0.46,0.005815357,0,0.46
2025-12-11 19:00:00,2,up,0.45329577,0.46,0.006704241,0,0.46
2025-12-11 20:00:00,2,up,0.39690194,0.46,0.06309807,0,0.46
2025-12-11 21:00:00,2,down,0.4974994,0.46,0.037499398,0,0.46
2025-12-11 22:00:00,1,up,0.5674609,0.46,0.107460886,1,0.5674609
2025-12-11 23:00:00,2,down,0.44766402,0.46,0.012335986,0,0.46
2025-12-12 00:00:00,2,up,0.51355565,0.46,0.053555638,0,0.46
2025-12-12 01:00:00,2,up,0.40963432,0.46,0.050365686,0,0.46
2025-12-12 02:00:00,2,down,0.4140269,0.46,0.045973122,0,0.46
2025-12-12 03:00:00,2,up,0.45020932,0.46,0.009790689,0,0.46
2025-12-12 04:00:00,2,up,0.42815238,0.46,0.031847626,0,0.46
2025-12-12 05:00:00,2,up,0.3983853,0.46,0.061614722,0,0.46
2025-12-12 06:00:00,2,down,0.44319588,0.46,0.016804129,0,0.46
2025-12-12 07:00:00,2,down,0.4543413,0.46,0.005658716,0,0.46
2025-12-12 08:00:00,2,up,0.4192328,0.46,0.040767223,0,0.46
2025-12-12 09:00:00,0,down,0.3853344,0.46,0.074665606,1,0.3853344
2025-12-12 10:00:00,2,down,0.43336597,0.46,0.026634037,0,0.46
2025-12-12 11:00:00,2,up,0.4250011,0.46,0.034998894,0,0.46
2025-12-12 12:00:00,2,down,0.43523228,0.46,0.024767727,0,0.46
2025-12-12 13:00:00,2,up,0.51510864,0.46,0.055108637,0,0.46
2025-12-12 14:00:00,2,down,0.41314065,0.46,0.046859354,0,0.46
2025-12-12 15:00:00,1,up,0.5343566,0.46,0.074356586,1,0.5343566
2025-12-12 16:00:00,2,up,0.47160468,0.46,0.011604667,0,0.46
2025-12-12 17:00:00,1,up,0.5376834,0.46,0.07768342,1,0.5376834
2025-12-12 18:00:00,2,down,0.47722253,0.46,0.017222524,0,0.46
2025-12-12 19:00:00,2,up,0.5257219,0.46,0.0657219,0,0.46
2025-12-12 20:00:00,2,down,0.4530389,0.46,0.0069611073,0,0.46
2025-12-12 21:00:00,1,up,0.53542936,0.46,0.07542935,1,0.53542936
2025-12-12 22:00:00,2,down,0.49982244,0.46,0.03982243,0,0.46
2025-12-12 23:00:00,1,up,0.53941154,0.46,0.07941154,1,0.53941154
2025-12-13 00:00:00,2,down,0.51401365,0.46,0.05401364,0,0.46
2025-12-13 01:00:00,1,up,0.54500353,0.46,0.085003525,1,0.54500353
2025-12-13 02:00:00,1,up,0.60477954,0.46,0.14477953,1,0.60477954
2025-12-13 03:00:00,2,up,0.5169781,0.46,0.056978077,0,0.46
2025-12-13 04:00:00,2,down,0.4713038,0.46,0.011303782,0,0.46
2025-12-13 05:00:00,2,up,0.46699232,0.46,0.0069923103,0,0.46
2025-12-13 06:00:00,2,down,0.49656785,0.46,0.036567837,0,0.46
2025-12-13 07:00:00,1,up,0.5837544,0.46,0.12375441,1,0.5837544
2025-12-13 08:00:00,2,down,0.46752706,0.46,0.0075270534,0,0.46
2025-12-13 09:00:00,2,up,0.4729846,0.46,0.012984604,0,0.46
2025-12-13 10:00:00,2,down,0.43176454,0.46,0.028235465,0,0.46
2025-12-13 11:00:00,2,up,0.5088128,0.46,0.048812777,0,0.46
2025-12-13 12:00:00,2,down,0.4789867,0.46,0.018986702,0,0.46
2025-12-13 13:00:00,1,down,0.53895354,0.46,0.078953534,1,0.53895354
2025-12-13 14:00:00,2,up,0.48895365,0.46,0.028953642,0,0.46
2025-12-13 15:00:00,1,down,0.55963194,0.46,0.099631935,1,0.55963194
2025-12-13 16:00:00,1,down,0.5712354,0.46,0.11123541,1,0.5712354
2025-12-13 17:00:00,1,up,0.5357968,0.46,0.07579681,1,0.5357968
2025-12-13 18:00:00,1,up,0.54642546,0.46,0.08642545,1,0.54642546
2025-12-13 19:00:00,1,down,0.5352573,0.46,0.07525727,1,0.5352573
2025-12-13 20:00:00,1,up,0.55639714,0.46,0.09639713,1,0.55639714
2025-12-13 21:00:00,2,down,0.411111,0.46,0.04888901,0,0.46
2025-12-13 22:00:00,2,up,0.5015852,0.46,0.041585177,0,0.46
2025-12-13 23:00:00,2,up,0.43627256,0.46,0.023727447,0,0.46
2025-12-14 00:00:00,2,down,0.41169927,0.46,0.048300743,0,0.46
2025-12-14 01:00:00,2,down,0.4599997,0.46,2.9802322e-07,0,0.46
2025-12-14 02:00:00,2,down,0.4725685,0.46,0.012568504,0,0.46
2025-12-14 03:00:00,2,down,0.5220231,0.46,0.062023073,0,0.46
2025-12-14 04:00:00,2,down,0.51051027,0.46,0.050510257,0,0.46
2025-12-14 05:00:00,2,down,0.5212178,0.46,0.061217815,0,0.46
2025-12-14 06:00:00,2,up,0.49884522,0.46,0.03884521,0,0.46
2025-12-14 07:00:00,2,down,0.47967258,0.46,0.019672573,0,0.46
2025-12-14 08:00:00,1,down,0.6191837,0.46,0.15918371,1,0.6191837
2025-12-14 09:00:00,1,down,0.57712084,0.46,0.11712083,1,0.57712084
2025-12-14 10:00:00,1,down,0.5434159,0.46,0.083415896,1,0.5434159
2025-12-14 11:00:00,2,up,0.47105312,0.46,0.011053115,0,0.46
2025-12-14 12:00:00,2,up,0.4698047,0.46,0.009804696,0,0.46
2025-12-14 13:00:00,2,down,0.42272043,0.46,0.037279576,0,0.46
2025-12-14 14:00:00,2,down,0.5123716,0.46,0.05237159,0,0.46
2025-12-14 15:00:00,1,down,0.55353194,0.46,0.09353194,1,0.55353194
2025-12-14 16:00:00,1,down,0.56590307,0.46,0.10590306,1,0.56590307
2025-12-14 17:00:00,2,up,0.51811916,0.46,0.058119148,0,0.46
2025-12-14 18:00:00,2,down,0.44933277,0.46,0.010667235,0,0.46
2025-12-14 19:00:00,1,down,0.54120713,0.46,0.08120713,1,0.54120713
2025-12-14 20:00:00,2,down,0.5074217,0.46,0.047421664,0,0.46
2025-12-14 21:00:00,1,down,0.54093075,0.46,0.08093074,1,0.54093075
2025-12-14 22:00:00,2,down,0.50489616,0.46,0.044896156,0,0.46
2025-12-14 23:00:00,2,up,0.47645673,0.46,0.016456723,0,0.46
2025-12-15 00:00:00,2,up,0.45174235,0.46,0.008257657,0,0.46
2025-12-15 01:00:00,0,up,0.37582204,0.46,0.08417797,1,0.37582204
2025-12-15 02:00:00,2,down,0.4568039,0.46,0.0031961203,0,0.46
2025-12-15 03:00:00,2,up,0.43128717,0.46,0.028712839,0,0.46
2025-12-15 04:00:00,2,down,0.39672637,0.46,0.06327364,0,0.46
2025-12-15 05:00:00,2,up,0.42974514,0.46,0.03025487,0,0.46
2025-12-15 06:00:00,2,up,0.39051816,0.46,0.06948185,0,0.46
2025-12-15 07:00:00,0,up,0.37962952,0.46,0.080370486,1,0.37962952
2025-12-15 08:00:00,2,up,0.42916754,0.46,0.03083247,0,0.46
2025-12-15 09:00:00,2,down,0.440459,0.46,0.019540995,0,0.46
2025-12-15 10:00:00,2,down,0.40144232,0.46,0.05855769,0,0.46
2025-12-15 11:00:00,2,up,0.49016663,0.46,0.030166626,0,0.46
2025-12-15 12:00:00,2,down,0.40549338,0.46,0.05450663,0,0.46
2025-12-15 13:00:00,2,down,0.49389273,0.46,0.03389272,0,0.46
2025-12-15 14:00:00,1,down,0.5601891,0.46,0.10018912,1,0.5601891
2025-12-15 15:00:00,1,down,0.5359655,0.46,0.075965494,1,0.5359655
2025-12-15 16:00:00,1,down,0.54464924,0.46,0.084649235,1,0.54464924
2025-12-15 17:00:00,1,up,0.627612,0.46,0.16761199,1,0.627612
2025-12-15 18:00:00,2,down,0.42187974,0.46,0.03812027,0,0.46
2025-12-15 19:00:00,1,down,0.5893738,0.46,0.12937382,1,0.5893738
2025-12-15 20:00:00,1,up,0.56591415,0.46,0.105914146,1,0.56591415
2025-12-15 21:00:00,2,up,0.46766254,0.46,0.0076625347,0,0.46
2025-12-15 22:00:00,0,up,0.37943143,0.46,0.08056858,1,0.37943143
2025-12-15 23:00:00,0,down,0.37509835,0.46,0.08490166,1,0.37509835
2025-12-16 00:00:00,1,up,0.5555406,0.46,0.09554061,1,0.5555406
2025-12-16 01:00:00,1,up,0.5302248,0.46,0.07022479,1,0.5302248
2025-12-16 02:00:00,1,down,0.5341171,0.46,0.074117094,1,0.5341171
2025-12-16 03:00:00,2,down,0.51041764,0.46,0.050417632,0,0.46
2025-12-16 04:00:00,2,up,0.5012501,0.46,0.04125008,0,0.46
2025-12-16 05:00:00,2,up,0.47737488,0.46,0.017374873,0,0.46
2025-12-16 06:00:00,0,down,0.3813876,0.46,0.07861242,1,0.3813876
2025-12-16 07:00:00,2,up,0.49732053,0.46,0.037320524,0,0.46
2025-12-16 08:00:00,2,up,0.4096,0.46,0.05040002,0,0.46
2025-12-16 09:00:00,2,up,0.47459742,0.46,0.014597416,0,0.46
2025-12-16 10:00:00,2,up,0.42000774,0.46,0.039992273,0,0.46
2025-12-16 11:00:00,0,down,0.36326495,0.46,0.09673506,1,0.36326495
2025-12-16 12:00:00,2,down,0.4243135,0.46,0.035686523,0,0.46
2025-12-16 13:00:00,2,up,0.49767625,0.46,0.037676245,0,0.46
2025-12-16 14:00:00,2,up,0.45037955,0.46,0.009620458,0,0.46
2025-12-16 15:00:00,2,down,0.39540482,0.46,0.06459519,0,0.46
2025-12-16 16:00:00,2,down,0.47086474,0.46,0.010864735,0,0.46
2025-12-16 17:00:00,2,up,0.51686954,0.46,0.056869537,0,0.46
2025-12-16 18:00:00,2,down,0.4423786,0.46,0.017621398,0,0.46
2025-12-16 19:00:00,2,down,0.4226199,0.46,0.0373801,0,0.46
2025-12-16 20:00:00,2,up,0.46873385,0.46,0.008733839,0,0.46
2025-12-16 21:00:00,2,up,0.40078032,0.46,0.05921969,0,0.46
2025-12-16 22:00:00,2,up,0.41553524,0.46,0.044464767,0,0.46
2025-12-16 23:00:00,2,down,0.39704582,0.46,0.06295419,0,0.46
2025-12-17 00:00:00,2,up,0.46749172,0.46,0.007491708,0,0.46
2025-12-17 01:00:00,2,down,0.48160073,0.46,0.021600723,0,0.46
2025-12-17 02:00:00,2,down,0.4852724,0.46,0.0252724,0,0.46
2025-12-17 03:00:00,2,down,0.49244028,0.46,0.032440275,0,0.46
2025-12-17 04:00:00,1,down,0.5573393,0.46,0.0973393,1,0.5573393
2025-12-17 05:00:00,2,up,0.48135218,0.46,0.021352172,0,0.46
2025-12-17 06:00:00,1,up,0.5838553,0.46,0.12385526,1,0.5838553
2025-12-17 07:00:00,2,down,0.46183184,0.46,0.0018318295,0,0.46
2025-12-17 08:00:00,1,up,0.5516107,0.46,0.0916107,1,0.5516107
2025-12-17 09:00:00,1,up,0.5459738,0.46,0.08597377,1,0.5459738
2025-12-17 10:00:00,1,up,0.5544764,0.46,0.09447637,1,0.5544764
2025-12-17 11:00:00,2,up,0.4570539,0.46,0.0029461086,0,0.46
2025-12-17 12:00:00,2,up,0.42027372,0.46,0.039726287,0,0.46
2025-12-17 13:00:00,2,up,0.4256479,0.46,0.034352094,0,0.46
2025-12-17 14:00:00,2,down,0.4323939,0.46,0.0276061,0,0.46
2025-12-17 15:00:00,2,down,0.4686611,0.46,0.008661091,0,0.46
2025-12-17 16:00:00,2,down,0.469237,0.46,0.009236991,0,0.46
2025-12-17 17:00:00,2,down,0.51006836,0.46,0.05006835,0,0.46
2025-12-17 18:00:00,1,up,0.5634176,0.46,0.103417605,1,0.5634176
2025-12-17 19:00:00,2,down,0.47892734,0.46,0.018927336,0,0.46
2025-12-17 20:00:00,1,up,0.5465952,0.46,0.08659521,1,0.5465952
2025-12-17 21:00:00,2,up,0.48663124,0.46,0.026631236,0,0.46
2025-12-17 22:00:00,2,down,0.50160277,0.46,0.04160276,0,0.46
2025-12-17 23:00:00,2,down,0.4348493,0.46,0.025150716,0,0.46
2025-12-18 00:00:00,2,down,0.44621697,0.46,0.013783038,0,0.46
2025-12-18 01:00:00,2,up,0.48283798,0.46,0.022837967,0,0.46
2025-12-18 02:00:00,2,down,0.41731444,0.46,0.04268557,0,0.46
2025-12-18 03:00:00,0,up,0.37414622,0.46,0.085853785,1,0.37414622
2025-12-18 04:00:00,2,down,0.42071638,0.46,0.039283633,0,0.46
2025-12-18 05:00:00,2,up,0.46423718,0.46,0.004237175,0,0.46
2025-12-18 06:00:00,2,up,0.4127519,0.46,0.047248095,0,0.46
2025-12-18 07:00:00,2,up,0.41070038,0.46,0.049299628,0,0.46
2025-12-18 08:00:00,0,up,0.37749583,0.46,0.08250418,1,0.37749583
2025-12-18 09:00:00,0,up,0.38251418,0.46,0.07748583,1,0.38251418
2025-12-18 10:00:00,2,down,0.39309862,0.46,0.066901386,0,0.46
2025-12-18 11:00:00,0,down,0.34832862,0.46,0.11167139,1,0.34832862
2025-12-18 12:00:00,2,up,0.42288333,0.46,0.037116677,0,0.46
2025-12-18 13:00:00,1,down,0.5446642,0.46,0.084664196,1,0.5446642
2025-12-18 14:00:00,2,up,0.5056746,0.46,0.045674592,0,0.46
2025-12-18 15:00:00,2,down,0.47933006,0.46,0.019330055,0,0.46
2025-12-18 16:00:00,2,down,0.47805014,0.46,0.018050134,0,0.46
2025-12-18 17:00:00,2,down,0.4666213,0.46,0.006621301,0,0.46
2025-12-18 18:00:00,1,down,0.5769349,0.46,0.116934866,1,0.5769349
2025-12-18 19:00:00,1,up,0.61623746,0.46,0.15623745,1,0.61623746
2025-12-18 20:00:00,1,up,0.6527079,0.46,0.19270787,1,0.6527079
2025-12-18 21:00:00,1,down,0.5594202,0.46,0.09942022,1,0.5594202
2025-12-18 22:00:00,2,down,0.48385257,0.46,0.023852557,0,0.46
2025-12-18 23:00:00,2,up,0.48990327,0.46,0.029903263,0,0.46
2025-12-19 00:00:00,2,down,0.4712035,0.46,0.011203498,0,0.46
2025-12-19 01:00:00,2,up,0.5045164,0.46,0.044516414,0,0.46
2025-12-19 02:00:00,2,up,0.49687657,0.46,0.03687656,0,0.46
2025-12-19 03:00:00,2,up,0.51128936,0.46,0.05128935,0,0.46
2025-12-19 04:00:00,2,up,0.43164757,0.46,0.02835244,0,0.46
2025-12-19 05:00:00,0,up,0.37019524,0.46,0.08980477,1,0.37019524
2025-12-19 06:00:00,0,up,0.38591996,0.46,0.07408005,1,0.38591996
2025-12-19 07:00:00,2,up,0.47486678,0.46,0.014866769,0,0.46
2025-12-19 08:00:00,0,up,0.35980403,0.46,0.100195974,1,0.35980403
2025-12-19 09:00:00,0,up,0.35173848,0.46,0.108261526,1,0.35173848
2025-12-19 10:00:00,0,down,0.3229329,0.46,0.13706711,1,0.3229329
2025-12-19 11:00:00,2,down,0.4308357,0.46,0.029164314,0,0.46
2025-12-19 12:00:00,2,up,0.49326724,0.46,0.03326723,0,0.46
2025-12-19 13:00:00,2,up,0.4819229,0.46,0.021922886,0,0.46
2025-12-19 14:00:00,2,down,0.44334635,0.46,0.016653657,0,0.46
2025-12-19 15:00:00,2,up,0.49116093,0.46,0.03116092,0,0.46
2025-12-19 16:00:00,2,down,0.46616906,0.46,0.006169051,0,0.46
2025-12-19 17:00:00,1,up,0.5579609,0.46,0.09796092,1,0.5579609
2025-12-19 18:00:00,1,up,0.55330503,0.46,0.09330502,1,0.55330503
2025-12-19 19:00:00,2,up,0.50076014,0.46,0.04076013,0,0.46
2025-12-19 20:00:00,2,down,0.4461177,0.46,0.013882309,0,0.46
2025-12-19 21:00:00,2,up,0.47170344,0.46,0.011703432,0,0.46
2025-12-19 22:00:00,0,down,0.3808371,0.46,0.079162896,1,0.3808371
2025-12-19 23:00:00,2,down,0.4979956,0.46,0.037995577,0,0.46
2025-12-20 00:00:00,2,up,0.46236727,0.46,0.002367258,0,0.46
2025-12-20 01:00:00,2,up,0.49251825,0.46,0.032518238,0,0.46
2025-12-20 02:00:00,2,up,0.40285695,0.46,0.057143062,0,0.46
2025-12-20 03:00:00,2,up,0.43823543,0.46,0.021764576,0,0.46
2025-12-20 04:00:00,2,down,0.39039552,0.46,0.069604486,0,0.46
2025-12-20 05:00:00,2,up,0.46837232,0.46,0.008372307,0,0.46
2025-12-20 06:00:00,2,down,0.43864715,0.46,0.021352857,0,0.46
2025-12-20 07:00:00,2,down,0.43694377,0.46,0.023056239,0,0.46
2025-12-20 08:00:00,2,down,0.49614057,0.46,0.03614056,0,0.46
2025-12-20 09:00:00,1,down,0.5409296,0.46,0.08092961,1,0.5409296
2025-12-20 10:00:00,2,up,0.50484973,0.46,0.044849724,0,0.46
2025-12-20 11:00:00,2,down,0.42653957,0.46,0.03346044,0,0.46
2025-12-20 12:00:00,2,up,0.48154736,0.46,0.021547347,0,0.46
2025-12-20 13:00:00,2,down,0.4216956,0.46,0.03830442,0,0.46
2025-12-20 14:00:00,2,down,0.45536324,0.46,0.0046367645,0,0.46
2025-12-20 15:00:00,2,down,0.49645546,0.46,0.036455452,0,0.46
2025-12-20 16:00:00,1,up,0.55311936,0.46,0.09311935,1,0.55311936
2025-12-20 17:00:00,1,up,0.53239614,0.46,0.07239613,1,0.53239614
2025-12-20 18:00:00,2,down,0.41927978,0.46,0.040720224,0,0.46
2025-12-20 19:00:00,2,up,0.47216102,0.46,0.012161016,0,0.46
2025-12-20 20:00:00,2,down,0.43197834,0.46,0.028021663,0,0.46
2025-12-20 21:00:00,2,up,0.5235628,0.46,0.06356278,0,0.46
2025-12-20 22:00:00,2,up,0.42563194,0.46,0.034368068,0,0.46
2025-12-20 23:00:00,2,up,0.413078,0.46,0.046922,0,0.46
2025-12-21 00:00:00,2,down,0.40774885,0.46,0.05225116,0,0.46
2025-12-21 01:00:00,1,down,0.5490671,0.46,0.08906707,1,0.5490671
2025-12-21 02:00:00,1,up,0.54377294,0.46,0.08377293,1,0.54377294
2025-12-21 03:00:00,2,down,0.50506574,0.46,0.04506573,0,0.46
2025-12-21 04:00:00,2,up,0.5206471,0.46,0.0606471,0,0.46
2025-12-21 05:00:00,2,down,0.5094138,0.46,0.04941377,0,0.46
2025-12-21 06:00:00,2,up,0.5117282,0.46,0.05172822,0,0.46
2025-12-21 07:00:00,2,up,0.47116888,0.46,0.011168867,0,0.46
2025-12-21 08:00:00,2,up,0.40565103,0.46,0.054348975,0,0.46
2025-12-21 09:00:00,2,down,0.40728915,0.46,0.05271086,0,0.46
2025-12-21 10:00:00,2,down,0.46127522,0.46,0.0012752116,0,0.46
2025-12-21 11:00:00,2,up,0.46148264,0.46,0.0014826357,0,0.46
2025-12-21 12:00:00,2,down,0.45204076,0.46,0.007959247,0,0.46
2025-12-21 13:00:00,1,up,0.54766434,0.46,0.087664336,1,0.54766434
2025-12-21 14:00:00,2,up,0.47269064,0.46,0.012690634,0,0.46
2025-12-21 15:00:00,2,up,0.49760965,0.46,0.037609637,0,0.46
2025-12-21 16:00:00,2,down,0.39899734,0.46,0.06100267,0,0.46
2025-12-21 17:00:00,2,up,0.49156836,0.46,0.03156835,0,0.46
2025-12-21 18:00:00,2,up,0.4103505,0.46,0.049649507,0,0.46
2025-12-21 19:00:00,0,down,0.37526494,0.46,0.084735066,1,0.37526494
2025-12-21 20:00:00,1,down,0.5626216,0.46,0.102621585,1,0.5626216
2025-12-21 21:00:00,2,up,0.5128283,0.46,0.052828282,0,0.46
2025-12-21 22:00:00,2,up,0.42565113,0.46,0.034348875,0,0.46
2025-12-21 23:00:00,0,down,0.3817974,0.46,0.078202605,1,0.3817974
2025-12-22 00:00:00,2,up,0.45738873,0.46,0.0026112795,0,0.46
2025-12-22 01:00:00,2,down,0.46279147,0.46,0.0027914643,0,0.46
2025-12-22 02:00:00,2,up,0.437661,0.46,0.022339016,0,0.46
2025-12-22 03:00:00,0,up,0.3703262,0.46,0.08967382,1,0.3703262
2025-12-22 04:00:00,2,down,0.40207136,0.46,0.05792865,0,0.46
2025-12-22 05:00:00,2,up,0.42797825,0.46,0.03202176,0,0.46
2025-12-22 06:00:00,2,up,0.39416167,0.46,0.06583834,0,0.46
2025-12-22 07:00:00,0,up,0.36463013,0.46,0.095369875,1,0.36463013
2025-12-22 08:00:00,2,up,0.46839395,0.46,0.008393943,0,0.46
2025-12-22 09:00:00,0,down,0.37557936,0.46,0.08442065,1,0.37557936
2025-12-22 10:00:00,0,up,0.3838267,0.46,0.076173306,1,0.3838267
2025-12-22 11:00:00,2,up,0.39106095,0.46,0.06893906,0,0.46
2025-12-22 12:00:00,2,down,0.405872,0.46,0.05412802,0,0.46
2025-12-22 13:00:00,2,up,0.4497862,0.46,0.010213822,0,0.46
2025-12-22 14:00:00,0,down,0.3569584,0.46,0.10304162,1,0.3569584
2025-12-22 15:00:00,2,down,0.47536346,0.46,0.015363455,0,0.46
2025-12-22 16:00:00,1,down,0.60847384,0.46,0.14847383,1,0.60847384
2025-12-22 17:00:00,1,down,0.5718478,0.46,0.11184779,1,0.5718478
2025-12-22 18:00:00,1,down,0.64800483,0.46,0.18800482,1,0.64800483
2025-12-22 19:00:00,1,up,0.55282044,0.46,0.092820436,1,0.55282044
2025-12-22 20:00:00,2,down,0.50519276,0.46,0.04519275,0,0.46
2025-12-22 21:00:00,1,up,0.63628215,0.46,0.17628214,1,0.63628215
2025-12-22 22:00:00,2,down,0.50722885,0.46,0.047228843,0,0.46
2025-12-22 23:00:00,2,up,0.4991756,0.46,0.0391756,0,0.46
2025-12-23 00:00:00,2,down,0.45809174,0.46,0.0019082725,0,0.46
2025-12-23 01:00:00,2,down,0.49471095,0.46,0.034710944,0,0.46
2025-12-23 02:00:00,1,down,0.54272676,0.46,0.08272675,1,0.54272676
2025-12-23 03:00:00,2,down,0.5123357,0.46,0.05233571,0,0.46
2025-12-23 04:00:00,1,down,0.57242423,0.46,0.112424225,1,0.57242423
2025-12-23 05:00:00,2,down,0.5248343,0.46,0.06483427,0,0.46
2025-12-23 06:00:00,2,up,0.49517533,0.46,0.035175323,0,0.46
2025-12-23 07:00:00,1,down,0.55578053,0.46,0.09578052,1,0.55578053
2025-12-23 08:00:00,1,up,0.5920536,0.46,0.13205358,1,0.5920536
2025-12-23 09:00:00,2,up,0.47680208,0.46,0.016802073,0,0.46
2025-12-23 10:00:00,1,up,0.55968034,0.46,0.099680334,1,0.55968034
2025-12-23 11:00:00,2,down,0.42638707,0.46,0.033612937,0,0.46
2025-12-23 12:00:00,2,down,0.4482592,0.46,0.011740804,0,0.46
2025-12-23 13:00:00,2,down,0.46792817,0.46,0.007928163,0,0.46
2025-12-23 14:00:00,1,up,0.5375988,0.46,0.07759878,1,0.5375988
2025-12-23 15:00:00,2,up,0.4597472,0.46,0.0002528131,0,0.46
2025-12-23 16:00:00,2,down,0.45164546,0.46,0.008354545,0,0.46
2025-12-23 17:00:00,1,up,0.5660746,0.46,0.1060746,1,0.5660746
2025-12-23 18:00:00,2,down,0.4352566,0.46,0.024743408,0,0.46
2025-12-23 19:00:00,2,down,0.47689143,0.46,0.01689142,0,0.46
2025-12-23 20:00:00,2,up,0.46448132,0.46,0.0044813156,0,0.46
2025-12-23 21:00:00,2,down,0.51799124,0.46,0.057991236,0,0.46
2025-12-23 22:00:00,2,up,0.5022918,0.46,0.04229179,0,0.46
2025-12-23 23:00:00,2,up,0.4836695,0.46,0.023669481,0,0.46
2025-12-24 00:00:00,2,down,0.44716957,0.46,0.012830436,0,0.46
2025-12-24 01:00:00,2,down,0.45789504,0.46,0.0021049678,0,0.46
2025-12-24 02:00:00,2,up,0.51690793,0.46,0.056907922,0,0.46
2025-12-24 03:00:00,2,down,0.49682984,0.46,0.03682983,0,0.46
2025-12-24 04:00:00,1,down,0.5306814,0.46,0.07068136,1,0.5306814
2025-12-24 05:00:00,1,up,0.53865147,0.46,0.07865146,1,0.53865147
2025-12-24 06:00:00,2,down,0.510126,0.46,0.050125986,0,0.46
2025-12-24 07:00:00,1,down,0.62260324,0.46,0.16260323,1,0.62260324
2025-12-24 08:00:00,1,up,0.58802366,0.46,0.12802365,1,0.58802366
2025-12-24 09:00:00,1,up,0.56178766,0.46,0.10178766,1,0.56178766
2025-12-24 10:00:00,2,up,0.4811277,0.46,0.0211277,0,0.46
2025-12-24 11:00:00,2,up,0.5087366,0.46,0.048736602,0,0.46
2025-12-24 12:00:00,0,down,0.36230522,0.46,0.097694784,1,0.36230522
2025-12-24 13:00:00,2,down,0.40196106,0.46,0.05803895,0,0.46
2025-12-24 14:00:00,2,up,0.4845861,0.46,0.024586082,0,0.46
2025-12-24 15:00:00,2,up,0.46079382,0.46,0.00079381466,0,0.46
2025-12-24 16:00:00,2,up,0.47327468,0.46,0.01327467,0,0.46
2025-12-24 17:00:00,2,up,0.45985577,0.46,0.00014424324,0,0.46
2025-12-24 18:00:00,0,up,0.3803984,0.46,0.079601616,1,0.3803984
2025-12-24 19:00:00,0,down,0.3812097,0.46,0.07879031,1,0.3812097
2025-12-24 20:00:00,2,up,0.452696,0.46,0.007304013,0,0.46
2025-12-24 21:00:00,2,up,0.4187501,0.46,0.0412499,0,0.46
2025-12-24 22:00:00,0,down,0.34115002,0.46,0.11884999,1,0.34115002
2025-12-24 23:00:00,2,down,0.45933267,0.46,0.0006673336,0,0.46
2025-12-25 00:00:00,2,up,0.48398376,0.46,0.023983747,0,0.46
2025-12-25 01:00:00,2,up,0.43372682,0.46,0.026273191,0,0.46
2025-12-25 02:00:00,0,down,0.35959274,0.46,0.10040727,1,0.35959274
2025-12-25 03:00:00,2,down,0.46429655,0.46,0.004296541,0,0.46
2025-12-25 04:00:00,2,down,0.4657806,0.46,0.0057805777,0,0.46
2025-12-25 05:00:00,2,up,0.42618906,0.46,0.033810943,0,0.46
2025-12-25 06:00:00,2,up,0.42052,0.46,0.03948,0,0.46
2025-12-25 07:00:00,2,down,0.43013355,0.46,0.029866457,0,0.46
2025-12-25 08:00:00,2,down,0.48002073,0.46,0.020020723,0,0.46
2025-12-25 09:00:00,2,down,0.47497234,0.46,0.014972329,0,0.46
2025-12-25 10:00:00,2,up,0.49932975,0.46,0.039329737,0,0.46
2025-12-25 11:00:00,2,up,0.5123357,0.46,0.05233571,0,0.46
2025-12-25 12:00:00,2,up,0.46264908,0.46,0.0026490688,0,0.46
2025-12-25 13:00:00,2,up,0.4237479,0.46,0.03625211,0,0.46
2025-12-25 14:00:00,2,up,0.39079082,0.46,0.06920919,0,0.46
2025-12-25 15:00:00,2,down,0.43553573,0.46,0.02446428,0,0.46
2025-12-25 16:00:00,2,up,0.47266036,0.46,0.012660354,0,0.46
2025-12-25 17:00:00,2,up,0.39510667,0.46,0.064893335,0,0.46
2025-12-25 18:00:00,2,down,0.43908668,0.46,0.020913333,0,0.46
2025-12-25 19:00:00,2,down,0.42367622,0.46,0.036323786,0,0.46
2025-12-25 20:00:00,2,up,0.501291,0.46,0.04129097,0,0.46
2025-12-25 21:00:00,2,down,0.4832438,0.46,0.023243785,0,0.46
2025-12-25 22:00:00,2,down,0.4846089,0.46,0.02460888,0,0.46
2025-12-25 23:00:00,2,down,0.5163793,0.46,0.05637929,0,0.46
2025-12-26 00:00:00,2,up,0.49181476,0.46,0.031814754,0,0.46
2025-12-26 01:00:00,2,up,0.50053734,0.46,0.040537328,0,0.46
2025-12-26 02:00:00,1,down,0.54396605,0.46,0.08396605,1,0.54396605
2025-12-26 03:00:00,2,up,0.48640496,0.46,0.026404947,0,0.46
2025-12-26 04:00:00,2,up,0.3966756,0.46,0.06332442,0,0.46
2025-12-26 05:00:00,2,up,0.43492255,0.46,0.025077462,0,0.46
2025-12-26 06:00:00,2,down,0.42832363,0.46,0.03167638,0,0.46
2025-12-26 07:00:00,2,up,0.5283349,0.46,0.06833491,0,0.46
2025-12-26 08:00:00,2,up,0.43393618,0.46,0.02606383,0,0.46
2025-12-26 09:00:00,2,down,0.46560696,0.46,0.0056069493,0,0.46
2025-12-26 10:00:00,2,down,0.4747287,0.46,0.014728695,0,0.46
2025-12-26 11:00:00,1,up,0.5789643,0.46,0.118964285,1,0.5789643
2025-12-26 12:00:00,2,up,0.486738,0.46,0.026737988,0,0.46
2025-12-26 13:00:00,0,down,0.36557806,0.46,0.09442195,1,0.36557806
2025-12-26 14:00:00,1,down,0.5429111,0.46,0.082911104,1,0.5429111
2025-12-26 15:00:00,2,down,0.4723359,0.46,0.0123358965,0,0.46
2025-12-26 16:00:00,1,up,0.66584295,0.46,0.20584294,1,0.66584295
2025-12-26 17:00:00,2,down,0.52383304,0.46,0.06383303,0,0.46
2025-12-26 18:00:00,2,up,0.5192873,0.46,0.05928728,0,0.46
2025-12-26 19:00:00,2,up,0.4674251,0.46,0.0074250996,0,0.46
2025-12-26 20:00:00,2,down,0.48411912,0.46,0.024119109,0,0.46
2025-12-26 21:00:00,1,up,0.5322712,0.46,0.0722712,1,0.5322712
2025-12-26 22:00:00,2,down,0.46556687,0.46,0.005566865,0,0.46
2025-12-26 23:00:00,1,up,0.54170877,0.46,0.08170876,1,0.54170877
2025-12-27 00:00:00,2,up,0.50516814,0.46,0.04516813,0,0.46
2025-12-27 01:00:00,2,down,0.4908453,0.46,0.030845284,0,0.46
2025-12-27 02:00:00,2,up,0.5027514,0.46,0.0427514,0,0.46
2025-12-27 03:00:00,2,down,0.4733042,0.46,0.013304204,0,0.46
2025-12-27 04:00:00,1,up,0.5776761,0.46,0.11767611,1,0.5776761
2025-12-27 05:00:00,2,down,0.47642913,0.46,0.016429126,0,0.46
2025-12-27 06:00:00,1,up,0.5383242,0.46,0.07832417,1,0.5383242
2025-12-27 07:00:00,2,up,0.5049528,0.46,0.04495278,0,0.46
2025-12-27 08:00:00,2,up,0.499258,0.46,0.039258003,0,0.46
2025-12-27 09:00:00,2,down,0.44921565,0.46,0.010784358,0,0.46
2025-12-27 10:00:00,2,down,0.49121603,0.46,0.031216025,0,0.46
2025-12-27 11:00:00,2,down,0.526218,0.46,0.06621799,0,0.46
2025-12-27 12:00:00,1,down,0.5411777,0.46,0.08117768,1,0.5411777
2025-12-27 13:00:00,2,up,0.49771985,0.46,0.037719846,0,0.46
2025-12-27 14:00:00,2,up,0.47562793,0.46,0.01562792,0,0.46
2025-12-27 15:00:00,2,down,0.48721474,0.46,0.027214736,0,0.46
2025-12-27 16:00:00,2,up,0.5033329,0.46,0.043332905,0,0.46
2025-12-27 17:00:00,2,down,0.4498217,0.46,0.010178298,0,0.46
2025-12-27 18:00:00,2,up,0.5284024,0.46,0.06840238,0,0.46
2025-12-27 19:00:00,2,down,0.5110237,0.46,0.051023692,0,0.46
2025-12-27 20:00:00,2,up,0.47655106,0.46,0.016551048,0,0.46
2025-12-27 21:00:00,2,down,0.41557807,0.46,0.04442194,0,0.46
2025-12-27 22:00:00,2,up,0.47029802,0.46,0.010298014,0,0.46
2025-12-27 23:00:00,2,down,0.39655322,0.46,0.06344679,0,0.46
2025-12-28 00:00:00,2,down,0.42138124,0.46,0.038618773,0,0.46
2025-12-28 01:00:00,2,up,0.46387172,0.46,0.003871709,0,0.46
2025-12-28 02:00:00,2,down,0.48690525,0.46,0.026905239,0,0.46
2025-12-28 03:00:00,1,down,0.53830475,0.46,0.07830474,1,0.53830475
2025-12-28 04:00:00,2,down,0.50159204,0.46,0.04159203,0,0.46
2025-12-28 05:00:00,2,up,0.52278775,0.46,0.06278774,0,0.46
2025-12-28 06:00:00,2,down,0.5005195,0.46,0.040519506,0,0.46
2025-12-28 07:00:00,2,up,0.50183815,0.46,0.04183814,0,0.46
2025-12-28 08:00:00,2,down,0.47918063,0.46,0.019180626,0,0.46
2025-12-28 09:00:00,2,up,0.47028896,0.46,0.010288954,0,0.46
2025-12-28 10:00:00,2,up,0.49805567,0.46,0.03805566,0,0.46
2025-12-28 11:00:00,2,down,0.409002,0.46,0.050998002,0,0.46
2025-12-28 12:00:00,2,up,0.42975536,0.46,0.030244648,0,0.46
2025-12-28 13:00:00,2,up,0.43965194,0.46,0.020348072,0,0.46
2025-12-28 14:00:00,2,down,0.49223846,0.46,0.032238454,0,0.46
2025-12-28 15:00:00,2,down,0.5090608,0.46,0.04906079,0,0.46
2025-12-28 16:00:00,2,down,0.4792452,0.46,0.019245178,0,0.46
2025-12-28 17:00:00,1,down,0.5939585,0.46,0.13395849,1,0.5939585
2025-12-28 18:00:00,2,down,0.50298566,0.46,0.042985648,0,0.46
2025-12-28 19:00:00,1,down,0.6561054,0.46,0.19610539,1,0.6561054
2025-12-28 20:00:00,1,up,0.5552866,0.46,0.09528658,1,0.5552866
2025-12-28 21:00:00,2,up,0.4806188,0.46,0.020618796,0,0.46
2025-12-28 22:00:00,2,up,0.4206666,0.46,0.039333403,0,0.46
2025-12-28 23:00:00,0,up,0.36523247,0.46,0.09476754,1,0.36523247
2025-12-29 00:00:00,2,up,0.39643532,0.46,0.06356469,0,0.46
2025-12-29 01:00:00,0,up,0.3774386,0.46,0.0825614,1,0.3774386
2025-12-29 02:00:00,2,up,0.4458184,0.46,0.014181614,0,0.46
2025-12-29 03:00:00,0,up,0.37706923,0.46,0.08293077,1,0.37706923
2025-12-29 04:00:00,2,down,0.4903964,0.46,0.030396402,0,0.46
2025-12-29 05:00:00,2,down,0.48565364,0.46,0.02565363,0,0.46
2025-12-29 06:00:00,2,down,0.5011831,0.46,0.041183084,0,0.46
2025-12-29 07:00:00,2,down,0.5047132,0.46,0.04471317,0,0.46
2025-12-29 08:00:00,2,down,0.52962095,0.46,0.06962094,0,0.46
2025-12-29 09:00:00,1,down,0.558966,0.46,0.09896597,1,0.558966
2025-12-29 10:00:00,1,down,0.59412843,0.46,0.13412842,1,0.59412843
2025-12-29 11:00:00,1,down,0.64472306,0.46,0.18472305,1,0.64472306
2025-12-29 12:00:00,2,down,0.5237718,0.46,0.063771814,0,0.46
2025-12-29 13:00:00,2,up,0.52761596,0.46,0.067615956,0,0.46
2025-12-29 14:00:00,1,up,0.59758127,0.46,0.13758126,1,0.59758127
2025-12-29 15:00:00,2,down,0.5003717,0.46,0.040371686,0,0.46
2025-12-29 16:00:00,2,up,0.5236285,0.46,0.063628465,0,0.46
2025-12-29 17:00:00,2,down,0.4351103,0.46,0.024889708,0,0.46
2025-12-29 18:00:00,1,down,0.5385346,0.46,0.07853457,1,0.5385346
2025-12-29 19:00:00,1,down,0.5485661,0.46,0.088566095,1,0.5485661
2025-12-29 20:00:00,1,up,0.5469125,0.46,0.08691248,1,0.5469125
2025-12-29 21:00:00,1,up,0.56266385,0.46,0.102663845,1,0.56266385
2025-12-29 22:00:00,2,down,0.50684875,0.46,0.046848744,0,0.46
2025-12-29 23:00:00,1,up,0.56012523,0.46,0.10012522,1,0.56012523
2025-12-30 00:00:00,1,up,0.53176415,0.46,0.07176414,1,0.53176415
2025-12-30 01:00:00,2,down,0.4813572,0.46,0.021357179,0,0.46
2025-12-30 02:00:00,2,up,0.49964055,0.46,0.039640546,0,0.46
2025-12-30 03:00:00,2,down,0.4233995,0.46,0.0366005,0,0.46
2025-12-30 04:00:00,2,down,0.5241841,0.46,0.0641841,0,0.46
2025-12-30 05:00:00,2,up,0.5151715,0.46,0.05517152,0,0.46
2025-12-30 06:00:00,2,up,0.45022497,0.46,0.0097750425,0,0.46
2025-12-30 07:00:00,2,up,0.41710702,0.46,0.042892992,0,0.46
2025-12-30 08:00:00,2,up,0.41816986,0.46,0.041830152,0,0.46
2025-12-30 09:00:00,0,down,0.35154495,0.46,0.10845506,1,0.35154495
2025-12-30 10:00:00,2,down,0.4166159,0.46,0.043384105,0,0.46
2025-12-30 11:00:00,2,up,0.43625927,0.46,0.023740739,0,0.46
2025-12-30 12:00:00,2,up,0.42627293,0.46,0.03372708,0,0.46
2025-12-30 13:00:00,0,up,0.3634108,0.46,0.09658921,1,0.3634108
2025-12-30 14:00:00,2,up,0.43546093,0.46,0.024539083,0,0.46
2025-12-30 15:00:00,0,down,0.37025967,0.46,0.089740336,1,0.37025967
2025-12-30 16:00:00,2,down,0.501207,0.46,0.041206986,0,0.46
2025-12-30 17:00:00,2,down,0.4659936,0.46,0.0059936047,0,0.46
2025-12-30 18:00:00,2,down,0.4576518,0.46,0.0023482144,0,0.46
2025-12-30 19:00:00,2,down,0.46985695,0.46,0.009856939,0,0.46
2025-12-30 20:00:00,1,up,0.56335527,0.46,0.10335526,1,0.56335527
2025-12-30 21:00:00,2,up,0.40404594,0.46,0.05595407,0,0.46
2025-12-30 22:00:00,2,up,0.41425118,0.46,0.04574883,0,0.46
2025-12-30 23:00:00,2,down,0.41695926,0.46,0.043040752,0,0.46
2025-12-31 00:00:00,1,up,0.5375291,0.46,0.0775291,1,0.5375291
2025-12-31 01:00:00,2,up,0.40933812,0.46,0.05066189,0,0.46
2025-12-31 02:00:00,0,down,0.38190022,0.46,0.07809979,1,0.38190022
2025-12-31 03:00:00,2,down,0.43243992,0.46,0.027560085,0,0.46
2025-12-31 04:00:00,1,up,0.5305227,0.46,0.070522696,1,0.5305227
2025-12-31 05:00:00,2,up,0.417946,0.46,0.042053998,0,0.46
2025-12-31 06:00:00,2,up,0.46176177,0.46,0.0017617643,0,0.46
2025-12-31 07:00:00,2,down,0.40234298,0.46,0.057657033,0,0.46
2025-12-31 08:00:00,2,up,0.4420381,0.46,0.01796192,0,0.46
2025-12-31 09:00:00,0,up,0.37661085,0.46,0.08338916,1,0.37661085
2025-12-31 10:00:00,0,up,0.38291237,0.46,0.07708764,1,0.38291237
2025-12-31 11:00:00,0,down,0.35406527,0.46,0.10593474,1,0.35406527
2025-12-31 12:00:00,2,up,0.47431746,0.46,0.014317453,0,0.46
2025-12-31 13:00:00,0,down,0.36134112,0.46,0.09865889,1,0.36134112
2025-12-31 14:00:00,2,down,0.46278942,0.46,0.002789408,0,0.46
2025-12-31 15:00:00,1,down,0.53826004,0.46,0.078260034,1,0.53826004
2025-12-31 16:00:00,1,down,0.5514765,0.46,0.09147647,1,0.5514765
2025-12-31 17:00:00,1,up,0.5466698,0.46,0.08666977,1,0.5466698
2025-12-31 18:00:00,1,down,0.58337,0.46,0.12336996,1,0.58337
2025-12-31 19:00:00,1,up,0.5966013,0.46,0.1366013,1,0.5966013
2025-12-31 20:00:00,2,up,0.47692537,0.46,0.016925365,0,0.46
2025-12-31 21:00:00,1,down,0.53902185,0.46,0.07902184,1,0.53902185
2025-12-31 22:00:00,2,down,0.49408787,0.46,0.034087867,0,0.46
2025-12-31 23:00:00,2,up,0.5283619,0.46,0.06836191,0,0.46
2026-01-01 00:00:00,2,up,0.49793267,0.46,0.037932664,0,0.46
2026-01-01 01:00:00,2,down,0.4753012,0.46,0.015301198,0,0.46
2026-01-01 02:00:00,2,down,0.47643954,0.46,0.016439527,0,0.46
2026-01-01 03:00:00,2,down,0.49156973,0.46,0.03156972,0,0.46
2026-01-01 04:00:00,1,up,0.54037094,0.46,0.08037093,1,0.54037094
2026-01-01 05:00:00,2,down,0.52393365,0.46,0.06393364,0,0.46
2026-01-01 06:00:00,1,down,0.57188267,0.46,0.11188266,1,0.57188267
2026-01-01 07:00:00,1,up,0.53842694,0.46,0.07842693,1,0.53842694
2026-01-01 08:00:00,2,up,0.47547328,0.46,0.015473276,0,0.46
2026-01-01 09:00:00,2,down,0.43651432,0.46,0.02348569,0,0.46
2026-01-01 10:00:00,2,up,0.43667874,0.46,0.023321271,0,0.46
2026-01-01 11:00:00,0,down,0.37204483,0.46,0.08795518,1,0.37204483
2026-01-01 12:00:00,2,down,0.47645664,0.46,0.016456634,0,0.46
2026-01-01 13:00:00,2,up,0.45429865,0.46,0.005701363,0,0.46
2026-01-01 14:00:00,2,up,0.40476406,0.46,0.055235952,0,0.46
2026-01-01 15:00:00,2,down,0.4120823,0.46,0.047917694,0,0.46
2026-01-01 16:00:00,2,up,0.46684304,0.46,0.0068430305,0,0.46
2026-01-01 17:00:00,2,down,0.39532146,0.46,0.06467855,0,0.46
2026-01-01 18:00:00,2,up,0.45037544,0.46,0.009624571,0,0.46
2026-01-01 19:00:00,0,down,0.32701388,0.46,0.13298613,1,0.32701388
2026-01-01 20:00:00,2,up,0.5074936,0.46,0.047493607,0,0.46
2026-01-01 21:00:00,2,up,0.42239293,0.46,0.037607074,0,0.46
2026-01-01 22:00:00,0,up,0.38964748,0.46,0.070352525,1,0.38964748
2026-01-01 23:00:00,0,down,0.35619095,0.46,0.10380906,1,0.35619095
2026-01-02 00:00:00,0,down,0.36964342,0.46,0.09035659,1,0.36964342
2026-01-02 01:00:00,2,down,0.45869592,0.46,0.00130409,0,0.46
2026-01-02 02:00:00,2,up,0.4228951,0.46,0.037104905,0,0.46
2026-01-02 03:00:00,0,down,0.38758233,0.46,0.07241768,1,0.38758233
2026-01-02 04:00:00,2,up,0.51593786,0.46,0.055937856,0,0.46
2026-01-02 05:00:00,0,up,0.38592649,0.46,0.07407352,1,0.38592649
2026-01-02 06:00:00,2,down,0.4056674,0.46,0.054332614,0,0.46
2026-01-02 07:00:00,2,up,0.4491472,0.46,0.010852814,0,0.46
2026-01-02 08:00:00,0,up,0.34094793,0.46,0.11905208,1,0.34094793
2026-01-02 09:00:00,0,up,0.35591635,0.46,0.10408366,1,0.35591635
2026-01-02 10:00:00,2,down,0.47426575,0.46,0.014265746,0,0.46
2026-01-02 11:00:00,2,down,0.47582218,0.46,0.015822172,0,0.46
2026-01-02 12:00:00,2,down,0.5062615,0.46,0.04626152,0,0.46
2026-01-02 13:00:00,2,up,0.5097911,0.46,0.049791068,0,0.46
2026-01-02 14:00:00,2,down,0.41558376,0.46,0.04441625,0,0.46
2026-01-02 15:00:00,2,up,0.47245455,0.46,0.01245454,0,0.46
2026-01-02 16:00:00,2,down,0.44215366,0.46,0.017846346,0,0.46
2026-01-02 17:00:00,2,down,0.47659546,0.46,0.016595453,0,0.46
2026-01-02 18:00:00,2,up,0.47959316,0.46,0.01959315,0,0.46
2026-01-02 19:00:00,2,down,0.49131745,0.46,0.031317443,0,0.46
2026-01-02 20:00:00,2,up,0.49271327,0.46,0.032713264,0,0.46
2026-01-02 21:00:00,2,up,0.40717098,0.46,0.052829027,0,0.46
2026-01-02 22:00:00,2,down,0.45217043,0.46,0.007829577,0,0.46
2026-01-02 23:00:00,2,up,0.47609255,0.46,0.016092539,0,0.46
2026-01-03 00:00:00,0,up,0.3839013,0.46,0.07609871,1,0.3839013
2026-01-03 01:00:00,0,up,0.37171876,0.46,0.088281244,1,0.37171876
2026-01-03 02:00:00,0,down,0.38895887,0.46,0.07104114,1,0.38895887
2026-01-03 03:00:00,2,down,0.39306405,0.46,0.06693596,0,0.46
2026-01-03 04:00:00,2,down,0.45343748,0.46,0.006562531,0,0.46
2026-01-03 05:00:00,2,down,0.50228876,0.46,0.04228875,0,0.46
2026-01-03 06:00:00,1,down,0.5880119,0.46,0.12801191,1,0.5880119
2026-01-03 07:00:00,2,up,0.5282877,0.46,0.0682877,0,0.46
2026-01-03 08:00:00,2,up,0.4479297,0.46,0.012070298,0,0.46
2026-01-03 09:00:00,2,down,0.5254917,0.46,0.065491706,0,0.46
2026-01-03 10:00:00,2,down,0.5065944,0.46,0.04659441,0,0.46
2026-01-03 11:00:00,2,up,0.50416744,0.46,0.04416743,0,0.46
2026-01-03 12:00:00,0,down,0.36205047,0.46,0.097949535,1,0.36205047
2026-01-03 13:00:00,2,up,0.41636315,0.46,0.04363686,0,0.46
2026-01-03 14:00:00,2,down,0.40268925,0.46,0.05731076,0,0.46
2026-01-03 15:00:00,1,up,0.5443604,0.46,0.08436039,1,0.5443604
2026-01-03 16:00:00,2,down,0.40659434,0.46,0.053405672,0,0.46
2026-01-03 17:00:00,2,up,0.44084767,0.46,0.019152343,0,0.46
2026-01-03 18:00:00,2,down,0.42703182,0.46,0.032968193,0,0.46
2026-01-03 19:00:00,2,up,0.45228755,0.46,0.0077124536,0,0.46
2026-01-03 20:00:00,0,up,0.3416722,0.46,0.1183278,1,0.3416722
2026-01-03 21:00:00,0,up,0.38117227,0.46,0.07882774,1,0.38117227
2026-01-03 22:00:00,2,up,0.44726485,0.46,0.012735158,0,0.46
2026-01-03 23:00:00,0,up,0.37661487,0.46,0.08338514,1,0.37661487
2026-01-04 00:00:00,2,down,0.4657296,0.46,0.005729586,0,0.46
2026-01-04 01:00:00,2,down,0.40916836,0.46,0.050831646,0,0.46
2026-01-04 02:00:00,2,up,0.46186805,0.46,0.0018680394,0,0.46
2026-01-04 03:00:00,2,up,0.4175946,0.46,0.042405397,0,0.46
2026-01-04 04:00:00,0,up,0.38815296,0.46,0.07184705,1,0.38815296
2026-01-04 05:00:00,0,down,0.36571723,0.46,0.094282776,1,0.36571723
2026-01-04 06:00:00,2,up,0.49283144,0.46,0.03283143,0,0.46
2026-01-04 07:00:00,0,down,0.36322504,0.46,0.096774966,1,0.36322504
2026-01-04 08:00:00,2,up,0.4258966,0.46,0.034103394,0,0.46
2026-01-04 09:00:00,0,up,0.38750648,0.46,0.07249352,1,0.38750648
2026-01-04 10:00:00,2,down,0.41985548,0.46,0.040144533,0,0.46
2026-01-04 11:00:00,2,down,0.51385367,0.46,0.05385366,0,0.46
2026-01-04 12:00:00,1,up,0.57636654,0.46,0.116366535,1,0.57636654
2026-01-04 13:00:00,2,up,0.42004362,0.46,0.03995639,0,0.46
2026-01-04 14:00:00,2,down,0.44705632,0.46,0.012943685,0,0.46
2026-01-04 15:00:00,2,down,0.45019674,0.46,0.009803265,0,0.46
2026-01-04 16:00:00,2,up,0.47457415,0.46,0.01457414,0,0.46
2026-01-04 17:00:00,2,down,0.48399058,0.46,0.023990571,0,0.46
2026-01-04 18:00:00,2,down,0.47912243,0.46,0.019122422,0,0.46
2026-01-04 19:00:00,2,up,0.4516734,0.46,0.00832662,0,0.46
2026-01-04 20:00:00,2,down,0.46081287,0.46,0.00081285834,0,0.46
2026-01-04 21:00:00,2,down,0.48359415,0.46,0.023594141,0,0.46
2026-01-04 22:00:00,2,up,0.45808515,0.46,0.0019148588,0,0.46
2026-01-04 23:00:00,0,up,0.35709035,0.46,0.102909654,1,0.35709035
2026-01-05 00:00:00,2,up,0.43973136,0.46,0.020268649,0,0.46
2026-01-05 01:00:00,2,up,0.4757587,0.46,0.015758693,0,0.46
2026-01-05 02:00:00,0,down,0.38966644,0.46,0.07033357,1,0.38966644
2026-01-05 03:00:00,2,down,0.49567527,0.46,0.035675257,0,0.46
2026-01-05 04:00:00,2,down,0.47572622,0.46,0.015726209,0,0.46
2026-01-05 05:00:00,2,up,0.5086602,0.46,0.04866019,0,0.46
2026-01-05 06:00:00,0,up,0.37799907,0.46,0.08200094,1,0.37799907
2026-01-05 07:00:00,2,down,0.523621,0.46,0.063621014,0,0.46
2026-01-05 08:00:00,2,up,0.5292372,0.46,0.0692372,0,0.46
2026-01-05 09:00:00,0,up,0.3850389,0.46,0.074961096,1,0.3850389
2026-01-05 10:00:00,0,up,0.35525283,0.46,0.104747176,1,0.35525283
2026-01-05 11:00:00,0,down,0.35595724,0.46,0.10404277,1,0.35595724
2026-01-05 12:00:00,2,down,0.44250864,0.46,0.01749137,0,0.46
2026-01-05 13:00:00,2,up,0.47695976,0.46,0.016959757,0,0.46
2026-01-05 14:00:00,2,up,0.3972422,0.46,0.06275782,0,0.46
2026-01-05 15:00:00,0,down,0.35154685,0.46,0.108453155,1,0.35154685
2026-01-05 16:00:00,2,up,0.4614089,0.46,0.0014089048,0,0.46
2026-01-05 17:00:00,0,up,0.3671344,0.46,0.092865616,1,0.3671344
2026-01-05 18:00:00,0,down,0.37069097,0.46,0.08930904,1,0.37069097
2026-01-05 19:00:00,0,down,0.38543722,0.46,0.07456279,1,0.38543722
2026-01-05 20:00:00,2,down,0.49753836,0.46,0.03753835,0,0.46
2026-01-05 21:00:00,2,up,0.39173767,0.46,0.06826234,0,0.46
2026-01-05 22:00:00,2,down,0.45724258,0.46,0.00275743,0,0.46
2026-01-05 23:00:00,1,down,0.5914411,0.46,0.13144109,1,0.5914411
2026-01-06 00:00:00,2,down,0.4432369,0.46,0.01676312,0,0.46
2026-01-06 01:00:00,1,down,0.5394087,0.46,0.079408675,1,0.5394087
2026-01-06 02:00:00,1,up,0.5300661,0.46,0.070066065,1,0.5300661
2026-01-06 03:00:00,2,up,0.5293661,0.46,0.06936607,0,0.46
2026-01-06 04:00:00,2,down,0.49042118,0.46,0.030421168,0,0.46
2026-01-06 05:00:00,1,up,0.54033864,0.46,0.08033863,1,0.54033864
2026-01-06 06:00:00,2,down,0.4406433,0.46,0.019356698,0,0.46
2026-01-06 07:00:00,2,down,0.5181509,0.46,0.058150917,0,0.46
2026-01-06 08:00:00,1,up,0.53445184,0.46,0.074451834,1,0.53445184
2026-01-06 09:00:00,2,up,0.5179153,0.46,0.0579153,0,0.46
2026-01-06 10:00:00,2,up,0.4544893,0.46,0.0055107176,0,0.46
2026-01-06 11:00:00,2,up,0.40093452,0.46,0.05906549,0,0.46
2026-01-06 12:00:00,2,down,0.42440963,0.46,0.03559038,0,0.46
2026-01-06 13:00:00,2,up,0.43925402,0.46,0.020745993,0,0.46
2026-01-06 14:00:00,2,down,0.4621953,0.46,0.0021952987,0,0.46
2026-01-06 15:00:00,2,down,0.4999802,0.46,0.039980203,0,0.46
2026-01-06 16:00:00,2,down,0.5296086,0.46,0.0696086,0,0.46
2026-01-06 17:00:00,1,up,0.5863517,0.46,0.12635168,1,0.5863517
2026-01-06 18:00:00,2,up,0.4518639,0.46,0.008136094,0,0.46
2026-01-06 19:00:00,1,up,0.54356617,0.46,0.08356616,1,0.54356617
2026-01-06 20:00:00,2,up,0.49152303,0.46,0.03152302,0,0.46
2026-01-06 21:00:00,2,up,0.4586387,0.46,0.0013613105,0,0.46
2026-01-06 22:00:00,2,up,0.3931267,0.46,0.06687331,0,0.46
2026-01-06 23:00:00,0,down,0.3743004,0.46,0.08569962,1,0.3743004
2026-01-07 00:00:00,2,down,0.5078717,0.46,0.04787168,0,0.46
2026-01-07 01:00:00,2,up,0.49790606,0.46,0.03790605,0,0.46
2026-01-07 02:00:00,2,down,0.45361394,0.46,0.0063860714,0,0.46
2026-01-07 03:00:00,2,down,0.4842645,0.46,0.024264485,0,0.46
2026-01-07 04:00:00,2,down,0.5069929,0.46,0.04699287,0,0.46
2026-01-07 05:00:00,1,up,0.5402129,0.46,0.08021292,1,0.5402129
2026-01-07 06:00:00,1,up,0.55662316,0.46,0.09662315,1,0.55662316
2026-01-07 07:00:00,2,down,0.5202549,0.46,0.0602549,0,0.46
2026-01-07 08:00:00,2,down,0.5008628,0.46,0.04086277,0,0.46
2026-01-07 09:00:00,1,up,0.54930055,0.46,0.08930054,1,0.54930055
2026-01-07 10:00:00,2,up,0.44087362,0.46,0.019126385,0,0.46
2026-01-07 11:00:00,1,down,0.5357733,0.46,0.07577327,1,0.5357733
2026-01-07 12:00:00,1,up,0.53987896,0.46,0.079878956,1,0.53987896
2026-01-07 13:00:00,2,down,0.5136268,0.46,0.053626806,0,0.46
2026-01-07 14:00:00,2,down,0.5006839,0.46,0.040683895,0,0.46
2026-01-07 15:00:00,2,down,0.5120588,0.46,0.052058786,0,0.46
2026-01-07 16:00:00,1,down,0.58235854,0.46,0.12235853,1,0.58235854
2026-01-07 17:00:00,1,down,0.53350234,0.46,0.07350233,1,0.53350234
2026-01-07 18:00:00,1,up,0.542311,0.46,0.082311004,1,0.542311
2026-01-07 19:00:00,2,down,0.5065794,0.46,0.04657939,0,0.46
2026-01-07 20:00:00,2,up,0.5295009,0.46,0.06950089,0,0.46
2026-01-07 21:00:00,1,up,0.5444642,0.46,0.08446416,1,0.5444642
2026-01-07 22:00:00,1,up,0.5407604,0.46,0.08076039,1,0.5407604
2026-01-07 23:00:00,2,up,0.43149066,0.46,0.028509349,0,0.46
2026-01-08 00:00:00,2,up,0.40988848,0.46,0.050111532,0,0.46
2026-01-08 01:00:00,2,down,0.443723,0.46,0.016277015,0,0.46
2026-01-08 02:00:00,2,down,0.51249796,0.46,0.052497953,0,0.46
2026-01-08 03:00:00,2,up,0.5296734,0.46,0.06967339,0,0.46
2026-01-08 04:00:00,2,down,0.5107155,0.46,0.050715476,0,0.46
2026-01-08 05:00:00,1,down,0.5379245,0.46,0.07792452,1,0.5379245
2026-01-08 06:00:00,1,up,0.5988489,0.46,0.13884887,1,0.5988489
2026-01-08 07:00:00,2,down,0.44402823,0.46,0.01597178,0,0.46
2026-01-08 08:00:00,2,down,0.52328837,0.46,0.06328836,0,0.46
2026-01-08 09:00:00,2,up,0.51054794,0.46,0.050547928,0,0.46
2026-01-08 10:00:00,2,down,0.49997497,0.46,0.039974958,0,0.46
2026-01-08 11:00:00,2,down,0.4765178,0.46,0.016517788,0,0.46
2026-01-08 12:00:00,2,down,0.5119695,0.46,0.0519695,0,0.46
2026-01-08 13:00:00,2,up,0.5238034,0.46,0.063803405,0,0.46
2026-01-08 14:00:00,2,up,0.46191555,0.46,0.0019155443,0,0.46
2026-01-08 15:00:00,2,up,0.42835045,0.46,0.03164956,0,0.46
2026-01-08 16:00:00,2,up,0.40222144,0.46,0.057778567,0,0.46
2026-01-08 17:00:00,2,down,0.3946663,0.46,0.065333694,0,0.46
2026-01-08 18:00:00,2,down,0.44833577,0.46,0.011664242,0,0.46
2026-01-08 19:00:00,2,down,0.45365608,0.46,0.006343931,0,0.46
2026-01-08 20:00:00,2,up,0.43447793,0.46,0.025522083,0,0.46
2026-01-08 21:00:00,0,down,0.3816763,0.46,0.07832372,1,0.3816763
2026-01-08 22:00:00,2,down,0.44676775,0.46,0.013232261,0,0.46
2026-01-08 23:00:00,2,up,0.4338463,0.46,0.026153713,0,0.46
2026-01-09 00:00:00,2,down,0.39604616,0.46,0.06395385,0,0.46
2026-01-09 01:00:00,2,down,0.48858643,0.46,0.028586417,0,0.46
2026-01-09 02:00:00,2,up,0.4839224,0.46,0.023922384,0,0.46
2026-01-09 03:00:00,2,down,0.43591312,0.46,0.024086893,0,0.46
2026-01-09 04:00:00,2,up,0.48533928,0.46,0.025339276,0,0.46
2026-01-09 05:00:00,2,up,0.43987483,0.46,0.02012518,0,0.46
2026-01-09 06:00:00,2,down,0.47528848,0.46,0.015288472,0,0.46
2026-01-09 07:00:00,1,down,0.5549509,0.46,0.094950885,1,0.5549509
2026-01-09 08:00:00,1,up,0.5435013,0.46,0.08350131,1,0.5435013
2026-01-09 09:00:00,2,up,0.4988581,0.46,0.038858086,0,0.46
2026-01-09 10:00:00,1,down,0.5425279,0.46,0.082527906,1,0.5425279
2026-01-09 11:00:00,2,down,0.52214557,0.46,0.06214556,0,0.46
2026-01-09 12:00:00,2,up,0.47837594,0.46,0.018375933,0,0.46
2026-01-09 13:00:00,2,down,0.49761885,0.46,0.037618846,0,0.46
2026-01-09 14:00:00,2,up,0.5212164,0.46,0.061216384,0,0.46
2026-01-09 15:00:00,2,up,0.49096298,0.46,0.030962974,0,0.46
2026-01-09 16:00:00,2,down,0.41157565,0.46,0.048424363,0,0.46
2026-01-09 17:00:00,2,down,0.40746495,0.46,0.052535057,0,0.46
2026-01-09 18:00:00,2,down,0.4721137,0.46,0.01211369,0,0.46
2026-01-09 19:00:00,2,down,0.5093038,0.46,0.0493038,0,0.46
2026-01-09 20:00:00,1,up,0.54874986,0.46,0.088749856,1,0.54874986
2026-01-09 21:00:00,2,up,0.47243538,0.46,0.012435377,0,0.46
2026-01-09 22:00:00,2,up,0.45673725,0.46,0.0032627583,0,0.46
2026-01-09 23:00:00,2,down,0.47929797,0.46,0.019297957,0,0.46
2026-01-10 00:00:00,2,up,0.47325492,0.46,0.013254911,0,0.46
2026-01-10 01:00:00,2,up,0.4866835,0.46,0.02668348,0,0.46
2026-01-10 02:00:00,2,down,0.4736942,0.46,0.013694197,0,0.46
2026-01-10 03:00:00,2,down,0.48264793,0.46,0.022647917,0,0.46
2026-01-10 04:00:00,1,up,0.5302234,0.46,0.07022342,1,0.5302234
2026-01-10 05:00:00,2,down,0.46411076,0.46,0.0041107535,0,0.46
2026-01-10 06:00:00,2,up,0.5101849,0.46,0.050184876,0,0.46
2026-01-10 07:00:00,2,down,0.41781077,0.46,0.04218924,0,0.46
2026-01-10 08:00:00,2,up,0.4568928,0.46,0.00310722,0,0.46
2026-01-10 09:00:00,2,up,0.39352614,0.46,0.06647387,0,0.46
2026-01-10 10:00:00,0,down,0.36852896,0.46,0.091471046,1,0.36852896
2026-01-10 11:00:00,2,up,0.4902512,0.46,0.030251205,0,0.46
2026-01-10 12:00:00,2,down,0.47717866,0.46,0.017178655,0,0.46
2026-01-10 13:00:00,2,down,0.5010033,0.46,0.041003317,0,0.46
2026-01-10 14:00:00,2,up,0.49973884,0.46,0.039738834,0,0.46
2026-01-10 15:00:00,2,up,0.46249884,0.46,0.0024988353,0,0.46
2026-01-10 16:00:00,2,down,0.45153692,0.46,0.008463085,0,0.46
2026-01-10 17:00:00,1,up,0.5520755,0.46,0.0920755,1,0.5520755
2026-01-10 18:00:00,2,up,0.44028735,0.46,0.019712657,0,0.46
2026-01-10 19:00:00,2,down,0.50281924,0.46,0.04281923,0,0.46
2026-01-10 20:00:00,1,down,0.56946427,0.46,0.10946426,1,0.56946427
2026-01-10 21:00:00,1,down,0.57352304,0.46,0.113523036,1,0.57352304
2026-01-10 22:00:00,1,up,0.5427548,0.46,0.08275482,1,0.5427548
2026-01-10 23:00:00,2,up,0.5120833,0.46,0.052083284,0,0.46
2026-01-11 00:00:00,2,down,0.43273866,0.46,0.027261347,0,0.46
2026-01-11 01:00:00,2,up,0.46788302,0.46,0.007883012,0,0.46
2026-01-11 02:00:00,2,up,0.42360985,0.46,0.036390156,0,0.46
2026-01-11 03:00:00,0,up,0.38478738,0.46,0.07521263,1,0.38478738
2026-01-11 04:00:00,2,down,0.39492983,0.46,0.06507018,0,0.46
2026-01-11 05:00:00,2,down,0.49434158,0.46,0.034341574,0,0.46
2026-01-11 06:00:00,2,down,0.45510584,0.46,0.004894167,0,0.46
2026-01-11 07:00:00,2,up,0.46400315,0.46,0.0040031374,0,0.46
2026-01-11 08:00:00,2,down,0.3943152,0.46,0.065684795,0,0.46
2026-01-11 09:00:00,2,down,0.4851194,0.46,0.025119394,0,0.46
2026-01-11 10:00:00,2,up,0.45995623,0.46,4.377961e-05,0,0.46
2026-01-11 11:00:00,2,up,0.44934452,0.46,0.010655493,0,0.46
2026-01-11 12:00:00,0,down,0.3784344,0.46,0.08156562,1,0.3784344
2026-01-11 13:00:00,1,up,0.53297764,0.46,0.07297763,1,0.53297764
2026-01-11 14:00:00,0,down,0.38572264,0.46,0.07427737,1,0.38572264
2026-01-11 15:00:00,2,up,0.46254072,0.46,0.0025407076,0,0.46
2026-01-11 16:00:00,2,down,0.45758355,0.46,0.0024164617,0,0.46
2026-01-11 17:00:00,2,down,0.5096003,0.46,0.049600273,0,0.46
2026-01-11 18:00:00,2,down,0.488514,0.46,0.028513998,0,0.46
2026-01-11 19:00:00,1,up,0.6090014,0.46,0.14900139,1,0.6090014
2026-01-11 20:00:00,2,up,0.47691584,0.46,0.016915828,0,0.46
2026-01-11 21:00:00,2,down,0.48330694,0.46,0.023306936,0,0.46
2026-01-11 22:00:00,2,up,0.5211329,0.46,0.061132878,0,0.46
2026-01-11 23:00:00,2,up,0.39949667,0.46,0.060503334,0,0.46
2026-01-12 00:00:00,0,up,0.37787175,0.46,0.08212826,1,0.37787175
2026-01-12 01:00:00,2,up,0.45679575,0.46,0.0032042563,0,0.46
2026-01-12 02:00:00,2,down,0.42333025,0.46,0.03666976,0,0.46
2026-01-12 03:00:00,1,up,0.5302764,0.46,0.07027641,1,0.5302764
2026-01-12 04:00:00,0,down,0.36605924,0.46,0.093940765,1,0.36605924
2026-01-12 05:00:00,2,down,0.47906664,0.46,0.019066632,0,0.46
2026-01-12 06:00:00,2,down,0.46201944,0.46,0.0020194352,0,0.46
2026-01-12 07:00:00,1,down,0.5438636,0.46,0.083863586,1,0.5438636
2026-01-12 08:00:00,1,down,0.5351072,0.46,0.07510719,1,0.5351072
2026-01-12 09:00:00,1,down,0.6077681,0.46,0.14776811,1,0.6077681
2026-01-12 10:00:00,1,up,0.5567798,0.46,0.09677979,1,0.5567798
2026-01-12 11:00:00,1,up,0.56787133,0.46,0.107871324,1,0.56787133
2026-01-12 12:00:00,1,down,0.5403768,0.46,0.080376774,1,0.5403768
2026-01-12 13:00:00,2,up,0.5260517,0.46,0.06605169,0,0.46
2026-01-12 14:00:00,2,up,0.44396874,0.46,0.016031265,0,0.46
2026-01-12 15:00:00,2,up,0.41924718,0.46,0.040752828,0,0.46
2026-01-12 16:00:00,2,down,0.4317663,0.46,0.028233707,0,0.46
2026-01-12 17:00:00,2,up,0.47608835,0.46,0.016088337,0,0.46
2026-01-12 18:00:00,2,up,0.43641007,0.46,0.023589939,0,0.46
2026-01-12 19:00:00,0,down,0.38509503,0.46,0.07490498,1,0.38509503
2026-01-12 20:00:00,2,down,0.4739589,0.46,0.013958901,0,0.46
2026-01-12 21:00:00,2,up,0.5203632,0.46,0.060363203,0,0.46
2026-01-12 22:00:00,1,up,0.53581506,0.46,0.07581505,1,0.53581506
2026-01-12 23:00:00,2,up,0.47713888,0.46,0.017138869,0,0.46
2026-01-13 00:00:00,2,down,0.4232853,0.46,0.036714703,0,0.46
2026-01-13 01:00:00,2,down,0.49009535,0.46,0.030095339,0,0.46
2026-01-13 02:00:00,1,up,0.5307067,0.46,0.070706695,1,0.5307067
2026-01-13 03:00:00,2,up,0.47131485,0.46,0.011314839,0,0.46
2026-01-13 04:00:00,2,up,0.41836005,0.46,0.041639954,0,0.46
2026-01-13 05:00:00,2,up,0.43259344,0.46,0.027406573,0,0.46
2026-01-13 06:00:00,0,down,0.3566878,0.46,0.103312194,1,0.3566878
2026-01-13 07:00:00,2,up,0.4824465,0.46,0.022446483,0,0.46
2026-01-13 08:00:00,0,up,0.37459183,0.46,0.08540818,1,0.37459183
2026-01-13 09:00:00,2,down,0.45966482,0.46,0.00033518672,0,0.46
2026-01-13 10:00:00,2,down,0.4329952,0.46,0.027004808,0,0.46
2026-01-13 11:00:00,2,up,0.47848588,0.46,0.018485874,0,0.46
2026-01-13 12:00:00,2,down,0.39770743,0.46,0.062292576,0,0.46
2026-01-13 13:00:00,2,up,0.47170344,0.46,0.011703432,0,0.46
2026-01-13 14:00:00,2,up,0.45679614,0.46,0.0032038689,0,0.46
2026-01-13 15:00:00,2,down,0.44755483,0.46,0.012445182,0,0.46
2026-01-13 16:00:00,2,down,0.48183927,0.46,0.021839261,0,0.46
2026-01-13 17:00:00,2,up,0.41070426,0.46,0.049295753,0,0.46
2026-01-13 18:00:00,2,up,0.40613344,0.46,0.053866565,0,0.46
2026-01-13 19:00:00,0,up,0.35392436,0.46,0.106075644,1,0.35392436
2026-01-13 20:00:00,0,down,0.35698348,0.46,0.103016526,1,0.35698348
2026-01-13 21:00:00,2,up,0.4538846,0.46,0.0061154068,0,0.46
2026-01-13 22:00:00,1,down,0.5473039,0.46,0.08730391,1,0.5473039
2026-01-13 23:00:00,2,down,0.50621283,0.46,0.046212822,0,0.46
2026-01-14 00:00:00,2,up,0.44505763,0.46,0.014942378,0,0.46
2026-01-14 01:00:00,2,up,0.4788368,0.46,0.018836796,0,0.46
2026-01-14 02:00:00,2,up,0.46504214,0.46,0.0050421357,0,0.46
2026-01-14 03:00:00,0,down,0.3760482,0.46,0.0839518,1,0.3760482
2026-01-14 04:00:00,2,down,0.4743813,0.46,0.0143812895,0,0.46
2026-01-14 05:00:00,2,up,0.5214726,0.46,0.061472565,0,0.46
2026-01-14 06:00:00,2,up,0.44913906,0.46,0.01086095,0,0.46
2026-01-14 07:00:00,2,down,0.39575362,0.46,0.06424639,0,0.46
2026-01-14 08:00:00,1,up,0.5861017,0.46,0.1261017,1,0.5861017
2026-01-14 09:00:00,2,up,0.43178728,0.46,0.028212726,0,0.46
2026-01-14 10:00:00,2,down,0.45806152,0.46,0.0019384921,0,0.46
2026-01-14 11:00:00,1,up,0.5302852,0.46,0.07028517,1,0.5302852
2026-01-14 12:00:00,2,down,0.4174556,0.46,0.042544395,0,0.46
2026-01-14 13:00:00,2,up,0.46722192,0.46,0.0072219074,0,0.46
2026-01-14 14:00:00,2,up,0.52524465,0.46,0.065244645,0,0.46
2026-01-14 15:00:00,2,up,0.47406614,0.46,0.01406613,0,0.46
2026-01-14 16:00:00,2,down,0.47987595,0.46,0.019875944,0,0.46
2026-01-14 17:00:00,1,down,0.54089046,0.46,0.08089045,1,0.54089046
2026-01-14 18:00:00,2,up,0.39684546,0.46,0.06315455,0,0.46
2026-01-14 19:00:00,2,up,0.4371933,0.46,0.022806704,0,0.46
2026-01-14 20:00:00,2,down,0.39333892,0.46,0.06666109,0,0.46
2026-01-14 21:00:00,0,down,0.3843782,0.46,0.07562181,1,0.3843782
2026-01-14 22:00:00,2,up,0.5123935,0.46,0.052393466,0,0.46
2026-01-14 23:00:00,1,down,0.56237704,0.46,0.10237703,1,0.56237704
2026-01-15 00:00:00,2,down,0.51589537,0.46,0.05589536,0,0.46
2026-01-15 01:00:00,1,down,0.5916728,0.46,0.13167277,1,0.5916728
2026-01-15 02:00:00,1,down,0.5440438,0.46,0.08404377,1,0.5440438
2026-01-15 03:00:00,1,up,0.5661057,0.46,0.106105715,1,0.5661057
2026-01-15 04:00:00,2,up,0.4781526,0.46,0.018152595,0,0.46
2026-01-15 05:00:00,2,down,0.4402455,0.46,0.0197545,0,0.46
2026-01-15 06:00:00,2,up,0.437581,0.46,0.022419006,0,0.46
2026-01-15 07:00:00,2,up,0.39329574,0.46,0.06670427,0,0.46
2026-01-15 08:00:00,0,up,0.35737118,0.46,0.10262883,1,0.35737118
2026-01-15 09:00:00,0,down,0.36226606,0.46,0.097733945,1,0.36226606
2026-01-15 10:00:00,2,down,0.45127654,0.46,0.008723468,0,0.46
2026-01-15 11:00:00,2,up,0.4538134,0.46,0.0061866045,0,0.46
2026-01-15 12:00:00,0,down,0.37371537,0.46,0.08628464,1,0.37371537
2026-01-15 13:00:00,2,down,0.39250466,0.46,0.067495346,0,0.46
2026-01-15 14:00:00,2,up,0.52479756,0.46,0.06479755,0,0.46
2026-01-15 15:00:00,2,up,0.42671415,0.46,0.033285856,0,0.46
2026-01-15 16:00:00,2,down,0.44703126,0.46,0.012968749,0,0.46
2026-01-15 17:00:00,2,down,0.4849642,0.46,0.024964184,0,0.46
2026-01-15 18:00:00,1,down,0.5782703,0.46,0.11827031,1,0.5782703
2026-01-15 19:00:00,2,down,0.5286504,0.46,0.068650395,0,0.46
2026-01-15 20:00:00,1,up,0.5933901,0.46,0.1333901,1,0.5933901
2026-01-15 21:00:00,2,down,0.5235477,0.46,0.0635477,0,0.46
2026-01-15 22:00:00,1,up,0.5479718,0.46,0.08797178,1,0.5479718
2026-01-15 23:00:00,2,up,0.5110289,0.46,0.051028877,0,0.46
2026-01-16 00:00:00,2,up,0.521843,0.46,0.061843008,0,0.46
2026-01-16 01:00:00,2,down,0.46042538,0.46,0.00042536855,0,0.46
2026-01-16 02:00:00,2,down,0.50026125,0.46,0.04026124,0,0.46
2026-01-16 03:00:00,1,down,0.5626238,0.46,0.10262379,1,0.5626238
2026-01-16 04:00:00,2,up,0.5211966,0.46,0.061196595,0,0.46
2026-01-16 05:00:00,2,up,0.43220526,0.46,0.027794749,0,0.46
2026-01-16 06:00:00,2,down,0.41369617,0.46,0.04630384,0,0.46
2026-01-16 07:00:00,2,up,0.4353271,0.46,0.024672896,0,0.46
2026-01-16 08:00:00,2,down,0.44547826,0.46,0.014521748,0,0.46
2026-01-16 09:00:00,1,down,0.5393845,0.46,0.079384476,1,0.5393845
2026-01-16 10:00:00,1,up,0.57270247,0.46,0.11270246,1,0.57270247
2026-01-16 11:00:00,2,up,0.512707,0.46,0.052706987,0,0.46
2026-01-16 12:00:00,2,down,0.5263843,0.46,0.066384286,0,0.46
2026-01-16 13:00:00,2,down,0.4895555,0.46,0.0295555,0,0.46
2026-01-16 14:00:00,1,down,0.60340416,0.46,0.14340416,1,0.60340416
2026-01-16 15:00:00,1,up,0.5536751,0.46,0.09367511,1,0.5536751
2026-01-16 16:00:00,2,up,0.46834806,0.46,0.008348048,0,0.46
2026-01-16 17:00:00,2,down,0.47622398,0.46,0.016223967,0,0.46
2026-01-16 18:00:00,2,up,0.50189674,0.46,0.04189673,0,0.46
2026-01-16 19:00:00,2,up,0.5201557,0.46,0.06015572,0,0.46
2026-01-16 20:00:00,2,down,0.39715692,0.46,0.062843084,0,0.46
2026-01-16 21:00:00,2,down,0.39197233,0.46,0.068027675,0,0.46
2026-01-16 22:00:00,2,up,0.39617264,0.46,0.063827366,0,0.46
2026-01-16 23:00:00,2,down,0.45029885,0.46,0.009701163,0,0.46
2026-01-17 00:00:00,2,down,0.49243012,0.46,0.032430112,0,0.46
2026-01-17 01:00:00,2,down,0.5062077,0.46,0.046207696,0,0.46
2026-01-17 02:00:00,2,up,0.47353232,0.46,0.013532311,0,0.46
2026-01-17 03:00:00,2,down,0.5142194,0.46,0.054219395,0,0.46
2026-01-17 04:00:00,2,up,0.51541233,0.46,0.055412322,0,0.46
2026-01-17 05:00:00,2,down,0.5056786,0.46,0.045678586,0,0.46
2026-01-17 06:00:00,1,down,0.5566938,0.46,0.096693784,1,0.5566938
2026-01-17 07:00:00,1,up,0.5374888,0.46,0.07748881,1,0.5374888
2026-01-17 08:00:00,2,up,0.46060124,0.46,0.00060123205,0,0.46
2026-01-17 09:00:00,2,down,0.50412554,0.46,0.044125527,0,0.46
2026-01-17 10:00:00,1,up,0.5526067,0.46,0.09260669,1,0.5526067
2026-01-17 11:00:00,2,down,0.4068285,0.46,0.053171515,0,0.46
2026-01-17 12:00:00,2,up,0.51423407,0.46,0.054234058,0,0.46
2026-01-17 13:00:00,2,up,0.39465573,0.46,0.065344274,0,0.46
2026-01-17 14:00:00,2,up,0.43036702,0.46,0.029632986,0,0.46
2026-01-17 15:00:00,0,down,0.3877949,0.46,0.0722051,1,0.3877949
2026-01-17 16:00:00,2,up,0.48251045,0.46,0.02251044,0,0.46
2026-01-17 17:00:00,2,up,0.48401567,0.46,0.024015665,0,0.46
2026-01-17 18:00:00,2,down,0.46803725,0.46,0.008037239,0,0.46
2026-01-17 19:00:00,1,up,0.5315203,0.46,0.0715203,1,0.5315203
2026-01-17 20:00:00,2,down,0.4568886,0.46,0.003111422,0,0.46
2026-01-17 21:00:00,1,down,0.5435956,0.46,0.0835956,1,0.5435956
2026-01-17 22:00:00,2,down,0.49685138,0.46,0.036851376,0,0.46
2026-01-17 23:00:00,1,down,0.57773215,0.46,0.11773214,1,0.57773215
2026-01-18 00:00:00,1,down,0.53312296,0.46,0.07312295,1,0.53312296
2026-01-18 01:00:00,2,up,0.5014844,0.46,0.041484386,0,0.46
2026-01-18 02:00:00,2,up,0.5059066,0.46,0.045906574,0,0.46
2026-01-18 03:00:00,2,down,0.4805487,0.46,0.020548701,0,0.46
2026-01-18 04:00:00,1,up,0.54172343,0.46,0.08172342,1,0.54172343
2026-01-18 05:00:00,2,down,0.45783758,0.46,0.0021624267,0,0.46
2026-01-18 06:00:00,2,down,0.49284127,0.46,0.032841265,0,0.46
2026-01-18 07:00:00,1,up,0.5757789,0.46,0.11577889,1,0.5757789
2026-01-18 08:00:00,2,up,0.48418233,0.46,0.02418232,0,0.46
2026-01-18 09:00:00,2,down,0.41379055,0.46,0.046209455,0,0.46
2026-01-18 10:00:00,2,down,0.4879122,0.46,0.0279122,0,0.46
2026-01-18 11:00:00,2,down,0.47345245,0.46,0.0134524405,0,0.46
2026-01-18 12:00:00,2,up,0.51409215,0.46,0.05409214,0,0.46
2026-01-18 13:00:00,2,down,0.44751635,0.46,0.012483656,0,0.46
2026-01-18 14:00:00,1,up,0.54710096,0.46,0.08710095,1,0.54710096
2026-01-18 15:00:00,2,up,0.45855996,0.46,0.0014400482,0,0.46
2026-01-18 16:00:00,2,up,0.47642374,0.46,0.016423732,0,0.46
2026-01-18 17:00:00,2,up,0.40088245,0.46,0.059117556,0,0.46
2026-01-18 18:00:00,2,down,0.3906375,0.46,0.06936252,0,0.46
2026-01-18 19:00:00,2,down,0.4757557,0.46,0.015755683,0,0.46
2026-01-18 20:00:00,2,up,0.5134482,0.46,0.05344817,0,0.46
2026-01-18 21:00:00,2,up,0.4225097,0.46,0.03749031,0,0.46
2026-01-18 22:00:00,0,down,0.38073248,0.46,0.07926753,1,0.38073248
2026-01-18 23:00:00,1,down,0.5428901,0.46,0.08289006,1,0.5428901
2026-01-19 00:00:00,2,down,0.4687604,0.46,0.008760393,0,0.46
2026-01-19 01:00:00,2,down,0.5125262,0.46,0.052526206,0,0.46
2026-01-19 02:00:00,2,up,0.50416,0.46,0.04415998,0,0.46
2026-01-19 03:00:00,2,down,0.47102803,0.46,0.011028022,0,0.46
2026-01-19 04:00:00,2,down,0.49283156,0.46,0.03283155,0,0.46
2026-01-19 05:00:00,1,up,0.61558235,0.46,0.15558234,1,0.61558235
2026-01-19 06:00:00,2,up,0.47610435,0.46,0.01610434,0,0.46
2026-01-19 07:00:00,2,up,0.4129594,0.46,0.04704061,0,0.46
2026-01-19 08:00:00,0,down,0.37172544,0.46,0.08827457,1,0.37172544
2026-01-19 09:00:00,2,up,0.4208652,0.46,0.0391348,0,0.46
2026-01-19 10:00:00,0,up,0.35536763,0.46,0.10463238,1,0.35536763
2026-01-19 11:00:00,2,down,0.4180862,0.46,0.041913807,0,0.46
2026-01-19 12:00:00,2,down,0.42904013,0.46,0.030959874,0,0.46
2026-01-19 13:00:00,2,down,0.51062846,0.46,0.050628453,0,0.46
2026-01-19 14:00:00,2,up,0.5206099,0.46,0.060609907,0,0.46
2026-01-19 15:00:00,2,up,0.45956302,0.46,0.00043699145,0,0.46
2026-01-19 16:00:00,0,down,0.38562176,0.46,0.07437825,1,0.38562176
2026-01-19 17:00:00,2,down,0.45749938,0.46,0.0025006235,0,0.46
2026-01-19 18:00:00,2,up,0.49584138,0.46,0.035841376,0,0.46
2026-01-19 19:00:00,2,up,0.4969326,0.46,0.036932588,0,0.46
2026-01-19 20:00:00,1,down,0.5314001,0.46,0.071400076,1,0.5314001
2026-01-19 21:00:00,1,down,0.5674683,0.46,0.10746828,1,0.5674683
2026-01-19 22:00:00,1,up,0.6165434,0.46,0.1565434,1,0.6165434
2026-01-19 23:00:00,2,up,0.45879397,0.46,0.0012060404,0,0.46
2026-01-20 00:00:00,2,down,0.505655,0.46,0.045654982,0,0.46
2026-01-20 01:00:00,2,down,0.4894297,0.46,0.029429704,0,0.46
2026-01-20 02:00:00,2,down,0.49806878,0.46,0.03806877,0,0.46
2026-01-20 03:00:00,2,down,0.5276307,0.46,0.06763068,0,0.46
2026-01-20 04:00:00,1,down,0.565666,0.46,0.10566601,1,0.565666
2026-01-20 05:00:00,2,down,0.49920982,0.46,0.039209813,0,0.46
2026-01-20 06:00:00,1,up,0.57080865,0.46,0.11080864,1,0.57080865
2026-01-20 07:00:00,2,down,0.44378844,0.46,0.01621157,0,0.46
2026-01-20 08:00:00,2,down,0.48587474,0.46,0.025874734,0,0.46
2026-01-20 09:00:00,2,up,0.5149394,0.46,0.05493942,0,0.46
2026-01-20 10:00:00,2,down,0.4468928,0.46,0.01310721,0,0.46
2026-01-20 11:00:00,1,up,0.5349331,0.46,0.07493308,1,0.5349331
2026-01-20 12:00:00,0,down,0.3834067,0.46,0.07659331,1,0.3834067
2026-01-20 13:00:00,1,down,0.5449513,0.46,0.08495131,1,0.5449513
2026-01-20 14:00:00,2,up,0.5137517,0.46,0.053751677,0,0.46
2026-01-20 15:00:00,2,down,0.42514008,0.46,0.034859926,0,0.46
2026-01-20 16:00:00,2,down,0.5233793,0.46,0.06337932,0,0.46
2026-01-20 17:00:00,2,down,0.4919715,0.46,0.031971484,0,0.46
2026-01-20 18:00:00,1,up,0.55140513,0.46,0.09140512,1,0.55140513
2026-01-20 19:00:00,2,up,0.48605222,0.46,0.026052207,0,0.46
2026-01-20 20:00:00,2,down,0.49475807,0.46,0.03475806,0,0.46
2026-01-20 21:00:00,2,down,0.5287079,0.46,0.06870791,0,0.46
2026-01-20 22:00:00,2,down,0.52216995,0.46,0.06216994,0,0.46
2026-01-20 23:00:00,2,up,0.46961978,0.46,0.009619772,0,0.46
2026-01-21 00:00:00,2,up,0.46453118,0.46,0.004531175,0,0.46
2026-01-21 01:00:00,2,up,0.4741779,0.46,0.014177889,0,0.46
2026-01-21 02:00:00,2,up,0.46106416,0.46,0.0010641515,0,0.46
2026-01-21 03:00:00,2,up,0.4099906,0.46,0.0500094,0,0.46
2026-01-21 04:00:00,2,up,0.41621554,0.46,0.04378447,0,0.46
2026-01-21 05:00:00,2,down,0.39029852,0.46,0.06970149,0,0.46
2026-01-21 06:00:00,2,down,0.41869867,0.46,0.04130134,0,0.46
2026-01-21 07:00:00,2,down,0.51311135,0.46,0.053111345,0,0.46
2026-01-21 08:00:00,2,down,0.51889575,0.46,0.058895737,0,0.46
2026-01-21 09:00:00,2,up,0.52923995,0.46,0.069239944,0,0.46
2026-01-21 10:00:00,1,down,0.5576992,0.46,0.097699195,1,0.5576992
2026-01-21 11:00:00,1,down,0.54160786,0.46,0.08160785,1,0.54160786
2026-01-21 12:00:00,2,down,0.48320407,0.46,0.023204058,0,0.46
2026-01-21 13:00:00,1,up,0.54182976,0.46,0.08182976,1,0.54182976
2026-01-21 14:00:00,2,up,0.44887382,0.46,0.01112619,0,0.46
2026-01-21 15:00:00,2,down,0.46422306,0.46,0.0042230487,0,0.46
2026-01-21 16:00:00,1,up,0.54638225,0.46,0.08638224,1,0.54638225
2026-01-21 17:00:00,2,up,0.52054363,0.46,0.060543627,0,0.46
2026-01-21 18:00:00,1,up,0.54172975,0.46,0.08172974,1,0.54172975
2026-01-21 19:00:00,2,down,0.5003476,0.46,0.040347606,0,0.46
2026-01-21 20:00:00,2,up,0.39645347,0.46,0.06354654,0,0.46
2026-01-21 21:00:00,0,down,0.37171966,0.46,0.08828035,1,0.37171966
2026-01-21 22:00:00,2,down,0.5233668,0.46,0.0633668,0,0.46
2026-01-21 23:00:00,2,up,0.48879135,0.46,0.028791338,0,0.46
2026-01-22 00:00:00,2,up,0.4854213,0.46,0.025421292,0,0.46
2026-01-22 01:00:00,2,down,0.41426885,0.46,0.045731157,0,0.46
2026-01-22 02:00:00,2,down,0.48002192,0.46,0.020021915,0,0.46
2026-01-22 03:00:00,2,up,0.43941528,0.46,0.020584732,0,0.46
2026-01-22 04:00:00,2,up,0.43539983,0.46,0.024600178,0,0.46
2026-01-22 05:00:00,2,up,0.4167868,0.46,0.04321322,0,0.46
2026-01-22 06:00:00,0,down,0.38246188,0.46,0.07753813,1,0.38246188
2026-01-22 07:00:00,2,up,0.46239248,0.46,0.0023924708,0,0.46
2026-01-22 08:00:00,2,up,0.46695244,0.46,0.006952435,0,0.46
2026-01-22 09:00:00,2,up,0.45748496,0.46,0.0025150478,0,0.46
2026-01-22 10:00:00,2,down,0.40325287,0.46,0.05674714,0,0.46
2026-01-22 11:00:00,2,up,0.5145961,0.46,0.054596096,0,0.46
2026-01-22 12:00:00,2,down,0.47763354,0.46,0.017633528,0,0.46
2026-01-22 13:00:00,2,down,0.49459016,0.46,0.034590155,0,0.46
2026-01-22 14:00:00,1,down,0.56757176,0.46,0.10757175,1,0.56757176
2026-01-22 15:00:00,2,up,0.48317066,0.46,0.02317065,0,0.46
2026-01-22 16:00:00,2,up,0.48457277,0.46,0.02457276,0,0.46
2026-01-22 17:00:00,2,down,0.43121082,0.46,0.028789192,0,0.46
2026-01-22 18:00:00,2,up,0.49963316,0.46,0.039633155,0,0.46
2026-01-22 19:00:00,2,down,0.39737988,0.46,0.06262013,0,0.46
2026-01-22 20:00:00,2,down,0.5201876,0.46,0.060187608,0,0.46
2026-01-22 21:00:00,2,up,0.4888391,0.46,0.028839082,0,0.46
2026-01-22 22:00:00,2,up,0.526882,0.46,0.066881984,0,0.46
2026-01-22 23:00:00,2,down,0.4009961,0.46,0.05900392,0,0.46
2026-01-23 00:00:00,2,up,0.4680353,0.46,0.008035302,0,0.46
2026-01-23 01:00:00,0,down,0.3716679,0.46,0.08833212,1,0.3716679
2026-01-23 02:00:00,2,up,0.49481106,0.46,0.03481105,0,0.46
2026-01-23 03:00:00,0,up,0.3776518,0.46,0.0823482,1,0.3776518
2026-01-23 04:00:00,2,down,0.42710596,0.46,0.032894045,0,0.46
2026-01-23 05:00:00,2,down,0.47224873,0.46,0.012248725,0,0.46
2026-01-23 06:00:00,2,up,0.47942114,0.46,0.01942113,0,0.46
2026-01-23 07:00:00,2,down,0.49623308,0.46,0.036233068,0,0.46
2026-01-23 08:00:00,1,down,0.54017454,0.46,0.080174536,1,0.54017454
2026-01-23 09:00:00,1,up,0.5525939,0.46,0.09259388,1,0.5525939
2026-01-23 10:00:00,1,up,0.5325918,0.46,0.07259181,1,0.5325918
2026-01-23 11:00:00,2,up,0.50447184,0.46,0.04447183,0,0.46
2026-01-23 12:00:00,2,up,0.49686137,0.46,0.03686136,0,0.46
2026-01-23 13:00:00,2,down,0.4765176,0.46,0.01651758,0,0.46
2026-01-23 14:00:00,2,up,0.52234083,0.46,0.062340826,0,0.46
2026-01-23 15:00:00,2,up,0.42933613,0.46,0.030663878,0,0.46
2026-01-23 16:00:00,2,up,0.4461813,0.46,0.013818711,0,0.46
2026-01-23 17:00:00,2,down,0.49083742,0.46,0.030837417,0,0.46
2026-01-23 18:00:00,2,down,0.4823282,0.46,0.022328198,0,0.46
2026-01-23 19:00:00,2,down,0.4776843,0.46,0.01768428,0,0.46
2026-01-23 20:00:00,2,down,0.48761484,0.46,0.027614832,0,0.46
2026-01-23 21:00:00,1,up,0.56680024,0.46,0.10680023,1,0.56680024
2026-01-23 22:00:00,2,down,0.50946116,0.46,0.049461156,0,0.46
2026-01-23 23:00:00,2,down,0.51234025,0.46,0.05234024,0,0.46
2026-01-24 00:00:00,1,up,0.551171,0.46,0.091171,1,0.551171
2026-01-24 01:00:00,1,up,0.54105186,0.46,0.08105186,1,0.54105186
2026-01-24 02:00:00,2,up,0.4815787,0.46,0.0215787,0,0.46
2026-01-24 03:00:00,2,up,0.4472395,0.46,0.01276052,0,0.46
2026-01-24 04:00:00,2,down,0.40580273,0.46,0.05419728,0,0.46
2026-01-24 05:00:00,2,down,0.48276687,0.46,0.022766858,0,0.46
2026-01-24 06:00:00,2,down,0.47059104,0.46,0.01059103,0,0.46
2026-01-24 07:00:00,2,up,0.48276547,0.46,0.022765458,0,0.46
2026-01-24 08:00:00,2,down,0.5019809,0.46,0.041980892,0,0.46
2026-01-24 09:00:00,1,up,0.5709424,0.46,0.11094239,1,0.5709424
2026-01-24 10:00:00,2,down,0.47961783,0.46,0.019617826,0,0.46
2026-01-24 11:00:00,2,down,0.5046857,0.46,0.04468569,0,0.46
2026-01-24 12:00:00,2,down,0.5078968,0.46,0.047896773,0,0.46
2026-01-24 13:00:00,1,up,0.59204394,0.46,0.13204393,1,0.59204394
2026-01-24 14:00:00,2,down,0.43002748,0.46,0.029972523,0,0.46
2026-01-24 15:00:00,1,up,0.6012237,0.46,0.1412237,1,0.6012237
2026-01-24 16:00:00,2,up,0.47787657,0.46,0.017876565,0,0.46
2026-01-24 17:00:00,2,down,0.48817068,0.46,0.028170675,0,0.46
2026-01-24 18:00:00,2,down,0.525918,0.46,0.065918,0,0.46
2026-01-24 19:00:00,2,up,0.50630224,0.46,0.04630223,0,0.46
2026-01-24 20:00:00,2,up,0.52857655,0.46,0.068576545,0,0.46
2026-01-24 21:00:00,2,up,0.48402202,0.46,0.024022013,0,0.46
2026-01-24 22:00:00,2,down,0.45005295,0.46,0.009947062,0,0.46
2026-01-24 23:00:00,1,up,0.5890058,0.46,0.12900582,1,0.5890058
2026-01-25 00:00:00,2,down,0.46488768,0.46,0.0048876703,0,0.46
2026-01-25 01:00:00,2,down,0.49849975,0.46,0.038499743,0,0.46
2026-01-25 02:00:00,1,down,0.5904982,0.46,0.1304982,1,0.5904982
2026-01-25 03:00:00,2,up,0.48797408,0.46,0.02797407,0,0.46
2026-01-25 04:00:00,1,down,0.5535009,0.46,0.09350088,1,0.5535009
2026-01-25 05:00:00,2,down,0.509903,0.46,0.049903005,0,0.46
2026-01-25 06:00:00,2,down,0.47059172,0.46,0.010591716,0,0.46
2026-01-25 07:00:00,1,down,0.58966315,0.46,0.12966314,1,0.58966315
2026-01-25 08:00:00,1,up,0.5882681,0.46,0.1282681,1,0.5882681
2026-01-25 09:00:00,2,up,0.52817076,0.46,0.068170756,0,0.46
2026-01-25 10:00:00,2,down,0.4727097,0.46,0.012709677,0,0.46
2026-01-25 11:00:00,1,up,0.55063415,0.46,0.09063414,1,0.55063415
2026-01-25 12:00:00,2,up,0.39937347,0.46,0.060626537,0,0.46
2026-01-25 13:00:00,2,down,0.40252256,0.46,0.057477444,0,0.46
2026-01-25 14:00:00,2,down,0.48265135,0.46,0.022651345,0,0.46
2026-01-25 15:00:00,2,down,0.5123153,0.46,0.052315265,0,0.46
2026-01-25 16:00:00,2,down,0.4626022,0.46,0.0026021898,0,0.46
2026-01-25 17:00:00,2,down,0.49167275,0.46,0.031672746,0,0.46
2026-01-25 18:00:00,2,down,0.4856691,0.46,0.025669098,0,0.46
2026-01-25 19:00:00,1,up,0.5405519,0.46,0.08055189,1,0.5405519
2026-01-25 20:00:00,2,down,0.42885053,0.46,0.031149477,0,0.46
2026-01-25 21:00:00,1,down,0.5673437,0.46,0.1073437,1,0.5673437
2026-01-25 22:00:00,2,up,0.46372586,0.46,0.0037258565,0,0.46
2026-01-25 23:00:00,2,up,0.4771067,0.46,0.017106682,0,0.46
2026-01-26 00:00:00,2,up,0.42645502,0.46,0.033544987,0,0.46
2026-01-26 01:00:00,0,down,0.37739402,0.46,0.08260599,1,0.37739402
2026-01-26 02:00:00,2,down,0.42267072,0.46,0.037329286,0,0.46
2026-01-26 03:00:00,2,up,0.45677206,0.46,0.0032279491,0,0.46
2026-01-26 04:00:00,2,up,0.4244337,0.46,0.0355663,0,0.46
2026-01-26 05:00:00,2,up,0.42491442,0.46,0.03508559,0,0.46
2026-01-26 06:00:00,2,up,0.41226467,0.46,0.047735333,0,0.46
2026-01-26 07:00:00,0,down,0.37102008,0.46,0.08897993,1,0.37102008
2026-01-26 08:00:00,2,down,0.44750297,0.46,0.012497038,0,0.46
2026-01-26 09:00:00,2,up,0.48780766,0.46,0.027807653,0,0.46
2026-01-26 10:00:00,2,down,0.47939306,0.46,0.019393057,0,0.46
2026-01-26 11:00:00,2,down,0.48940688,0.46,0.029406875,0,0.46
2026-01-26 12:00:00,2,up,0.47034064,0.46,0.010340631,0,0.46
2026-01-26 13:00:00,2,up,0.42254716,0.46,0.037452847,0,0.46
2026-01-26 14:00:00,2,down,0.39663807,0.46,0.06336194,0,0.46
2026-01-26 15:00:00,2,down,0.4812273,0.46,0.0212273,0,0.46
2026-01-26 16:00:00,2,up,0.48357552,0.46,0.023575515,0,0.46
2026-01-26 17:00:00,2,up,0.43557996,0.46,0.024420053,0,0.46
2026-01-26 18:00:00,0,down,0.3853751,0.46,0.074624896,1,0.3853751
2026-01-26 19:00:00,2,down,0.45890766,0.46,0.0010923445,0,0.46
2026-01-26 20:00:00,2,up,0.48698235,0.46,0.026982337,0,0.46
2026-01-26 21:00:00,2,up,0.48246893,0.46,0.022468925,0,0.46
2026-01-26 22:00:00,2,up,0.4218914,0.46,0.038108617,0,0.46
2026-01-26 23:00:00,2,up,0.4483582,0.46,0.0116418,0,0.46
2026-01-27 00:00:00,2,up,0.39878502,0.46,0.061214983,0,0.46
2026-01-27 01:00:00,0,up,0.37307408,0.46,0.086925924,1,0.37307408
2026-01-27 02:00:00,0,down,0.37764674,0.46,0.082353264,1,0.37764674
2026-01-27 03:00:00,2,down,0.3984686,0.46,0.061531395,0,0.46
2026-01-27 04:00:00,2,down,0.46133137,0.46,0.0013313591,0,0.46
2026-01-27 05:00:00,2,down,0.46122256,0.46,0.0012225509,0,0.46
2026-01-27 06:00:00,2,down,0.51206297,0.46,0.05206296,0,0.46
2026-01-27 07:00:00,1,down,0.5548737,0.46,0.0948737,1,0.5548737
2026-01-27 08:00:00,1,down,0.56677675,0.46,0.106776744,1,0.56677675
2026-01-27 09:00:00,1,down,0.60748076,0.46,0.14748076,1,0.60748076
2026-01-27 10:00:00,1,up,0.6111308,0.46,0.15113077,1,0.6111308
2026-01-27 11:00:00,2,down,0.48301065,0.46,0.023010641,0,0.46
2026-01-27 12:00:00,1,down,0.53130555,0.46,0.07130554,1,0.53130555
2026-01-27 13:00:00,2,down,0.46533906,0.46,0.0053390563,0,0.46
2026-01-27 14:00:00,1,up,0.53089714,0.46,0.07089713,1,0.53089714
2026-01-27 15:00:00,2,up,0.450722,0.46,0.009277999,0,0.46
2026-01-27 16:00:00,2,down,0.42404297,0.46,0.03595704,0,0.46
2026-01-27 17:00:00,2,up,0.50938135,0.46,0.049381346,0,0.46
2026-01-27 18:00:00,2,up,0.42080393,0.46,0.039196074,0,0.46
2026-01-27 19:00:00,2,up,0.4452625,0.46,0.014737517,0,0.46
2026-01-27 20:00:00,2,down,0.4050054,0.46,0.054994613,0,0.46
2026-01-27 21:00:00,2,up,0.47892955,0.46,0.018929541,0,0.46
2026-01-27 22:00:00,2,up,0.39499438,0.46,0.06500563,0,0.46
2026-01-27 23:00:00,2,up,0.46957278,0.46,0.009572774,0,0.46
2026-01-28 00:00:00,0,down,0.35948145,0.46,0.100518554,1,0.35948145
2026-01-28 01:00:00,2,down,0.40714487,0.46,0.052855134,0,0.46
2026-01-28 02:00:00,2,down,0.4120292,0.46,0.0479708,0,0.46
2026-01-28 03:00:00,2,down,0.490317,0.46,0.030316979,0,0.46
2026-01-28 04:00:00,2,up,0.50638914,0.46,0.046389133,0,0.46
2026-01-28 05:00:00,2,up,0.4297527,0.46,0.0302473,0,0.46
2026-01-28 06:00:00,2,down,0.45356947,0.46,0.0064305365,0,0.46
2026-01-28 07:00:00,2,down,0.4709523,0.46,0.010952294,0,0.46
2026-01-28 08:00:00,2,up,0.47691095,0.46,0.01691094,0,0.46
2026-01-28 09:00:00,0,down,0.3731679,0.46,0.086832106,1,0.3731679
2026-01-28 10:00:00,2,up,0.4219982,0.46,0.038001806,0,0.46
2026-01-28 11:00:00,2,down,0.4021799,0.46,0.05782011,0,0.46
2026-01-28 12:00:00,2,up,0.40742385,0.46,0.052576154,0,0.46
2026-01-28 13:00:00,2,down,0.44220766,0.46,0.017792344,0,0.46
2026-01-28 14:00:00,2,down,0.46894258,0.46,0.008942574,0,0.46
2026-01-28 15:00:00,2,up,0.4594255,0.46,0.00057449937,0,0.46
2026-01-28 16:00:00,2,up,0.5036466,0.46,0.043646604,0,0.46
2026-01-28 17:00:00,2,down,0.42149574,0.46,0.038504273,0,0.46
2026-01-28 18:00:00,2,down,0.50993335,0.46,0.049933344,0,0.46
2026-01-28 19:00:00,2,down,0.49386853,0.46,0.03386852,0,0.46
2026-01-28 20:00:00,1,up,0.5557573,0.46,0.095757276,1,0.5557573
2026-01-28 21:00:00,2,down,0.4864054,0.46,0.026405394,0,0.46
2026-01-28 22:00:00,2,down,0.5118124,0.46,0.05181238,0,0.46
2026-01-28 23:00:00,2,down,0.51725304,0.46,0.057253033,0,0.46
2026-01-29 00:00:00,2,down,0.48935708,0.46,0.029357076,0,0.46
2026-01-29 01:00:00,1,down,0.5896413,0.46,0.12964126,1,0.5896413
2026-01-29 02:00:00,1,up,0.5730409,0.46,0.113040894,1,0.5730409
2026-01-29 03:00:00,2,up,0.50624615,0.46,0.04624614,0,0.46
2026-01-29 04:00:00,2,down,0.5051618,0.46,0.045161813,0,0.46
2026-01-29 05:00:00,1,up,0.5561238,0.46,0.096123785,1,0.5561238
2026-01-29 06:00:00,1,up,0.55314153,0.46,0.093141526,1,0.55314153
2026-01-29 07:00:00,2,down,0.49720666,0.46,0.03720665,0,0.46
2026-01-29 08:00:00,2,down,0.5175702,0.46,0.05757019,0,0.46
2026-01-29 09:00:00,1,up,0.5936749,0.46,0.13367489,1,0.5936749
2026-01-29 10:00:00,1,down,0.5473219,0.46,0.08732191,1,0.5473219
2026-01-29 11:00:00,2,up,0.517483,0.46,0.057482988,0,0.46
2026-01-29 12:00:00,2,down,0.4454661,0.46,0.014533907,0,0.46
2026-01-29 13:00:00,2,down,0.5246888,0.46,0.06468877,0,0.46
2026-01-29 14:00:00,1,down,0.5749216,0.46,0.1149216,1,0.5749216
2026-01-29 15:00:00,2,up,0.48339963,0.46,0.023399621,0,0.46
2026-01-29 16:00:00,2,down,0.44042742,0.46,0.019572586,0,0.46
2026-01-29 17:00:00,1,down,0.6021059,0.46,0.1421059,1,0.6021059
2026-01-29 18:00:00,1,up,0.6378224,0.46,0.17782238,1,0.6378224
2026-01-29 19:00:00,2,up,0.4797756,0.46,0.0197756,0,0.46
2026-01-29 20:00:00,2,up,0.5135223,0.46,0.05352232,0,0.46
2026-01-29 21:00:00,2,up,0.48238692,0.46,0.022386909,0,0.46
2026-01-29 22:00:00,0,up,0.37728238,0.46,0.08271763,1,0.37728238
2026-01-29 23:00:00,0,down,0.36432302,0.46,0.09567699,1,0.36432302
2026-01-30 00:00:00,2,down,0.49185508,0.46,0.031855077,0,0.46
2026-01-30 01:00:00,2,down,0.51852965,0.46,0.058529645,0,0.46
2026-01-30 02:00:00,2,up,0.48788223,0.46,0.027882218,0,0.46
2026-01-30 03:00:00,2,up,0.51076305,0.46,0.05076304,0,0.46
2026-01-30 04:00:00,1,down,0.5421143,0.46,0.08211431,1,0.5421143
2026-01-30 05:00:00,1,down,0.55130273,0.46,0.09130272,1,0.55130273
2026-01-30 06:00:00,2,up,0.49661335,0.46,0.036613345,0,0.46
2026-01-30 07:00:00,2,down,0.47940502,0.46,0.019405007,0,0.46
2026-01-30 08:00:00,2,down,0.52089864,0.46,0.06089863,0,0.46
2026-01-30 09:00:00,1,up,0.5763805,0.46,0.11638048,1,0.5763805
2026-01-30 10:00:00,2,up,0.51770246,0.46,0.057702452,0,0.46
2026-01-30 11:00:00,0,down,0.37842822,0.46,0.08157179,1,0.37842822
2026-01-30 12:00:00,2,down,0.5140203,0.46,0.054020315,0,0.46
2026-01-30 13:00:00,2,up,0.50160295,0.46,0.04160294,0,0.46
2026-01-30 14:00:00,2,down,0.49191657,0.46,0.03191656,0,0.46
2026-01-30 15:00:00,2,up,0.46225896,0.46,0.0022589564,0,0.46
2026-01-30 16:00:00,2,down,0.4413848,0.46,0.018615216,0,0.46
2026-01-30 17:00:00,2,up,0.48319343,0.46,0.023193419,0,0.46
2026-01-30 18:00:00,2,up,0.46248263,0.46,0.0024826229,0,0.46
2026-01-30 19:00:00,2,down,0.42827225,0.46,0.03172776,0,0.46
2026-01-30 20:00:00,2,up,0.43274543,0.46,0.027254581,0,0.46
2026-01-30 21:00:00,2,down,0.40255985,0.46,0.05744016,0,0.46
2026-01-30 22:00:00,2,up,0.3927999,0.46,0.067200094,0,0.46
2026-01-30 23:00:00,0,down,0.37760797,0.46,0.08239204,1,0.37760797
2026-01-31 00:00:00,2,down,0.4939075,0.46,0.033907503,0,0.46
2026-01-31 01:00:00,2,up,0.46105024,0.46,0.0010502338,0,0.46
2026-01-31 02:00:00,2,down,0.43290177,0.46,0.027098238,0,0.46
2026-01-31 03:00:00,2,down,0.52975315,0.46,0.06975314,0,0.46
2026-01-31 04:00:00,2,up,0.4731863,0.46,0.013186306,0,0.46
2026-01-31 05:00:00,2,down,0.4811531,0.46,0.021153092,0,0.46
2026-01-31 06:00:00,2,down,0.48644224,0.46,0.02644223,0,0.46
2026-01-31 07:00:00,2,down,0.51815784,0.46,0.05815783,0,0.46
2026-01-31 08:00:00,2,up,0.49690682,0.46,0.03690681,0,0.46
2026-01-31 09:00:00,2,up,0.4969152,0.46,0.036915183,0,0.46
2026-01-31 10:00:00,2,down,0.50132567,0.46,0.04132566,0,0.46
2026-01-31 11:00:00,1,down,0.53659046,0.46,0.07659045,1,0.53659046
2026-01-31 12:00:00,1,up,0.5974264,0.46,0.1374264,1,0.5974264
2026-01-31 13:00:00,1,down,0.5486328,0.46,0.08863279,1,0.5486328
2026-01-31 14:00:00,2,down,0.50185436,0.46,0.04185435,0,0.46
2026-01-31 15:00:00,1,down,0.5658021,0.46,0.10580209,1,0.5658021
2026-01-31 16:00:00,1,down,0.63753134,0.46,0.17753133,1,0.63753134
2026-01-31 17:00:00,2,down,0.51821524,0.46,0.05821523,0,0.46
2026-01-31 18:00:00,2,down,0.45819762,0.46,0.0018023849,0,0.46
2026-01-31 19:00:00,1,up,0.54538536,0.46,0.08538535,1,0.54538536
2026-01-31 20:00:00,2,up,0.45532542,0.46,0.0046745837,0,0.46
2026-01-31 21:00:00,2,down,0.41852146,0.46,0.041478544,0,0.46
2026-01-31 22:00:00,2,up,0.49636704,0.46,0.03636703,0,0.46
2026-01-31 23:00:00,2,up,0.39201617,0.46,0.067983836,0,0.46
2026-02-01 00:00:00,2,down,0.43241042,0.46,0.02758959,0,0.46
2026-02-01 01:00:00,2,up,0.4728876,0.46,0.012887597,0,0.46
2026-02-01 02:00:00,2,down,0.44798258,0.46,0.012017429,0,0.46
2026-02-01 03:00:00,2,up,0.49036,0.46,0.030359983,0,0.46
2026-02-01 04:00:00,2,down,0.41376513,0.46,0.046234876,0,0.46
2026-02-01 05:00:00,1,down,0.5544958,0.46,0.0944958,1,0.5544958
2026-02-01 06:00:00,1,up,0.5508504,0.46,0.09085038,1,0.5508504
2026-02-01 07:00:00,2,up,0.51802486,0.46,0.058024853,0,0.46
2026-02-01 08:00:00,2,up,0.50773984,0.46,0.047739834,0,0.46
2026-02-01 09:00:00,2,down,0.4322989,0.46,0.02770111,0,0.46
2026-02-01 10:00:00,1,up,0.5603618,0.46,0.100361794,1,0.5603618
2026-02-01 11:00:00,2,down,0.5179823,0.46,0.057982296,0,0.46
2026-02-01 12:00:00,1,down,0.5542719,0.46,0.09427187,1,0.5542719
2026-02-01 13:00:00,1,down,0.54661816,0.46,0.086618155,1,0.54661816
2026-02-01 14:00:00,2,down,0.49447265,0.46,0.034472644,0,0.46
2026-02-01 15:00:00,2,down,0.48568577,0.46,0.025685757,0,0.46
2026-02-01 16:00:00,2,up,0.5062455,0.46,0.046245486,0,0.46
2026-02-01 17:00:00,2,up,0.513261,0.46,0.05326101,0,0.46
2026-02-01 18:00:00,2,down,0.5223338,0.46,0.062333792,0,0.46
2026-02-01 19:00:00,1,down,0.5769073,0.46,0.11690727,1,0.5769073
2026-02-01 20:00:00,1,down,0.5456111,0.46,0.085611075,1,0.5456111
2026-02-01 21:00:00,1,up,0.57716805,0.46,0.11716804,1,0.57716805
2026-02-01 22:00:00,2,down,0.50251245,0.46,0.042512447,0,0.46
2026-02-01 23:00:00,2,up,0.48736918,0.46,0.027369171,0,0.46
2026-02-02 00:00:00,2,down,0.49518615,0.46,0.03518614,0,0.46
2026-02-02 01:00:00,2,down,0.433019,0.46,0.026980996,0,0.46
2026-02-02 02:00:00,2,down,0.52603126,0.46,0.06603125,0,0.46
2026-02-02 03:00:00,2,down,0.47626457,0.46,0.016264558,0,0.46
2026-02-02 04:00:00,1,down,0.5532665,0.46,0.09326652,1,0.5532665
2026-02-02 05:00:00,1,up,0.5526345,0.46,0.09263447,1,0.5526345
2026-02-02 06:00:00,2,up,0.52700114,0.46,0.067001134,0,0.46
2026-02-02 07:00:00,2,up,0.47040087,0.46,0.0104008615,0,0.46
2026-02-02 08:00:00,2,up,0.50935966,0.46,0.04935965,0,0.46
2026-02-02 09:00:00,2,down,0.4311547,0.46,0.02884531,0,0.46
2026-02-02 10:00:00,2,up,0.4464822,0.46,0.013517797,0,0.46
2026-02-02 11:00:00,2,up,0.41217464,0.46,0.047825366,0,0.46
2026-02-02 12:00:00,2,up,0.43963873,0.46,0.020361274,0,0.46
2026-02-02 13:00:00,2,down,0.41348356,0.46,0.04651645,0,0.46
2026-02-02 14:00:00,2,up,0.48975638,0.46,0.029756367,0,0.46
2026-02-02 15:00:00,2,down,0.4878069,0.46,0.027806878,0,0.46
2026-02-02 16:00:00,2,up,0.46028432,0.46,0.00028431416,0,0.46
2026-02-02 17:00:00,2,down,0.41567552,0.46,0.044324487,0,0.46
2026-02-02 18:00:00,2,down,0.4731202,0.46,0.013120204,0,0.46
2026-02-02 19:00:00,2,down,0.477412,0.46,0.017411977,0,0.46
2026-02-02 20:00:00,1,up,0.5425283,0.46,0.08252826,1,0.5425283
2026-02-02 21:00:00,2,up,0.44024366,0.46,0.019756347,0,0.46
2026-02-02 22:00:00,2,down,0.4066704,0.46,0.053329617,0,0.46
2026-02-02 23:00:00,2,up,0.39928785,0.46,0.06071216,0,0.46
2026-02-03 00:00:00,0,down,0.37219852,0.46,0.087801486,1,0.37219852
2026-02-03 01:00:00,0,down,0.37638497,0.46,0.083615035,1,0.37638497
2026-02-03 02:00:00,1,up,0.5870066,0.46,0.12700662,1,0.5870066
2026-02-03 03:00:00,2,up,0.44111496,0.46,0.018885046,0,0.46
2026-02-03 04:00:00,2,down,0.46418816,0.46,0.00418815,0,0.46
2026-02-03 05:00:00,2,up,0.5272646,0.46,0.06726459,0,0.46
2026-02-03 06:00:00,2,up,0.46252415,0.46,0.0025241375,0,0.46
2026-02-03 07:00:00,2,down,0.39733216,0.46,0.06266785,0,0.46
2026-02-03 08:00:00,2,down,0.4547262,0.46,0.005273819,0,0.46
2026-02-03 09:00:00,2,down,0.49275988,0.46,0.032759875,0,0.46
2026-02-03 10:00:00,2,down,0.5023703,0.46,0.04237029,0,0.46
2026-02-03 11:00:00,1,up,0.55696017,0.46,0.09696016,1,0.55696017
2026-02-03 12:00:00,2,down,0.46426237,0.46,0.004262358,0,0.46
2026-02-03 13:00:00,2,down,0.5100753,0.46,0.050075263,0,0.46
2026-02-03 14:00:00,1,up,0.5401297,0.46,0.08012971,1,0.5401297
2026-02-03 15:00:00,2,down,0.45531693,0.46,0.0046830773,0,0.46
2026-02-03 16:00:00,1,down,0.5583161,0.46,0.0983161,1,0.5583161
2026-02-03 17:00:00,1,down,0.6189125,0.46,0.15891251,1,0.6189125
2026-02-03 18:00:00,1,up,0.69852203,0.46,0.23852202,1,0.69852203
2026-02-03 19:00:00,1,up,0.54624474,0.46,0.08624473,1,0.54624474
2026-02-03 20:00:00,1,down,0.5708367,0.46,0.110836715,1,0.5708367
2026-02-03 21:00:00,2,down,0.51939785,0.46,0.059397846,0,0.46
2026-02-03 22:00:00,2,up,0.5292574,0.46,0.06925741,0,0.46
2026-02-03 23:00:00,2,up,0.521697,0.46,0.061696976,0,0.46
2026-02-04 00:00:00,1,up,0.54240024,0.46,0.08240023,1,0.54240024
2026-02-04 01:00:00,2,down,0.5104433,0.46,0.05044326,0,0.46
2026-02-04 02:00:00,2,up,0.52901417,0.46,0.06901416,0,0.46
2026-02-04 03:00:00,2,down,0.45248467,0.46,0.007515341,0,0.46
2026-02-04 04:00:00,2,down,0.4655139,0.46,0.0055139065,0,0.46
2026-02-04 05:00:00,2,up,0.44073242,0.46,0.019267589,0,0.46
2026-02-04 06:00:00,2,down,0.49009305,0.46,0.030093044,0,0.46
2026-02-04 07:00:00,2,up,0.44472107,0.46,0.015278935,0,0.46
2026-02-04 08:00:00,2,down,0.40095663,0.46,0.059043378,0,0.46
2026-02-04 09:00:00,2,up,0.5295241,0.46,0.06952408,0,0.46
2026-02-04 10:00:00,2,down,0.48255828,0.46,0.022558272,0,0.46
2026-02-04 11:00:00,2,up,0.49402663,0.46,0.034026623,0,0.46
2026-02-04 12:00:00,2,down,0.4872402,0.46,0.027240187,0,0.46
2026-02-04 13:00:00,1,down,0.62992495,0.46,0.16992494,1,0.62992495
2026-02-04 14:00:00,1,down,0.5981591,0.46,0.13815907,1,0.5981591
2026-02-04 15:00:00,1,down,0.564727,0.46,0.104727,1,0.564727
2026-02-04 16:00:00,2,down,0.47599024,0.46,0.015990227,0,0.46
2026-02-04 17:00:00,1,up,0.56296414,0.46,0.10296413,1,0.56296414
2026-02-04 18:00:00,2,up,0.5159774,0.46,0.055977374,0,0.46
2026-02-04 19:00:00,2,down,0.51154375,0.46,0.051543742,0,0.46
2026-02-04 20:00:00,1,down,0.56527364,0.46,0.105273634,1,0.56527364
2026-02-04 21:00:00,1,down,0.5410611,0.46,0.081061095,1,0.5410611
2026-02-04 22:00:00,2,up,0.46950278,0.46,0.0095027685,0,0.46
2026-02-04 23:00:00,1,down,0.56869096,0.46,0.10869095,1,0.56869096
2026-02-05 00:00:00,1,down,0.56290996,0.46,0.10290995,1,0.56290996
2026-02-05 01:00:00,1,down,0.5340377,0.46,0.0740377,1,0.5340377
2026-02-05 02:00:00,1,down,0.57327443,0.46,0.113274425,1,0.57327443
2026-02-05 03:00:00,1,down,0.6121053,0.46,0.1521053,1,0.6121053
2026-02-05 04:00:00,1,down,0.5950672,0.46,0.1350672,1,0.5950672
2026-02-05 05:00:00,2,up,0.5129091,0.46,0.052909106,0,0.46
2026-02-05 06:00:00,1,down,0.5464408,0.46,0.08644077,1,0.5464408
2026-02-05 07:00:00,1,up,0.5870077,0.46,0.1270077,1,0.5870077
2026-02-05 08:00:00,2,up,0.49539146,0.46,0.03539145,0,0.46
2026-02-05 09:00:00,2,down,0.5100372,0.46,0.050037175,0,0.46
2026-02-05 10:00:00,1,down,0.53801894,0.46,0.07801893,1,0.53801894
2026-02-05 11:00:00,2,down,0.50852436,0.46,0.04852435,0,0.46
2026-02-05 12:00:00,2,up,0.5007673,0.46,0.040767282,0,0.46
2026-02-05 13:00:00,2,down,0.52181554,0.46,0.06181553,0,0.46
2026-02-05 14:00:00,1,down,0.55866027,0.46,0.09866026,1,0.55866027
2026-02-05 15:00:00,1,up,0.54670024,0.46,0.08670023,1,0.54670024
2026-02-05 16:00:00,2,down,0.4781457,0.46,0.01814568,0,0.46
2026-02-05 17:00:00,1,up,0.671972,0.46,0.21197197,1,0.671972
2026-02-05 18:00:00,2,down,0.45127708,0.46,0.008722931,0,0.46
2026-02-05 19:00:00,1,down,0.5898617,0.46,0.12986168,1,0.5898617
2026-02-05 20:00:00,1,down,0.5830876,0.46,0.123087615,1,0.5830876
2026-02-05 21:00:00,1,up,0.60612833,0.46,0.14612833,1,0.60612833
2026-02-05 22:00:00,2,down,0.49893427,0.46,0.03893426,0,0.46
2026-02-05 23:00:00,1,up,0.6315926,0.46,0.17159256,1,0.6315926
2026-02-06 00:00:00,2,up,0.4102423,0.46,0.04975772,0,0.46
2026-02-06 01:00:00,2,down,0.5098293,0.46,0.049829274,0,0.46
2026-02-06 02:00:00,2,down,0.48914164,0.46,0.029141635,0,0.46
2026-02-06 03:00:00,2,up,0.5233336,0.46,0.0633336,0,0.46
2026-02-06 04:00:00,1,up,0.5324638,0.46,0.07246378,1,0.5324638
2026-02-06 05:00:00,2,down,0.44314182,0.46,0.01685819,0,0.46
2026-02-06 06:00:00,1,down,0.53967947,0.46,0.07967946,1,0.53967947
2026-02-06 07:00:00,2,up,0.52009076,0.46,0.06009075,0,0.46
2026-02-06 08:00:00,1,up,0.54142916,0.46,0.08142915,1,0.54142916
2026-02-06 09:00:00,1,up,0.5467611,0.46,0.08676109,1,0.5467611
2026-02-06 10:00:00,1,up,0.5550482,0.46,0.09504822,1,0.5550482
2026-02-06 11:00:00,2,down,0.43926558,0.46,0.02073443,0,0.46
2026-02-06 12:00:00,2,up,0.39937803,0.46,0.060621977,0,0.46
2026-02-06 13:00:00,2,up,0.39387864,0.46,0.06612137,0,0.46
2026-02-06 14:00:00,2,up,0.41794428,0.46,0.042055726,0,0.46
2026-02-06 15:00:00,2,up,0.45417055,0.46,0.0058294535,0,0.46
2026-02-06 16:00:00,2,up,0.43806764,0.46,0.021932364,0,0.46
2026-02-06 17:00:00,2,down,0.4324497,0.46,0.02755031,0,0.46
2026-02-06 18:00:00,2,up,0.4943506,0.46,0.034350604,0,0.46
2026-02-06 19:00:00,0,down,0.38478532,0.46,0.075214684,1,0.38478532
2026-02-06 20:00:00,2,up,0.52123797,0.46,0.06123796,0,0.46
2026-02-06 21:00:00,2,up,0.41966105,0.46,0.040338963,0,0.46
2026-02-06 22:00:00,2,down,0.43427917,0.46,0.025720835,0,0.46
2026-02-06 23:00:00,2,down,0.4780606,0.46,0.018060595,0,0.46
2026-02-07 00:00:00,1,up,0.5383396,0.46,0.07833961,1,0.5383396
2026-02-07 01:00:00,2,down,0.4986165,0.46,0.03861648,0,0.46
2026-02-07 02:00:00,2,up,0.4815913,0.46,0.021591306,0,0.46
2026-02-07 03:00:00,2,down,0.41840497,0.46,0.04159504,0,0.46
2026-02-07 04:00:00,2,down,0.48449934,0.46,0.024499327,0,0.46
2026-02-07 05:00:00,2,down,0.51030713,0.46,0.050307125,0,0.46
2026-02-07 06:00:00,1,down,0.5825652,0.46,0.12256518,1,0.5825652
2026-02-07 07:00:00,2,up,0.49349642,0.46,0.03349641,0,0.46
2026-02-07 08:00:00,2,down,0.49500856,0.46,0.03500855,0,0.46
2026-02-07 09:00:00,1,down,0.55444044,0.46,0.09444043,1,0.55444044
2026-02-07 10:00:00,1,down,0.54851425,0.46,0.08851424,1,0.54851425
2026-02-07 11:00:00,1,up,0.55664825,0.46,0.096648246,1,0.55664825
2026-02-07 12:00:00,2,up,0.5184661,0.46,0.058466107,0,0.46
2026-02-07 13:00:00,2,down,0.4492449,0.46,0.010755122,0,0.46
2026-02-07 14:00:00,2,up,0.46062657,0.46,0.000626564,0,0.46
2026-02-07 15:00:00,2,down,0.46129343,0.46,0.0012934208,0,0.46
2026-02-07 16:00:00,2,up,0.50954336,0.46,0.04954335,0,0.46
2026-02-07 17:00:00,2,up,0.39830825,0.46,0.06169176,0,0.46
2026-02-07 18:00:00,2,down,0.43141332,0.46,0.028586686,0,0.46
2026-02-07 19:00:00,2,up,0.42099988,0.46,0.039000124,0,0.46
2026-02-07 20:00:00,2,down,0.39110836,0.46,0.068891644,0,0.46
2026-02-07 21:00:00,2,down,0.41944826,0.46,0.04055175,0,0.46
2026-02-07 22:00:00,2,down,0.4379536,0.46,0.022046417,0,0.46
2026-02-07 23:00:00,2,down,0.49408075,0.46,0.034080744,0,0.46
2026-02-08 00:00:00,2,up,0.49885228,0.46,0.038852274,0,0.46
2026-02-08 01:00:00,2,down,0.48212036,0.46,0.022120357,0,0.46
2026-02-08 02:00:00,2,down,0.45797428,0.46,0.0020257235,0,0.46
2026-02-08 03:00:00,2,up,0.4937865,0.46,0.033786505,0,0.46
2026-02-08 04:00:00,2,down,0.45383245,0.46,0.006167561,0,0.46
2026-02-08 05:00:00,2,up,0.48478314,0.46,0.024783134,0,0.46
2026-02-08 06:00:00,2,up,0.4124662,0.46,0.04753381,0,0.46
2026-02-08 07:00:00,0,up,0.37387982,0.46,0.08612019,1,0.37387982
2026-02-08 08:00:00,2,down,0.46072704,0.46,0.00072702765,0,0.46
2026-02-08 09:00:00,2,up,0.5156476,0.46,0.05564758,0,0.46
2026-02-08 10:00:00,2,up,0.39497662,0.46,0.06502339,0,0.46
2026-02-08 11:00:00,2,up,0.42058665,0.46,0.039413363,0,0.46
2026-02-08 12:00:00,0,up,0.36593473,0.46,0.09406528,1,0.36593473
2026-02-08 13:00:00,0,down,0.36175427,0.46,0.09824574,1,0.36175427
2026-02-08 14:00:00,2,down,0.4680211,0.46,0.008021086,0,0.46
2026-02-08 15:00:00,2,down,0.46030563,0.46,0.00030562282,0,0.46
2026-02-08 16:00:00,1,up,0.5382268,0.46,0.078226775,1,0.5382268
2026-02-08 17:00:00,2,up,0.47431242,0.46,0.014312416,0,0.46
2026-02-08 18:00:00,2,up,0.4879552,0.46,0.027955204,0,0.46
2026-02-08 19:00:00,0,down,0.36381912,0.46,0.096180886,1,0.36381912
2026-02-08 20:00:00,2,down,0.49631402,0.46,0.03631401,0,0.46
2026-02-08 21:00:00,2,up,0.5037851,0.46,0.043785065,0,0.46
2026-02-08 22:00:00,2,down,0.42558184,0.46,0.034418166,0,0.46
2026-02-08 23:00:00,1,up,0.5467475,0.46,0.0867475,1,0.5467475
2026-02-09 00:00:00,2,down,0.4763051,0.46,0.016305089,0,0.46
2026-02-09 01:00:00,2,up,0.52842665,0.46,0.06842664,0,0.46
2026-02-09 02:00:00,2,up,0.45527938,0.46,0.0047206283,0,0.46
2026-02-09 03:00:00,2,down,0.41236582,0.46,0.047634184,0,0.46
2026-02-09 04:00:00,2,up,0.46088538,0.46,0.0008853674,0,0.46
2026-02-09 05:00:00,0,down,0.36751875,0.46,0.092481256,1,0.36751875
2026-02-09 06:00:00,2,down,0.49029234,0.46,0.030292332,0,0.46
2026-02-09 07:00:00,2,down,0.5187685,0.46,0.05876848,0,0.46
2026-02-09 08:00:00,2,down,0.5198419,0.46,0.0598419,0,0.46
2026-02-09 09:00:00,1,down,0.5642226,0.46,0.104222566,1,0.5642226
2026-02-09 10:00:00,1,up,0.57023907,0.46,0.11023906,1,0.57023907
2026-02-09 11:00:00,2,up,0.477397,0.46,0.017396986,0,0.46
2026-02-09 12:00:00,1,down,0.5406963,0.46,0.080696315,1,0.5406963
2026-02-09 13:00:00,1,up,0.6435188,0.46,0.1835188,1,0.6435188
2026-02-09 14:00:00,2,up,0.51341456,0.46,0.053414553,0,0.46
2026-02-09 15:00:00,2,up,0.46433967,0.46,0.004339665,0,0.46
2026-02-09 16:00:00,2,up,0.4664911,0.46,0.006491095,0,0.46
2026-02-09 17:00:00,2,down,0.47026408,0.46,0.010264069,0,0.46
2026-02-09 18:00:00,2,up,0.45923677,0.46,0.0007632375,0,0.46
2026-02-09 19:00:00,2,down,0.39414132,0.46,0.06585869,0,0.46
2026-02-09 20:00:00,2,down,0.46006963,0.46,6.9618225e-05,0,0.46
2026-02-09 21:00:00,2,down,0.47841653,0.46,0.018416524,0,0.46
2026-02-09 22:00:00,2,down,0.5063678,0.46,0.046367794,0,0.46
2026-02-09 23:00:00,2,down,0.5192688,0.46,0.059268802,0,0.46
2026-02-10 00:00:00,1,up,0.5384541,0.46,0.07845411,1,0.5384541
2026-02-10 01:00:00,2,down,0.49236616,0.46,0.032366157,0,0.46
2026-02-10 02:00:00,1,down,0.5525463,0.46,0.092546314,1,0.5525463
2026-02-10 03:00:00,2,up,0.52554077,0.46,0.06554076,0,0.46
2026-02-10 04:00:00,1,down,0.54626334,0.46,0.08626333,1,0.54626334
2026-02-10 05:00:00,1,down,0.5668718,0.46,0.10687181,1,0.5668718
2026-02-10 06:00:00,2,down,0.5286229,0.46,0.06862292,0,0.46
2026-02-10 07:00:00,1,up,0.5899202,0.46,0.12992021,1,0.5899202
2026-02-10 08:00:00,1,up,0.53041965,0.46,0.07041964,1,0.53041965
2026-02-10 09:00:00,2,down,0.51604986,0.46,0.056049854,0,0.46
2026-02-10 10:00:00,1,down,0.5957392,0.46,0.13573918,1,0.5957392
2026-02-10 11:00:00,1,up,0.5411063,0.46,0.081106275,1,0.5411063
2026-02-10 12:00:00,1,up,0.563533,0.46,0.103533,1,0.563533
2026-02-10 13:00:00,2,down,0.4649053,0.46,0.0049052835,0,0.46
2026-02-10 14:00:00,2,up,0.48804584,0.46,0.028045833,0,0.46
2026-02-10 15:00:00,2,up,0.47177264,0.46,0.011772633,0,0.46
2026-02-10 16:00:00,2,up,0.4250933,0.46,0.034906715,0,0.46
2026-02-10 17:00:00,2,down,0.39234576,0.46,0.06765425,0,0.46
2026-02-10 18:00:00,2,up,0.5203208,0.46,0.060320765,0,0.46
2026-02-10 19:00:00,2,down,0.527516,0.46,0.067516,0,0.46
2026-02-10 20:00:00,2,down,0.52686375,0.46,0.066863745,0,0.46
2026-02-10 21:00:00,1,up,0.5522111,0.46,0.0922111,1,0.5522111
2026-02-10 22:00:00,1,up,0.5645306,0.46,0.1045306,1,0.5645306
2026-02-10 23:00:00,2,up,0.5195323,0.46,0.059532315,0,0.46
2026-02-11 00:00:00,2,down,0.45935938,0.46,0.0006406307,0,0.46
2026-02-11 01:00:00,2,down,0.47635317,0.46,0.01635316,0,0.46
2026-02-11 02:00:00,2,down,0.5206185,0.46,0.06061849,0,0.46
2026-02-11 03:00:00,1,down,0.53394467,0.46,0.07394466,1,0.53394467
2026-02-11 04:00:00,1,down,0.5693866,0.46,0.10938659,1,0.5693866
2026-02-11 05:00:00,1,down,0.65027195,0.46,0.19027194,1,0.65027195
2026-02-11 06:00:00,1,up,0.5515412,0.46,0.0915412,1,0.5515412
2026-02-11 07:00:00,2,down,0.51368636,0.46,0.05368635,0,0.46
2026-02-11 08:00:00,1,down,0.5723823,0.46,0.11238226,1,0.5723823
2026-02-11 09:00:00,1,down,0.5624835,0.46,0.10248348,1,0.5624835
2026-02-11 10:00:00,2,up,0.5235229,0.46,0.063522905,0,0.46
2026-02-11 11:00:00,2,up,0.4437489,0.46,0.016251117,0,0.46
2026-02-11 12:00:00,2,up,0.5295192,0.46,0.06951919,0,0.46
2026-02-11 13:00:00,2,down,0.44490513,0.46,0.015094876,0,0.46
2026-02-11 14:00:00,1,down,0.5422239,0.46,0.08222386,1,0.5422239
2026-02-11 15:00:00,2,down,0.50108653,0.46,0.041086525,0,0.46
2026-02-11 16:00:00,1,up,0.5586597,0.46,0.098659664,1,0.5586597
2026-02-11 17:00:00,1,up,0.53725785,0.46,0.07725784,1,0.53725785
2026-02-11 18:00:00,2,up,0.47083104,0.46,0.010831028,0,0.46
2026-02-11 19:00:00,2,down,0.4367087,0.46,0.02329132,0,0.46
2026-02-11 20:00:00,2,up,0.4256456,0.46,0.03435442,0,0.46
2026-02-11 21:00:00,2,down,0.45789954,0.46,0.0021004677,0,0.46
2026-02-11 22:00:00,2,down,0.5239575,0.46,0.06395748,0,0.46
2026-02-11 23:00:00,1,up,0.53173137,0.46,0.07173136,1,0.53173137
2026-02-12 00:00:00,1,up,0.5576653,0.46,0.09766528,1,0.5576653
2026-02-12 01:00:00,2,down,0.51443535,0.46,0.054435343,0,0.46
2026-02-12 02:00:00,2,up,0.49652833,0.46,0.03652832,0,0.46
2026-02-12 03:00:00,2,down,0.43623468,0.46,0.023765326,0,0.46
2026-02-12 04:00:00,1,up,0.54918486,0.46,0.08918485,1,0.54918486
2026-02-12 05:00:00,2,down,0.48818,0.46,0.028180003,0,0.46
2026-02-12 06:00:00,1,up,0.56013775,0.46,0.10013774,1,0.56013775
2026-02-12 07:00:00,2,down,0.5009062,0.46,0.04090622,0,0.46
2026-02-12 08:00:00,2,up,0.49540034,0.46,0.03540033,0,0.46
2026-02-12 09:00:00,2,up,0.42826942,0.46,0.031730592,0,0.46
2026-02-12 10:00:00,0,up,0.3805189,0.46,0.079481095,1,0.3805189
2026-02-12 11:00:00,2,down,0.4334353,0.46,0.026564717,0,0.46
2026-02-12 12:00:00,2,up,0.43182993,0.46,0.028170079,0,0.46
2026-02-12 13:00:00,0,down,0.36980477,0.46,0.09019524,1,0.36980477
2026-02-12 14:00:00,2,down,0.49254733,0.46,0.032547325,0,0.46
2026-02-12 15:00:00,1,down,0.5701217,0.46,0.1101217,1,0.5701217
2026-02-12 16:00:00,1,down,0.5657029,0.46,0.10570291,1,0.5657029
2026-02-12 17:00:00,1,up,0.6446989,0.46,0.18469891,1,0.6446989
2026-02-12 18:00:00,2,up,0.5230627,0.46,0.0630627,0,0.46
2026-02-12 19:00:00,1,down,0.5360886,0.46,0.07608858,1,0.5360886
2026-02-12 20:00:00,1,up,0.59967375,0.46,0.13967374,1,0.59967375
2026-02-12 21:00:00,2,up,0.52326936,0.46,0.06326935,0,0.46
2026-02-12 22:00:00,2,down,0.43458545,0.46,0.025414556,0,0.46
2026-02-12 23:00:00,2,down,0.4772405,0.46,0.017240494,0,0.46
2026-02-13 00:00:00,1,up,0.5400199,0.46,0.08001992,1,0.5400199
2026-02-13 01:00:00,2,up,0.47129732,0.46,0.011297315,0,0.46
2026-02-13 02:00:00,2,down,0.41198176,0.46,0.048018247,0,0.46
2026-02-13 03:00:00,2,down,0.45273215,0.46,0.0072678626,0,0.46
2026-02-13 04:00:00,1,down,0.54110056,0.46,0.08110055,1,0.54110056
2026-02-13 05:00:00,1,up,0.5747111,0.46,0.114711076,1,0.5747111
2026-02-13 06:00:00,2,down,0.49962512,0.46,0.03962511,0,0.46
2026-02-13 07:00:00,2,up,0.5248765,0.46,0.06487647,0,0.46
2026-02-13 08:00:00,2,up,0.41964617,0.46,0.040353835,0,0.46
2026-02-13 09:00:00,0,up,0.38889048,0.46,0.07110953,1,0.38889048
2026-02-13 10:00:00,2,up,0.40063283,0.46,0.05936718,0,0.46
2026-02-13 11:00:00,0,down,0.37052235,0.46,0.08947766,1,0.37052235
2026-02-13 12:00:00,2,up,0.39296404,0.46,0.06703597,0,0.46
2026-02-13 13:00:00,2,up,0.44051495,0.46,0.019485056,0,0.46
2026-02-13 14:00:00,2,up,0.42128605,0.46,0.03871396,0,0.46
2026-02-13 15:00:00,2,up,0.5249695,0.46,0.06496951,0,0.46
2026-02-13 16:00:00,2,up,0.49636817,0.46,0.03636816,0,0.46
2026-02-13 17:00:00,2,up,0.39778727,0.46,0.062212735,0,0.46
2026-02-13 18:00:00,2,down,0.436177,0.46,0.023823023,0,0.46
2026-02-13 19:00:00,2,down,0.47016105,0.46,0.010161042,0,0.46
2026-02-13 20:00:00,2,up,0.49624196,0.46,0.03624195,0,0.46
2026-02-13 21:00:00,2,up,0.49448246,0.46,0.03448245,0,0.46
2026-02-13 22:00:00,2,down,0.40896115,0.46,0.05103886,0,0.46
2026-02-13 23:00:00,2,up,0.5093188,0.46,0.04931882,0,0.46
2026-02-14 00:00:00,0,down,0.36648235,0.46,0.09351766,1,0.36648235
2026-02-14 01:00:00,2,down,0.4881224,0.46,0.028122395,0,0.46
2026-02-14 02:00:00,2,up,0.5046743,0.46,0.044674307,0,0.46
2026-02-14 03:00:00,2,down,0.45163494,0.46,0.008365065,0,0.46
2026-02-14 04:00:00,1,down,0.5488449,0.46,0.088844866,1,0.5488449
2026-02-14 05:00:00,1,up,0.5655664,0.46,0.10556641,1,0.5655664
2026-02-14 06:00:00,2,up,0.41309467,0.46,0.04690534,0,0.46
2026-02-14 07:00:00,0,up,0.38970843,0.46,0.07029158,1,0.38970843
2026-02-14 08:00:00,2,down,0.3975749,0.46,0.062425107,0,0.46
2026-02-14 09:00:00,2,down,0.4432016,0.46,0.016798407,0,0.46
2026-02-14 10:00:00,0,up,0.372452,0.46,0.08754802,1,0.372452
2026-02-14 11:00:00,2,down,0.4187413,0.46,0.041258723,0,0.46
2026-02-14 12:00:00,1,down,0.54076093,0.46,0.080760926,1,0.54076093
2026-02-14 13:00:00,2,up,0.4968875,0.46,0.036887497,0,0.46
2026-02-14 14:00:00,2,up,0.45802465,0.46,0.0019753575,0,0.46
2026-02-14 15:00:00,2,down,0.5028024,0.46,0.042802364,0,0.46
2026-02-14 16:00:00,2,down,0.4528014,0.46,0.007198602,0,0.46
2026-02-14 17:00:00,2,up,0.49740016,0.46,0.037400156,0,0.46
2026-02-14 18:00:00,2,up,0.46928057,0.46,0.009280562,0,0.46
2026-02-14 19:00:00,0,up,0.3879648,0.46,0.07203522,1,0.3879648
2026-02-14 20:00:00,0,down,0.36112222,0.46,0.09887779,1,0.36112222
2026-02-14 21:00:00,2,up,0.44419047,0.46,0.015809536,0,0.46
2026-02-14 22:00:00,2,down,0.43364435,0.46,0.026355654,0,0.46
2026-02-14 23:00:00,2,down,0.49747875,0.46,0.037478745,0,0.46
2026-02-15 00:00:00,2,down,0.509467,0.46,0.049466997,0,0.46
2026-02-15 01:00:00,2,down,0.5094951,0.46,0.04949507,0,0.46
2026-02-15 02:00:00,1,up,0.55026245,0.46,0.09026244,1,0.55026245
2026-02-15 03:00:00,2,up,0.41662043,0.46,0.043379575,0,0.46
2026-02-15 04:00:00,2,up,0.4462111,0.46,0.013788909,0,0.46
2026-02-15 05:00:00,2,up,0.4305732,0.46,0.029426813,0,0.46
2026-02-15 06:00:00,2,up,0.40473175,0.46,0.055268258,0,0.46
2026-02-15 07:00:00,2,down,0.43663442,0.46,0.023365587,0,0.46
2026-02-15 08:00:00,2,down,0.46851566,0.46,0.008515656,0,0.46
2026-02-15 09:00:00,2,up,0.44542885,0.46,0.01457116,0,0.46
2026-02-15 10:00:00,2,down,0.43492794,0.46,0.025072068,0,0.46
2026-02-15 11:00:00,2,down,0.49952874,0.46,0.039528728,0,0.46
2026-02-15 12:00:00,1,down,0.6191039,0.46,0.1591039,1,0.6191039
2026-02-15 13:00:00,1,up,0.630418,0.46,0.170418,1,0.630418
2026-02-15 14:00:00,2,down,0.49206293,0.46,0.032062918,0,0.46
2026-02-15 15:00:00,1,down,0.57977796,0.46,0.11977795,1,0.57977796
2026-02-15 16:00:00,2,down,0.4745361,0.46,0.014536083,0,0.46
2026-02-15 17:00:00,1,down,0.5456754,0.46,0.08567539,1,0.5456754
2026-02-15 18:00:00,1,down,0.560752,0.46,0.100751966,1,0.560752
2026-02-15 19:00:00,2,up,0.52507114,0.46,0.065071136,0,0.46
2026-02-15 20:00:00,2,up,0.5237808,0.46,0.063780814,0,0.46
2026-02-15 21:00:00,2,up,0.5174849,0.46,0.057484895,0,0.46
2026-02-15 22:00:00,2,down,0.4433351,0.46,0.016664922,0,0.46
2026-02-15 23:00:00,2,up,0.39345458,0.46,0.06654543,0,0.46
2026-02-16 00:00:00,2,down,0.48657346,0.46,0.02657345,0,0.46
2026-02-16 01:00:00,1,down,0.5357308,0.46,0.07573077,1,0.5357308
2026-02-16 02:00:00,1,up,0.54174286,0.46,0.08174285,1,0.54174286
2026-02-16 03:00:00,2,up,0.50133663,0.46,0.041336626,0,0.46
2026-02-16 04:00:00,2,down,0.4529673,0.46,0.0070327222,0,0.46
2026-02-16 05:00:00,1,up,0.5664384,0.46,0.10643837,1,0.5664384
2026-02-16 06:00:00,2,up,0.524638,0.46,0.06463799,0,0.46
2026-02-16 07:00:00,2,up,0.5245574,0.46,0.0645574,0,0.46
2026-02-16 08:00:00,2,up,0.42776,0.46,0.032240003,0,0.46
2026-02-16 09:00:00,2,down,0.42231795,0.46,0.037682056,0,0.46
2026-02-16 10:00:00,2,up,0.4619596,0.46,0.001959592,0,0.46
2026-02-16 11:00:00,2,up,0.41869426,0.46,0.04130575,0,0.46
2026-02-16 12:00:00,2,down,0.47436032,0.46,0.014360309,0,0.46
2026-02-16 13:00:00,2,up,0.52715373,0.46,0.06715372,0,0.46
2026-02-16 14:00:00,2,down,0.48903894,0.46,0.029038936,0,0.46
2026-02-16 15:00:00,1,up,0.5493652,0.46,0.089365214,1,0.5493652
2026-02-16 16:00:00,2,up,0.48806402,0.46,0.028064013,0,0.46
2026-02-16 17:00:00,2,down,0.506276,0.46,0.046276003,0,0.46
2026-02-16 18:00:00,1,up,0.55677855,0.46,0.09677854,1,0.55677855
2026-02-16 19:00:00,1,up,0.5623771,0.46,0.10237709,1,0.5623771
2026-02-16 20:00:00,2,up,0.416232,0.46,0.04376802,0,0.46
2026-02-16 21:00:00,2,down,0.40170506,0.46,0.058294952,0,0.46
2026-02-16 22:00:00,2,up,0.48895296,0.46,0.028952956,0,0.46
2026-02-16 23:00:00,0,down,0.38812494,0.46,0.071875066,1,0.38812494
2026-02-17 00:00:00,2,down,0.4388663,0.46,0.02113372,0,0.46
2026-02-17 01:00:00,2,up,0.47254193,0.46,0.01254192,0,0.46
2026-02-17 02:00:00,2,down,0.48274392,0.46,0.02274391,0,0.46
2026-02-17 03:00:00,2,up,0.5283189,0.46,0.06831887,0,0.46
2026-02-17 04:00:00,1,down,0.5311804,0.46,0.07118037,1,0.5311804
2026-02-17 05:00:00,2,up,0.4966481,0.46,0.036648095,0,0.46
2026-02-17 06:00:00,1,down,0.56992304,0.46,0.109923035,1,0.56992304
2026-02-17 07:00:00,1,down,0.53514254,0.46,0.07514253,1,0.53514254
2026-02-17 08:00:00,1,down,0.5413442,0.46,0.08134422,1,0.5413442
2026-02-17 09:00:00,2,down,0.52689797,0.46,0.06689796,0,0.46
2026-02-17 10:00:00,1,up,0.5336755,0.46,0.07367548,1,0.5336755
2026-02-17 11:00:00,2,up,0.4882233,0.46,0.028223306,0,0.46
2026-02-17 12:00:00,1,up,0.5498112,0.46,0.089811176,1,0.5498112
2026-02-17 13:00:00,2,down,0.4739016,0.46,0.013901591,0,0.46
2026-02-17 14:00:00,1,up,0.5378997,0.46,0.077899665,1,0.5378997
2026-02-17 15:00:00,2,up,0.45134142,0.46,0.008658588,0,0.46
2026-02-17 16:00:00,2,down,0.5243883,0.46,0.064388305,0,0.46
2026-02-17 17:00:00,2,up,0.511899,0.46,0.051898986,0,0.46
2026-02-17 18:00:00,2,down,0.45155764,0.46,0.008442372,0,0.46
2026-02-17 19:00:00,2,down,0.4929803,0.46,0.032980293,0,0.46
2026-02-17 20:00:00,2,down,0.4376965,0.46,0.022303522,0,0.46
2026-02-17 21:00:00,2,down,0.50488716,0.46,0.044887155,0,0.46
2026-02-17 22:00:00,1,down,0.552737,0.46,0.09273699,1,0.552737
2026-02-17 23:00:00,1,down,0.555104,0.46,0.09510401,1,0.555104
2026-02-18 00:00:00,1,down,0.59568983,0.46,0.13568982,1,0.59568983
2026-02-18 01:00:00,1,up,0.5545573,0.46,0.094557315,1,0.5545573
2026-02-18 02:00:00,1,up,0.5671568,0.46,0.10715678,1,0.5671568
2026-02-18 03:00:00,2,up,0.46437564,0.46,0.0043756366,0,0.46
2026-02-18 04:00:00,2,down,0.4050193,0.46,0.054980695,0,0.46
2026-02-18 05:00:00,2,up,0.46545723,0.46,0.0054572225,0,0.46
2026-02-18 06:00:00,2,up,0.41213584,0.46,0.04786417,0,0.46
2026-02-18 07:00:00,0,up,0.37729573,0.46,0.082704276,1,0.37729573
2026-02-18 08:00:00,2,up,0.45423537,0.46,0.0057646334,0,0.46
2026-02-18 09:00:00,2,down,0.39648128,0.46,0.06351873,0,0.46
2026-02-18 10:00:00,2,down,0.49581894,0.46,0.035818934,0,0.46
2026-02-18 11:00:00,2,up,0.5139355,0.46,0.053935498,0,0.46
2026-02-18 12:00:00,1,down,0.59810305,0.46,0.13810304,1,0.59810305
2026-02-18 13:00:00,1,down,0.5642479,0.46,0.1042479,1,0.5642479
2026-02-18 14:00:00,2,up,0.44633666,0.46,0.013663352,0,0.46
2026-02-18 15:00:00,2,down,0.5073804,0.46,0.047380418,0,0.46
2026-02-18 16:00:00,1,up,0.5367651,0.46,0.07676509,1,0.5367651
2026-02-18 17:00:00,1,down,0.5313698,0.46,0.0713698,1,0.5313698
2026-02-18 18:00:00,1,down,0.60459334,0.46,0.14459333,1,0.60459334
2026-02-18 19:00:00,1,up,0.57987875,0.46,0.11987874,1,0.57987875
2026-02-18 20:00:00,1,up,0.6139939,0.46,0.15399387,1,0.6139939
2026-02-18 21:00:00,1,up,0.53483886,0.46,0.07483885,1,0.53483886
2026-02-18 22:00:00,2,up,0.510797,0.46,0.050797015,0,0.46
2026-02-18 23:00:00,2,down,0.49619734,0.46,0.036197335,0,0.46
2026-02-19 00:00:00,2,up,0.4978022,0.46,0.03780219,0,0.46
2026-02-19 01:00:00,2,down,0.42349938,0.46,0.036500633,0,0.46
2026-02-19 02:00:00,2,up,0.44191933,0.46,0.018080682,0,0.46
2026-02-19 03:00:00,2,down,0.41054934,0.46,0.049450666,0,0.46
2026-02-19 04:00:00,2,up,0.49646205,0.46,0.03646204,0,0.46
2026-02-19 05:00:00,2,up,0.44165632,0.46,0.018343687,0,0.46
2026-02-19 06:00:00,2,up,0.40865716,0.46,0.051342845,0,0.46
2026-02-19 07:00:00,2,down,0.3962369,0.46,0.06376311,0,0.46
2026-02-19 08:00:00,2,down,0.4606193,0.46,0.00061929226,0,0.46
2026-02-19 09:00:00,2,up,0.50403196,0.46,0.044031948,0,0.46
2026-02-19 10:00:00,2,down,0.49681535,0.46,0.036815345,0,0.46
2026-02-19 11:00:00,1,up,0.625853,0.46,0.165853,1,0.625853
2026-02-19 12:00:00,1,down,0.5616176,0.46,0.101617604,1,0.5616176
2026-02-19 13:00:00,1,up,0.58059984,0.46,0.120599836,1,0.58059984
2026-02-19 14:00:00,2,down,0.49871206,0.46,0.038712054,0,0.46
2026-02-19 15:00:00,2,down,0.50493425,0.46,0.044934243,0,0.46
2026-02-19 16:00:00,2,up,0.47193888,0.46,0.01193887,0,0.46
2026-02-19 17:00:00,2,up,0.5028081,0.46,0.042808086,0,0.46
2026-02-19 18:00:00,2,up,0.4173681,0.46,0.042631894,0,0.46
2026-02-19 19:00:00,0,up,0.38930404,0.46,0.07069597,1,0.38930404
2026-02-19 20:00:00,0,down,0.3806921,0.46,0.079307914,1,0.3806921
2026-02-19 21:00:00,2,down,0.52294636,0.46,0.06294635,0,0.46
2026-02-19 22:00:00,2,up,0.4503019,0.46,0.009698123,0,0.46
2026-02-19 23:00:00,2,up,0.45486227,0.46,0.0051377416,0,0.46
2026-02-20 00:00:00,2,up,0.43293074,0.46,0.02706927,0,0.46
2026-02-20 01:00:00,2,down,0.41569877,0.46,0.04430124,0,0.46
2026-02-20 02:00:00,2,up,0.43998677,0.46,0.020013243,0,0.46
2026-02-20 03:00:00,2,down,0.43227786,0.46,0.02772215,0,0.46
2026-02-20 04:00:00,2,up,0.43656495,0.46,0.023435056,0,0.46
2026-02-20 05:00:00,2,up,0.40814546,0.46,0.05185455,0,0.46
2026-02-20 06:00:00,0,down,0.36738873,0.46,0.09261128,1,0.36738873
2026-02-20 07:00:00,2,up,0.43338665,0.46,0.026613355,0,0.46
2026-02-20 08:00:00,2,up,0.40102234,0.46,0.058977664,0,0.46
2026-02-20 09:00:00,2,down,0.40924016,0.46,0.050759852,0,0.46
2026-02-20 10:00:00,2,down,0.46811208,0.46,0.008112073,0,0.46
2026-02-20 11:00:00,1,up,0.5603517,0.46,0.10035172,1,0.5603517
2026-02-20 12:00:00,2,down,0.45949638,0.46,0.00050362945,0,0.46
2026-02-20 13:00:00,2,up,0.4845824,0.46,0.024582386,0,0.46
2026-02-20 14:00:00,2,up,0.49526247,0.46,0.035262465,0,0.46
2026-02-20 15:00:00,2,up,0.44654202,0.46,0.013457984,0,0.46
2026-02-20 16:00:00,2,down,0.40295348,0.46,0.057046533,0,0.46
2026-02-20 17:00:00,2,up,0.4309117,0.46,0.029088318,0,0.46
2026-02-20 18:00:00,0,down,0.36111888,0.46,0.098881125,1,0.36111888
2026-02-20 19:00:00,2,up,0.50922185,0.46,0.049221843,0,0.46
2026-02-20 20:00:00,2,up,0.43588868,0.46,0.02411133,0,0.46
2026-02-20 21:00:00,2,up,0.41636422,0.46,0.043635786,0,0.46
2026-02-20 22:00:00,0,down,0.37617198,0.46,0.08382803,1,0.37617198
2026-02-20 23:00:00,2,down,0.44417766,0.46,0.015822351,0,0.46
2026-02-21 00:00:00,2,up,0.47075218,0.46,0.010752171,0,0.46
2026-02-21 01:00:00,2,up,0.4568798,0.46,0.0031202137,0,0.46
2026-02-21 02:00:00,2,down,0.44022158,0.46,0.01977843,0,0.46
2026-02-21 03:00:00,2,up,0.5259214,0.46,0.065921396,0,0.46
2026-02-21 04:00:00,2,up,0.46503797,0.46,0.0050379634,0,0.46
2026-02-21 05:00:00,2,down,0.4853905,0.46,0.025390506,0,0.46
2026-02-21 06:00:00,2,up,0.4778652,0.46,0.017865181,0,0.46
2026-02-21 07:00:00,2,up,0.44438893,0.46,0.015611082,0,0.46
2026-02-21 08:00:00,0,up,0.37451476,0.46,0.08548525,1,0.37451476
2026-02-21 09:00:00,2,up,0.41383305,0.46,0.046166956,0,0.46
2026-02-21 10:00:00,0,down,0.37675294,0.46,0.083247066,1,0.37675294
2026-02-21 11:00:00,2,up,0.49412954,0.46,0.03412953,0,0.46
2026-02-21 12:00:00,0,up,0.37222537,0.46,0.087774634,1,0.37222537
2026-02-21 13:00:00,0,up,0.37331772,0.46,0.08668229,1,0.37331772
2026-02-21 14:00:00,2,up,0.41952118,0.46,0.040478826,0,0.46
2026-02-21 15:00:00,0,down,0.3705981,0.46,0.0894019,1,0.3705981
2026-02-21 16:00:00,2,up,0.46281838,0.46,0.0028183758,0,0.46
2026-02-21 17:00:00,2,up,0.39261803,0.46,0.06738198,0,0.46
2026-02-21 18:00:00,2,down,0.42268336,0.46,0.03731665,0,0.46
2026-02-21 19:00:00,2,down,0.45773515,0.46,0.0022648573,0,0.46
2026-02-21 20:00:00,1,up,0.60832983,0.46,0.14832982,1,0.60832983
2026-02-21 21:00:00,2,down,0.39391813,0.46,0.06608188,0,0.46
2026-02-21 22:00:00,1,up,0.55076164,0.46,0.09076163,1,0.55076164
2026-02-21 23:00:00,1,down,0.59538186,0.46,0.13538185,1,0.59538186
2026-02-22 00:00:00,2,up,0.5277758,0.46,0.067775816,0,0.46
2026-02-22 01:00:00,2,down,0.45872125,0.46,0.001278758,0,0.46
2026-02-22 02:00:00,1,up,0.5580846,0.46,0.0980846,1,0.5580846
2026-02-22 03:00:00,2,down,0.4578209,0.46,0.002179116,0,0.46
2026-02-22 04:00:00,1,down,0.54459435,0.46,0.08459434,1,0.54459435
2026-02-22 05:00:00,2,up,0.5101289,0.46,0.050128907,0,0.46
2026-02-22 06:00:00,2,down,0.5258994,0.46,0.0658994,0,0.46
2026-02-22 07:00:00,2,down,0.5245548,0.46,0.06455478,0,0.46
2026-02-22 08:00:00,2,up,0.5286221,0.46,0.06862208,0,0.46
2026-02-22 09:00:00,2,up,0.5095095,0.46,0.049509495,0,0.46
2026-02-22 10:00:00,2,up,0.4026552,0.46,0.057344794,0,0.46
2026-02-22 11:00:00,2,down,0.41051146,0.46,0.049488544,0,0.46
2026-02-22 12:00:00,2,down,0.529754,0.46,0.069753975,0,0.46
2026-02-22 13:00:00,1,down,0.5477585,0.46,0.08775851,1,0.5477585
2026-02-22 14:00:00,1,up,0.56734085,0.46,0.10734084,1,0.56734085
2026-02-22 15:00:00,2,down,0.47444904,0.46,0.01444903,0,0.46
2026-02-22 16:00:00,2,down,0.4815389,0.46,0.021538883,0,0.46
2026-02-22 17:00:00,2,up,0.5245291,0.46,0.06452909,0,0.46
2026-02-22 18:00:00,2,up,0.5151735,0.46,0.055173486,0,0.46
2026-02-22 19:00:00,1,down,0.5950571,0.46,0.13505706,1,0.5950571
2026-02-22 20:00:00,1,up,0.5644696,0.46,0.10446957,1,0.5644696
2026-02-22 21:00:00,2,up,0.46865848,0.46,0.008658469,0,0.46
2026-02-22 22:00:00,2,down,0.4274855,0.46,0.032514513,0,0.46
2026-02-22 23:00:00,2,down,0.417756,0.46,0.042244017,0,0.46
2026-02-23 00:00:00,1,down,0.600504,0.46,0.14050397,1,0.600504
2026-02-23 01:00:00,1,up,0.5447594,0.46,0.084759384,1,0.5447594
2026-02-23 02:00:00,2,up,0.5005014,0.46,0.040501386,0,0.46
2026-02-23 03:00:00,2,down,0.525624,0.46,0.06562397,0,0.46
2026-02-23 04:00:00,1,up,0.56780523,0.46,0.10780522,1,0.56780523
2026-02-23 05:00:00,2,up,0.48034248,0.46,0.02034247,0,0.46
2026-02-23 06:00:00,0,up,0.38476035,0.46,0.07523966,1,0.38476035
2026-02-23 07:00:00,2,down,0.4047663,0.46,0.055233717,0,0.46
2026-02-23 08:00:00,2,up,0.5016302,0.46,0.04163018,0,0.46
2026-02-23 09:00:00,2,down,0.40941358,0.46,0.050586432,0,0.46
2026-02-23 10:00:00,2,down,0.4607903,0.46,0.000790298,0,0.46
2026-02-23 11:00:00,2,up,0.43045372,0.46,0.02954629,0,0.46
2026-02-23 12:00:00,2,down,0.47514957,0.46,0.015149564,0,0.46
2026-02-23 13:00:00,2,down,0.5159552,0.46,0.0559552,0,0.46
2026-02-23 14:00:00,1,down,0.54535663,0.46,0.08535662,1,0.54535663
2026-02-23 15:00:00,1,down,0.57045835,0.46,0.110458344,1,0.57045835
2026-02-23 16:00:00,2,down,0.5254225,0.46,0.065422505,0,0.46
2026-02-23 17:00:00,2,down,0.4933281,0.46,0.033328086,0,0.46
2026-02-23 18:00:00,1,down,0.6449558,0.46,0.1849558,1,0.6449558
2026-02-23 19:00:00,1,up,0.5399168,0.46,0.079916805,1,0.5399168
2026-02-23 20:00:00,2,up,0.44837248,0.46,0.011627525,0,0.46
2026-02-23 21:00:00,1,up,0.601143,0.46,0.141143,1,0.601143
2026-02-23 22:00:00,2,down,0.5132702,0.46,0.05327019,0,0.46
2026-02-23 23:00:00,2,up,0.4972209,0.46,0.037220895,0,0.46
2026-02-24 00:00:00,2,down,0.4804844,0.46,0.020484388,0,0.46
2026-02-24 01:00:00,2,down,0.52185833,0.46,0.061858326,0,0.46
2026-02-24 02:00:00,1,down,0.54810995,0.46,0.08810994,1,0.54810995
2026-02-24 03:00:00,1,down,0.5738428,0.46,0.113842815,1,0.5738428
2026-02-24 04:00:00,2,down,0.46746963,0.46,0.0074696243,0,0.46
2026-02-24 05:00:00,2,down,0.5246238,0.46,0.0646238,0,0.46
2026-02-24 06:00:00,1,up,0.58657974,0.46,0.12657973,1,0.58657974
2026-02-24 07:00:00,1,up,0.54782194,0.46,0.08782193,1,0.54782194
2026-02-24 08:00:00,2,down,0.49216628,0.46,0.032166272,0,0.46
2026-02-24 09:00:00,2,up,0.5239118,0.46,0.063911766,0,0.46
2026-02-24 10:00:00,2,down,0.47233152,0.46,0.012331516,0,0.46
2026-02-24 11:00:00,1,down,0.56044227,0.46,0.10044226,1,0.56044227
2026-02-24 12:00:00,1,down,0.61242586,0.46,0.15242586,1,0.61242586
2026-02-24 13:00:00,1,up,0.55107045,0.46,0.09107044,1,0.55107045
2026-02-24 14:00:00,2,up,0.4159606,0.46,0.0440394,0,0.46
2026-02-24 15:00:00,2,up,0.39648083,0.46,0.06351918,0,0.46
2026-02-24 16:00:00,2,down,0.41978773,0.46,0.040212274,0,0.46
2026-02-24 17:00:00,2,up,0.45956847,0.46,0.00043153763,0,0.46
2026-02-24 18:00:00,0,down,0.37159607,0.46,0.08840394,1,0.37159607
2026-02-24 19:00:00,2,up,0.44510496,0.46,0.014895052,0,0.46
2026-02-24 20:00:00,2,down,0.4141765,0.46,0.045823514,0,0.46
2026-02-24 21:00:00,1,up,0.53620464,0.46,0.07620463,1,0.53620464
2026-02-24 22:00:00,2,down,0.5112053,0.46,0.051205307,0,0.46
2026-02-24 23:00:00,1,up,0.53633755,0.46,0.076337546,1,0.53633755
2026-02-25 00:00:00,2,up,0.46023723,0.46,0.00023722649,0,0.46
2026-02-25 01:00:00,1,down,0.5578155,0.46,0.097815484,1,0.5578155
2026-02-25 02:00:00,1,down,0.55010355,0.46,0.09010354,1,0.55010355
2026-02-25 03:00:00,1,up,0.5637927,0.46,0.1037927,1,0.5637927
2026-02-25 04:00:00,2,down,0.49152675,0.46,0.031526744,0,0.46
2026-02-25 05:00:00,2,up,0.51646245,0.46,0.056462437,0,0.46
2026-02-25 06:00:00,1,up,0.55538094,0.46,0.09538093,1,0.55538094
2026-02-25 07:00:00,2,up,0.5059357,0.46,0.04593572,0,0.46
2026-02-25 08:00:00,2,up,0.39210433,0.46,0.06789568,0,0.46
2026-02-25 09:00:00,2,down,0.43083003,0.46,0.029169977,0,0.46
2026-02-25 10:00:00,2,up,0.45543578,0.46,0.0045642257,0,0.46
2026-02-25 11:00:00,2,up,0.44253814,0.46,0.017461866,0,0.46
2026-02-25 12:00:00,2,up,0.41881323,0.46,0.04118678,0,0.46
2026-02-25 13:00:00,2,up,0.49298963,0.46,0.03298962,0,0.46
2026-02-25 14:00:00,2,up,0.41842374,0.46,0.041576266,0,0.46
2026-02-25 15:00:00,2,up,0.41997787,0.46,0.040022135,0,0.46
2026-02-25 16:00:00,2,up,0.4328183,0.46,0.027181715,0,0.46
2026-02-25 17:00:00,2,up,0.4017738,0.46,0.058226198,0,0.46
2026-02-25 18:00:00,2,down,0.41340518,0.46,0.04659483,0,0.46
2026-02-25 19:00:00,2,up,0.49693942,0.46,0.036939412,0,0.46
2026-02-25 20:00:00,2,down,0.41700453,0.46,0.042995483,0,0.46
2026-02-25 21:00:00,1,down,0.5609594,0.46,0.10095939,1,0.5609594
2026-02-25 22:00:00,1,down,0.5692833,0.46,0.1092833,1,0.5692833
2026-02-25 23:00:00,1,up,0.6284673,0.46,0.16846731,1,0.6284673
2026-02-26 00:00:00,1,down,0.5456634,0.46,0.08566341,1,0.5456634
2026-02-26 01:00:00,1,up,0.6280694,0.46,0.16806939,1,0.6280694
2026-02-26 02:00:00,2,down,0.45478216,0.46,0.00521785,0,0.46
2026-02-26 03:00:00,2,up,0.5161094,0.46,0.0561094,0,0.46
2026-02-26 04:00:00,2,down,0.42887843,0.46,0.031121582,0,0.46
2026-02-26 05:00:00,2,down,0.40886292,0.46,0.05113709,0,0.46
2026-02-26 06:00:00,2,down,0.51893765,0.46,0.05893764,0,0.46
2026-02-26 07:00:00,1,up,0.62584686,0.46,0.16584685,1,0.62584686
2026-02-26 08:00:00,1,up,0.53244627,0.46,0.07244626,1,0.53244627
2026-02-26 09:00:00,2,down,0.41097236,0.46,0.04902765,0,0.46
2026-02-26 10:00:00,2,down,0.47728541,0.46,0.017285407,0,0.46
2026-02-26 11:00:00,2,up,0.47274113,0.46,0.012741119,0,0.46
2026-02-26 12:00:00,2,down,0.49246562,0.46,0.032465607,0,0.46
2026-02-26 13:00:00,1,down,0.54221696,0.46,0.08221695,1,0.54221696
2026-02-26 14:00:00,1,down,0.54323846,0.46,0.08323845,1,0.54323846
2026-02-26 15:00:00,2,down,0.47045365,0.46,0.010453641,0,0.46
2026-02-26 16:00:00,1,up,0.61301273,0.46,0.15301272,1,0.61301273
2026-02-26 17:00:00,1,up,0.5832192,0.46,0.12321916,1,0.5832192
2026-02-26 18:00:00,2,up,0.49205136,0.46,0.032051355,0,0.46
2026-02-26 19:00:00,2,down,0.507717,0.46,0.047717005,0,0.46
2026-02-26 20:00:00,2,up,0.512823,0.46,0.052822977,0,0.46
2026-02-26 21:00:00,2,up,0.4600765,0.46,7.650256e-05,0,0.46
2026-02-26 22:00:00,2,down,0.47585782,0.46,0.015857816,0,0.46
2026-02-26 23:00:00,2,down,0.47372058,0.46,0.013720572,0,0.46
2026-02-27 00:00:00,1,up,0.55305165,0.46,0.09305164,1,0.55305165
2026-02-27 01:00:00,2,down,0.48656148,0.46,0.026561469,0,0.46
2026-02-27 02:00:00,1,up,0.57025254,0.46,0.11025253,1,0.57025254
2026-02-27 03:00:00,2,up,0.43876097,0.46,0.021239042,0,0.46
2026-02-27 04:00:00,2,down,0.4767506,0.46,0.016750604,0,0.46
2026-02-27 05:00:00,2,down,0.43307853,0.46,0.02692148,0,0.46
2026-02-27 06:00:00,2,up,0.44383794,0.46,0.016162068,0,0.46
2026-02-27 07:00:00,2,up,0.4304182,0.46,0.029581815,0,0.46
2026-02-27 08:00:00,2,down,0.41779292,0.46,0.042207092,0,0.46
2026-02-27 09:00:00,2,down,0.5272548,0.46,0.06725481,0,0.46
2026-02-27 10:00:00,1,down,0.6316192,0.46,0.1716192,1,0.6316192
2026-02-27 11:00:00,1,down,0.5927264,0.46,0.1327264,1,0.5927264
2026-02-27 12:00:00,1,up,0.57585895,0.46,0.11585894,1,0.57585895
2026-02-27 13:00:00,2,down,0.4888461,0.46,0.028846085,0,0.46
2026-02-27 14:00:00,1,up,0.567143,0.46,0.107143015,1,0.567143
2026-02-27 15:00:00,2,down,0.518908,0.46,0.058908015,0,0.46
2026-02-27 16:00:00,1,up,0.63887566,0.46,0.17887565,1,0.63887566
2026-02-27 17:00:00,2,down,0.49236134,0.46,0.03236133,0,0.46
2026-02-27 18:00:00,1,up,0.56899893,0.46,0.108998924,1,0.56899893
2026-02-27 19:00:00,1,up,0.54623497,0.46,0.08623496,1,0.54623497
2026-02-27 20:00:00,1,down,0.5978064,0.46,0.13780639,1,0.5978064
2026-02-27 21:00:00,1,up,0.53436255,0.46,0.074362546,1,0.53436255
2026-02-27 22:00:00,2,up,0.4377795,0.46,0.022220522,0,0.46
2026-02-27 23:00:00,2,up,0.4534975,0.46,0.006502509,0,0.46
2026-02-28 00:00:00,2,down,0.43187538,0.46,0.02812463,0,0.46
2026-02-28 01:00:00,1,up,0.54178584,0.46,0.08178583,1,0.54178584
2026-02-28 02:00:00,2,down,0.46007216,0.46,7.215142e-05,0,0.46
2026-02-28 03:00:00,1,down,0.536318,0.46,0.076317996,1,0.536318
2026-02-28 04:00:00,1,down,0.5388343,0.46,0.078834265,1,0.5388343
2026-02-28 05:00:00,1,down,0.54139227,0.46,0.08139226,1,0.54139227
2026-02-28 06:00:00,1,up,0.56299305,0.46,0.10299304,1,0.56299305
2026-02-28 07:00:00,2,down,0.50423425,0.46,0.044234246,0,0.46
2026-02-28 08:00:00,1,up,0.6179356,0.46,0.15793559,1,0.6179356
2026-02-28 09:00:00,2,up,0.5085815,0.46,0.04858151,0,0.46
2026-02-28 10:00:00,2,down,0.45736927,0.46,0.0026307404,0,0.46
2026-02-28 11:00:00,2,up,0.48046425,0.46,0.020464242,0,0.46
2026-02-28 12:00:00,2,up,0.44833574,0.46,0.011664271,0,0.46
2026-02-28 13:00:00,2,down,0.47257474,0.46,0.012574732,0,0.46
2026-02-28 14:00:00,1,up,0.56063205,0.46,0.10063204,1,0.56063205
2026-02-28 15:00:00,2,up,0.42768618,0.46,0.032313824,0,0.46
2026-02-28 16:00:00,2,up,0.43434876,0.46,0.025651246,0,0.46
2026-02-28 17:00:00,0,up,0.37495974,0.46,0.08504027,1,0.37495974
2026-02-28 18:00:00,2,up,0.394629,0.46,0.06537101,0,0.46
2026-02-28 19:00:00,0,up,0.38946438,0.46,0.07053563,1,0.38946438
2026-02-28 20:00:00,0,down,0.38655853,0.46,0.073441476,1,0.38655853
2026-02-28 21:00:00,2,up,0.42983806,0.46,0.030161947,0,0.46
2026-02-28 22:00:00,2,down,0.4679009,0.46,0.007900894,0,0.46
2026-02-28 23:00:00,2,down,0.42207015,0.46,0.037929863,0,0.46
2026-03-01 00:00:00,2,up,0.4398778,0.46,0.0201222,0,0.46
2026-03-01 01:00:00,2,up,0.44005692,0.46,0.019943088,0,0.46
2026-03-01 02:00:00,2,down,0.4989637,0.46,0.038963705,0,0.46
2026-03-01 03:00:00,2,down,0.43835616,0.46,0.021643847,0,0.46
2026-03-01 04:00:00,2,down,0.43711343,0.46,0.022886574,0,0.46
2026-03-01 05:00:00,2,down,0.48650995,0.46,0.02650994,0,0.46
2026-03-01 06:00:00,2,up,0.5264919,0.46,0.06649187,0,0.46
2026-03-01 07:00:00,2,down,0.4732392,0.46,0.013239205,0,0.46
2026-03-01 08:00:00,1,down,0.567544,0.46,0.107543975,1,0.567544
2026-03-01 09:00:00,1,up,0.5574257,0.46,0.09742567,1,0.5574257
2026-03-01 10:00:00,1,up,0.5438625,0.46,0.08386251,1,0.5438625
2026-03-01 11:00:00,1,down,0.5477584,0.46,0.08775839,1,0.5477584
2026-03-01 12:00:00,1,up,0.57838255,0.46,0.11838254,1,0.57838255
2026-03-01 13:00:00,2,down,0.47324732,0.46,0.013247311,0,0.46
2026-03-01 14:00:00,2,down,0.48654065,0.46,0.026540637,0,0.46
2026-03-01 15:00:00,2,down,0.49331626,0.46,0.033316255,0,0.46
2026-03-01 16:00:00,2,down,0.52558786,0.46,0.06558785,0,0.46
2026-03-01 17:00:00,2,up,0.48988816,0.46,0.029888153,0,0.46
2026-03-01 18:00:00,1,down,0.59034705,0.46,0.13034704,1,0.59034705
2026-03-01 19:00:00,1,down,0.57248336,0.46,0.11248335,1,0.57248336
2026-03-01 20:00:00,1,up,0.5814185,0.46,0.121418506,1,0.5814185
2026-03-01 21:00:00,1,down,0.5384076,0.46,0.078407615,1,0.5384076
2026-03-01 22:00:00,1,up,0.57883805,0.46,0.11883804,1,0.57883805
2026-03-01 23:00:00,2,up,0.5216714,0.46,0.061671406,0,0.46
2026-03-02 00:00:00,2,up,0.46479094,0.46,0.004790932,0,0.46
2026-03-02 01:00:00,2,down,0.47167867,0.46,0.011678666,0,0.46
2026-03-02 02:00:00,2,up,0.43126062,0.46,0.028739393,0,0.46
2026-03-02 03:00:00,2,up,0.43624362,0.46,0.023756385,0,0.46
2026-03-02 04:00:00,2,down,0.39145973,0.46,0.068540275,0,0.46
2026-03-02 05:00:00,2,down,0.44182783,0.46,0.018172175,0,0.46
2026-03-02 06:00:00,2,down,0.5249919,0.46,0.06499192,0,0.46
2026-03-02 07:00:00,2,up,0.49207136,0.46,0.032071352,0,0.46
2026-03-02 08:00:00,2,down,0.44433343,0.46,0.015666574,0,0.46
2026-03-02 09:00:00,1,up,0.5754426,0.46,0.115442604,1,0.5754426
2026-03-02 10:00:00,2,up,0.48447868,0.46,0.024478674,0,0.46
2026-03-02 11:00:00,2,down,0.4287809,0.46,0.031219095,0,0.46
2026-03-02 12:00:00,2,down,0.52617395,0.46,0.06617394,0,0.46
2026-03-02 13:00:00,1,up,0.57999337,0.46,0.11999336,1,0.57999337
2026-03-02 14:00:00,2,up,0.4691315,0.46,0.009131491,0,0.46
2026-03-02 15:00:00,1,up,0.54819405,0.46,0.08819404,1,0.54819405
2026-03-02 16:00:00,2,down,0.5256493,0.46,0.0656493,0,0.46
2026-03-02 17:00:00,2,down,0.46694225,0.46,0.0069422424,0,0.46
2026-03-02 18:00:00,1,up,0.5572991,0.46,0.09729907,1,0.5572991
2026-03-02 19:00:00,2,up,0.49819267,0.46,0.03819266,0,0.46
2026-03-02 20:00:00,2,up,0.5225545,0.46,0.06255451,0,0.46
2026-03-02 21:00:00,2,up,0.43416366,0.46,0.025836349,0,0.46
2026-03-02 22:00:00,2,down,0.40197888,0.46,0.05802113,0,0.46
2026-03-02 23:00:00,1,up,0.5669502,0.46,0.10695019,1,0.5669502
2026-03-03 00:00:00,2,down,0.46916404,0.46,0.009164035,0,0.46
2026-03-03 01:00:00,1,down,0.6307297,0.46,0.17072967,1,0.6307297
2026-03-03 02:00:00,2,down,0.48488268,0.46,0.024882674,0,0.46
2026-03-03 03:00:00,1,down,0.5381955,0.46,0.07819548,1,0.5381955
2026-03-03 04:00:00,1,down,0.5613735,0.46,0.101373464,1,0.5613735
2026-03-03 05:00:00,1,up,0.57911325,0.46,0.11911324,1,0.57911325
2026-03-03 06:00:00,1,up,0.5316076,0.46,0.07160762,1,0.5316076
2026-03-03 07:00:00,2,down,0.4981638,0.46,0.03816378,0,0.46
2026-03-03 08:00:00,1,down,0.5616825,0.46,0.101682514,1,0.5616825
2026-03-03 09:00:00,1,up,0.5355741,0.46,0.07557407,1,0.5355741
2026-03-03 10:00:00,1,up,0.5418136,0.46,0.0818136,1,0.5418136
2026-03-03 11:00:00,1,up,0.5471955,0.46,0.087195486,1,0.5471955
2026-03-03 12:00:00,1,down,0.57230985,0.46,0.11230984,1,0.57230985
2026-03-03 13:00:00,1,down,0.56065035,0.46,0.10065034,1,0.56065035
2026-03-03 14:00:00,1,up,0.5424435,0.46,0.082443506,1,0.5424435
2026-03-03 15:00:00,2,up,0.47693068,0.46,0.01693067,0,0.46
2026-03-03 16:00:00,2,up,0.4755466,0.46,0.01554659,0,0.46
2026-03-03 17:00:00,0,up,0.37083542,0.46,0.089164585,1,0.37083542
2026-03-03 18:00:00,0,down,0.38972843,0.46,0.07027158,1,0.38972843
2026-03-03 19:00:00,2,down,0.45699382,0.46,0.00300619,0,0.46
2026-03-03 20:00:00,2,down,0.45491454,0.46,0.0050854683,0,0.46
2026-03-03 21:00:00,2,up,0.49491552,0.46,0.034915507,0,0.46
2026-03-03 22:00:00,2,up,0.48753595,0.46,0.027535945,0,0.46
2026-03-03 23:00:00,2,down,0.50710934,0.46,0.047109336,0,0.46
2026-03-04 00:00:00,2,up,0.49408075,0.46,0.034080744,0,0.46
2026-03-04 01:00:00,2,down,0.46888873,0.46,0.0088887215,0,0.46
2026-03-04 02:00:00,2,down,0.4137138,0.46,0.046286196,0,0.46
2026-03-04 03:00:00,2,up,0.51981056,0.46,0.05981055,0,0.46
2026-03-04 04:00:00,2,up,0.5101489,0.46,0.050148875,0,0.46
2026-03-04 05:00:00,2,up,0.51413083,0.46,0.054130822,0,0.46
2026-03-04 06:00:00,2,up,0.41440943,0.46,0.04559058,0,0.46
2026-03-04 07:00:00,2,up,0.46064898,0.46,0.0006489754,0,0.46
2026-03-04 08:00:00,2,up,0.5013424,0.46,0.041342407,0,0.46
2026-03-04 09:00:00,2,down,0.4840245,0.46,0.024024487,0,0.46
2026-03-04 10:00:00,1,down,0.53920215,0.46,0.079202145,1,0.53920215
2026-03-04 11:00:00,2,up,0.49213883,0.46,0.032138824,0,0.46
2026-03-04 12:00:00,2,up,0.41199836,0.46,0.048001647,0,0.46
2026-03-04 13:00:00,2,up,0.44780666,0.46,0.012193352,0,0.46
2026-03-04 14:00:00,2,up,0.5256632,0.46,0.06566319,0,0.46
2026-03-04 15:00:00,2,down,0.42337835,0.46,0.03662166,0,0.46
2026-03-04 16:00:00,2,down,0.40181518,0.46,0.058184832,0,0.46
2026-03-04 17:00:00,2,up,0.48991758,0.46,0.029917568,0,0.46
2026-03-04 18:00:00,2,down,0.39845797,0.46,0.061542034,0,0.46
2026-03-04 19:00:00,2,down,0.48901498,0.46,0.029014975,0,0.46
2026-03-04 20:00:00,1,up,0.5910867,0.46,0.13108668,1,0.5910867
2026-03-04 21:00:00,2,down,0.43276483,0.46,0.02723518,0,0.46
2026-03-04 22:00:00,1,down,0.59103775,0.46,0.13103774,1,0.59103775
2026-03-04 23:00:00,2,up,0.5164396,0.46,0.05643961,0,0.46
2026-03-05 00:00:00,1,down,0.53550917,0.46,0.07550916,1,0.53550917
2026-03-05 01:00:00,1,down,0.5897304,0.46,0.12973037,1,0.5897304
2026-03-05 02:00:00,1,down,0.54747814,0.46,0.08747813,1,0.54747814
2026-03-05 03:00:00,2,up,0.49465466,0.46,0.034654647,0,0.46
2026-03-05 04:00:00,2,down,0.41139108,0.46,0.04860893,0,0.46
2026-03-05 05:00:00,2,up,0.51177776,0.46,0.05177775,0,0.46
2026-03-05 06:00:00,2,down,0.4217187,0.46,0.03828132,0,0.46
2026-03-05 07:00:00,2,up,0.48874894,0.46,0.02874893,0,0.46
2026-03-05 08:00:00,2,up,0.42071906,0.46,0.03928095,0,0.46
2026-03-05 09:00:00,2,up,0.47174928,0.46,0.011749268,0,0.46
2026-03-05 10:00:00,2,down,0.3964324,0.46,0.06356761,0,0.46
2026-03-05 11:00:00,2,down,0.47985482,0.46,0.019854814,0,0.46
2026-03-05 12:00:00,0,down,0.37290955,0.46,0.08709046,1,0.37290955
2026-03-05 13:00:00,2,up,0.47753438,0.46,0.017534375,0,0.46
2026-03-05 14:00:00,2,down,0.43821603,0.46,0.021783978,0,0.46
2026-03-05 15:00:00,2,down,0.52972066,0.46,0.069720656,0,0.46
2026-03-05 16:00:00,2,down,0.49868715,0.46,0.03868714,0,0.46
2026-03-05 17:00:00,1,up,0.61819786,0.46,0.15819785,1,0.61819786
2026-03-05 18:00:00,1,down,0.54058325,0.46,0.080583245,1,0.54058325
2026-03-05 19:00:00,1,up,0.65097487,0.46,0.19097486,1,0.65097487
2026-03-05 20:00:00,1,down,0.5346314,0.46,0.07463136,1,0.5346314
2026-03-05 21:00:00,1,up,0.5391774,0.46,0.07917741,1,0.5391774
2026-03-05 22:00:00,2,down,0.47707683,0.46,0.01707682,0,0.46
2026-03-05 23:00:00,2,up,0.5292092,0.46,0.06920919,0,0.46
2026-03-06 00:00:00,1,up,0.5346912,0.46,0.074691206,1,0.5346912
2026-03-06 01:00:00,2,down,0.43016306,0.46,0.029836953,0,0.46
2026-03-06 02:00:00,2,down,0.45244125,0.46,0.007558763,0,0.46
2026-03-06 03:00:00,2,down,0.47900632,0.46,0.019006312,0,0.46
2026-03-06 04:00:00,1,down,0.53710335,0.46,0.07710335,1,0.53710335
2026-03-06 05:00:00,2,up,0.52339274,0.46,0.06339273,0,0.46
2026-03-06 06:00:00,1,up,0.57367617,0.46,0.11367616,1,0.57367617
2026-03-06 07:00:00,2,down,0.4861027,0.46,0.026102692,0,0.46
2026-03-06 08:00:00,2,down,0.51092017,0.46,0.05092016,0,0.46
2026-03-06 09:00:00,2,down,0.5214851,0.46,0.061485082,0,0.46
2026-03-06 10:00:00,1,down,0.5326645,0.46,0.07266447,1,0.5326645
2026-03-06 11:00:00,1,down,0.54605025,0.46,0.08605024,1,0.54605025
2026-03-06 12:00:00,2,down,0.5044428,0.46,0.044442803,0,0.46
2026-03-06 13:00:00,1,down,0.6571049,0.46,0.1971049,1,0.6571049
2026-03-06 14:00:00,1,up,0.57895225,0.46,0.118952245,1,0.57895225
2026-03-06 15:00:00,1,down,0.5684437,0.46,0.10844371,1,0.5684437
2026-03-06 16:00:00,1,down,0.56443256,0.46,0.10443255,1,0.56443256
2026-03-06 17:00:00,1,up,0.58269656,0.46,0.12269655,1,0.58269656
2026-03-06 18:00:00,1,down,0.5950185,0.46,0.1350185,1,0.5950185
2026-03-06 19:00:00,1,down,0.54666716,0.46,0.08666715,1,0.54666716
2026-03-06 20:00:00,2,up,0.494701,0.46,0.03470099,0,0.46
2026-03-06 21:00:00,2,up,0.47196904,0.46,0.01196903,0,0.46
2026-03-06 22:00:00,2,down,0.4725184,0.46,0.012518406,0,0.46
2026-03-06 23:00:00,1,up,0.60129225,0.46,0.14129224,1,0.60129225
2026-03-07 00:00:00,1,down,0.55532664,0.46,0.09532663,1,0.55532664
2026-03-07 01:00:00,2,up,0.5165976,0.46,0.05659762,0,0.46
2026-03-07 02:00:00,2,down,0.43965062,0.46,0.020349383,0,0.46
2026-03-07 03:00:00,1,down,0.59014773,0.46,0.13014773,1,0.59014773
2026-03-07 04:00:00,1,down,0.54831403,0.46,0.08831403,1,0.54831403
2026-03-07 05:00:00,1,down,0.55126137,0.46,0.09126136,1,0.55126137
2026-03-07 06:00:00,1,up,0.5590476,0.46,0.09904757,1,0.5590476
2026-03-07 07:00:00,2,down,0.46474648,0.46,0.004746467,0,0.46
2026-03-07 08:00:00,1,up,0.56311524,0.46,0.10311523,1,0.56311524
2026-03-07 09:00:00,2,down,0.4820814,0.46,0.022081405,0,0.46
2026-03-07 10:00:00,1,up,0.5613688,0.46,0.101368815,1,0.5613688
2026-03-07 11:00:00,2,down,0.49173364,0.46,0.031733632,0,0.46
2026-03-07 12:00:00,2,down,0.49376163,0.46,0.03376162,0,0.46
2026-03-07 13:00:00,2,up,0.47498837,0.46,0.014988363,0,0.46
2026-03-07 14:00:00,2,down,0.46778172,0.46,0.007781714,0,0.46
2026-03-07 15:00:00,2,down,0.5131379,0.46,0.05313787,0,0.46
2026-03-07 16:00:00,1,up,0.540037,0.46,0.08003697,1,0.540037
2026-03-07 17:00:00,1,down,0.572523,0.46,0.11252299,1,0.572523
2026-03-07 18:00:00,1,down,0.54006636,0.46,0.08006635,1,0.54006636
2026-03-07 19:00:00,1,up,0.5733585,0.46,0.11335847,1,0.5733585
2026-03-07 20:00:00,2,up,0.49413508,0.46,0.034135073,0,0.46
2026-03-07 21:00:00,2,down,0.48927167,0.46,0.029271662,0,0.46
2026-03-07 22:00:00,2,up,0.5217005,0.46,0.061700493,0,0.46
2026-03-07 23:00:00,1,down,0.5475841,0.46,0.08758411,1,0.5475841
2026-03-08 00:00:00,1,up,0.5799937,0.46,0.11999372,1,0.5799937
2026-03-08 01:00:00,2,down,0.4851006,0.46,0.025100589,0,0.46
2026-03-08 02:00:00,1,up,0.53114474,0.46,0.07114473,1,0.53114474
2026-03-08 03:00:00,2,down,0.50405866,0.46,0.04405865,0,0.46
2026-03-08 04:00:00,1,up,0.5336595,0.46,0.07365951,1,0.5336595
2026-03-08 05:00:00,2,up,0.43289304,0.46,0.02710697,0,0.46
2026-03-08 06:00:00,2,up,0.47883037,0.46,0.018830359,0,0.46
2026-03-08 07:00:00,2,up,0.44311535,0.46,0.016884655,0,0.46
2026-03-08 08:00:00,2,up,0.41644529,0.46,0.043554723,0,0.46
2026-03-08 09:00:00,2,up,0.46811783,0.46,0.008117825,0,0.46
2026-03-08 10:00:00,2,down,0.48436427,0.46,0.024364263,0,0.46
2026-03-08 11:00:00,2,down,0.51138836,0.46,0.051388353,0,0.46
2026-03-08 12:00:00,2,down,0.5035028,0.46,0.043502778,0,0.46
2026-03-08 13:00:00,2,up,0.48939624,0.46,0.029396236,0,0.46
2026-03-08 14:00:00,2,down,0.5205345,0.46,0.060534507,0,0.46
2026-03-08 15:00:00,1,down,0.53464544,0.46,0.07464543,1,0.53464544
2026-03-08 16:00:00,1,up,0.5910202,0.46,0.13102022,1,0.5910202
2026-03-08 17:00:00,1,down,0.5401721,0.46,0.08017209,1,0.5401721
2026-03-08 18:00:00,1,up,0.5935013,0.46,0.13350132,1,0.5935013
2026-03-08 19:00:00,2,down,0.46464434,0.46,0.0046443343,0,0.46
2026-03-08 20:00:00,2,down,0.48225003,0.46,0.022250026,0,0.46
2026-03-08 21:00:00,2,down,0.4587597,0.46,0.001240313,0,0.46
2026-03-08 22:00:00,2,down,0.49406353,0.46,0.034063518,0,0.46
2026-03-08 23:00:00,1,up,0.6181635,0.46,0.15816352,1,0.6181635
2026-03-09 00:00:00,2,down,0.5215699,0.46,0.0615699,0,0.46
2026-03-09 01:00:00,1,up,0.5432043,0.46,0.0832043,1,0.5432043
2026-03-09 02:00:00,2,up,0.4896753,0.46,0.029675305,0,0.46
2026-03-09 03:00:00,2,down,0.4553558,0.46,0.004644215,0,0.46
2026-03-09 04:00:00,2,up,0.4725378,0.46,0.012537777,0,0.46
2026-03-09 05:00:00,2,down,0.43922734,0.46,0.020772666,0,0.46
2026-03-09 06:00:00,1,up,0.5311114,0.46,0.07111141,1,0.5311114
2026-03-09 07:00:00,2,up,0.39718115,0.46,0.062818855,0,0.46
2026-03-09 08:00:00,2,up,0.44494954,0.46,0.015050471,0,0.46
2026-03-09 09:00:00,2,down,0.44735315,0.46,0.012646854,0,0.46
2026-03-09 10:00:00,2,up,0.50088537,0.46,0.04088536,0,0.46
2026-03-09 11:00:00,2,up,0.42552847,0.46,0.03447154,0,0.46
2026-03-09 12:00:00,2,up,0.42496583,0.46,0.03503418,0,0.46
2026-03-09 13:00:00,2,up,0.46472582,0.46,0.004725814,0,0.46
2026-03-09 14:00:00,2,down,0.45341754,0.46,0.0065824687,0,0.46
2026-03-09 15:00:00,2,up,0.49791434,0.46,0.037914336,0,0.46
2026-03-09 16:00:00,2,down,0.4616593,0.46,0.0016593039,0,0.46
2026-03-09 17:00:00,2,down,0.48184085,0.46,0.02184084,0,0.46
2026-03-09 18:00:00,2,up,0.52618283,0.46,0.06618282,0,0.46
2026-03-09 19:00:00,2,down,0.5179896,0.46,0.057989568,0,0.46
2026-03-09 20:00:00,2,down,0.4220983,0.46,0.0379017,0,0.46
2026-03-09 21:00:00,2,down,0.4306808,0.46,0.029319197,0,0.46
2026-03-09 22:00:00,2,down,0.5176167,0.46,0.05761668,0,0.46
2026-03-09 23:00:00,1,up,0.5345846,0.46,0.07458457,1,0.5345846
2026-03-10 00:00:00,2,up,0.42099634,0.46,0.03900367,0,0.46
2026-03-10 01:00:00,2,up,0.39068937,0.46,0.069310635,0,0.46
2026-03-10 02:00:00,2,down,0.49242502,0.46,0.032425016,0,0.46
2026-03-10 03:00:00,2,up,0.487135,0.46,0.027134985,0,0.46
2026-03-10 04:00:00,2,down,0.40662727,0.46,0.05337274,0,0.46
2026-03-10 05:00:00,2,down,0.4988566,0.46,0.038856596,0,0.46
2026-03-10 06:00:00,2,up,0.43961012,0.46,0.020389885,0,0.46
2026-03-10 07:00:00,0,up,0.37180305,0.46,0.08819696,1,0.37180305
2026-03-10 08:00:00,2,up,0.48697194,0.46,0.026971936,0,0.46
2026-03-10 09:00:00,2,down,0.4556824,0.46,0.0043176115,0,0.46
2026-03-10 10:00:00,2,down,0.48299706,0.46,0.022997051,0,0.46
2026-03-10 11:00:00,2,down,0.5056324,0.46,0.045632392,0,0.46
2026-03-10 12:00:00,2,down,0.43468183,0.46,0.025318176,0,0.46
2026-03-10 13:00:00,1,up,0.57114464,0.46,0.11114463,1,0.57114464
2026-03-10 14:00:00,2,down,0.44298768,0.46,0.017012328,0,0.46
2026-03-10 15:00:00,2,down,0.4434316,0.46,0.016568422,0,0.46
2026-03-10 16:00:00,2,down,0.46258098,0.46,0.0025809705,0,0.46
2026-03-10 17:00:00,2,down,0.50143415,0.46,0.04143414,0,0.46
2026-03-10 18:00:00,1,up,0.5741267,0.46,0.11412671,1,0.5741267
2026-03-10 19:00:00,2,up,0.5266512,0.46,0.066651195,0,0.46
2026-03-10 20:00:00,2,down,0.51411855,0.46,0.054118544,0,0.46
2026-03-10 21:00:00,1,down,0.57412624,0.46,0.114126235,1,0.57412624
2026-03-10 22:00:00,1,up,0.5417617,0.46,0.08176169,1,0.5417617
2026-03-10 23:00:00,2,up,0.49805748,0.46,0.038057476,0,0.46
2026-03-11 00:00:00,2,up,0.4994315,0.46,0.039431483,0,0.46
2026-03-11 01:00:00,2,down,0.4633654,0.46,0.0033653975,0,0.46
2026-03-11 02:00:00,2,down,0.49350664,0.46,0.03350663,0,0.46
2026-03-11 03:00:00,1,up,0.5405522,0.46,0.08055219,1,0.5405522
2026-03-11 04:00:00,2,down,0.47680604,0.46,0.016806036,0,0.46
2026-03-11 05:00:00,1,up,0.5693955,0.46,0.109395474,1,0.5693955
2026-03-11 06:00:00,1,down,0.5315629,0.46,0.071562916,1,0.5315629
2026-03-11 07:00:00,1,up,0.53414905,0.46,0.07414904,1,0.53414905
2026-03-11 08:00:00,2,down,0.5114656,0.46,0.0514656,0,0.46
2026-03-11 09:00:00,1,up,0.5613413,0.46,0.10134128,1,0.5613413
2026-03-11 10:00:00,2,down,0.50868106,0.46,0.04868105,0,0.46
2026-03-11 11:00:00,1,up,0.5722803,0.46,0.11228028,1,0.5722803
2026-03-11 12:00:00,1,up,0.5530981,0.46,0.093098074,1,0.5530981
2026-03-11 13:00:00,2,up,0.5073493,0.46,0.047349304,0,0.46
2026-03-11 14:00:00,2,down,0.45423526,0.46,0.0057647526,0,0.46
2026-03-11 15:00:00,2,up,0.45459816,0.46,0.0054018497,0,0.46
2026-03-11 16:00:00,2,up,0.43013272,0.46,0.029867291,0,0.46
2026-03-11 17:00:00,2,down,0.46280444,0.46,0.0028044283,0,0.46
2026-03-11 18:00:00,2,up,0.43298241,0.46,0.027017593,0,0.46
2026-03-11 19:00:00,2,down,0.39261863,0.46,0.06738138,0,0.46
2026-03-11 20:00:00,2,up,0.41939676,0.46,0.04060325,0,0.46
2026-03-11 21:00:00,0,down,0.37520316,0.46,0.084796846,1,0.37520316
2026-03-11 22:00:00,1,down,0.5451524,0.46,0.08515242,1,0.5451524
2026-03-11 23:00:00,1,up,0.53298163,0.46,0.072981626,1,0.53298163
2026-03-12 00:00:00,1,down,0.54404664,0.46,0.08404663,1,0.54404664
2026-03-12 01:00:00,1,down,0.5532383,0.46,0.093238264,1,0.5532383
2026-03-12 02:00:00,1,up,0.6134505,0.46,0.15345052,1,0.6134505
2026-03-12 03:00:00,1,down,0.5999135,0.46,0.13991347,1,0.5999135
2026-03-12 04:00:00,1,up,0.6056307,0.46,0.14563069,1,0.6056307
2026-03-12 05:00:00,2,up,0.5245527,0.46,0.064552695,0,0.46
2026-03-12 06:00:00,2,up,0.52700317,0.46,0.06700316,0,0.46
2026-03-12 07:00:00,2,up,0.45262823,0.46,0.0073717833,0,0.46
2026-03-12 08:00:00,2,up,0.43947765,0.46,0.020522356,0,0.46
2026-03-12 09:00:00,2,up,0.4571829,0.46,0.0028170943,0,0.46
2026-03-12 10:00:00,0,up,0.37770802,0.46,0.08229199,1,0.37770802
2026-03-12 11:00:00,2,down,0.45825356,0.46,0.0017464459,0,0.46
2026-03-12 12:00:00,2,down,0.4261204,0.46,0.033879608,0,0.46
2026-03-12 13:00:00,2,down,0.49704626,0.46,0.037046254,0,0.46
2026-03-12 14:00:00,1,up,0.54692495,0.46,0.08692494,1,0.54692495
2026-03-12 15:00:00,2,up,0.48026708,0.46,0.02026707,0,0.46
2026-03-12 16:00:00,2,down,0.41044807,0.46,0.049551934,0,0.46
2026-03-12 17:00:00,2,down,0.47581688,0.46,0.015816867,0,0.46
2026-03-12 18:00:00,1,up,0.5432429,0.46,0.08324286,1,0.5432429
2026-03-12 19:00:00,2,down,0.42437273,0.46,0.035627276,0,0.46
2026-03-12 20:00:00,2,up,0.5000057,0.46,0.040005714,0,0.46
2026-03-12 21:00:00,1,down,0.5364537,0.46,0.076453716,1,0.5364537
2026-03-12 22:00:00,2,up,0.49807045,0.46,0.03807044,0,0.46
2026-03-12 23:00:00,2,up,0.40743712,0.46,0.052562892,0,0.46
2026-03-13 00:00:00,2,up,0.52309304,0.46,0.06309304,0,0.46
2026-03-13 01:00:00,0,down,0.34980926,0.46,0.11019075,1,0.34980926
2026-03-13 02:00:00,2,up,0.49573156,0.46,0.035731554,0,0.46
2026-03-13 03:00:00,2,down,0.39792532,0.46,0.06207469,0,0.46
2026-03-13 04:00:00,2,up,0.44586167,0.46,0.014138341,0,0.46
2026-03-13 05:00:00,0,down,0.3664098,0.46,0.0935902,1,0.3664098
2026-03-13 06:00:00,2,up,0.48911756,0.46,0.029117554,0,0.46
2026-03-13 07:00:00,0,up,0.37911922,0.46,0.08088079,1,0.37911922
2026-03-13 08:00:00,2,up,0.45229888,0.46,0.0077011287,0,0.46
2026-03-13 09:00:00,0,up,0.36877787,0.46,0.09122214,1,0.36877787
2026-03-13 10:00:00,0,down,0.3689949,0.46,0.09100512,1,0.3689949
2026-03-13 11:00:00,2,up,0.4493606,0.46,0.010639399,0,0.46
2026-03-13 12:00:00,0,up,0.35416776,0.46,0.10583225,1,0.35416776
2026-03-13 13:00:00,0,down,0.3775306,0.46,0.082469404,1,0.3775306
2026-03-13 14:00:00,2,down,0.49885523,0.46,0.038855225,0,0.46
2026-03-13 15:00:00,1,up,0.6003798,0.46,0.14037982,1,0.6003798
2026-03-13 16:00:00,2,down,0.4373406,0.46,0.022659421,0,0.46
2026-03-13 17:00:00,1,up,0.58342385,0.46,0.123423845,1,0.58342385
2026-03-13 18:00:00,1,up,0.56765497,0.46,0.10765496,1,0.56765497
2026-03-13 19:00:00,1,up,0.55733925,0.46,0.09733924,1,0.55733925
2026-03-13 20:00:00,2,down,0.5068189,0.46,0.046818882,0,0.46
2026-03-13 21:00:00,1,down,0.5412255,0.46,0.081225485,1,0.5412255
2026-03-13 22:00:00,1,up,0.5403262,0.46,0.08032617,1,0.5403262
2026-03-13 23:00:00,2,down,0.522451,0.46,0.062450975,0,0.46
2026-03-14 00:00:00,2,up,0.5233434,0.46,0.063343376,0,0.46
2026-03-14 01:00:00,2,down,0.49821243,0.46,0.03821242,0,0.46
2026-03-14 02:00:00,1,up,0.5529138,0.46,0.09291378,1,0.5529138
2026-03-14 03:00:00,2,down,0.4171832,0.46,0.042816818,0,0.46
2026-03-14 04:00:00,2,down,0.49512655,0.46,0.035126537,0,0.46
2026-03-14 05:00:00,2,down,0.4589972,0.46,0.0010028183,0,0.46
2026-03-14 06:00:00,1,down,0.53481066,0.46,0.074810654,1,0.53481066
2026-03-14 07:00:00,2,down,0.52822936,0.46,0.06822935,0,0.46
2026-03-14 08:00:00,1,down,0.55829376,0.46,0.09829375,1,0.55829376
2026-03-14 09:00:00,1,up,0.53266704,0.46,0.07266703,1,0.53266704
2026-03-14 10:00:00,2,up,0.47354066,0.46,0.013540655,0,0.46
2026-03-14 11:00:00,2,up,0.46722147,0.46,0.0072214603,0,0.46
2026-03-14 12:00:00,2,up,0.42661336,0.46,0.033386648,0,0.46
2026-03-14 13:00:00,2,down,0.41078165,0.46,0.049218357,0,0.46
2026-03-14 14:00:00,2,down,0.5142531,0.46,0.05425307,0,0.46
2026-03-14 15:00:00,2,up,0.4798697,0.46,0.019869685,0,0.46
2026-03-14 16:00:00,1,down,0.5392023,0.46,0.079202265,1,0.5392023
2026-03-14 17:00:00,1,up,0.54665244,0.46,0.08665243,1,0.54665244
2026-03-14 18:00:00,2,up,0.50628185,0.46,0.046281844,0,0.46
2026-03-14 19:00:00,2,up,0.504509,0.46,0.044508964,0,0.46
2026-03-14 20:00:00,2,down,0.4414772,0.46,0.018522799,0,0.46
2026-03-14 21:00:00,2,down,0.46756697,0.46,0.0075669587,0,0.46
2026-03-14 22:00:00,2,up,0.5295321,0.46,0.06953207,0,0.46
2026-03-14 23:00:00,0,down,0.38335374,0.46,0.07664627,1,0.38335374
2026-03-15 00:00:00,2,up,0.52172905,0.46,0.061729044,0,0.46
2026-03-15 01:00:00,0,up,0.38222292,0.46,0.07777709,1,0.38222292
2026-03-15 02:00:00,2,down,0.3999641,0.46,0.060035914,0,0.46
2026-03-15 03:00:00,2,up,0.42870763,0.46,0.03129238,0,0.46
2026-03-15 04:00:00,0,down,0.35554236,0.46,0.10445765,1,0.35554236
2026-03-15 05:00:00,2,down,0.45846143,0.46,0.0015385747,0,0.46
2026-03-15 06:00:00,2,down,0.43716577,0.46,0.022834241,0,0.46
2026-03-15 07:00:00,2,up,0.495136,0.46,0.035135984,0,0.46
2026-03-15 08:00:00,0,up,0.35366827,0.46,0.106331736,1,0.35366827
2026-03-15 09:00:00,2,down,0.46839103,0.46,0.008391023,0,0.46
2026-03-15 10:00:00,2,up,0.44111565,0.46,0.01888436,0,0.46
2026-03-15 11:00:00,0,down,0.3738648,0.46,0.08613521,1,0.3738648
2026-03-15 12:00:00,2,down,0.48139808,0.46,0.021398067,0,0.46
2026-03-15 13:00:00,2,up,0.4237123,0.46,0.036287695,0,0.46
2026-03-15 14:00:00,2,down,0.44327214,0.46,0.016727865,0,0.46
2026-03-15 15:00:00,2,down,0.5209224,0.46,0.060922414,0,0.46
2026-03-15 16:00:00,1,up,0.5357989,0.46,0.0757989,1,0.5357989
2026-03-15 17:00:00,2,down,0.43448967,0.46,0.02551034,0,0.46
2026-03-15 18:00:00,2,up,0.51977307,0.46,0.059773058,0,0.46
2026-03-15 19:00:00,2,up,0.46508187,0.46,0.005081862,0,0.46
2026-03-15 20:00:00,2,up,0.47779334,0.46,0.017793328,0,0.46
2026-03-15 21:00:00,2,up,0.39055073,0.46,0.069449276,0,0.46
2026-03-15 22:00:00,2,up,0.49464783,0.46,0.034647822,0,0.46
2026-03-15 23:00:00,2,down,0.46796846,0.46,0.007968456,0,0.46
2026-03-16 00:00:00,2,up,0.48443666,0.46,0.024436653,0,0.46
2026-03-16 01:00:00,2,down,0.39678133,0.46,0.06321868,0,0.46
2026-03-16 02:00:00,2,up,0.49552476,0.46,0.035524756,0,0.46
2026-03-16 03:00:00,2,up,0.5081137,0.46,0.048113674,0,0.46
2026-03-16 04:00:00,2,up,0.4982225,0.46,0.03822249,0,0.46
2026-03-16 05:00:00,0,down,0.38203204,0.46,0.07796797,1,0.38203204
2026-03-16 06:00:00,1,down,0.5354342,0.46,0.07543418,1,0.5354342
2026-03-16 07:00:00,2,down,0.52798456,0.46,0.06798455,0,0.46
2026-03-16 08:00:00,1,up,0.5748508,0.46,0.11485079,1,0.5748508
2026-03-16 09:00:00,2,up,0.47317204,0.46,0.01317203,0,0.46
2026-03-16 10:00:00,0,down,0.38090703,0.46,0.07909298,1,0.38090703
2026-03-16 11:00:00,2,up,0.47346154,0.46,0.01346153,0,0.46
2026-03-16 12:00:00,0,up,0.37981942,0.46,0.080180585,1,0.37981942
2026-03-16 13:00:00,2,down,0.44909906,0.46,0.0109009445,0,0.46
2026-03-16 14:00:00,2,down,0.4693332,0.46,0.009333193,0,0.46
2026-03-16 15:00:00,1,up,0.54922235,0.46,0.08922234,1,0.54922235
2026-03-16 16:00:00,2,up,0.4392601,0.46,0.020739913,0,0.46
2026-03-16 17:00:00,0,down,0.35847107,0.46,0.10152894,1,0.35847107
2026-03-16 18:00:00,2,up,0.46168947,0.46,0.0016894639,0,0.46
2026-03-16 19:00:00,2,up,0.4328018,0.46,0.027198195,0,0.46
2026-03-16 20:00:00,0,up,0.34125033,0.46,0.11874968,1,0.34125033
2026-03-16 21:00:00,2,up,0.4429182,0.46,0.017081797,0,0.46
2026-03-16 22:00:00,0,up,0.3630369,0.46,0.09696311,1,0.3630369
2026-03-16 23:00:00,0,up,0.33923468,0.46,0.12076533,1,0.33923468
2026-03-17 00:00:00,0,up,0.361518,0.46,0.09848201,1,0.361518
2026-03-17 01:00:00,2,down,0.43680802,0.46,0.023191988,0,0.46
2026-03-17 02:00:00,2,down,0.48026016,0.46,0.020260155,0,0.46
2026-03-17 03:00:00,2,down,0.5031383,0.46,0.043138295,0,0.46
2026-03-17 04:00:00,1,down,0.5693774,0.46,0.109377414,1,0.5693774
2026-03-17 05:00:00,1,up,0.60345393,0.46,0.14345393,1,0.60345393
2026-03-17 06:00:00,2,up,0.511034,0.46,0.051034003,0,0.46
2026-03-17 07:00:00,1,down,0.5469,0.46,0.086899966,1,0.5469
2026-03-17 08:00:00,2,down,0.5223878,0.46,0.062387794,0,0.46
2026-03-17 09:00:00,1,down,0.5595933,0.46,0.09959331,1,0.5595933
2026-03-17 10:00:00,1,up,0.53511924,0.46,0.07511923,1,0.53511924
2026-03-17 11:00:00,1,down,0.53608024,0.46,0.07608023,1,0.53608024
2026-03-17 12:00:00,1,down,0.53537,0.46,0.075369984,1,0.53537
2026-03-17 13:00:00,2,up,0.5178924,0.46,0.057892412,0,0.46
2026-03-17 14:00:00,2,down,0.42222795,0.46,0.03777206,0,0.46
2026-03-17 15:00:00,2,up,0.4837222,0.46,0.023722202,0,0.46
2026-03-17 16:00:00,2,up,0.43896016,0.46,0.021039844,0,0.46
2026-03-17 17:00:00,0,down,0.3873744,0.46,0.07262561,1,0.3873744
2026-03-17 18:00:00,2,down,0.44303316,0.46,0.01696685,0,0.46
